true_distance_m,base_quantized_y_px,pixel_offset_px,observed_y_px,estimated_distance_m,signed_error_m,absolute_error_m,relative_error_pct
2.1,469.0,-5,464.0,2.1428571428571432,0.04285714285714315,0.04285714285714315,2.040816326530626
2.1,469.0,-2,467.0,2.114537444933921,0.014537444933921062,0.014537444933921062,0.6922592825676697
2.1,469.0,-1,468.0,2.105263157894737,0.0052631578947370805,0.0052631578947370805,0.25062656641605147
2.1,469.0,0,469.0,2.0960698689956336,-0.003930131004366455,0.003930131004366455,0.18714909544602165
2.1,469.0,1,470.0,2.086956521739131,-0.013043478260869268,0.013043478260869268,0.6211180124223461
2.1,469.0,2,471.0,2.0779220779220786,-0.022077922077921475,0.022077922077921475,1.0513296227581654
2.1,469.0,5,474.0,2.051282051282052,-0.0487179487179481,0.0487179487179481,2.3199023199022903
2.15,463.0,-5,458.0,2.2018348623853217,0.051834862385321756,0.051834862385321756,2.4109238318754307
2.15,463.0,-2,461.0,2.171945701357467,0.021945701357466874,0.021945701357466874,1.0207302956961337
2.15,463.0,-1,462.0,2.1621621621621627,0.012162162162162815,0.012162162162162815,0.5656819610308286
2.15,463.0,0,463.0,2.152466367713005,0.0024663677130050132,0.0024663677130050132,0.11471477734907039
2.15,463.0,1,464.0,2.1428571428571432,-0.007142857142856673,0.007142857142856673,0.33222591362124065
2.15,463.0,2,465.0,2.1333333333333337,-0.016666666666666163,0.016666666666666163,0.775193798449589
2.15,463.0,5,468.0,2.105263157894737,-0.04473684210526274,0.04473684210526274,2.080783353733151
2.1999999999999997,458.0,-5,453.0,2.253521126760564,0.0535211267605642,0.0535211267605642,2.4327784891165547
2.1999999999999997,458.0,-2,456.0,2.2222222222222228,0.02222222222222303,0.02222222222222303,1.010101010101047
2.1999999999999997,458.0,-1,457.0,2.211981566820277,0.0119815668202774,0.0119815668202774,0.5446166736489728
2.1999999999999997,458.0,0,458.0,2.2018348623853217,0.0018348623853219337,0.0018348623853219337,0.08340283569645154
2.1999999999999997,458.0,1,459.0,2.1917808219178085,-0.008219178082191192,0.008219178082191192,0.3735990037359633
2.1999999999999997,458.0,2,460.0,2.1818181818181825,-0.01818181818181719,0.01818181818181719,0.8264462809916905
2.1999999999999997,458.0,5,463.0,2.152466367713005,-0.04753363228699481,0.04753363228699481,2.160619649408855
2.2499999999999996,453.0,-5,448.0,2.3076923076923084,0.05769230769230882,0.05769230769230882,2.5641025641026145
2.2499999999999996,453.0,-2,451.0,2.274881516587678,0.024881516587678565,0.024881516587678565,1.105845181674603
2.2499999999999996,453.0,-1,452.0,2.264150943396227,0.014150943396227245,0.014150943396227245,0.6289308176100998
2.2499999999999996,453.0,0,453.0,2.253521126760564,0.003521126760564375,0.003521126760564375,0.15649452269175002
2.2499999999999996,453.0,1,454.0,2.242990654205608,-0.007009345794391386,0.007009345794391386,0.31152647975072834
2.2499999999999996,453.0,2,455.0,2.232558139534884,-0.017441860465115422,0.017441860465115422,0.7751937984495745
2.2499999999999996,453.0,5,458.0,2.2018348623853217,-0.04816513761467789,0.04816513761467789,2.140672782874573
2.2999999999999994,449.0,-5,444.0,2.3529411764705888,0.05294117647058938,0.05294117647058938,2.3017902813299735
2.2999999999999994,449.0,-2,447.0,2.3188405797101455,0.018840579710146077,0.018840579710146077,0.8191556395715689
2.2999999999999994,449.0,-1,448.0,2.3076923076923084,0.007692307692308997,0.007692307692308997,0.33444816053517384
2.2999999999999994,449.0,0,449.0,2.2966507177033497,-0.0033492822966496583,0.0033492822966496583,0.1456209694195504
2.2999999999999994,449.0,1,450.0,2.2857142857142865,-0.014285714285712903,0.014285714285712903,0.6211180124223002
2.2999999999999994,449.0,2,451.0,2.274881516587678,-0.025118483412321257,0.025118483412321257,1.0921079744487507
2.2999999999999994,449.0,5,454.0,2.242990654205608,-0.05700934579439121,0.05700934579439121,2.4786672084517924
2.349999999999999,444.0,-5,439.0,2.4120603015075384,0.06206030150753916,0.06206030150753916,2.6408638939378375
2.349999999999999,444.0,-2,442.0,2.376237623762377,0.026237623762377815,0.026237623762377815,1.1164946281862904
2.349999999999999,444.0,-1,443.0,2.364532019704434,0.014532019704434962,0.014532019704434962,0.6183838172099986
2.349999999999999,444.0,0,444.0,2.3529411764705888,0.002941176470589557,0.002941176470589557,0.12515644555700248
2.349999999999999,444.0,1,445.0,2.341463414634147,-0.008536585365852112,0.008536585365852112,0.36325895173838785
2.349999999999999,444.0,2,446.0,2.3300970873786415,-0.019902912621357682,0.019902912621357682,0.8469324519726676
2.349999999999999,444.0,5,449.0,2.2966507177033497,-0.05334928229664948,0.05334928229664948,2.2701822253893402
2.399999999999999,440.0,-5,435.0,2.461538461538462,0.061538461538463096,0.061538461538463096,2.56410256410263
2.399999999999999,440.0,-2,438.0,2.4242424242424248,0.02424242424242573,0.02424242424242573,1.0101010101010726
2.399999999999999,440.0,-1,439.0,2.4120603015075384,0.01206030150753934,0.01206030150753934,0.5025125628141394
2.399999999999999,440.0,0,440.0,2.4000000000000004,1.3322676295501878e-15,1.3322676295501878e-15,5.5511151231257846e-14
2.399999999999999,440.0,1,441.0,2.388059701492538,-0.011940298507461033,0.011940298507461033,0.49751243781087656
2.399999999999999,440.0,2,442.0,2.376237623762377,-0.023762376237622007,0.023762376237622007,0.9900990099009175
2.399999999999999,440.0,5,445.0,2.341463414634147,-0.058536585365851934,0.058536585365851934,2.4390243902438318
2.449999999999999,436.0,-5,431.0,2.5130890052356025,0.06308900523560368,0.06308900523560368,2.5750614381879067
2.449999999999999,436.0,-2,434.0,2.474226804123712,0.02422680412371303,0.02422680412371303,0.9888491479066548
2.449999999999999,436.0,-1,435.0,2.461538461538462,0.011538461538463274,0.011538461538463274,0.47095761381482776
2.449999999999999,436.0,0,436.0,2.448979591836735,-0.001020408163263653,0.001020408163263653,0.041649312786271576
2.449999999999999,436.0,1,437.0,2.4365482233502544,-0.013451776649744396,0.013451776649744396,0.5490521081528328
2.449999999999999,436.0,2,438.0,2.4242424242424248,-0.02575757575757409,0.02575757575757409,1.0513296227581266
2.449999999999999,436.0,5,441.0,2.388059701492538,-0.061940298507460856,0.061940298507460856,2.528175449284118
2.4999999999999987,432.0,-5,427.0,2.5668449197860967,0.06684491978609808,0.06684491978609808,2.6737967914439245
2.4999999999999987,432.0,-2,430.0,2.526315789473685,0.02631578947368629,0.02631578947368629,1.052631578947452
2.4999999999999987,432.0,-1,431.0,2.5130890052356025,0.013089005235603857,0.013089005235603857,0.5235602094241546
2.4999999999999987,432.0,0,432.0,2.5000000000000004,1.7763568394002505e-15,1.7763568394002505e-15,7.105427357601006e-14
2.4999999999999987,432.0,1,433.0,2.4870466321243527,-0.012953367875645938,0.012953367875645938,0.5181347150258377
2.4999999999999987,432.0,2,434.0,2.474226804123712,-0.025773195876286792,0.025773195876286792,1.0309278350514723
2.4999999999999987,432.0,5,437.0,2.4365482233502544,-0.06345177664974422,0.06345177664974422,2.53807106598977
2.5499999999999985,428.0,-5,423.0,2.622950819672132,0.07295081967213335,0.07295081967213335,2.8608164577307216
2.5499999999999985,428.0,-2,426.0,2.5806451612903234,0.030645161290324907,0.030645161290324907,1.2017710309931344
2.5499999999999985,428.0,-1,427.0,2.5668449197860967,0.016844919786098256,0.016844919786098256,0.6605850896509123
2.5499999999999985,428.0,0,428.0,2.5531914893617027,0.003191489361704214,0.003191489361704214,0.12515644555702807
2.5499999999999985,428.0,1,429.0,2.5396825396825404,-0.01031746031745806,0.01031746031745806,0.40460628695913986
2.5499999999999985,428.0,2,430.0,2.526315789473685,-0.02368421052631353,0.02368421052631353,0.9287925696593547
2.5499999999999985,428.0,5,433.0,2.4870466321243527,-0.06295336787564576,0.06295336787564576,2.4687595245351295
2.5999999999999983,425.0,-5,420.0,2.6666666666666674,0.0666666666666691,0.0666666666666691,2.564102564102659
2.5999999999999983,425.0,-2,423.0,2.622950819672132,0.022950819672133527,0.022950819672133527,0.8827238335435977
2.5999999999999983,425.0,-1,424.0,2.6086956521739135,0.008695652173915214,0.008695652173915214,0.33444816053520077
2.5999999999999983,425.0,0,425.0,2.594594594594595,-0.00540540540540313,0.00540540540540313,0.20790020790012054
2.5999999999999983,425.0,1,426.0,2.5806451612903234,-0.019354838709674915,0.019354838709674915,0.7444168734490356
2.5999999999999983,425.0,2,427.0,2.5668449197860967,-0.03315508021390157,0.03315508021390157,1.275195392842369
2.5999999999999983,425.0,5,430.0,2.526315789473685,-0.07368421052631335,0.07368421052631335,2.8340080971659
2.649999999999998,421.0,-5,416.0,2.727272727272728,0.07727272727272982,0.07727272727272982,2.9159519725558445
2.649999999999998,421.0,-2,419.0,2.6815642458100566,0.031564245810058456,0.031564245810058456,1.1911036154739048
2.649999999999998,421.0,-1,420.0,2.6666666666666674,0.016666666666669272,0.016666666666669272,0.6289308176101617
2.649999999999998,421.0,0,421.0,2.6519337016574593,0.0019337016574612065,0.0019337016574612065,0.07296987386646067
2.649999999999998,421.0,1,422.0,2.637362637362638,-0.012637362637359928,0.012637362637359928,0.4768816089569788
2.649999999999998,421.0,2,423.0,2.622950819672132,-0.027049180327866296,0.027049180327866296,1.0207237859572194
2.649999999999998,421.0,5,426.0,2.5806451612903234,-0.06935483870967474,0.06935483870967474,2.617163724893388
2.699999999999998,418.0,-5,413.0,2.77456647398844,0.07456647398844218,0.07456647398844218,2.761721258831194
2.699999999999998,418.0,-2,416.0,2.727272727272728,0.027272727272730002,0.027272727272730002,1.010101010101112
2.699999999999998,418.0,-1,417.0,2.711864406779662,0.011864406779663828,0.011864406779663828,0.4394224733208828
2.699999999999998,418.0,0,418.0,2.696629213483147,-0.0033707865168510764,0.0033707865168510764,0.12484394506855848
2.699999999999998,418.0,1,419.0,2.6815642458100566,-0.018435754189941367,0.018435754189941367,0.6828057107385697
2.699999999999998,418.0,2,420.0,2.6666666666666674,-0.03333333333333055,0.03333333333333055,1.234567901234466
2.699999999999998,418.0,5,423.0,2.622950819672132,-0.07704918032786612,0.07704918032786612,2.8536733454765253
2.749999999999998,415.0,-5,410.0,2.8235294117647065,0.07352941176470873,0.07352941176470873,2.673796791443956
2.749999999999998,415.0,-2,413.0,2.77456647398844,0.02456647398844236,0.02456647398844236,0.8933263268524502
2.749999999999998,415.0,-1,414.0,2.758620689655173,0.008620689655175262,0.008620689655175262,0.31347962382455524
2.749999999999998,415.0,0,415.0,2.7428571428571433,-0.007142857142854453,0.007142857142854453,0.2597402597401621
2.749999999999998,415.0,1,416.0,2.727272727272728,-0.02272727272726982,0.02272727272726982,0.8264462809916304
2.749999999999998,415.0,2,417.0,2.711864406779662,-0.038135593220335995,0.038135593220335995,1.3867488443758555
2.749999999999998,415.0,5,420.0,2.6666666666666674,-0.08333333333333037,0.08333333333333037,3.0303030303029255
2.7999999999999976,411.0,-5,406.0,2.891566265060242,0.09156626506024423,0.09156626506024423,3.2702237521515825
2.7999999999999976,411.0,-2,409.0,2.8402366863905333,0.04023668639053568,0.04023668639053568,1.437024513947704
2.7999999999999976,411.0,-1,410.0,2.8235294117647065,0.023529411764708907,0.023529411764708907,0.8403361344538902
2.7999999999999976,411.0,0,411.0,2.80701754385965,0.007017543859652253,0.007017543859652253,0.2506265664161521
2.7999999999999976,411.0,1,412.0,2.790697674418605,-0.009302325581392434,0.009302325581392434,0.33222591362115866
2.7999999999999976,411.0,2,413.0,2.77456647398844,-0.02543352601155746,0.02543352601155746,0.9083402146984816
2.7999999999999976,411.0,5,416.0,2.727272727272728,-0.07272727272726964,0.07272727272726964,2.5974025974024895
2.8499999999999974,408.0,-5,403.0,2.9447852760736204,0.09478527607362297,0.09478527607362297,3.325799160478002
2.8499999999999974,408.0,-2,406.0,2.891566265060242,0.04156626506024441,0.04156626506024441,1.4584654407103315
2.8499999999999974,408.0,-1,407.0,2.874251497005989,0.024251497005991496,0.024251497005991496,0.8509297195084743
2.8499999999999974,408.0,0,408.0,2.8571428571428577,0.007142857142860226,0.007142857142860226,0.2506265664161485
2.8499999999999974,408.0,1,409.0,2.8402366863905333,-0.009763313609464142,0.009763313609464142,0.34257240734961936
2.8499999999999974,408.0,2,410.0,2.8235294117647065,-0.026470588235290915,0.026470588235290915,0.9287925696593311
2.8499999999999974,408.0,5,413.0,2.77456647398844,-0.07543352601155728,0.07543352601155728,2.6467903863704336
2.8999999999999972,406.0,-5,401.0,2.98136645962733,0.08136645962733269,0.08136645962733269,2.8057399871494058
2.8999999999999972,406.0,-2,404.0,2.9268292682926838,0.026829268292686503,0.026829268292686503,0.9251471825064319
2.8999999999999972,406.0,-1,405.0,2.9090909090909096,0.009090909090912369,0.009090909090912369,0.31347962382456473
2.8999999999999972,406.0,0,406.0,2.891566265060242,-0.00843373493975541,0.00843373493975541,0.2908184461984627
2.8999999999999972,406.0,1,407.0,2.874251497005989,-0.025748502994008327,0.025748502994008327,0.8878794135864948
2.8999999999999972,406.0,2,408.0,2.8571428571428577,-0.042857142857139596,0.042857142857139596,1.4778325123151599
2.8999999999999972,406.0,5,411.0,2.80701754385965,-0.09298245614034739,0.09298245614034739,3.2062915910464644
2.949999999999997,403.0,-5,398.0,3.0379746835443044,0.08797468354430737,0.08797468354430737,2.982192662518897
2.949999999999997,403.0,-2,401.0,2.98136645962733,0.031366459627332866,0.031366459627332866,1.0632698178756914
2.949999999999997,403.0,-1,402.0,2.9629629629629637,0.012962962962966618,0.012962962962966618,0.4394224733209027
2.949999999999997,403.0,0,403.0,2.9447852760736204,-0.005214723926376674,0.005214723926376674,0.17677030258903997
2.949999999999997,403.0,1,404.0,2.9268292682926838,-0.02317073170731332,0.02317073170731332,0.7854485324512998
2.949999999999997,403.0,2,405.0,2.9090909090909096,-0.04090909090908745,0.04090909090908745,1.3867488443758471
2.949999999999997,403.0,5,408.0,2.8571428571428577,-0.09285714285713942,0.09285714285713942,3.1476997578691357
2.999999999999997,400.0,-5,395.0,3.096774193548388,0.09677419354839101,0.09677419354839101,3.225806451613037
2.999999999999997,400.0,-2,398.0,3.0379746835443044,0.03797468354430755,0.03797468354430755,1.265822784810253
2.999999999999997,400.0,-1,399.0,3.0188679245283025,0.018867924528305657,0.018867924528305657,0.6289308176101892
2.999999999999997,400.0,0,400.0,3.000000000000001,3.9968028886505635e-15,3.9968028886505635e-15,1.332267629550189e-13
2.999999999999997,400.0,1,401.0,2.98136645962733,-0.018633540372666957,0.018633540372666957,0.6211180124222325
2.999999999999997,400.0,2,402.0,2.9629629629629637,-0.037037037037033205,0.037037037037033205,1.2345679012344413
2.999999999999997,400.0,5,405.0,2.9090909090909096,-0.09090909090908728,0.09090909090908728,3.0303030303029126
3.0499999999999967,397.0,-5,392.0,3.157894736842106,0.10789473684210948,0.10789473684210948,3.5375323554790032
3.0499999999999967,397.0,-2,395.0,3.096774193548388,0.046774193548391185,0.046774193548391185,1.5335801163406964
3.0499999999999967,397.0,-1,396.0,3.0769230769230775,0.026923076923080824,0.026923076923080824,0.8827238335436345
3.0499999999999967,397.0,0,397.0,3.057324840764332,0.00732484076433515,0.00732484076433515,0.2401587135847593
3.0499999999999967,397.0,1,398.0,3.0379746835443044,-0.01202531645569227,0.01202531645569227,0.39427267067843547
3.0499999999999967,397.0,2,399.0,3.0188679245283025,-0.031132075471694165,0.031132075471694165,1.0207237859571867
3.0499999999999967,397.0,5,402.0,2.9629629629629637,-0.08703703703703303,0.08703703703703303,2.8536733454764955
3.0999999999999965,395.0,-5,390.0,3.2000000000000006,0.10000000000000409,0.10000000000000409,3.2258064516130385
3.0999999999999965,395.0,-2,393.0,3.137254901960785,0.03725490196078862,0.03725490196078862,1.2017710309931828
3.0999999999999965,395.0,-1,394.0,3.1168831168831175,0.01688311688312094,0.01688311688312094,0.5446166736490632
3.0999999999999965,395.0,0,395.0,3.096774193548388,-0.003225806451608637,0.003225806451608637,0.10405827263253678
3.0999999999999965,395.0,1,396.0,3.0769230769230775,-0.023076923076918998,0.023076923076918998,0.7444168734490008
3.0999999999999965,395.0,2,397.0,3.057324840764332,-0.04267515923566467,0.04267515923566467,1.3766180398601522
3.0999999999999965,395.0,5,400.0,3.000000000000001,-0.09999999999999565,0.09999999999999565,3.2258064516127662
3.1499999999999964,392.0,-5,387.0,3.2653061224489806,0.1153061224489842,0.1153061224489842,3.6605118237772802
3.1499999999999964,392.0,-2,390.0,3.2000000000000006,0.05000000000000426,0.05000000000000426,1.5873015873017247
3.1499999999999964,392.0,-1,391.0,3.1788079470198682,0.028807947019871882,0.028807947019871882,0.9145380006308543
3.1499999999999964,392.0,0,392.0,3.157894736842106,0.00789473684210984,0.00789473684210984,0.2506265664161857
3.1499999999999964,392.0,1,393.0,3.137254901960785,-0.0127450980392112,0.0127450980392112,0.4046062869590862
3.1499999999999964,392.0,2,394.0,3.1168831168831175,-0.03311688311687888,0.03311688311687888,1.0513296227580609
3.1499999999999964,392.0,5,397.0,3.057324840764332,-0.0926751592356645,0.0926751592356645,2.9420685471639554
3.199999999999996,390.0,-5,385.0,3.3103448275862077,0.11034482758621156,0.11034482758621156,3.4482758620691154
3.199999999999996,390.0,-2,388.0,3.243243243243244,0.04324324324324769,0.04324324324324769,1.3513513513514919
3.199999999999996,390.0,-1,389.0,3.2214765100671148,0.021476510067118593,0.021476510067118593,0.6711409395974568
3.199999999999996,390.0,0,390.0,3.2000000000000006,4.440892098500626e-15,4.440892098500626e-15,1.3877787807814472e-13
3.199999999999996,390.0,1,391.0,3.1788079470198682,-0.02119205298012794,0.02119205298012794,0.6622516556289989
3.199999999999996,390.0,2,392.0,3.157894736842106,-0.04210526315788998,0.04210526315788998,1.3157894736840636
3.199999999999996,390.0,5,395.0,3.096774193548388,-0.10322580645160828,0.10322580645160828,3.225806451612763
3.249999999999996,388.0,-5,383.0,3.3566433566433576,0.10664335664336155,0.10664335664336155,3.2813340505649746
3.249999999999996,388.0,-2,386.0,3.287671232876713,0.03767123287671703,0.03767123287671703,1.159114857745141
3.249999999999996,388.0,-1,387.0,3.2653061224489806,0.01530612244898455,0.01530612244898455,0.4709576138149098
3.249999999999996,388.0,0,388.0,3.243243243243244,-0.006756756756752136,0.006756756756752136,0.20790020790006597
3.249999999999996,388.0,1,389.0,3.2214765100671148,-0.02852348993288123,0.02852348993288123,0.8776458440886543
3.249999999999996,388.0,2,390.0,3.2000000000000006,-0.04999999999999538,0.04999999999999538,1.5384615384613982
3.249999999999996,388.0,5,393.0,3.137254901960785,-0.11274509803921084,0.11274509803921084,3.4690799396680303
3.299999999999996,385.0,-5,380.0,3.4285714285714293,0.12857142857143344,0.12857142857143344,3.896103896104049
3.299999999999996,385.0,-2,383.0,3.3566433566433576,0.05664335664336173,0.05664335664336173,1.7164653528291454
3.299999999999996,385.0,-1,384.0,3.333333333333334,0.0333333333333381,0.0333333333333381,1.0101010101011558
3.299999999999996,385.0,0,385.0,3.3103448275862077,0.010344827586211913,0.010344827586211913,0.3134796238246038
3.299999999999996,385.0,1,386.0,3.287671232876713,-0.012328767123282791,0.012328767123282791,0.37359900373584265
3.299999999999996,385.0,2,387.0,3.2653061224489806,-0.03469387755101527,0.03469387755101527,1.05132962275804
3.299999999999996,385.0,5,390.0,3.2000000000000006,-0.0999999999999952,0.0999999999999952,3.030303030302889
3.3499999999999956,383.0,-5,378.0,3.478260869565218,0.12826086956522254,0.12826086956522254,3.8286826735887374
3.3499999999999956,383.0,-2,381.0,3.404255319148937,0.05425531914894144,0.05425531914894144,1.619561765640045
3.3499999999999956,383.0,-1,382.0,3.380281690140846,0.030281690140850248,0.030281690140850248,0.9039310489806055
3.3499999999999956,383.0,0,383.0,3.3566433566433576,0.0066433566433619085,0.0066433566433619085,0.19830915353319156
3.3499999999999956,383.0,1,384.0,3.333333333333334,-0.016666666666661722,0.016666666666661722,0.49751243781079835
3.3499999999999956,383.0,2,385.0,3.3103448275862077,-0.03965517241378791,0.03965517241378791,1.1837364899638196
3.3499999999999956,383.0,5,388.0,3.243243243243244,-0.10675675675675178,0.10675675675675178,3.1867688584105047
3.3999999999999955,381.0,-5,376.0,3.529411764705883,0.12941176470588767,0.12941176470588767,3.806228373702583
3.3999999999999955,381.0,-2,379.0,3.453237410071943,0.05323741007194771,0.05323741007194771,1.5658061785866995
3.3999999999999955,381.0,-1,380.0,3.4285714285714293,0.0285714285714338,0.0285714285714338,0.8403361344539364
3.3999999999999955,381.0,0,381.0,3.404255319148937,0.0042553191489416164,0.0042553191489416164,0.12515644555710653
3.3999999999999955,381.0,1,382.0,3.380281690140846,-0.019718309859149574,0.019718309859149574,0.5799502899749883
3.3999999999999955,381.0,2,383.0,3.3566433566433576,-0.043356643356637914,0.043356643356637914,1.2751953928422932
3.3999999999999955,381.0,5,386.0,3.287671232876713,-0.11232876712328244,0.11232876712328244,3.3037872683318406
3.4499999999999953,379.0,-5,374.0,3.582089552238807,0.1320895522388117,0.1320895522388117,3.82868267358875
3.4499999999999953,379.0,-2,377.0,3.5036496350364974,0.05364963503650211,0.05364963503650211,1.5550618851160052
3.4499999999999953,379.0,-1,378.0,3.478260869565218,0.02826086956522289,0.02826086956522289,0.8191556395716791
3.4499999999999953,379.0,0,379.0,3.453237410071943,0.003237410071947888,0.003237410071947888,0.09383797309993892
3.4499999999999953,379.0,1,380.0,3.4285714285714293,-0.021428571428566023,0.021428571428566023,0.6211180124222044
3.4499999999999953,379.0,2,381.0,3.404255319148937,-0.045744680851058206,0.045744680851058206,1.325932778291544
3.4499999999999953,379.0,5,384.0,3.333333333333334,-0.11666666666666137,0.11666666666666137,3.381642512077146
3.499999999999995,377.0,-5,372.0,3.636363636363637,0.13636363636364202,0.13636363636364202,3.896103896104063
3.499999999999995,377.0,-2,375.0,3.5555555555555562,0.05555555555556113,0.05555555555556113,1.5873015873017489
3.499999999999995,377.0,-1,376.0,3.529411764705883,0.02941176470588802,0.02941176470588802,0.8403361344539447
3.499999999999995,377.0,0,377.0,3.5036496350364974,0.0036496350365022856,0.0036496350365022856,0.1042752867572083
3.499999999999995,377.0,1,378.0,3.478260869565218,-0.021739130434776932,0.021739130434776932,0.621118012422199
3.499999999999995,377.0,2,379.0,3.453237410071943,-0.046762589928051934,0.046762589928051934,1.336073997944343
3.499999999999995,377.0,5,382.0,3.380281690140846,-0.11971830985914922,0.11971830985914922,3.420523138832839
3.549999999999995,375.0,-5,370.0,3.6923076923076934,0.14230769230769846,0.14230769230769846,4.008667388949258
3.549999999999995,375.0,-2,373.0,3.609022556390978,0.059022556390983194,0.059022556390983194,1.6626072222812192
3.549999999999995,375.0,-1,374.0,3.582089552238807,0.03208955223881205,0.03208955223881205,0.9039310489806224
3.549999999999995,375.0,0,375.0,3.5555555555555562,0.005555555555561309,0.005555555555561309,0.1564945226918681
3.549999999999995,375.0,1,376.0,3.529411764705883,-0.0205882352941118,0.0205882352941118,0.5799502899749811
3.549999999999995,375.0,2,377.0,3.5036496350364974,-0.04635036496349754,0.04635036496349754,1.3056440834788057
3.549999999999995,375.0,5,380.0,3.4285714285714293,-0.12142857142856567,0.12142857142856567,3.4205231388328405
3.5999999999999948,373.0,-5,368.0,3.750000000000001,0.15000000000000613,0.15000000000000613,4.166666666666843
3.5999999999999948,373.0,-2,371.0,3.664122137404581,0.06412213740458617,0.06412213740458617,1.7811704834607294
3.5999999999999948,373.0,-1,372.0,3.636363636363637,0.03636363636364237,0.03636363636364237,1.0101010101011785
3.5999999999999948,373.0,0,373.0,3.609022556390978,0.009022556390983372,0.009022556390983372,0.2506265664162051
3.5999999999999948,373.0,1,374.0,3.582089552238807,-0.017910447761187775,0.017910447761187775,0.4975124378107722
3.5999999999999948,373.0,2,375.0,3.5555555555555562,-0.04444444444443851,0.04444444444443851,1.2345679012344049
3.5999999999999948,373.0,5,378.0,3.478260869565218,-0.12173913043477658,0.12173913043477658,3.381642512077132
3.6499999999999946,372.0,-5,367.0,3.779527559055119,0.12952755905512436,0.12952755905512436,3.5487002480856047
3.6499999999999946,372.0,-2,370.0,3.6923076923076934,0.04230769230769882,0.04230769230769882,1.1591148577451749
3.6499999999999946,372.0,-1,371.0,3.664122137404581,0.014122137404586343,0.014122137404586343,0.38690787409825655
3.6499999999999946,372.0,0,372.0,3.636363636363637,-0.013636363636357451,0.013636363636357451,0.3735990037358211
3.6499999999999946,372.0,1,373.0,3.609022556390978,-0.04097744360901645,0.04097744360901645,1.1226696879182607
3.6499999999999946,372.0,2,374.0,3.582089552238807,-0.0679104477611876,0.0679104477611876,1.8605602126352796
3.6499999999999946,372.0,5,377.0,3.5036496350364974,-0.14635036496349718,0.14635036496349718,4.009599040095819
3.6999999999999944,370.0,-5,365.0,3.8400000000000007,0.14000000000000634,0.14000000000000634,3.783783783783961
3.6999999999999944,370.0,-2,368.0,3.750000000000001,0.050000000000006484,0.050000000000006484,1.3513513513515287
3.6999999999999944,370.0,-1,369.0,3.7209302325581404,0.020930232558145967,0.020930232558145967,0.5656819610309729
3.6999999999999944,370.0,0,370.0,3.6923076923076934,-0.007692307692301004,0.007692307692301004,0.20790020790002744
3.6999999999999944,370.0,1,371.0,3.664122137404581,-0.03587786259541348,0.03587786259541348,0.9696719620382035
3.6999999999999944,370.0,2,372.0,3.636363636363637,-0.06363636363635727,0.06363636363635727,1.7199017199015505
3.6999999999999944,370.0,5,375.0,3.5555555555555562,-0.14444444444443816,0.14444444444443816,3.9039039039037395
3.7499999999999942,368.0,-5,363.0,3.9024390243902447,0.15243902439025048,0.15243902439025048,4.065040650406686
3.7499999999999942,368.0,-2,366.0,3.8095238095238106,0.05952380952381642,0.05952380952381642,1.5873015873017735
3.7499999999999942,368.0,-1,367.0,3.779527559055119,0.02952755905512472,0.02952755905512472,0.7874015748033271
3.7499999999999942,368.0,0,368.0,3.750000000000001,6.661338147750939e-15,6.661338147750939e-15,1.7763568394002532e-13
3.7499999999999942,368.0,1,369.0,3.7209302325581404,-0.029069767441853855,0.029069767441853855,0.7751937984494374
3.7499999999999942,368.0,2,370.0,3.6923076923076934,-0.057692307692300826,0.057692307692300826,1.5384615384613578
3.7499999999999942,368.0,5,373.0,3.609022556390978,-0.1409774436090161,0.1409774436090161,3.7593984962404345
3.799999999999994,366.0,-5,361.0,3.9669421487603316,0.16694214876033753,0.16694214876033753,4.393214441061521
3.799999999999994,366.0,-2,364.0,3.870967741935485,0.07096774193549082,0.07096774193549082,1.86757215619713
3.799999999999994,366.0,-1,365.0,3.8400000000000007,0.0400000000000067,0.0400000000000067,1.0526315789475464
3.799999999999994,366.0,0,366.0,3.8095238095238106,0.009523809523816595,0.009523809523816595,0.25062656641622655
3.799999999999994,366.0,1,367.0,3.779527559055119,-0.020472440944875103,0.020472440944875103,0.5387484459177667
3.799999999999994,366.0,2,368.0,3.750000000000001,-0.04999999999999316,0.04999999999999316,1.3157894736840325
3.799999999999994,366.0,5,371.0,3.664122137404581,-0.13587786259541312,0.13587786259541312,3.575733226195088
3.849999999999994,365.0,-5,360.0,4.000000000000001,0.15000000000000702,0.15000000000000702,3.896103896104085
3.849999999999994,365.0,-2,363.0,3.9024390243902447,0.05243902439025083,0.05243902439025083,1.362052581564959
3.849999999999994,365.0,-1,364.0,3.870967741935485,0.020967741935491002,0.020967741935491002,0.5446166736491178
3.849999999999994,365.0,0,365.0,3.8400000000000007,-0.009999999999993125,0.009999999999993125,0.2597402597400816
3.849999999999994,365.0,1,366.0,3.8095238095238106,-0.04047619047618323,0.04047619047618323,1.0513296227580076
3.849999999999994,365.0,2,367.0,3.779527559055119,-0.07047244094487493,0.07047244094487493,1.8304530115551956
3.849999999999994,365.0,5,370.0,3.6923076923076934,-0.15769230769230047,0.15769230769230047,4.095904095903915
3.8999999999999937,363.0,-5,358.0,4.067796610169492,0.16779661016949854,0.16779661016949854,4.302477183833303
3.8999999999999937,363.0,-2,361.0,3.9669421487603316,0.06694214876033788,0.06694214876033788,1.7164653528291793
3.8999999999999937,363.0,-1,362.0,3.9344262295081975,0.03442622950820384,0.03442622950820384,0.8827238335436897
3.8999999999999937,363.0,0,363.0,3.9024390243902447,0.00243902439025101,0.00243902439025101,0.06253908692951318
3.8999999999999937,363.0,1,364.0,3.870967741935485,-0.02903225806450882,0.02903225806450882,0.7444168734489452
3.8999999999999937,363.0,2,365.0,3.8400000000000007,-0.05999999999999295,0.05999999999999295,1.53846153846136
3.8999999999999937,363.0,5,368.0,3.750000000000001,-0.1499999999999928,0.1499999999999928,3.846153846153668
3.9499999999999935,362.0,-5,357.0,4.102564102564104,0.15256410256411046,0.15256410256411046,3.8623823433952076
3.9499999999999935,362.0,-2,360.0,4.000000000000001,0.05000000000000737,0.05000000000000737,1.2658227848103154
3.9499999999999935,362.0,-1,361.0,3.9669421487603316,0.01694214876033806,0.01694214876033806,0.42891515848957185
3.9499999999999935,362.0,0,362.0,3.9344262295081975,-0.01557377049179598,0.01557377049179598,0.3942726706783799
3.9499999999999935,362.0,1,363.0,3.9024390243902447,-0.04756097560974881,0.04756097560974881,1.204075331892377
3.9499999999999935,362.0,2,364.0,3.870967741935485,-0.07903225806450864,0.07903225806450864,2.0008166598609813
3.9499999999999935,362.0,5,367.0,3.779527559055119,-0.17047244094487457,0.17047244094487457,4.315757998604427
3.9999999999999933,360.0,-5,355.0,4.173913043478262,0.1739130434782683,0.1739130434782683,4.347826086956714
3.9999999999999933,360.0,-2,358.0,4.067796610169492,0.0677966101694989,0.0677966101694989,1.694915254237475
3.9999999999999933,360.0,-1,359.0,4.033613445378152,0.03361344537815869,0.03361344537815869,0.8403361344539686
3.9999999999999933,360.0,0,360.0,4.000000000000001,7.549516567451064e-15,7.549516567451064e-15,1.8873791418627691e-13
3.9999999999999933,360.0,1,361.0,3.9669421487603316,-0.03305785123966176,0.03305785123966176,0.8264462809915454
3.9999999999999933,360.0,2,362.0,3.9344262295081975,-0.0655737704917958,0.0655737704917958,1.6393442622948977
3.9999999999999933,360.0,5,365.0,3.8400000000000007,-0.1599999999999926,0.1599999999999926,3.999999999999822
4.049999999999994,359.0,-5,354.0,4.210526315789474,0.16052631578948073,0.16052631578948073,3.9636127355427404
4.049999999999994,359.0,-2,357.0,4.102564102564104,0.05256410256411037,0.05256410256411037,1.2978790756570482
4.049999999999994,359.0,-1,358.0,4.067796610169492,0.017796610169498628,0.017796610169498628,0.43942247332095447
4.049999999999994,359.0,0,359.0,4.033613445378152,-0.016386554621841576,0.016386554621841576,0.4046062869590519
4.049999999999994,359.0,1,360.0,4.000000000000001,-0.04999999999999272,0.04999999999999272,1.23456790123439
4.049999999999994,359.0,2,361.0,3.9669421487603316,-0.08305785123966203,0.08305785123966203,2.0508111417200534
4.049999999999994,359.0,5,364.0,3.870967741935485,-0.17903225806450873,0.17903225806450873,4.420549581839729
4.0999999999999925,357.0,-5,352.0,4.2857142857142865,0.18571428571429394,0.18571428571429394,4.529616724738885
4.0999999999999925,357.0,-2,355.0,4.173913043478262,0.0739130434782691,0.0739130434782691,1.8027571580065669
4.0999999999999925,357.0,-1,356.0,4.13793103448276,0.037931034482767245,0.037931034482767245,0.92514718250652
4.0999999999999925,357.0,0,357.0,4.102564102564104,0.0025641025641114368,0.0025641025641114368,0.06253908692954735
4.0999999999999925,357.0,1,358.0,4.067796610169492,-0.032203389830500306,0.032203389830500306,0.7854485324512285
4.0999999999999925,357.0,2,359.0,4.033613445378152,-0.06638655462184051,0.06638655462184051,1.6191842590692835
4.0999999999999925,357.0,5,362.0,3.9344262295081975,-0.165573770491795,0.165573770491795,4.038384646141349
4.149999999999993,356.0,-5,351.0,4.3243243243243255,0.1743243243243322,0.1743243243243322,4.200586128297169
4.149999999999993,356.0,-2,354.0,4.210526315789474,0.06052631578948109,0.06052631578948109,1.45846544071039
4.149999999999993,356.0,-1,355.0,4.173913043478262,0.023913043478268392,0.023913043478268392,0.5762179151389983
4.149999999999993,356.0,0,356.0,4.13793103448276,-0.012068965517233465,0.012068965517233465,0.2908184461983972
4.149999999999993,356.0,1,357.0,4.102564102564104,-0.047435897435889274,0.047435897435889274,1.1430336731539603
4.149999999999993,356.0,2,358.0,4.067796610169492,-0.08220338983050102,0.08220338983050102,1.9808045742289435
4.149999999999993,356.0,5,361.0,3.9669421487603316,-0.18305785123966167,0.18305785123966167,4.411032559991854
4.199999999999992,354.0,-5,349.0,4.403669724770643,0.20366972477065115,0.20366972477065115,4.849279161205989
4.199999999999992,354.0,-2,352.0,4.2857142857142865,0.08571428571429429,0.08571428571429429,2.04081632653082
4.199999999999992,354.0,-1,353.0,4.24778761061947,0.047787610619478116,0.047787610619478116,1.1378002528447193
4.199999999999992,354.0,0,354.0,4.210526315789474,0.010526315789482155,0.010526315789482155,0.2506265664162422
4.199999999999992,354.0,1,355.0,4.173913043478262,-0.026086956521730542,0.026086956521730542,0.6211180124221569
4.199999999999992,354.0,2,356.0,4.13793103448276,-0.0620689655172324,0.0620689655172324,1.47783251231506
4.199999999999992,354.0,5,359.0,4.033613445378152,-0.16638655462184015,0.16638655462184015,3.9615846338533443
4.249999999999993,353.0,-5,348.0,4.4444444444444455,0.19444444444445264,0.19444444444445264,4.575163398693011
4.249999999999993,353.0,-2,351.0,4.3243243243243255,0.07432432432433256,0.07432432432433256,1.748807631160769
4.249999999999993,353.0,-1,352.0,4.2857142857142865,0.03571428571429358,0.03571428571429358,0.8403361344539679
4.249999999999993,353.0,0,353.0,4.24778761061947,-0.0022123893805225947,0.0022123893805225947,0.05205622071817878
4.249999999999993,353.0,1,354.0,4.210526315789474,-0.039473684210518556,0.039473684210518556,0.9287925696592617
4.249999999999993,353.0,2,355.0,4.173913043478262,-0.07608695652173125,0.07608695652173125,1.7902813299230915
4.249999999999993,353.0,5,358.0,4.067796610169492,-0.18220338983050066,0.18220338983050066,4.2871385842470815
4.299999999999992,352.0,-5,347.0,4.485981308411216,0.1859813084112245,0.1859813084112245,4.325146707237788
4.299999999999992,352.0,-2,350.0,4.363636363636365,0.06363636363637326,0.06363636363637326,1.479915433404032
4.299999999999992,352.0,-1,351.0,4.3243243243243255,0.024324324324333624,0.024324324324333624,0.5656819610310156
4.299999999999992,352.0,0,352.0,4.2857142857142865,-0.014285714285705353,0.014285714285705353,0.33222591362105536
4.299999999999992,352.0,1,353.0,4.24778761061947,-0.05221238938052153,0.05221238938052153,1.214241613500503
4.299999999999992,352.0,2,354.0,4.210526315789474,-0.08947368421051749,0.08947368421051749,2.080783353732969
4.299999999999992,352.0,5,357.0,4.102564102564104,-0.19743589743588785,0.19743589743588785,4.591532498509029
4.3499999999999925,350.0,-5,345.0,4.571428571428573,0.2214285714285804,0.2214285714285804,5.090311986863926
4.3499999999999925,350.0,-2,348.0,4.4444444444444455,0.09444444444445299,0.09444444444445299,2.171136653895475
4.3499999999999925,350.0,-1,349.0,4.403669724770643,0.053669724770650795,0.053669724770650795,1.233786776336802
4.3499999999999925,350.0,0,350.0,4.363636363636365,0.01363636363637255,0.01363636363637255,0.3134796238246569
4.3499999999999925,350.0,1,351.0,4.3243243243243255,-0.025675675675667087,0.025675675675667087,0.5902454178314284
4.3499999999999925,350.0,2,352.0,4.2857142857142865,-0.06428571428570606,0.06428571428570606,1.4778325123150844
4.3499999999999925,350.0,5,355.0,4.173913043478262,-0.1760869565217309,0.1760869565217309,4.047976011993821
4.3999999999999915,349.0,-5,344.0,4.615384615384617,0.21538461538462528,0.21538461538462528,4.8951048951051295
4.3999999999999915,349.0,-2,347.0,4.485981308411216,0.08598130841122487,0.08598130841122487,1.9541206457096598
4.3999999999999915,349.0,-1,348.0,4.4444444444444455,0.044444444444454057,0.044444444444454057,1.0101010101012304
4.3999999999999915,349.0,0,349.0,4.403669724770643,0.003669724770651861,0.003669724770651861,0.08340283569663337
4.3999999999999915,349.0,1,350.0,4.363636363636365,-0.036363636363626384,0.036363636363626384,0.8264462809915104
4.3999999999999915,349.0,2,351.0,4.3243243243243255,-0.07567567567566602,0.07567567567566602,1.7199017199015039
4.3999999999999915,349.0,5,354.0,4.210526315789474,-0.18947368421051713,0.18947368421051713,4.30622009569358
4.449999999999992,348.0,-5,343.0,4.660194174757283,0.21019417475729085,0.21019417475729085,4.723464601287443
4.449999999999992,348.0,-2,346.0,4.528301886792454,0.07830188679246142,0.07830188679246142,1.7595929616283497
4.449999999999992,348.0,-1,347.0,4.485981308411216,0.035981308411224155,0.035981308411224155,0.8085687283421173
4.449999999999992,348.0,0,348.0,4.4444444444444455,-0.005555555555546654,0.005555555555546654,0.12484394506846436
4.449999999999992,348.0,1,349.0,4.403669724770643,-0.04633027522934885,0.04633027522934885,1.0411297804348074
4.449999999999992,348.0,2,350.0,4.363636363636365,-0.0863636363636271,0.0863636363636271,1.9407558733399382
4.449999999999992,348.0,5,353.0,4.24778761061947,-0.20221238938052188,0.20221238938052188,4.544098637764544
4.499999999999991,347.0,-5,342.0,4.7058823529411775,0.2058823529411864,0.2058823529411864,4.57516339869304
4.499999999999991,347.0,-2,345.0,4.571428571428573,0.07142857142858183,0.07142857142858183,1.5873015873018217
4.499999999999991,347.0,-1,346.0,4.528301886792454,0.028301886792462483,0.028301886792462483,0.6289308176102787
4.499999999999991,347.0,0,347.0,4.485981308411216,-0.014018691588774779,0.014018691588774779,0.31152647975055126
4.499999999999991,347.0,1,348.0,4.4444444444444455,-0.05555555555554559,0.05555555555554559,1.234567901234349
4.499999999999991,347.0,2,349.0,4.403669724770643,-0.09633027522934778,0.09633027522934778,2.1406727828743994
4.499999999999991,347.0,5,352.0,4.2857142857142865,-0.21428571428570464,0.21428571428570464,4.761904761904557
4.549999999999992,345.0,-5,340.0,4.800000000000001,0.2500000000000089,0.2500000000000089,5.4945054945057
4.549999999999992,345.0,-2,343.0,4.660194174757283,0.11019417475729121,0.11019417475729121,2.4218499946657452
4.549999999999992,345.0,-1,344.0,4.615384615384617,0.06538461538462492,0.06538461538462492,1.437024513947803
4.549999999999992,345.0,0,345.0,4.571428571428573,0.021428571428581122,0.021428571428581122,0.47095761381497053
4.549999999999992,345.0,1,346.0,4.528301886792454,-0.021698113207538228,0.021698113207538228,0.47688160895688503
4.549999999999992,345.0,2,347.0,4.485981308411216,-0.06401869158877549,0.06401869158877549,1.407004210742321
4.549999999999992,345.0,5,350.0,4.363636363636365,-0.18636363636362674,0.18636363636362674,4.095904095903892
4.599999999999991,344.0,-5,339.0,4.8484848484848495,0.24848484848485874,0.24848484848485874,5.401844532279549
4.599999999999991,344.0,-2,342.0,4.7058823529411775,0.10588235294118675,0.10588235294118675,2.301790281330151
4.599999999999991,344.0,-1,343.0,4.660194174757283,0.060194174757292274,0.060194174757292274,1.3085690164628783
4.599999999999991,344.0,0,344.0,4.615384615384617,0.015384615384625988,0.015384615384625988,0.33444816053534826
4.599999999999991,344.0,1,345.0,4.571428571428573,-0.028571428571417812,0.028571428571417812,0.6211180124221276
4.599999999999991,344.0,2,346.0,4.528301886792454,-0.07169811320753716,0.07169811320753716,1.5586546349464632
4.599999999999991,344.0,5,349.0,4.403669724770643,-0.19633027522934743,0.19633027522934743,4.2680494615075615
4.6499999999999915,343.0,-5,338.0,4.89795918367347,0.2479591836734789,0.2479591836734789,5.332455562870524
4.6499999999999915,343.0,-2,341.0,4.752475247524754,0.10247524752476256,0.10247524752476256,2.2037687639733923
4.6499999999999915,343.0,-1,342.0,4.7058823529411775,0.05588235294118604,0.05588235294118604,1.2017710309932503
4.6499999999999915,343.0,0,343.0,4.660194174757283,0.010194174757291563,0.010194174757291563,0.21922956467293722
4.6499999999999915,343.0,1,344.0,4.615384615384617,-0.03461538461537472,0.03461538461537472,0.7444168734489202
4.6499999999999915,343.0,2,345.0,4.571428571428573,-0.07857142857141852,0.07857142857141852,1.6897081413208317
4.6499999999999915,343.0,5,348.0,4.4444444444444455,-0.20555555555554594,0.20555555555554594,4.420549581839706
4.69999999999999,342.0,-5,337.0,4.948453608247424,0.24845360824743334,0.24845360824743334,5.2862469839879545
4.69999999999999,342.0,-2,340.0,4.800000000000001,0.1000000000000103,0.1000000000000103,2.1276595744683084
4.69999999999999,342.0,-1,341.0,4.752475247524754,0.052475247524763624,0.052475247524763624,1.1164946281864623
4.69999999999999,342.0,0,342.0,4.7058823529411775,0.005882352941187108,0.005882352941187108,0.12515644555717276
4.69999999999999,342.0,1,343.0,4.660194174757283,-0.03980582524270737,0.03980582524270737,0.8469324519724989
4.69999999999999,342.0,2,344.0,4.615384615384617,-0.08461538461537366,0.08461538461537366,1.8003273322419961
4.69999999999999,342.0,5,347.0,4.485981308411216,-0.21401869158877407,0.21401869158877407,4.553589182739883
4.749999999999991,341.0,-5,336.0,5.000000000000001,0.25000000000000977,0.25000000000000977,5.263157894737057
4.749999999999991,341.0,-2,339.0,4.8484848484848495,0.09848484848485839,0.09848484848485839,2.0733652312601802
4.749999999999991,341.0,-1,340.0,4.800000000000001,0.05000000000000959,0.05000000000000959,1.0526315789475724
4.749999999999991,341.0,0,341.0,4.752475247524754,0.0024752475247629135,0.0024752475247629135,0.05211047420553512
4.749999999999991,341.0,1,342.0,4.7058823529411775,-0.0441176470588136,0.0441176470588136,0.9287925696592354
4.749999999999991,341.0,2,343.0,4.660194174757283,-0.08980582524270808,0.08980582524270808,1.8906489524780683
4.749999999999991,341.0,5,346.0,4.528301886792454,-0.22169811320753752,0.22169811320753752,4.667328699106061
4.79999999999999,340.0,-5,335.0,5.05263157894737,0.25263157894737986,0.25263157894737986,5.263157894737091
4.79999999999999,340.0,-2,338.0,4.89795918367347,0.09795918367348033,0.09795918367348033,2.0408163265308445
4.79999999999999,340.0,-1,339.0,4.8484848484848495,0.048484848484859455,0.048484848484859455,1.0101010101012406
4.79999999999999,340.0,0,340.0,4.800000000000001,1.0658141036401503e-14,1.0658141036401503e-14,2.220446049250318e-13
4.79999999999999,340.0,1,341.0,4.752475247524754,-0.04752475247523602,0.04752475247523602,0.9900990099007525
4.79999999999999,340.0,2,342.0,4.7058823529411775,-0.09411764705881254,0.09411764705881254,1.9607843137252654
4.79999999999999,340.0,5,345.0,4.571428571428573,-0.2285714285714171,0.2285714285714171,4.761904761904533
4.849999999999991,339.0,-5,334.0,5.106382978723405,0.25638297872341465,0.25638297872341465,5.286246983987941
4.849999999999991,339.0,-2,337.0,4.948453608247424,0.09845360824743299,0.09845360824743299,2.029971304070787
4.849999999999991,339.0,-1,338.0,4.89795918367347,0.04795918367347962,0.04795918367347962,0.9888491479067982
4.849999999999991,339.0,0,339.0,4.8484848484848495,-0.0015151515151412553,0.0015151515151412553,0.03124023742559295
4.849999999999991,339.0,1,340.0,4.800000000000001,-0.04999999999999005,0.04999999999999005,1.0309278350513433
4.849999999999991,339.0,2,341.0,4.752475247524754,-0.09752475247523673,0.09752475247523673,2.0108196386646786
4.849999999999991,339.0,5,344.0,4.615384615384617,-0.234615384615374,0.234615384615374,4.837430610626278
4.89999999999999,338.0,-5,333.0,5.161290322580647,0.2612903225806571,0.2612903225806571,5.332455562870564
4.89999999999999,338.0,-2,336.0,5.000000000000001,0.10000000000001119,0.10000000000001119,2.040816326530845
4.89999999999999,338.0,-1,337.0,4.948453608247424,0.048453608247434055,0.048453608247434055,0.9888491479068195
4.89999999999999,338.0,0,338.0,4.89795918367347,-0.0020408163265193124,0.0020408163265193124,0.041649312786108506
4.89999999999999,338.0,1,339.0,4.8484848484848495,-0.05151515151514019,0.05151515151514019,1.0513296227579654
4.89999999999999,338.0,2,340.0,4.800000000000001,-0.09999999999998899,0.09999999999998899,2.0408163265303916
4.89999999999999,338.0,5,343.0,4.660194174757283,-0.23980582524270666,0.23980582524270666,4.893996433524636
4.94999999999999,337.0,-5,332.0,5.217391304347827,0.26739130434783664,0.26739130434783664,5.401844532279538
4.94999999999999,337.0,-2,335.0,5.05263157894737,0.10263157894737951,0.10263157894737951,2.073365231260196
4.94999999999999,337.0,-1,336.0,5.000000000000001,0.05000000000001048,0.05000000000001048,1.0101010101012238
4.94999999999999,337.0,0,337.0,4.948453608247424,-0.001546391752566656,0.001546391752566656,0.031240237425589068
4.94999999999999,337.0,1,338.0,4.89795918367347,-0.05204081632652002,0.05204081632652002,1.0513296227579823
4.94999999999999,337.0,2,339.0,4.8484848484848495,-0.1015151515151409,0.1015151515151409,2.0508111417200223
4.94999999999999,337.0,5,342.0,4.7058823529411775,-0.2441176470588129,0.2441176470588129,4.931669637551785
4.999999999999989,336.0,-5,331.0,5.274725274725276,0.27472527472528707,0.27472527472528707,5.494505494505753
4.999999999999989,336.0,-2,334.0,5.106382978723405,0.10638297872341607,0.10638297872341607,2.1276595744683258
4.999999999999989,336.0,-1,335.0,5.05263157894737,0.052631578947380575,0.052631578947380575,1.0526315789476137
4.999999999999989,336.0,0,336.0,5.000000000000001,1.1546319456101628e-14,1.1546319456101628e-14,2.3092638912203307e-13
4.999999999999989,336.0,1,337.0,4.948453608247424,-0.05154639175256559,0.05154639175256559,1.030927835051314
4.999999999999989,336.0,2,338.0,4.89795918367347,-0.10204081632651896,0.10204081632651896,2.0408163265303836
4.999999999999989,336.0,5,341.0,4.752475247524754,-0.2475247524752353,0.2475247524752353,4.950495049504717
5.04999999999999,335.0,-5,330.0,5.333333333333335,0.28333333333334476,0.28333333333334476,5.610561056105848
5.04999999999999,335.0,-2,333.0,5.161290322580647,0.11129032258065674,0.11129032258065674,2.203768763973405
5.04999999999999,335.0,-1,334.0,5.106382978723405,0.056382978723415356,0.056382978723415356,1.116494628186445
5.04999999999999,335.0,0,335.0,5.05263157894737,0.0026315789473798645,0.0026315789473798645,0.05211047420554197
5.04999999999999,335.0,1,336.0,5.000000000000001,-0.049999999999989164,0.049999999999989164,0.9900990099007775
5.04999999999999,335.0,2,337.0,4.948453608247424,-0.1015463917525663,0.1015463917525663,2.010819638664683
5.04999999999999,335.0,5,340.0,4.800000000000001,-0.24999999999998934,0.24999999999998934,4.95049504950475
5.099999999999989,334.0,-5,329.0,5.393258426966294,0.2932584269663048,0.2932584269663048,5.750165234633439
5.099999999999989,334.0,-2,332.0,5.217391304347827,0.11739130434783807,0.11739130434783807,2.301790281330163
5.099999999999989,334.0,-1,333.0,5.161290322580647,0.06129032258065781,0.06129032258065781,1.201771030993293
5.099999999999989,334.0,0,334.0,5.106382978723405,0.0063829787234164215,0.0063829787234164215,0.12515644555718503
5.099999999999989,334.0,1,335.0,5.05263157894737,-0.04736842105261907,0.04736842105261907,0.9287925696591994
5.099999999999989,334.0,2,336.0,5.000000000000001,-0.0999999999999881,0.0999999999999881,1.9607843137252612
5.099999999999989,334.0,5,339.0,4.8484848484848495,-0.2515151515151395,0.2515151515151395,4.9316696375517655
5.14999999999999,333.0,-5,328.0,5.454545454545456,0.3045454545454662,0.3045454545454662,5.913503971756637
5.14999999999999,333.0,-2,331.0,5.274725274725276,0.12472527472528672,0.12472527472528672,2.421849994665766
5.14999999999999,333.0,-1,332.0,5.217391304347827,0.06739130434783736,0.06739130434783736,1.3085690164628638
5.14999999999999,333.0,0,333.0,5.161290322580647,0.011290322580657097,0.011290322580657097,0.2192295646729538
5.14999999999999,333.0,1,334.0,5.106382978723405,-0.04361702127658429,0.04361702127658429,0.8469324519725121
5.14999999999999,333.0,2,335.0,5.05263157894737,-0.09736842105261978,0.09736842105261978,1.8906489524780579
5.14999999999999,333.0,5,338.0,4.89795918367347,-0.2520408163265193,0.2520408163265193,4.893996433524657
5.199999999999989,332.0,-5,327.0,5.517241379310346,0.31724137931035745,0.31724137931035745,6.100795755968426
5.199999999999989,332.0,-2,330.0,5.333333333333335,0.13333333333334618,0.13333333333334618,2.564102564102817
5.199999999999989,332.0,-1,331.0,5.274725274725276,0.07472527472528778,0.07472527472528778,1.4370245139478453
5.199999999999989,332.0,0,332.0,5.217391304347827,0.01739130434783842,0.01739130434783842,0.334448160535355
5.199999999999989,332.0,1,333.0,5.161290322580647,-0.03870967741934184,0.03870967741934184,0.7444168734488831
5.199999999999989,332.0,2,334.0,5.106382978723405,-0.09361702127658322,0.09361702127658322,1.800327332241989
5.199999999999989,332.0,5,337.0,4.948453608247424,-0.2515463917525649,0.2515463917525649,4.837430610626258
5.249999999999989,331.0,-5,326.0,5.58139534883721,0.331395348837221,0.331395348837221,6.312292358804222
5.249999999999989,331.0,-2,329.0,5.393258426966294,0.14325842696630442,0.14325842696630442,2.7287319422153278
5.249999999999989,331.0,-1,330.0,5.333333333333335,0.08333333333334547,0.08333333333334547,1.5873015873018217
5.249999999999989,331.0,0,331.0,5.274725274725276,0.024725274725287072,0.024725274725287072,0.4709576138149928
5.249999999999989,331.0,1,332.0,5.217391304347827,-0.03260869565216229,0.03260869565216229,0.62111801242214
5.249999999999989,331.0,2,333.0,5.161290322580647,-0.08870967741934255,0.08870967741934255,1.689708141320814
5.249999999999989,331.0,5,336.0,5.000000000000001,-0.24999999999998845,0.24999999999998845,4.761904761904551
5.299999999999988,331.0,-5,326.0,5.58139534883721,0.28139534883722206,0.28139534883722206,5.3093462044759
5.299999999999988,331.0,-2,329.0,5.393258426966294,0.09325842696630549,0.09325842696630549,1.7595929616284094
5.299999999999988,331.0,-1,330.0,5.333333333333335,0.03333333333334654,0.03333333333334654,0.6289308176103134
5.299999999999988,331.0,0,331.0,5.274725274725276,-0.025274725274711862,0.025274725274711862,0.47688160895682863
5.299999999999988,331.0,1,332.0,5.217391304347827,-0.08260869565216122,0.08260869565216122,1.5586546349464416
5.299999999999988,331.0,2,333.0,5.161290322580647,-0.13870967741934148,0.13870967741934148,2.6171637248932416
5.299999999999988,331.0,5,336.0,5.000000000000001,-0.2999999999999874,0.2999999999999874,5.660377358490341
5.349999999999989,330.0,-5,325.0,5.647058823529413,0.29705882352942403,0.29705882352942403,5.5525013743817695
5.349999999999989,330.0,-2,328.0,5.454545454545456,0.10454545454546693,0.10454545454546693,1.9541206457096665
5.349999999999989,330.0,-1,329.0,5.393258426966294,0.043258426966304775,0.043258426966304775,0.808568728342147
5.349999999999989,330.0,0,330.0,5.333333333333335,-0.016666666666654173,0.016666666666654173,0.3115264797505459
5.349999999999989,330.0,1,331.0,5.274725274725276,-0.07527472527471257,0.07527472527471257,1.407004210742294
5.349999999999989,330.0,2,332.0,5.217391304347827,-0.13260869565216193,0.13260869565216193,2.47866720845163
5.349999999999989,330.0,5,335.0,5.05263157894737,-0.29736842105261907,0.29736842105261907,5.5582882439742
5.399999999999988,329.0,-5,324.0,5.714285714285715,0.3142857142857274,0.3142857142857274,5.820105820106076
5.399999999999988,329.0,-2,327.0,5.517241379310346,0.11724137931035816,0.11724137931035816,2.1711366538955263
5.399999999999988,329.0,-1,328.0,5.454545454545456,0.054545454545468,0.054545454545468,1.0101010101012615
5.399999999999988,329.0,0,329.0,5.393258426966294,-0.006741573033694159,0.006741573033694159,0.12484394506841064
5.399999999999988,329.0,1,330.0,5.333333333333335,-0.06666666666665311,0.06666666666665311,1.2345679012343196
5.399999999999988,329.0,2,331.0,5.274725274725276,-0.1252747252747115,0.1252747252747115,2.31990231990207
5.399999999999988,329.0,5,334.0,5.106382978723405,-0.2936170212765825,0.2936170212765825,5.437352245862651
5.449999999999989,328.0,-5,323.0,5.783132530120484,0.33313253012049504,0.33313253012049504,6.1125234884494635
5.449999999999989,328.0,-2,326.0,5.58139534883721,0.1313953488372217,0.1313953488372217,2.4109238318756323
5.449999999999989,328.0,-1,327.0,5.517241379310346,0.06724137931035745,0.06724137931035745,1.2337867763368366
5.449999999999989,328.0,0,328.0,5.454545454545456,0.004545454545467287,0.004545454545467287,0.08340283569664764
5.449999999999989,328.0,1,329.0,5.393258426966294,-0.05674157303369487,0.05674157303369487,1.0411297804347706
5.449999999999989,328.0,2,330.0,5.333333333333335,-0.11666666666665382,0.11666666666665382,2.1406727828743866
5.449999999999989,328.0,5,333.0,5.161290322580647,-0.28870967741934184,0.28870967741934184,5.297425273749402
5.499999999999988,327.0,-5,322.0,5.8536585365853675,0.35365853658537993,0.35365853658537993,6.430155210643286
5.499999999999988,327.0,-2,325.0,5.647058823529413,0.14705882352942545,0.14705882352942545,2.673796791444105
5.499999999999988,327.0,-1,326.0,5.58139534883721,0.08139534883722277,0.08139534883722277,1.4799154334040536
5.499999999999988,327.0,0,327.0,5.517241379310346,0.017241379310358518,0.017241379310358518,0.313479623824701
5.499999999999988,327.0,1,328.0,5.454545454545456,-0.04545454545453165,0.04545454545453165,0.8264462809914863
5.499999999999988,327.0,2,329.0,5.393258426966294,-0.1067415730336938,0.1067415730336938,1.9407558733398917
5.499999999999988,327.0,5,332.0,5.217391304347827,-0.2826086956521605,0.2826086956521605,5.138339920948384
5.549999999999988,326.0,-5,321.0,5.925925925925927,0.3759259259259391,0.3759259259259391,6.773440106773691
5.549999999999988,326.0,-2,324.0,5.714285714285715,0.16428571428572702,0.16428571428572702,2.9601029601031956
5.549999999999988,326.0,-1,325.0,5.647058823529413,0.09705882352942474,0.09705882352942474,1.7488076311608098
5.549999999999988,326.0,0,326.0,5.58139534883721,0.03139534883722206,0.03139534883722206,0.5656819610310293
5.549999999999988,326.0,1,327.0,5.517241379310346,-0.03275862068964219,0.03275862068964219,0.5902454178313922
5.549999999999988,326.0,2,328.0,5.454545454545456,-0.09545454545453236,0.09545454545453236,1.7199017199014874
5.549999999999988,326.0,5,331.0,5.274725274725276,-0.27527472527471186,0.27527472527471186,4.959904959904729
5.599999999999987,326.0,-5,321.0,5.925925925925927,0.32592592592594016,0.32592592592594016,5.820105820106088
5.599999999999987,326.0,-2,324.0,5.714285714285715,0.11428571428572809,0.11428571428572809,2.040816326530863
5.599999999999987,326.0,-1,325.0,5.647058823529413,0.04705882352942581,0.04705882352942581,0.8403361344540342
5.599999999999987,326.0,0,326.0,5.58139534883721,-0.018604651162776875,0.018604651162776875,0.3322259136210164
5.599999999999987,326.0,1,327.0,5.517241379310346,-0.08275862068964113,0.08275862068964113,1.4778325123150235
5.599999999999987,326.0,2,328.0,5.454545454545456,-0.1454545454545313,0.1454545454545313,2.5974025974023505
5.599999999999987,326.0,5,331.0,5.274725274725276,-0.3252747252747108,0.3252747252747108,5.808477237048421
5.649999999999988,325.0,-5,320.0,6.000000000000002,0.35000000000001386,0.35000000000001386,6.194690265486984
5.649999999999988,325.0,-2,323.0,5.783132530120484,0.13313253012049575,0.13313253012049575,2.3563279667344434
5.649999999999988,325.0,-1,324.0,5.714285714285715,0.06428571428572738,0.06428571428572738,1.1378002528447348
5.649999999999988,325.0,0,325.0,5.647058823529413,-0.002941176470574902,0.002941176470574902,0.05205622071813998
5.649999999999988,325.0,1,326.0,5.58139534883721,-0.06860465116277759,0.06860465116277759,1.2142416135004908
5.649999999999988,325.0,2,327.0,5.517241379310346,-0.13275862068964184,0.13275862068964184,2.3497101007016306
5.649999999999988,325.0,5,330.0,5.333333333333335,-0.3166666666666531,0.3166666666666531,5.604719764011572
5.699999999999987,324.0,-5,319.0,6.075949367088609,0.37594936708862203,0.37594936708862203,6.595602931379349
5.699999999999987,324.0,-2,322.0,5.8536585365853675,0.15365853658538065,0.15365853658538065,2.6957637997435264
5.699999999999987,324.0,-1,323.0,5.783132530120484,0.08313253012049682,0.08313253012049682,1.4584654407104738
5.699999999999987,324.0,0,324.0,5.714285714285715,0.014285714285728446,0.014285714285728446,0.2506265664162891
5.699999999999987,324.0,1,325.0,5.647058823529413,-0.052941176470573836,0.052941176470573836,0.9287925696591922
5.699999999999987,324.0,2,326.0,5.58139534883721,-0.11860465116277652,0.11860465116277652,2.0807833537329263
5.699999999999987,324.0,5,329.0,5.393258426966294,-0.3067415730336931,0.3067415730336931,5.381431105854277
5.749999999999988,323.0,-5,318.0,6.153846153846155,0.4038461538461675,0.4038461538461675,7.023411371237712
5.749999999999988,323.0,-2,321.0,5.925925925925927,0.1759259259259398,0.1759259259259398,3.0595813204511337
5.749999999999988,323.0,-1,322.0,5.8536585365853675,0.10365853658537993,0.10365853658537993,1.8027571580066115
5.749999999999988,323.0,0,323.0,5.783132530120484,0.033132530120496106,0.033132530120496106,0.576217915139064
5.749999999999988,323.0,1,324.0,5.714285714285715,-0.035714285714272265,0.035714285714272265,0.6211180124221277
5.749999999999988,323.0,2,325.0,5.647058823529413,-0.10294117647057455,0.10294117647057455,1.7902813299230393
5.749999999999988,323.0,5,328.0,5.454545454545456,-0.29545454545453165,0.29545454545453165,5.138339920948388
5.7999999999999865,323.0,-5,318.0,6.153846153846155,0.3538461538461686,0.3538461538461686,6.100795755968438
5.7999999999999865,323.0,-2,321.0,5.925925925925927,0.12592592592594087,0.12592592592594087,2.1711366538955374
5.7999999999999865,323.0,-1,322.0,5.8536585365853675,0.053658536585381,0.053658536585381,0.9251471825065711
5.7999999999999865,323.0,0,323.0,5.783132530120484,-0.016867469879502828,0.016867469879502828,0.29081844619832525
5.7999999999999865,323.0,1,324.0,5.714285714285715,-0.0857142857142712,0.0857142857142712,1.4778325123150242
5.7999999999999865,323.0,2,325.0,5.647058823529413,-0.15294117647057348,0.15294117647057348,2.636916835699549
5.7999999999999865,323.0,5,328.0,5.454545454545456,-0.3454545454545306,0.3454545454545306,5.956112852664335
5.849999999999987,322.0,-5,317.0,6.233766233766235,0.38376623376624774,0.38376623376624774,6.560106560106814
5.849999999999987,322.0,-2,320.0,6.000000000000002,0.15000000000001457,0.15000000000001457,2.564102564102819
5.849999999999987,322.0,-1,321.0,5.925925925925927,0.07592592592594016,0.07592592592594016,1.2978790756570997
5.849999999999987,322.0,0,322.0,5.8536585365853675,0.00365853658538029,0.00365853658538029,0.06253908692957774
5.849999999999987,322.0,1,323.0,5.783132530120484,-0.06686746987950354,0.06686746987950354,1.143033673153909
5.849999999999987,322.0,2,324.0,5.714285714285715,-0.1357142857142719,0.1357142857142719,2.3199023199020887
5.849999999999987,322.0,5,327.0,5.517241379310346,-0.3327586206896411,0.3327586206896411,5.688181550250288
5.899999999999986,321.0,-5,316.0,6.315789473684212,0.41578947368422625,0.41578947368422625,7.047279214986903
5.899999999999986,321.0,-2,319.0,6.075949367088609,0.17594936708862274,0.17594936708862274,2.9821926625190365
5.899999999999986,321.0,-1,320.0,6.000000000000002,0.10000000000001563,0.10000000000001563,1.694915254237557
5.899999999999986,321.0,0,321.0,5.925925925925927,0.02592592592594123,0.02592592592594123,0.4394224733210388
5.899999999999986,321.0,1,322.0,5.8536585365853675,-0.046341463414618644,0.046341463414618644,0.7854485324511653
5.899999999999986,321.0,2,323.0,5.783132530120484,-0.11686746987950247,0.11686746987950247,1.9808045742288602
5.899999999999986,321.0,5,326.0,5.58139534883721,-0.3186046511627758,0.3186046511627758,5.4000788332674
5.949999999999987,321.0,-5,316.0,6.315789473684212,0.36578947368422554,0.36578947368422554,6.1477222467937205
5.949999999999987,321.0,-2,319.0,6.075949367088609,0.12594936708862203,0.12594936708862203,2.116796085523064
5.949999999999987,321.0,-1,320.0,6.000000000000002,0.05000000000001492,0.05000000000001492,0.8403361344540342
5.949999999999987,321.0,0,321.0,5.925925925925927,-0.02407407407405948,0.02407407407405948,0.4046062869589838
5.949999999999987,321.0,1,322.0,5.8536585365853675,-0.09634146341461935,0.09634146341461935,1.6191842590692365
5.949999999999987,321.0,2,323.0,5.783132530120484,-0.16686746987950318,0.16686746987950318,2.8044952920924966
5.949999999999987,321.0,5,326.0,5.58139534883721,-0.3686046511627765,0.3686046511627765,6.1950361539962575
5.999999999999986,320.0,-5,315.0,6.400000000000001,0.40000000000001545,0.40000000000001545,6.66666666666694
5.999999999999986,320.0,-2,318.0,6.153846153846155,0.1538461538461693,0.1538461538461693,2.5641025641028277
5.999999999999986,320.0,-1,319.0,6.075949367088609,0.0759493670886231,0.0759493670886231,1.265822784810388
5.999999999999986,320.0,0,320.0,6.000000000000002,1.5987211554602254e-14,1.5987211554602254e-14,2.664535259100382e-13
5.999999999999986,320.0,1,321.0,5.925925925925927,-0.07407407407405842,0.07407407407405842,1.2345679012343098
5.999999999999986,320.0,2,322.0,5.8536585365853675,-0.1463414634146183,0.1463414634146183,2.439024390243644
5.999999999999986,320.0,5,325.0,5.647058823529413,-0.35294117647057277,0.35294117647057277,5.882352941176227
6.0499999999999865,319.0,-5,314.0,6.486486486486488,0.43648648648650124,0.43648648648650124,7.214652669198383
6.0499999999999865,319.0,-2,317.0,6.233766233766235,0.18376623376624845,0.18376623376624845,3.0374584093594854
6.0499999999999865,319.0,-1,318.0,6.153846153846155,0.10384615384616858,0.10384615384616858,1.7164653528292366
6.0499999999999865,319.0,0,319.0,6.075949367088609,0.025949367088622388,0.025949367088622388,0.4289151584896272
6.0499999999999865,319.0,1,320.0,6.000000000000002,-0.04999999999998472,0.04999999999998472,0.8264462809914849
6.0499999999999865,319.0,2,321.0,5.925925925925927,-0.12407407407405913,0.12407407407405913,2.0508111417199903
6.0499999999999865,319.0,5,324.0,5.714285714285715,-0.3357142857142712,0.3357142857142712,5.54899645808714
6.099999999999985,319.0,-5,314.0,6.486486486486488,0.3864864864865023,0.3864864864865023,6.335844040762348
6.099999999999985,319.0,-2,317.0,6.233766233766235,0.13376623376624952,0.13376623376624952,2.1928890781352433
6.099999999999985,319.0,-1,318.0,6.153846153846155,0.05384615384616964,0.05384615384616964,0.8827238335437667
6.099999999999985,319.0,0,319.0,6.075949367088609,-0.024050632911376546,0.024050632911376546,0.39427267067830496
6.099999999999985,319.0,1,320.0,6.000000000000002,-0.09999999999998366,0.09999999999998366,1.639344262294818
6.099999999999985,319.0,2,321.0,5.925925925925927,-0.17407407407405806,0.17407407407405806,2.8536733454763685
6.099999999999985,319.0,5,324.0,5.714285714285715,-0.38571428571427013,0.38571428571427013,6.323185011709362
6.149999999999986,318.0,-5,313.0,6.575342465753426,0.4253424657534399,0.4253424657534399,6.916137654527494
6.149999999999986,318.0,-2,316.0,6.315789473684212,0.16578947368422625,0.16578947368422625,2.6957637997435224
6.149999999999986,318.0,-1,317.0,6.233766233766235,0.08376623376624881,0.08376623376624881,1.3620525815650244
6.149999999999986,318.0,0,318.0,6.153846153846155,0.0038461538461689315,0.0038461538461689315,0.06253908692957626
6.149999999999986,318.0,1,319.0,6.075949367088609,-0.07405063291137726,0.07405063291137726,1.2040753318923159
6.149999999999986,318.0,2,320.0,6.000000000000002,-0.14999999999998437,0.14999999999998437,2.4390243902436537
6.149999999999986,318.0,5,323.0,5.783132530120484,-0.3668674698795025,0.3668674698795025,5.965324713487859
6.199999999999985,317.0,-5,312.0,6.666666666666668,0.4666666666666828,0.4666666666666828,7.526881720430385
6.199999999999985,317.0,-2,315.0,6.400000000000001,0.20000000000001616,0.20000000000001616,3.2258064516131717
6.199999999999985,317.0,-1,316.0,6.315789473684212,0.11578947368422732,0.11578947368422732,1.8675721561972194
6.199999999999985,317.0,0,317.0,6.233766233766235,0.033766233766249876,0.033766233766249876,0.5446166736491929
6.199999999999985,317.0,1,318.0,6.153846153846155,-0.04615384615383,0.04615384615383,0.7444168734488728
6.199999999999985,317.0,2,319.0,6.075949367088609,-0.12405063291137619,0.12405063291137619,2.000816659860911
6.199999999999985,317.0,5,322.0,5.8536585365853675,-0.3463414634146176,0.3463414634146176,5.586152635719651
6.249999999999986,317.0,-5,312.0,6.666666666666668,0.41666666666668206,0.41666666666668206,6.666666666666927
6.249999999999986,317.0,-2,315.0,6.400000000000001,0.15000000000001545,0.15000000000001545,2.4000000000002526
6.249999999999986,317.0,-1,316.0,6.315789473684212,0.06578947368422661,0.06578947368422661,1.0526315789476282
6.249999999999986,317.0,0,317.0,6.233766233766235,-0.016233766233750835,0.016233766233750835,0.2597402597400139
6.249999999999986,317.0,1,318.0,6.153846153846155,-0.09615384615383071,0.09615384615383071,1.538461538461295
6.249999999999986,317.0,2,319.0,6.075949367088609,-0.1740506329113769,0.1740506329113769,2.7848101265820366
6.249999999999986,317.0,5,322.0,5.8536585365853675,-0.3963414634146183,0.3963414634146183,6.341463414633908
6.299999999999985,316.0,-5,311.0,6.760563380281692,0.46056338028170707,0.46056338028170707,7.310529845741399
6.299999999999985,316.0,-2,314.0,6.486486486486488,0.186486486486503,0.186486486486503,2.9601029601032294
6.299999999999985,316.0,-1,315.0,6.400000000000001,0.10000000000001652,0.10000000000001652,1.5873015873018532
6.299999999999985,316.0,0,316.0,6.315789473684212,0.015789473684227673,0.015789473684227673,0.25062656641631287
6.299999999999985,316.0,1,317.0,6.233766233766235,-0.06623376623374977,0.06623376623374977,1.0513296227579354
6.299999999999985,316.0,2,318.0,6.153846153846155,-0.14615384615382965,0.14615384615382965,2.3199023199020634
6.299999999999985,316.0,5,321.0,5.925925925925927,-0.37407407407405735,0.37407407407405735,5.937683715461242
6.349999999999985,316.0,-5,311.0,6.760563380281692,0.41056338028170636,0.41056338028170636,6.465565043806413
6.349999999999985,316.0,-2,314.0,6.486486486486488,0.1364864864865023,0.1364864864865023,2.149393487976419
6.349999999999985,316.0,-1,315.0,6.400000000000001,0.05000000000001581,0.05000000000001581,0.7874015748034005
6.349999999999985,316.0,0,316.0,6.315789473684212,-0.03421052631577304,0.03421052631577304,0.5387484459176869
6.349999999999985,316.0,1,317.0,6.233766233766235,-0.11623376623375048,0.11623376623375048,1.8304530115551296
6.349999999999985,316.0,2,318.0,6.153846153846155,-0.19615384615383036,0.19615384615383036,3.089036947304422
6.349999999999985,316.0,5,321.0,5.925925925925927,-0.42407407407405806,0.42407407407405806,6.678331875182033
6.399999999999984,315.0,-5,310.0,6.8571428571428585,0.45714285714287417,0.45714285714287417,7.142857142857427
6.399999999999984,315.0,-2,313.0,6.575342465753426,0.1753424657534417,0.1753424657534417,2.7397260273975332
6.399999999999984,315.0,-1,314.0,6.486486486486488,0.08648648648650337,0.08648648648650337,1.3513513513516184
6.399999999999984,315.0,0,315.0,6.400000000000001,1.687538997430238e-14,1.687538997430238e-14,2.636779683484753e-13
6.399999999999984,315.0,1,316.0,6.315789473684212,-0.08421052631577197,0.08421052631577197,1.3157894736839404
6.399999999999984,315.0,2,317.0,6.233766233766235,-0.1662337662337494,0.1662337662337494,2.5974025974023407
6.399999999999984,315.0,5,320.0,6.000000000000002,-0.3999999999999826,0.3999999999999826,6.249999999999743
6.449999999999985,314.0,-5,309.0,6.956521739130436,0.5065217391304513,0.5065217391304513,7.853050219076782
6.449999999999985,314.0,-2,312.0,6.666666666666668,0.21666666666668277,0.21666666666668277,3.3591731266152447
6.449999999999985,314.0,-1,313.0,6.575342465753426,0.125342465753441,0.125342465753441,1.943294042689012
6.449999999999985,314.0,0,314.0,6.486486486486488,0.036486486486502656,0.036486486486502656,0.5656819610310502
6.449999999999985,314.0,1,315.0,6.400000000000001,-0.049999999999983835,0.049999999999983835,0.7751937984493635
6.449999999999985,314.0,2,316.0,6.315789473684212,-0.13421052631577268,0.13421052631577268,2.080783353732915
6.449999999999985,314.0,5,319.0,6.075949367088609,-0.3740506329113762,0.3740506329113762,5.79923461878104
6.499999999999984,314.0,-5,309.0,6.956521739130436,0.45652173913045235,0.45652173913045235,7.023411371237747
6.499999999999984,314.0,-2,312.0,6.666666666666668,0.16666666666668384,0.16666666666668384,2.5641025641028348
6.499999999999984,314.0,-1,313.0,6.575342465753426,0.07534246575344206,0.07534246575344206,1.1591148577452652
6.499999999999984,314.0,0,314.0,6.486486486486488,-0.013513513513496278,0.013513513513496278,0.20790020789994323
6.499999999999984,314.0,1,315.0,6.400000000000001,-0.09999999999998277,0.09999999999998277,1.5384615384612772
6.499999999999984,314.0,2,316.0,6.315789473684212,-0.18421052631577162,0.18421052631577162,2.834008097165724
6.499999999999984,314.0,5,319.0,6.075949367088609,-0.4240506329113751,0.4240506329113751,6.523855890944248
6.549999999999985,313.0,-5,308.0,7.058823529411766,0.5088235294117815,0.5088235294117815,7.768298158958515
6.549999999999985,313.0,-2,311.0,6.760563380281692,0.21056338028170707,0.21056338028170707,3.2147080959039323
6.549999999999985,313.0,-1,312.0,6.666666666666668,0.11666666666668313,0.11666666666668313,1.781170483460815
6.549999999999985,313.0,0,313.0,6.575342465753426,0.025342465753441346,0.025342465753441346,0.38690787409834204
6.549999999999985,313.0,1,314.0,6.486486486486488,-0.06351351351349699,0.06351351351349699,0.9696719620381242
6.549999999999985,313.0,2,315.0,6.400000000000001,-0.14999999999998348,0.14999999999998348,2.2900763358776155
6.549999999999985,313.0,5,318.0,6.153846153846155,-0.39615384615382965,0.39615384615382965,6.048150322959246
6.599999999999984,313.0,-5,308.0,7.058823529411766,0.4588235294117826,0.4588235294117826,6.9518716577543
6.599999999999984,313.0,-2,311.0,6.760563380281692,0.16056338028170813,0.16056338028170813,2.432778489116796
6.599999999999984,313.0,-1,312.0,6.666666666666668,0.0666666666666842,0.0666666666666842,1.0101010101012782
6.599999999999984,313.0,0,313.0,6.575342465753426,-0.02465753424655759,0.02465753424655759,0.37359900373572197
6.599999999999984,313.0,1,314.0,6.486486486486488,-0.11351351351349592,0.11351351351349592,1.7199017199014577
6.599999999999984,313.0,2,315.0,6.400000000000001,-0.19999999999998241,0.19999999999998241,3.0303030303027714
6.599999999999984,313.0,5,318.0,6.153846153846155,-0.4461538461538286,0.4461538461538286,6.75990675990651
6.649999999999984,312.0,-5,307.0,7.164179104477614,0.5141791044776296,0.5141791044776296,7.732016608686178
6.649999999999984,312.0,-2,310.0,6.8571428571428585,0.20714285714287417,0.20714285714287417,3.1149301825996187
6.649999999999984,312.0,-1,311.0,6.760563380281692,0.11056338028170742,0.11056338028170742,1.6626072222813186
6.649999999999984,312.0,0,312.0,6.666666666666668,0.016666666666683483,0.016666666666683483,0.25062656641629355
6.649999999999984,312.0,1,313.0,6.575342465753426,-0.0746575342465583,0.0746575342465583,1.1226696879181726
6.649999999999984,312.0,2,314.0,6.486486486486488,-0.16351351351349663,0.16351351351349663,2.458849827270632
6.649999999999984,312.0,5,317.0,6.233766233766235,-0.4162337662337494,0.4162337662337494,6.259154379454893
6.699999999999983,312.0,-5,307.0,7.164179104477614,0.46417910447763067,0.46417910447763067,6.928046335487043
6.699999999999983,312.0,-2,310.0,6.8571428571428585,0.15714285714287524,0.15714285714287524,2.345415778251875
6.699999999999983,312.0,-1,311.0,6.760563380281692,0.06056338028170849,0.06056338028170849,0.903931048980726
6.699999999999983,312.0,0,312.0,6.666666666666668,-0.03333333333331545,0.03333333333331545,0.4975124378106796
6.699999999999983,312.0,1,313.0,6.575342465753426,-0.12465753424655723,0.12465753424655723,1.8605602126351872
6.699999999999983,312.0,2,314.0,6.486486486486488,-0.21351351351349557,0.21351351351349557,3.1867688584103897
6.699999999999983,312.0,5,317.0,6.233766233766235,-0.46623376623374835,0.46623376623374835,6.958712928861933
6.749999999999984,311.0,-5,306.0,7.272727272727274,0.5227272727272902,0.5227272727272902,7.744107744108023
6.749999999999984,311.0,-2,309.0,6.956521739130436,0.20652173913045235,0.20652173913045235,3.0595813204511533
6.749999999999984,311.0,-1,310.0,6.8571428571428585,0.10714285714287453,0.10714285714287453,1.5873015873018486
6.749999999999984,311.0,0,311.0,6.760563380281692,0.01056338028170778,0.01056338028170778,0.15649452269196748
6.749999999999984,311.0,1,312.0,6.666666666666668,-0.08333333333331616,0.08333333333331616,1.2345679012343165
6.749999999999984,311.0,2,313.0,6.575342465753426,-0.17465753424655794,0.17465753424655794,2.5875190258749385
6.749999999999984,311.0,5,316.0,6.315789473684212,-0.4342105263157716,0.4342105263157716,6.432748538011447
6.799999999999983,311.0,-5,306.0,7.272727272727274,0.4727272727272913,0.4727272727272913,6.951871657754302
6.799999999999983,311.0,-2,309.0,6.956521739130436,0.15652173913045342,0.15652173913045342,2.301790281330203
6.799999999999983,311.0,-1,310.0,6.8571428571428585,0.05714285714287559,0.05714285714287559,0.8403361344540549
6.799999999999983,311.0,0,311.0,6.760563380281692,-0.039436619718291155,0.039436619718291155,0.5799502899748714
6.799999999999983,311.0,1,312.0,6.666666666666668,-0.1333333333333151,0.1333333333333151,1.9607843137252268
6.799999999999983,311.0,2,313.0,6.575342465753426,-0.22465753424655688,0.22465753424655688,3.3037872683317273
6.799999999999983,311.0,5,316.0,6.315789473684212,-0.48421052631577055,0.48421052631577055,7.120743034055467
6.849999999999984,310.0,-5,305.0,7.384615384615387,0.5346153846154031,0.5346153846154031,7.804604154969407
6.849999999999984,310.0,-2,308.0,7.058823529411766,0.20882352941178262,0.20882352941178262,3.048518677544279
6.849999999999984,310.0,-1,309.0,6.956521739130436,0.10652173913045271,0.10652173913045271,1.5550618851161018
6.849999999999984,310.0,0,310.0,6.8571428571428585,0.007142857142874881,0.007142857142874881,0.10427528675729777
6.849999999999984,310.0,1,311.0,6.760563380281692,-0.08943661971829187,0.08943661971829187,1.3056440834787166
6.849999999999984,310.0,2,312.0,6.666666666666668,-0.1833333333333158,0.1833333333333158,2.6763990267637405
6.849999999999984,310.0,5,315.0,6.400000000000001,-0.4499999999999824,0.4499999999999824,6.5693430656931895
6.899999999999983,310.0,-5,305.0,7.384615384615387,0.4846153846154042,0.4846153846154042,7.02341137123776
6.899999999999983,310.0,-2,308.0,7.058823529411766,0.15882352941178368,0.15882352941178368,2.301790281330204
6.899999999999983,310.0,-1,309.0,6.956521739130436,0.056521739130453774,0.056521739130453774,0.8191556395717959
6.899999999999983,310.0,0,310.0,6.8571428571428585,-0.04285714285712405,0.04285714285712405,0.6211180124220893
6.899999999999983,310.0,1,311.0,6.760563380281692,-0.1394366197182908,0.1394366197182908,2.020820575627408
6.899999999999983,310.0,2,312.0,6.666666666666668,-0.23333333333331474,0.23333333333331474,3.3816425120770335
6.899999999999983,310.0,5,315.0,6.400000000000001,-0.49999999999998135,0.49999999999998135,7.246376811593951
6.949999999999983,309.0,-5,304.0,7.500000000000002,0.5500000000000185,0.5500000000000185,7.913669064748487
6.949999999999983,309.0,-2,307.0,7.164179104477614,0.21417910447763067,0.21417910447763067,3.081713733491096
6.949999999999983,309.0,-1,308.0,7.058823529411766,0.10882352941178297,0.10882352941178297,1.565806178586809
6.949999999999983,309.0,0,309.0,6.956521739130436,0.006521739130453064,0.006521739130453064,0.09383797310004431
6.949999999999983,309.0,1,310.0,6.8571428571428585,-0.09285714285712476,0.09285714285712476,1.3360739979442444
6.949999999999983,309.0,2,311.0,6.760563380281692,-0.1894366197182915,0.1894366197182915,2.725706758536575
6.949999999999983,309.0,5,314.0,6.486486486486488,-0.46351351351349557,0.46351351351349557,6.669259187244557
6.999999999999982,309.0,-5,304.0,7.500000000000002,0.5000000000000195,0.5000000000000195,7.142857142857439
6.999999999999982,309.0,-2,307.0,7.164179104477614,0.16417910447763173,0.16417910447763173,2.345415778251888
6.999999999999982,309.0,-1,308.0,7.058823529411766,0.05882352941178404,0.05882352941178404,0.8403361344540597
6.999999999999982,309.0,0,309.0,6.956521739130436,-0.04347826086954587,0.04347826086954587,0.6211180124220854
6.999999999999982,309.0,1,310.0,6.8571428571428585,-0.1428571428571237,0.1428571428571237,2.0408163265303436
6.999999999999982,309.0,2,311.0,6.760563380281692,-0.23943661971829044,0.23943661971829044,3.4205231388327295
6.999999999999982,309.0,5,314.0,6.486486486486488,-0.5135135135134945,0.5135135135134945,7.335907335907082
7.049999999999983,308.0,-5,303.0,7.619047619047621,0.5690476190476383,0.5690476190476383,8.071597433299853
7.049999999999983,308.0,-2,306.0,7.272727272727274,0.22272727272729131,0.22272727272729131,3.1592520954225796
7.049999999999983,308.0,-1,307.0,7.164179104477614,0.11417910447763102,0.11417910447763102,1.6195617656401602
7.049999999999983,308.0,0,308.0,7.058823529411766,0.008823529411783326,0.008823529411783326,0.1251564455572106
7.049999999999983,308.0,1,309.0,6.956521739130436,-0.09347826086954658,0.09347826086954658,1.325932778291444
7.049999999999983,308.0,2,310.0,6.8571428571428585,-0.1928571428571244,0.1928571428571244,2.73556231003014
7.049999999999983,308.0,5,313.0,6.575342465753426,-0.4746575342465569,0.4746575342465569,6.732730982220682
7.099999999999982,308.0,-5,303.0,7.619047619047621,0.5190476190476394,0.5190476190476394,7.310529845741419
7.099999999999982,308.0,-2,306.0,7.272727272727274,0.17272727272729238,0.17272727272729238,2.4327784891168003
7.099999999999982,308.0,-1,307.0,7.164179104477614,0.06417910447763209,0.06417910447763209,0.903931048980736
7.099999999999982,308.0,0,308.0,7.058823529411766,-0.04117647058821561,0.04117647058821561,0.5799502899748692
7.099999999999982,308.0,1,309.0,6.956521739130436,-0.14347826086954552,0.14347826086954552,2.0208205756274067
7.099999999999982,308.0,2,310.0,6.8571428571428585,-0.24285714285712334,0.24285714285712334,3.4205231388327317
7.099999999999982,308.0,5,313.0,6.575342465753426,-0.5246575342465558,0.5246575342465558,7.3895427358670025
7.149999999999983,307.0,-5,302.0,7.74193548387097,0.5919354838709872,0.5919354838709872,8.278817956237603
7.149999999999983,307.0,-2,305.0,7.384615384615387,0.2346153846154042,0.2346153846154042,3.2813340505651016
7.149999999999983,307.0,-1,306.0,7.272727272727274,0.12272727272729167,0.12272727272729167,1.7164653528292582
7.149999999999983,307.0,0,307.0,7.164179104477614,0.014179104477631377,0.014179104477631377,0.19830915353330644
7.149999999999983,307.0,1,308.0,7.058823529411766,-0.09117647058821632,0.09117647058821632,1.2751953928421893
7.149999999999983,307.0,2,309.0,6.956521739130436,-0.19347826086954623,0.19347826086954623,2.7059896625111426
7.149999999999983,307.0,5,312.0,6.666666666666668,-0.48333333333331474,0.48333333333331474,6.7599067599065155
7.1999999999999815,307.0,-5,302.0,7.74193548387097,0.5419354838709882,0.5419354838709882,7.526881720430412
7.1999999999999815,307.0,-2,305.0,7.384615384615387,0.18461538461540528,0.18461538461540528,2.5641025641028574
7.1999999999999815,307.0,-1,306.0,7.272727272727274,0.07272727272729274,0.07272727272729274,1.0101010101012906
7.1999999999999815,307.0,0,307.0,7.164179104477614,-0.03582089552236756,0.03582089552236756,0.4975124378106618
7.1999999999999815,307.0,1,308.0,7.058823529411766,-0.14117647058821525,0.14117647058821525,1.9607843137252168
7.1999999999999815,307.0,2,309.0,6.956521739130436,-0.24347826086954516,0.24347826086954516,3.3816425120770246
7.1999999999999815,307.0,5,312.0,6.666666666666668,-0.5333333333333137,0.5333333333333137,7.407407407407153
7.249999999999982,306.0,-5,301.0,7.868852459016395,0.6188524590164128,0.6188524590164128,8.535895986433301
7.249999999999982,306.0,-2,304.0,7.500000000000002,0.25000000000001954,0.25000000000001954,3.4482758620692437
7.249999999999982,306.0,-1,305.0,7.384615384615387,0.13461538461540457,0.13461538461540457,1.8567639257297226
7.249999999999982,306.0,0,306.0,7.272727272727274,0.022727272727292025,0.022727272727292025,0.3134796238247184
7.249999999999982,306.0,1,307.0,7.164179104477614,-0.08582089552236827,0.08582089552236827,1.183736489963703
7.249999999999982,306.0,2,308.0,7.058823529411766,-0.19117647058821596,0.19117647058821596,2.636916835699537
7.249999999999982,306.0,5,311.0,6.760563380281692,-0.48943661971829044,0.48943661971829044,6.75084992714885
7.299999999999981,306.0,-5,301.0,7.868852459016395,0.5688524590164139,0.5688524590164139,7.792499438581032
7.299999999999981,306.0,-2,304.0,7.500000000000002,0.2000000000000206,0.2000000000000206,2.7397260273975497
7.299999999999981,306.0,-1,305.0,7.384615384615387,0.08461538461540563,0.08461538461540563,1.1591148577452854
7.299999999999981,306.0,0,306.0,7.272727272727274,-0.02727272727270691,0.02727272727270691,0.3735990037357121
7.299999999999981,306.0,1,307.0,7.164179104477614,-0.1358208955223672,0.1358208955223672,1.860560212635172
7.299999999999981,306.0,2,308.0,7.058823529411766,-0.2411764705882149,0.2411764705882149,3.3037872683317198
7.299999999999981,306.0,5,311.0,6.760563380281692,-0.5394366197182894,0.5394366197182894,7.389542735866997
7.349999999999982,305.0,-5,300.0,8.000000000000002,0.6500000000000199,0.6500000000000199,8.84353741496628
7.349999999999982,305.0,-2,303.0,7.619047619047621,0.2690476190476394,0.2690476190476394,3.660511823777416
7.349999999999982,305.0,-1,304.0,7.500000000000002,0.1500000000000199,0.1500000000000199,2.040816326530888
7.349999999999982,305.0,0,305.0,7.384615384615387,0.03461538461540492,0.03461538461540492,0.4709576138150341
7.349999999999982,305.0,1,306.0,7.272727272727274,-0.07727272727270762,0.07727272727270762,1.0513296227579294
7.349999999999982,305.0,2,307.0,7.164179104477614,-0.1858208955223679,0.1858208955223679,2.5281754492839235
7.349999999999982,305.0,5,310.0,6.8571428571428585,-0.49285714285712334,0.49285714285712334,6.705539358600335
7.399999999999981,305.0,-5,300.0,8.000000000000002,0.600000000000021,0.600000000000021,8.108108108108413
7.399999999999981,305.0,-2,303.0,7.619047619047621,0.21904761904764047,0.21904761904764047,2.9601029601032574
7.399999999999981,305.0,-1,304.0,7.500000000000002,0.10000000000002096,0.10000000000002096,1.3513513513516382
7.399999999999981,305.0,0,305.0,7.384615384615387,-0.015384615384594014,0.015384615384594014,0.20790020789991964
7.399999999999981,305.0,1,306.0,7.272727272727274,-0.12727272727270655,0.12727272727270655,1.7199017199014444
7.399999999999981,305.0,2,307.0,7.164179104477614,-0.23582089552236685,0.23582089552236685,3.1867688584103706
7.399999999999981,305.0,5,310.0,6.8571428571428585,-0.5428571428571223,0.5428571428571223,7.335907335907077
7.4499999999999815,304.0,-5,299.0,8.135593220338984,0.6855932203390029,0.6855932203390029,9.202593561597377
7.4499999999999815,304.0,-2,302.0,7.74193548387097,0.2919354838709882,0.2919354838709882,3.918597098939449
7.4499999999999815,304.0,-1,303.0,7.619047619047621,0.16904761904763976,0.16904761904763976,2.2690955576864456
7.4499999999999815,304.0,0,304.0,7.500000000000002,0.05000000000002025,0.05000000000002025,0.6711409395975889
7.4499999999999815,304.0,1,305.0,7.384615384615387,-0.06538461538459472,0.06538461538459472,0.877645844088522
7.4499999999999815,304.0,2,306.0,7.272727272727274,-0.17727272727270726,0.17727272727270726,2.379499694935674
7.4499999999999815,304.0,5,309.0,6.956521739130436,-0.49347826086954516,0.49347826086954516,6.62386927341673
7.4999999999999805,304.0,-5,299.0,8.135593220338984,0.635593220339004,0.635593220339004,8.474576271186743
7.4999999999999805,304.0,-2,302.0,7.74193548387097,0.2419354838709893,0.2419354838709893,3.225806451613199
7.4999999999999805,304.0,-1,303.0,7.619047619047621,0.11904761904764083,0.11904761904764083,1.5873015873018819
7.4999999999999805,304.0,0,304.0,7.500000000000002,2.1316282072803006e-14,2.1316282072803006e-14,2.842170943040408e-13
7.4999999999999805,304.0,1,305.0,7.384615384615387,-0.11538461538459366,0.11538461538459366,1.5384615384612528
7.4999999999999805,304.0,2,306.0,7.272727272727274,-0.2272727272727062,0.2272727272727062,3.030303030302757
7.4999999999999805,304.0,5,309.0,6.956521739130436,-0.5434782608695441,0.5434782608695441,7.246376811593939
7.549999999999981,304.0,-5,299.0,8.135593220338984,0.5855932203390033,0.5855932203390033,7.756201593894104
7.549999999999981,304.0,-2,302.0,7.74193548387097,0.19193548387098858,0.19193548387098858,2.5421918393508482
7.549999999999981,304.0,-1,303.0,7.619047619047621,0.06904761904764012,0.06904761904764012,0.9145380006309971
7.549999999999981,304.0,0,304.0,7.500000000000002,-0.049999999999979394,0.049999999999979394,0.6622516556288678
7.549999999999981,304.0,1,305.0,7.384615384615387,-0.16538461538459437,0.16538461538459437,2.1905247070807254
7.549999999999981,304.0,2,306.0,7.272727272727274,-0.2772727272727069,0.2772727272727069,3.6724864539431468
7.549999999999981,304.0,5,309.0,6.956521739130436,-0.5934782608695448,0.5934782608695448,7.860639216815183
7.59999999999998,303.0,-5,298.0,8.27586206896552,0.6758620689655395,0.6758620689655395,8.892921960072911
7.59999999999998,303.0,-2,301.0,7.868852459016395,0.26885245901641497,0.26885245901641497,3.537532355479154
7.59999999999998,303.0,-1,302.0,7.74193548387097,0.14193548387098964,0.14193548387098964,1.8675721561972372
7.59999999999998,303.0,0,303.0,7.619047619047621,0.019047619047641184,0.019047619047641184,0.250626566416332
7.59999999999998,303.0,1,304.0,7.500000000000002,-0.09999999999997833,0.09999999999997833,1.3157894736839286
7.59999999999998,303.0,2,305.0,7.384615384615387,-0.2153846153845933,0.2153846153845933,2.8340080971657087
7.59999999999998,303.0,5,308.0,7.058823529411766,-0.5411764705882138,0.5411764705882138,7.120743034055464
7.649999999999981,303.0,-5,298.0,8.27586206896552,0.6258620689655388,0.6258620689655388,8.181203515889415
7.649999999999981,303.0,-2,301.0,7.868852459016395,0.21885245901641426,0.21885245901641426,2.8608164577309125
7.649999999999981,303.0,-1,302.0,7.74193548387097,0.09193548387098893,0.09193548387098893,1.2017710309933225
7.649999999999981,303.0,0,303.0,7.619047619047621,-0.030952380952359526,0.030952380952359526,0.404606286958949
7.649999999999981,303.0,1,304.0,7.500000000000002,-0.14999999999997904,0.14999999999997904,1.960784313725221
7.649999999999981,303.0,2,305.0,7.384615384615387,-0.265384615384594,0.265384615384594,3.4690799396679046
7.649999999999981,303.0,5,308.0,7.058823529411766,-0.5911764705882145,0.5911764705882145,7.727797001153151
7.69999999999998,302.0,-5,297.0,8.421052631578949,0.7210526315789689,0.7210526315789689,9.364319890635985
7.69999999999998,302.0,-2,300.0,8.000000000000002,0.300000000000022,0.300000000000022,3.8961038961041923
7.69999999999998,302.0,-1,301.0,7.868852459016395,0.16885245901641532,0.16885245901641532,2.19288907813527
7.69999999999998,302.0,0,302.0,7.74193548387097,0.04193548387099,0.04193548387099,0.5446166736492222
7.69999999999998,302.0,1,303.0,7.619047619047621,-0.08095238095235846,0.08095238095235846,1.0513296227579048
7.69999999999998,302.0,2,304.0,7.500000000000002,-0.19999999999997797,0.19999999999997797,2.5974025974023185
7.69999999999998,302.0,5,307.0,7.164179104477614,-0.5358208955223658,0.5358208955223658,6.958712928861911
7.7499999999999805,302.0,-5,297.0,8.421052631578949,0.6710526315789682,0.6710526315789682,8.658743633277032
7.7499999999999805,302.0,-2,300.0,8.000000000000002,0.2500000000000213,0.2500000000000213,3.2258064516131864
7.7499999999999805,302.0,-1,301.0,7.868852459016395,0.11885245901641461,0.11885245901641461,1.5335801163408376
7.7499999999999805,302.0,0,302.0,7.74193548387097,-0.008064516129010713,0.008064516129010713,0.10405827263239656
7.7499999999999805,302.0,1,303.0,7.619047619047621,-0.13095238095235917,0.13095238095235917,1.6897081413207677
7.7499999999999805,302.0,2,304.0,7.500000000000002,-0.24999999999997868,0.24999999999997868,3.225806451612636
7.7499999999999805,302.0,5,307.0,7.164179104477614,-0.5858208955223665,0.5858208955223665,7.5589792970628125
7.799999999999979,302.0,-5,297.0,8.421052631578949,0.6210526315789693,0.6210526315789693,7.962213225371421
7.799999999999979,302.0,-2,300.0,8.000000000000002,0.20000000000002238,0.20000000000002238,2.564102564102858
7.799999999999979,302.0,-1,301.0,7.868852459016395,0.06885245901641568,0.06885245901641568,0.882723833543793
7.799999999999979,302.0,0,302.0,7.74193548387097,-0.05806451612900965,0.05806451612900965,0.7444168734488436
7.799999999999979,302.0,1,303.0,7.619047619047621,-0.1809523809523581,0.1809523809523581,2.319902319902033
7.799999999999979,302.0,2,304.0,7.500000000000002,-0.2999999999999776,0.2999999999999776,3.8461538461535696
7.799999999999979,302.0,5,307.0,7.164179104477614,-0.6358208955223654,0.6358208955223654,8.151549942594452
7.84999999999998,301.0,-5,296.0,8.571428571428573,0.7214285714285928,0.7214285714285928,9.190172884440697
7.84999999999998,301.0,-2,299.0,8.135593220338984,0.28559322033900436,0.28559322033900436,3.6381301954013385
7.84999999999998,301.0,-1,300.0,8.000000000000002,0.15000000000002167,0.15000000000002167,1.910828025477988
7.84999999999998,301.0,0,301.0,7.868852459016395,0.01885245901641497,0.01885245901641497,0.24015871358490465
7.84999999999998,301.0,1,302.0,7.74193548387097,-0.10806451612901036,0.10806451612901036,1.376618039860008
7.84999999999998,301.0,2,303.0,7.619047619047621,-0.23095238095235882,0.23095238095235882,2.942068547163814
7.84999999999998,301.0,5,306.0,7.272727272727274,-0.5772727272727058,0.5772727272727058,7.353792704110922
7.899999999999979,301.0,-5,296.0,8.571428571428573,0.6714285714285939,0.6714285714285939,8.4990958408683
7.899999999999979,301.0,-2,299.0,8.135593220338984,0.23559322033900543,0.23559322033900543,2.982192662519064
7.899999999999979,301.0,-1,300.0,8.000000000000002,0.10000000000002274,0.10000000000002274,1.2658227848104178
7.899999999999979,301.0,0,301.0,7.868852459016395,-0.031147540983583966,0.031147540983583966,0.3942726706782791
7.899999999999979,301.0,1,302.0,7.74193548387097,-0.1580645161290093,0.1580645161290093,2.0008166598608823
7.899999999999979,301.0,2,303.0,7.619047619047621,-0.28095238095235775,0.28095238095235775,3.5563592525615
7.899999999999979,301.0,5,306.0,7.272727272727274,-0.6272727272727048,0.6272727272727048,7.940161104717804
7.94999999999998,300.0,-5,295.0,8.72727272727273,0.7772727272727504,0.7772727272727504,9.777015437393112
7.94999999999998,300.0,-2,298.0,8.27586206896552,0.3258620689655398,0.3258620689655398,4.0988939492520835
7.94999999999998,300.0,-1,299.0,8.135593220338984,0.18559322033900472,0.18559322033900472,2.3345059162139017
7.94999999999998,300.0,0,300.0,8.000000000000002,0.05000000000002203,0.05000000000002203,0.6289308176103415
7.94999999999998,300.0,1,301.0,7.868852459016395,-0.08114754098358468,0.08114754098358468,1.0207237859570426
7.94999999999998,300.0,2,302.0,7.74193548387097,-0.20806451612901,0.20806451612901,2.6171637248932145
7.94999999999998,300.0,5,305.0,7.384615384615387,-0.565384615384593,0.565384615384593,7.111756168359677
7.999999999999979,300.0,-5,295.0,8.72727272727273,0.7272727272727515,0.7272727272727515,9.090909090909417
7.999999999999979,300.0,-2,298.0,8.27586206896552,0.2758620689655409,0.2758620689655409,3.44827586206927
7.999999999999979,300.0,-1,299.0,8.135593220338984,0.13559322033900578,0.13559322033900578,1.6949152542375767
7.999999999999979,300.0,0,300.0,8.000000000000002,2.3092638912203256e-14,2.3092638912203256e-14,2.886579864025415e-13
7.999999999999979,300.0,1,301.0,7.868852459016395,-0.1311475409835836,0.1311475409835836,1.6393442622947996
7.999999999999979,300.0,2,302.0,7.74193548387097,-0.25806451612900894,0.25806451612900894,3.22580645161262
7.999999999999979,300.0,5,305.0,7.384615384615387,-0.6153846153845919,0.6153846153845919,7.692307692307419
8.04999999999998,300.0,-5,295.0,8.72727272727273,0.6772727272727508,0.6772727272727508,8.413325804630466
8.04999999999998,300.0,-2,298.0,8.27586206896552,0.22586206896554017,0.22586206896554017,2.8057399871495745
8.04999999999998,300.0,-1,299.0,8.135593220338984,0.08559322033900507,0.08559322033900507,1.0632698178758422
8.04999999999998,300.0,0,300.0,8.000000000000002,-0.04999999999997762,0.04999999999997762,0.6211180124220838
8.04999999999998,300.0,1,301.0,7.868852459016395,-0.18114754098358432,0.18114754098358432,2.2502800122184445
8.04999999999998,300.0,2,302.0,7.74193548387097,-0.30806451612900965,0.30806451612900965,3.826888399118142
8.04999999999998,300.0,5,305.0,7.384615384615387,-0.6653846153845926,0.6653846153845926,8.265647396081917
8.099999999999978,299.0,-5,294.0,8.888888888888891,0.7888888888889127,0.7888888888889127,9.739368998628578
8.099999999999978,299.0,-2,297.0,8.421052631578949,0.32105263157897035,0.32105263157897035,3.963612735542854
8.099999999999978,299.0,-1,298.0,8.27586206896552,0.17586206896554124,0.17586206896554124,2.171136653895577
8.099999999999978,299.0,0,299.0,8.135593220338984,0.03559322033900614,0.03559322033900614,0.4394224733210646
8.099999999999978,299.0,1,300.0,8.000000000000002,-0.09999999999997655,0.09999999999997655,1.2345679012342818
8.099999999999978,299.0,2,301.0,7.868852459016395,-0.23114754098358326,0.23114754098358326,2.853673345476344
8.099999999999978,299.0,5,304.0,7.500000000000002,-0.5999999999999766,0.5999999999999766,7.407407407407137
8.149999999999979,299.0,-5,294.0,8.888888888888891,0.738888888888912,0.738888888888912,9.066121336060293
8.149999999999979,299.0,-2,297.0,8.421052631578949,0.27105263157896964,0.27105263157896964,3.3257991604781636
8.149999999999979,299.0,-1,298.0,8.27586206896552,0.12586206896554053,0.12586206896554053,1.544319864607863
8.149999999999979,299.0,0,299.0,8.135593220338984,-0.014406779660994573,0.014406779660994573,0.17677030258889093
8.149999999999979,299.0,1,300.0,8.000000000000002,-0.14999999999997726,0.14999999999997726,1.8404907975457379
8.149999999999979,299.0,2,301.0,7.868852459016395,-0.28114754098358397,0.28114754098358397,3.4496630795531864
8.149999999999979,299.0,5,304.0,7.500000000000002,-0.6499999999999773,0.6499999999999773,7.975460122699128
8.199999999999978,299.0,-5,294.0,8.888888888888891,0.6888888888889131,0.6888888888889131,8.401084010840426
8.199999999999978,299.0,-2,297.0,8.421052631578949,0.2210526315789707,0.2210526315789707,2.695763799743552
8.199999999999978,299.0,-1,298.0,8.27586206896552,0.0758620689655416,0.0758620689655416,0.9251471825066073
8.199999999999978,299.0,0,299.0,8.135593220338984,-0.06440677966099351,0.06440677966099351,0.7854485324511424
8.199999999999978,299.0,1,300.0,8.000000000000002,-0.1999999999999762,0.1999999999999762,2.4390243902436186
8.199999999999978,299.0,2,301.0,7.868852459016395,-0.3311475409835829,0.3311475409835829,4.038384646141266
8.199999999999978,299.0,5,304.0,7.500000000000002,-0.6999999999999762,0.6999999999999762,8.53658536585339
8.249999999999979,298.0,-5,293.0,9.056603773584907,0.8066037735849285,0.8066037735849285,9.777015437393098
8.249999999999979,298.0,-2,296.0,8.571428571428573,0.32142857142859427,0.32142857142859427,3.8961038961041834
8.249999999999979,298.0,-1,297.0,8.421052631578949,0.17105263157897,0.17105263157897,2.0733652312602477
8.249999999999979,298.0,0,298.0,8.27586206896552,0.025862068965540885,0.025862068965540885,0.3134796238247388
8.249999999999979,298.0,1,299.0,8.135593220338984,-0.11440677966099422,0.11440677966099422,1.386748844375691
8.249999999999979,298.0,2,300.0,8.000000000000002,-0.2499999999999769,0.2499999999999769,3.0303030303027585
8.249999999999979,298.0,5,303.0,7.619047619047621,-0.6309523809523574,0.6309523809523574,7.647907647907381
8.299999999999978,298.0,-5,293.0,9.056603773584907,0.7566037735849296,0.7566037735849296,9.115708115481103
8.299999999999978,298.0,-2,296.0,8.571428571428573,0.27142857142859533,0.27142857142859533,3.2702237521517596
8.299999999999978,298.0,-1,297.0,8.421052631578949,0.12105263157897106,0.12105263157897106,1.4584654407104987
8.299999999999978,298.0,0,298.0,8.27586206896552,-0.02413793103445805,0.02413793103445805,0.29081844619829056
8.299999999999978,298.0,1,299.0,8.135593220338984,-0.16440677966099315,0.16440677966099315,1.9808045742288383
8.299999999999978,298.0,2,300.0,8.000000000000002,-0.29999999999997584,0.29999999999997584,3.61445783132502
8.299999999999978,298.0,5,303.0,7.619047619047621,-0.6809523809523563,0.6809523809523563,8.204245553642869
8.349999999999978,297.0,-5,292.0,9.230769230769234,0.8807692307692552,0.8807692307692552,10.548134500230628
8.349999999999978,297.0,-2,295.0,8.72727272727273,0.37727272727275185,0.37727272727275185,4.518236254763507
8.349999999999978,297.0,-1,296.0,8.571428571428573,0.22142857142859462,0.22142857142859462,2.6518391787855715
8.349999999999978,297.0,0,297.0,8.421052631578949,0.07105263157897035,0.07105263157897035,0.8509297195086292
8.349999999999978,297.0,1,298.0,8.27586206896552,-0.07413793103445876,0.07413793103445876,0.8878794135863347
8.349999999999978,297.0,2,299.0,8.135593220338984,-0.21440677966099386,0.21440677966099386,2.567745864203526
8.349999999999978,297.0,5,302.0,7.74193548387097,-0.6080645161290086,0.6080645161290086,7.282209774000122
8.399999999999977,297.0,-5,292.0,9.230769230769234,0.8307692307692562,0.8307692307692562,9.89010989011022
8.399999999999977,297.0,-2,295.0,8.72727272727273,0.3272727272727529,0.3272727272727529,3.896103896104212
8.399999999999977,297.0,-1,296.0,8.571428571428573,0.1714285714285957,0.1714285714285957,2.0408163265309067
8.399999999999977,297.0,0,297.0,8.421052631578949,0.021052631578971415,0.021052631578971415,0.2506265664163271
8.399999999999977,297.0,1,298.0,8.27586206896552,-0.1241379310344577,0.1241379310344577,1.4778325123149765
8.399999999999977,297.0,2,299.0,8.135593220338984,-0.2644067796609928,0.2644067796609928,3.1476997578689705
8.399999999999977,297.0,5,302.0,7.74193548387097,-0.6580645161290075,0.6580645161290075,7.834101382488205
8.449999999999978,297.0,-5,292.0,9.230769230769234,0.7807692307692555,0.7807692307692555,9.239872553482337
8.449999999999978,297.0,-2,295.0,8.72727272727273,0.2772727272727522,0.2772727272727522,3.2813340505651234
8.449999999999978,297.0,-1,296.0,8.571428571428573,0.12142857142859498,0.12142857142859498,1.4370245139478732
8.449999999999978,297.0,0,297.0,8.421052631578949,-0.028947368421029296,0.028947368421029296,0.34257240734946
8.449999999999978,297.0,1,298.0,8.27586206896552,-0.1741379310344584,0.1741379310344584,2.0608039175675605
8.449999999999978,297.0,2,299.0,8.135593220338984,-0.3144067796609935,0.3144067796609935,3.7207902918460865
8.449999999999978,297.0,5,302.0,7.74193548387097,-0.7080645161290082,0.7080645161290082,8.379461729337399
8.499999999999977,296.0,-5,291.0,9.411764705882355,0.9117647058823781,0.9117647058823781,10.726643598616242
8.499999999999977,296.0,-2,294.0,8.888888888888891,0.38888888888891415,0.38888888888891415,4.57516339869312
8.499999999999977,296.0,-1,295.0,8.72727272727273,0.22727272727275327,0.22727272727275327,2.6737967914441634
8.499999999999977,296.0,0,296.0,8.571428571428573,0.07142857142859604,0.07142857142859604,0.8403361344540734
8.499999999999977,296.0,1,297.0,8.421052631578949,-0.07894736842102823,0.07894736842102823,0.9287925696591582
8.499999999999977,296.0,2,298.0,8.27586206896552,-0.22413793103445734,0.22413793103445734,2.6369168356995054
8.499999999999977,296.0,5,301.0,7.868852459016395,-0.6311475409835818,0.6311475409835818,7.42526518804216
8.549999999999978,296.0,-5,291.0,9.411764705882355,0.8617647058823774,0.8617647058823774,10.079119367045376
8.549999999999978,296.0,-2,294.0,8.888888888888891,0.33888888888891344,0.33888888888891344,3.9636127355428576
8.549999999999978,296.0,-1,295.0,8.72727272727273,0.17727272727275256,0.17727272727275256,2.073365231260269
8.549999999999978,296.0,0,296.0,8.571428571428573,0.021428571428595333,0.021428571428595333,0.2506265664163203
8.549999999999978,296.0,1,297.0,8.421052631578949,-0.12894736842102894,0.12894736842102894,1.5081563558015119
8.549999999999978,296.0,2,298.0,8.27586206896552,-0.27413793103445805,0.27413793103445805,3.2062915910463015
8.549999999999978,296.0,5,301.0,7.868852459016395,-0.6811475409835825,0.6811475409835825,7.966637906240752
8.599999999999977,296.0,-5,291.0,9.411764705882355,0.8117647058823785,0.8117647058823785,9.439124487004428
8.599999999999977,296.0,-2,294.0,8.888888888888891,0.2888888888889145,0.2888888888889145,3.359173126615294
8.599999999999977,296.0,-1,295.0,8.72727272727273,0.12727272727275363,0.12727272727275363,1.479915433404116
8.599999999999977,296.0,0,296.0,8.571428571428573,-0.0285714285714036,0.0285714285714036,0.33222591362097303
8.599999999999977,296.0,1,297.0,8.421052631578949,-0.17894736842102787,0.17894736842102787,2.080783353732888
8.599999999999977,296.0,2,298.0,8.27586206896552,-0.324137931034457,0.324137931034457,3.7690457097029983
8.599999999999977,296.0,5,301.0,7.868852459016395,-0.7311475409835815,0.7311475409835815,8.501715592832367
8.649999999999977,295.0,-5,290.0,9.600000000000001,0.9500000000000242,0.9500000000000242,10.982658959537881
8.649999999999977,295.0,-2,293.0,9.056603773584907,0.40660377358492994,0.40660377358492994,4.700621659941398
8.649999999999977,295.0,-1,294.0,8.888888888888891,0.2388888888889138,0.2388888888889138,2.7617212588313804
8.649999999999977,295.0,0,295.0,8.72727272727273,0.07727272727275292,0.07727272727275292,0.8933263268526371
8.649999999999977,295.0,1,296.0,8.571428571428573,-0.07857142857140431,0.07857142857140431,0.9083402146983182
8.649999999999977,295.0,2,297.0,8.421052631578949,-0.22894736842102859,0.22894736842102859,2.64679038637028
8.649999999999977,295.0,5,300.0,8.000000000000002,-0.6499999999999755,0.6499999999999755,7.51445086705176
8.699999999999976,295.0,-5,290.0,9.600000000000001,0.9000000000000252,0.9000000000000252,10.344827586207215
8.699999999999976,295.0,-2,293.0,9.056603773584907,0.356603773584931,0.356603773584931,4.0988939492520915
8.699999999999976,295.0,-1,294.0,8.888888888888891,0.18888888888891486,0.18888888888891486,2.171136653895579
8.699999999999976,295.0,0,295.0,8.72727272727273,0.027272727272753983,0.027272727272753983,0.31347962382475925
8.699999999999976,295.0,1,296.0,8.571428571428573,-0.12857142857140325,0.12857142857140325,1.477832512314984
8.699999999999976,295.0,2,297.0,8.421052631578949,-0.2789473684210275,0.2789473684210275,3.2062915910463023
8.699999999999976,295.0,5,300.0,8.000000000000002,-0.6999999999999744,0.6999999999999744,8.045977011493981
8.749999999999977,295.0,-5,290.0,9.600000000000001,0.8500000000000245,0.8500000000000245,9.714285714286019
8.749999999999977,295.0,-2,293.0,9.056603773584907,0.3066037735849303,0.3066037735849303,3.504043126684927
8.749999999999977,295.0,-1,294.0,8.888888888888891,0.13888888888891415,0.13888888888891415,1.5873015873018803
8.749999999999977,295.0,0,295.0,8.72727272727273,-0.022727272727246728,0.022727272727246728,0.2597402597399633
8.749999999999977,295.0,1,296.0,8.571428571428573,-0.17857142857140396,0.17857142857140396,2.040816326530336
8.749999999999977,295.0,2,297.0,8.421052631578949,-0.32894736842102823,0.32894736842102823,3.759398496240333
8.749999999999977,295.0,5,300.0,8.000000000000002,-0.7499999999999751,0.7499999999999751,8.57142857142831
8.799999999999976,295.0,-5,290.0,9.600000000000001,0.8000000000000256,0.8000000000000256,9.090909090909406
8.799999999999976,295.0,-2,293.0,9.056603773584907,0.25660377358493136,0.25660377358493136,2.915951972556046
8.799999999999976,295.0,-1,294.0,8.888888888888891,0.08888888888891522,0.08888888888891522,1.010101010101312
8.799999999999976,295.0,0,295.0,8.72727272727273,-0.07272727272724566,0.07272727272724566,0.8264462809914302
8.799999999999976,295.0,1,296.0,8.571428571428573,-0.2285714285714029,0.2285714285714029,2.5974025974023127
8.799999999999976,295.0,2,297.0,8.421052631578949,-0.37894736842102716,0.37894736842102716,4.306220095693503
8.799999999999976,295.0,5,300.0,8.000000000000002,-0.7999999999999741,0.7999999999999741,9.09090909090882
8.849999999999977,294.0,-5,289.0,9.79591836734694,0.9459183673469642,0.9459183673469642,10.68834313386403
8.849999999999977,294.0,-2,292.0,9.230769230769234,0.38076923076925695,0.38076923076925695,4.302477183833423
8.849999999999977,294.0,-1,293.0,9.056603773584907,0.20660377358493065,0.20660377358493065,2.334505916213912
8.849999999999977,294.0,0,294.0,8.888888888888891,0.03888888888891451,0.03888888888891451,0.43942247332106904
8.849999999999977,294.0,1,295.0,8.72727272727273,-0.12272727272724637,0.12272727272724637,1.3867488443756688
8.849999999999977,294.0,2,296.0,8.571428571428573,-0.2785714285714036,0.2785714285714036,3.1476997578689754
8.849999999999977,294.0,5,299.0,8.135593220338984,-0.7144067796609921,0.7144067796609921,8.072392990519706
8.899999999999975,294.0,-5,289.0,9.79591836734694,0.8959183673469653,0.8959183673469653,10.066498509516492
8.899999999999975,294.0,-2,292.0,9.230769230769234,0.330769230769258,0.330769230769258,3.7165082108905496
8.899999999999975,294.0,-1,293.0,9.056603773584907,0.15660377358493172,0.15660377358493172,1.759592961628451
8.899999999999975,294.0,0,294.0,8.888888888888891,-0.011111111111084426,0.011111111111084426,0.12484394506836469
8.899999999999975,294.0,1,295.0,8.72727272727273,-0.1727272727272453,0.1727272727272453,1.9407558733398402
8.899999999999975,294.0,2,296.0,8.571428571428573,-0.32857142857140254,0.32857142857140254,3.691813804173073
8.899999999999975,294.0,5,299.0,8.135593220338984,-0.764406779660991,0.764406779660991,8.588840220910035
8.949999999999976,294.0,-5,289.0,9.79591836734694,0.8459183673469646,0.8459183673469646,9.451601869798512
8.949999999999976,294.0,-2,292.0,9.230769230769234,0.2807692307692573,0.2807692307692573,3.137086377310146
8.949999999999976,294.0,-1,293.0,9.056603773584907,0.106603773584931,0.106603773584931,1.1911036154740926
8.949999999999976,294.0,0,294.0,8.888888888888891,-0.06111111111108514,0.06111111111108514,0.6828057107383833
8.949999999999976,294.0,1,295.0,8.72727272727273,-0.22272727272724602,0.22272727272724602,2.4885728796340403
8.949999999999976,294.0,2,296.0,8.571428571428573,-0.37857142857140325,0.37857142857140325,4.229848363926305
8.949999999999976,294.0,5,299.0,8.135593220338984,-0.8144067796609917,0.8144067796609917,9.099517091184289
8.999999999999975,293.0,-5,288.0,10.000000000000002,1.0000000000000266,1.0000000000000266,11.111111111111438
8.999999999999975,293.0,-2,291.0,9.411764705882355,0.4117647058823799,0.4117647058823799,4.575163398693123
8.999999999999975,293.0,-1,292.0,9.230769230769234,0.23076923076925837,0.23076923076925837,2.564102564102878
8.999999999999975,293.0,0,293.0,9.056603773584907,0.05660377358493207,0.05660377358493207,0.6289308176103581
8.999999999999975,293.0,1,294.0,8.888888888888891,-0.11111111111108407,0.11111111111108407,1.234567901234271
8.999999999999975,293.0,2,295.0,8.72727272727273,-0.27272727272724495,0.27272727272724495,3.03030303030273
8.999999999999975,293.0,5,298.0,8.27586206896552,-0.7241379310344556,0.7241379310344556,8.045977011493973
9.049999999999976,293.0,-5,288.0,10.000000000000002,0.9500000000000259,0.9500000000000259,10.497237569061088
9.049999999999976,293.0,-2,291.0,9.411764705882355,0.3617647058823792,0.3617647058823792,3.9974000649986756
9.049999999999976,293.0,-1,292.0,9.230769230769234,0.18076923076925766,0.18076923076925766,1.9974500637487087
9.049999999999976,293.0,0,293.0,9.056603773584907,0.006603773584931361,0.006603773584931361,0.07296987386664507
9.049999999999976,293.0,1,294.0,8.888888888888891,-0.16111111111108478,0.16111111111108478,1.7802332719456928
9.049999999999976,293.0,2,295.0,8.72727272727273,-0.32272727272724566,0.32272727272724566,3.5660472124557625
9.049999999999976,293.0,5,298.0,8.27586206896552,-0.7741379310344563,0.7741379310344563,8.554010287673574
9.099999999999975,293.0,-5,288.0,10.000000000000002,0.900000000000027,0.900000000000027,9.890109890110214
9.099999999999975,293.0,-2,291.0,9.411764705882355,0.31176470588238026,0.31176470588238026,3.425985778927265
9.099999999999975,293.0,-1,292.0,9.230769230769234,0.13076923076925873,0.13076923076925873,1.437024513947902
9.099999999999975,293.0,0,293.0,9.056603773584907,-0.043396226415067574,0.043396226415067574,0.4768816089567879
9.099999999999975,293.0,1,294.0,8.888888888888891,-0.21111111111108372,0.21111111111108372,2.3199023199020252
9.099999999999975,293.0,2,295.0,8.72727272727273,-0.3727272727272446,0.3727272727272446,4.095904095903799
9.099999999999975,293.0,5,298.0,8.27586206896552,-0.8241379310344552,0.8241379310344552,9.056460780598433
9.149999999999975,292.0,-5,287.0,10.21276595744681,1.0627659574468353,1.0627659574468353,11.614928496686757
9.149999999999975,292.0,-2,290.0,9.600000000000001,0.45000000000002593,0.45000000000002593,4.918032786885543
9.149999999999975,292.0,-1,291.0,9.411764705882355,0.26176470588237954,0.26176470588237954,2.8608164577309316
9.149999999999975,292.0,0,292.0,9.230769230769234,0.08076923076925802,0.08076923076925802,0.8827238335438059
9.149999999999975,292.0,1,293.0,9.056603773584907,-0.09339622641506828,0.09339622641506828,1.020723785957033
9.149999999999975,292.0,2,294.0,8.888888888888891,-0.2611111111110844,0.2611111111110844,2.85367334547634
9.149999999999975,292.0,5,297.0,8.421052631578949,-0.7289473684210268,0.7289473684210268,7.966637906240752
9.199999999999974,292.0,-5,287.0,10.21276595744681,1.0127659574468364,1.0127659574468364,11.008325624422165
9.199999999999974,292.0,-2,290.0,9.600000000000001,0.400000000000027,0.400000000000027,4.347826086956828
9.199999999999974,292.0,-1,291.0,9.411764705882355,0.2117647058823806,0.2117647058823806,2.3017902813302302
9.199999999999974,292.0,0,292.0,9.230769230769234,0.03076923076925908,0.03076923076925908,0.33444816053542575
9.199999999999974,292.0,1,293.0,9.056603773584907,-0.14339622641506722,0.14339622641506722,1.558654634946387
9.199999999999974,292.0,2,294.0,8.888888888888891,-0.31111111111108336,0.31111111111108336,3.3816425120770024
9.199999999999974,292.0,5,297.0,8.421052631578949,-0.7789473684210257,0.7789473684210257,8.466819221967695
9.249999999999975,292.0,-5,287.0,10.21276595744681,0.9627659574468357,0.9627659574468357,10.4082806210469
9.249999999999975,292.0,-2,290.0,9.600000000000001,0.3500000000000263,0.3500000000000263,3.783783783784078
9.249999999999975,292.0,-1,291.0,9.411764705882355,0.1617647058823799,0.1617647058823799,1.7488076311608685
9.249999999999975,292.0,0,292.0,9.230769230769234,-0.01923076923074163,0.01923076923074163,0.20790020789991007
9.249999999999975,292.0,1,293.0,9.056603773584907,-0.19339622641506793,0.19339622641506793,2.090770015298037
9.249999999999975,292.0,2,294.0,8.888888888888891,-0.36111111111108407,0.36111111111108407,3.9039039039036223
9.249999999999975,292.0,5,297.0,8.421052631578949,-0.8289473684210265,0.8289473684210265,8.96159317211923
9.299999999999974,292.0,-5,287.0,10.21276595744681,0.9127659574468368,0.9127659574468368,9.814687714482142
9.299999999999974,292.0,-2,290.0,9.600000000000001,0.30000000000002736,0.30000000000002736,3.2258064516132063
9.299999999999974,292.0,-1,291.0,9.411764705882355,0.11176470588238097,0.11176470588238097,1.2017710309933471
9.299999999999974,292.0,0,292.0,9.230769230769234,-0.06923076923074056,0.06923076923074056,0.7444168734488253
9.299999999999974,292.0,1,293.0,9.056603773584907,-0.24339622641506686,0.24339622641506686,2.6171637248931994
9.299999999999974,292.0,2,294.0,8.888888888888891,-0.411111111111083,0.411111111111083,4.420549581839615
9.299999999999974,292.0,5,297.0,8.421052631578949,-0.8789473684210254,0.8789473684210254,9.451046972269117
9.349999999999975,291.0,-5,286.0,10.434782608695654,1.0847826086956793,1.0847826086956793,11.60195303417842
9.349999999999975,291.0,-2,289.0,9.79591836734694,0.445918367346966,0.445918367346966,4.769180399432804
9.349999999999975,291.0,-1,290.0,9.600000000000001,0.25000000000002665,0.25000000000002665,2.6737967914441425
9.349999999999975,291.0,0,291.0,9.411764705882355,0.061764705882380255,0.061764705882380255,0.6605850896511275
9.349999999999975,291.0,1,292.0,9.230769230769234,-0.11923076923074127,0.11923076923074127,1.2751953928421562
9.349999999999975,291.0,2,293.0,9.056603773584907,-0.2933962264150676,0.2933962264150676,3.1379275552413732
9.349999999999975,291.0,5,296.0,8.571428571428573,-0.7785714285714018,0.7785714285714018,8.3269671504963
9.399999999999974,291.0,-5,286.0,10.434782608695654,1.0347826086956804,1.0347826086956804,11.008325624422163
9.399999999999974,291.0,-2,289.0,9.79591836734694,0.39591836734696706,0.39591836734696706,4.211897524967746
9.399999999999974,291.0,-1,290.0,9.600000000000001,0.2000000000000277,0.2000000000000277,2.1276595744683857
9.399999999999974,291.0,0,291.0,9.411764705882355,0.011764705882381321,0.011764705882381321,0.12515644555724845
9.399999999999974,291.0,1,292.0,9.230769230769234,-0.1692307692307402,0.1692307692307402,1.800327332241922
9.399999999999974,291.0,2,293.0,9.056603773584907,-0.3433962264150665,0.3433962264150665,3.6531513448411435
9.399999999999974,291.0,5,296.0,8.571428571428573,-0.8285714285714008,0.8285714285714008,8.814589665653225
9.449999999999974,291.0,-5,286.0,10.434782608695654,0.9847826086956797,0.9847826086956797,10.420979986197697
9.449999999999974,291.0,-2,289.0,9.79591836734694,0.34591836734696635,0.34591836734696635,3.6605118237774312
9.449999999999974,291.0,-1,290.0,9.600000000000001,0.150000000000027,0.150000000000027,1.5873015873018772
9.449999999999974,291.0,0,291.0,9.411764705882355,-0.03823529411761939,0.03823529411761939,0.40460628695893647
9.449999999999974,291.0,1,292.0,9.230769230769234,-0.21923076923074092,0.21923076923074092,2.3199023199020266
9.449999999999974,291.0,2,293.0,9.056603773584907,-0.3933962264150672,0.3933962264150672,4.162923030847283
9.449999999999974,291.0,5,296.0,8.571428571428573,-0.8785714285714015,0.8785714285714015,9.29705215419475
9.499999999999973,291.0,-5,286.0,10.434782608695654,0.9347826086956808,0.9347826086956808,9.839816933638772
9.499999999999973,291.0,-2,289.0,9.79591836734694,0.2959183673469674,0.2959183673469674,3.114930182599666
9.499999999999973,291.0,-1,290.0,9.600000000000001,0.10000000000002807,0.10000000000002807,1.0526315789476668
9.499999999999973,291.0,0,291.0,9.411764705882355,-0.08823529411761832,0.08823529411761832,0.9287925696591429
9.499999999999973,291.0,1,292.0,9.230769230769234,-0.26923076923073985,0.26923076923073985,2.8340080971656905
9.499999999999973,291.0,2,293.0,9.056603773584907,-0.44339622641506615,0.44339622641506615,4.667328699105973
9.499999999999973,291.0,5,296.0,8.571428571428573,-0.9285714285714004,0.9285714285714004,9.774436090225294
9.549999999999974,290.0,-5,285.0,10.66666666666667,1.1166666666666956,1.1166666666666956,11.692844677138204
9.549999999999974,290.0,-2,288.0,10.000000000000002,0.4500000000000277,0.4500000000000277,4.712041884817056
9.549999999999974,290.0,-1,289.0,9.79591836734694,0.2459183673469667,0.2459183673469667,2.57506143818814
9.549999999999974,290.0,0,290.0,9.600000000000001,0.050000000000027356,0.050000000000027356,0.5235602094243716
9.549999999999974,290.0,1,291.0,9.411764705882355,-0.13823529411761903,0.13823529411761903,1.4474899907604126
9.549999999999974,290.0,2,292.0,9.230769230769234,-0.31923076923074056,0.31923076923074056,3.342730567861167
9.549999999999974,290.0,5,295.0,8.72727272727273,-0.8227272727272439,0.8227272727272439,8.614945264159646
9.599999999999973,290.0,-5,285.0,10.66666666666667,1.0666666666666966,1.0666666666666966,11.111111111111455
9.599999999999973,290.0,-2,288.0,10.000000000000002,0.4000000000000288,0.4000000000000288,4.166666666666978
9.599999999999973,290.0,-1,289.0,9.79591836734694,0.19591836734696777,0.19591836734696777,2.04081632653092
9.599999999999973,290.0,0,290.0,9.600000000000001,2.842170943040401e-14,2.842170943040401e-14,2.960594732333759e-13
9.599999999999973,290.0,1,291.0,9.411764705882355,-0.18823529411761797,0.18823529411761797,1.9607843137251928
9.599999999999973,290.0,2,292.0,9.230769230769234,-0.3692307692307395,0.3692307692307395,3.8461538461535474
9.599999999999973,290.0,5,295.0,8.72727272727273,-0.8727272727272428,0.8727272727272428,9.090909090908806
9.649999999999974,290.0,-5,285.0,10.66666666666667,1.016666666666696,1.016666666666696,10.535405872193769
9.649999999999974,290.0,-2,288.0,10.000000000000002,0.35000000000002807,0.35000000000002807,3.626943005181648
9.649999999999974,290.0,-1,289.0,9.79591836734694,0.14591836734696706,0.14591836734696706,1.512107433647331
9.649999999999974,290.0,0,290.0,9.600000000000001,-0.04999999999997229,0.04999999999997229,0.5181347150256209
9.649999999999974,290.0,1,291.0,9.411764705882355,-0.23823529411761868,0.23823529411761868,2.4687595245349154
9.649999999999974,290.0,2,292.0,9.230769230769234,-0.4192307692307402,0.4192307692307402,4.344360302909236
9.649999999999974,290.0,5,295.0,8.72727272727273,-0.9227272727272435,0.9227272727272435,9.561940650023274
9.699999999999973,289.0,-5,284.0,10.909090909090912,1.2090909090909392,1.2090909090909392,12.464854732896317
9.699999999999973,289.0,-2,287.0,10.21276595744681,0.5127659574468382,0.5127659574468382,5.286246983988038
9.699999999999973,289.0,-1,288.0,10.000000000000002,0.30000000000002913,0.30000000000002913,3.092783505154948
9.699999999999973,289.0,0,289.0,9.79591836734694,0.09591836734696813,0.09591836734696813,0.9888491479068907
9.699999999999973,289.0,1,290.0,9.600000000000001,-0.09999999999997122,0.09999999999997122,1.0309278350512527
9.699999999999973,289.0,2,291.0,9.411764705882355,-0.2882352941176176,0.2882352941176176,2.971497877501221
9.699999999999973,289.0,5,294.0,8.888888888888891,-0.8111111111110816,0.8111111111110816,8.36197021764004
9.749999999999973,289.0,-5,284.0,10.909090909090912,1.1590909090909385,1.1590909090909385,11.888111888112222
9.749999999999973,289.0,-2,287.0,10.21276595744681,0.46276595744683746,0.46276595744683746,4.74631751227527
9.749999999999973,289.0,-1,288.0,10.000000000000002,0.2500000000000284,0.2500000000000284,2.5641025641028627
9.749999999999973,289.0,0,289.0,9.79591836734694,0.045918367346967415,0.045918367346967415,0.4709576138150517
9.749999999999973,289.0,1,290.0,9.600000000000001,-0.14999999999997193,0.14999999999997193,1.5384615384612548
9.749999999999973,289.0,2,291.0,9.411764705882355,-0.3382352941176183,0.3382352941176183,3.46907993966789
9.749999999999973,289.0,5,294.0,8.888888888888891,-0.8611111111110823,0.8611111111110823,8.83190883190856
9.799999999999972,289.0,-5,284.0,10.909090909090912,1.1090909090909395,1.1090909090909395,11.317254174397375
9.799999999999972,289.0,-2,287.0,10.21276595744681,0.4127659574468385,0.4127659574468385,4.2118975249677515
9.799999999999972,289.0,-1,288.0,10.000000000000002,0.2000000000000295,0.2000000000000295,2.0408163265309187
9.799999999999972,289.0,0,289.0,9.79591836734694,-0.0040816326530315195,0.0040816326530315195,0.04164931278603603
9.799999999999972,289.0,1,290.0,9.600000000000001,-0.19999999999997087,0.19999999999997087,2.0408163265303205
9.799999999999972,289.0,2,291.0,9.411764705882355,-0.38823529411761726,0.38823529411761726,3.9615846338532483
9.799999999999972,289.0,5,294.0,8.888888888888891,-0.9111111111110812,0.9111111111110812,9.297052154194732
9.849999999999973,289.0,-5,284.0,10.909090909090912,1.0590909090909388,1.0590909090909388,10.752191970466415
9.849999999999973,289.0,-2,287.0,10.21276595744681,0.3627659574468378,0.3627659574468378,3.6829031212877035
9.849999999999973,289.0,-1,288.0,10.000000000000002,0.15000000000002878,0.15000000000002878,1.522842639594205
9.849999999999973,289.0,0,289.0,9.79591836734694,-0.05408163265303223,0.05408163265303223,0.549052108152613
9.849999999999973,289.0,1,290.0,9.600000000000001,-0.24999999999997158,0.24999999999997158,2.5380710659895658
9.849999999999973,289.0,2,291.0,9.411764705882355,-0.43823529411761797,0.43823529411761797,4.44908928038192
9.849999999999973,289.0,5,294.0,8.888888888888891,-0.9611111111110819,0.9611111111110819,9.75747320924959
9.899999999999972,288.0,-5,283.0,11.16279069767442,1.2627906976744487,1.2627906976744487,12.755461592671235
9.899999999999972,288.0,-2,286.0,10.434782608695654,0.5347826086956822,0.5347826086956822,5.401844532279633
9.899999999999972,288.0,-1,287.0,10.21276595744681,0.3127659574468389,0.3127659574468389,3.159252095422624
9.899999999999972,288.0,0,288.0,10.000000000000002,0.10000000000002984,0.10000000000002984,1.0101010101013144
9.899999999999972,288.0,1,289.0,9.79591836734694,-0.10408163265303116,0.10408163265303116,1.0513296227578934
9.899999999999972,288.0,2,290.0,9.600000000000001,-0.2999999999999705,0.2999999999999705,3.030303030302741
9.899999999999972,288.0,5,293.0,9.056603773584907,-0.8433962264150647,0.8433962264150647,8.519153802172395
9.949999999999973,288.0,-5,283.0,11.16279069767442,1.212790697674448,1.212790697674448,12.188851232909059
9.949999999999973,288.0,-2,286.0,10.434782608695654,0.48478260869568146,0.48478260869568146,4.8721870220671635
9.949999999999973,288.0,-1,287.0,10.21276595744681,0.26276595744683817,0.26276595744683817,2.6408638939380795
9.949999999999973,288.0,0,288.0,10.000000000000002,0.05000000000002913,0.05000000000002913,0.5025125628143645
9.949999999999973,288.0,1,289.0,9.79591836734694,-0.15408163265303187,0.15408163265303187,1.548559122141028
9.949999999999973,288.0,2,290.0,9.600000000000001,-0.3499999999999712,0.3499999999999712,3.517587939698213
9.949999999999973,288.0,5,293.0,9.056603773584907,-0.8933962264150654,0.8933962264150654,8.978856546885105
9.999999999999972,288.0,-5,283.0,11.16279069767442,1.162790697674449,1.162790697674449,11.627906976744525
9.999999999999972,288.0,-2,286.0,10.434782608695654,0.4347826086956825,0.4347826086956825,4.347826086956838
9.999999999999972,288.0,-1,287.0,10.21276595744681,0.21276595744683924,0.21276595744683924,2.127659574468398
9.999999999999972,288.0,0,288.0,10.000000000000002,3.019806626980426e-14,3.019806626980426e-14,3.0198066269804344e-13
9.999999999999972,288.0,1,289.0,9.79591836734694,-0.2040816326530308,0.2040816326530308,2.040816326530314
9.999999999999972,288.0,2,290.0,9.600000000000001,-0.39999999999997016,0.39999999999997016,3.9999999999997127
9.999999999999972,288.0,5,293.0,9.056603773584907,-0.9433962264150644,0.9433962264150644,9.43396226415067
