episode,step,latency_ms,fps,detections,avg_confidence
1,0,46.16928600080428,21.659420940202104,1,0.32080078125
1,1,4.488370002945885,222.79803121036426,0,0.0
1,2,5.864301998371957,170.5232780094919,3,0.3857421875
1,3,5.685578998964047,175.88358198561784,4,0.3382568359375
1,4,4.904741999780526,203.88432256880122,3,0.3816731770833333
1,5,4.613245000655297,216.7671562767538,3,0.444091796875
1,6,5.4036260007706005,185.06092017793088,4,0.29608154296875
1,7,4.469472998607671,223.7400249003674,2,0.38427734375
1,8,4.1692919985507615,239.84887610356824,0,0.0
1,9,4.620683997927699,216.4181754148268,1,0.43408203125
1,10,4.253484999935608,235.10133455628468,1,0.4130859375
1,11,3.6617099976865575,273.0964496456008,0,0.0
1,12,3.6989639993407764,270.3459671892504,0,0.0
1,13,4.2962190018442925,232.76280831370963,1,0.66552734375
1,14,4.226572000334272,236.59835912434752,1,0.62451171875
1,15,3.635217999544693,275.08666608859465,0,0.0
1,16,3.612315998907434,276.83070924649337,0,0.0
1,17,3.666347998660058,272.750977366434,0,0.0
1,18,3.6604800006898586,273.1882157016399,0,0.0
1,19,3.696470997965662,270.5282959207163,0,0.0
1,20,3.6415260001376737,274.61014969059494,0,0.0
1,21,3.66033800310106,273.198813648574,0,0.0
1,22,3.69680899893865,270.5035613922978,0,0.0
1,23,3.674342002341291,272.1575725293944,0,0.0
1,24,3.6193450032442342,276.2930859323001,0,0.0
1,25,3.6597600010281894,273.24196114473506,0,0.0
1,26,3.6570970005413983,273.44092865241464,0,0.0
1,27,4.253505998349283,235.10017392430711,1,0.29248046875
1,28,4.329485000198474,230.97435375204154,1,0.26123046875
1,29,4.658563000702998,214.65846868424782,2,0.390869140625
1,30,3.6312369993538596,275.3882492874851,0,0.0
1,31,4.3537210003705695,229.68858131122423,1,0.355712890625
1,32,4.184721001365688,238.96455693788164,1,0.53515625
1,33,3.9955020001798403,250.28144146967998,1,0.359375
1,34,3.9297920011449605,254.46639407598317,1,0.325927734375
1,35,3.238255001633661,308.8082931997363,0,0.0
1,36,3.195172001142055,312.9721966900588,0,0.0
1,37,3.1655530001444276,315.9005709126889,0,0.0
1,38,3.2669100000930484,306.09964767058716,0,0.0
1,39,3.249646000767825,307.7258260634298,0,0.0
1,40,3.225439999368973,310.0352200616476,0,0.0
1,41,3.5915879998356104,278.4283720866009,0,0.0
1,42,3.317108999908669,301.4673319530752,0,0.0
1,43,3.2494810002390295,307.7414516122546,0,0.0
1,44,3.1882740004220977,313.6493287175473,0,0.0
1,45,4.261131998646306,234.67942328885474,2,0.4515380859375
1,46,3.99956199908047,250.027378055374,2,0.4346923828125
1,47,3.192620999470819,313.22227103240607,0,0.0
1,48,4.143276000831975,241.3549084828524,2,0.609130859375
1,49,3.1932750025589485,313.15812111347896,0,0.0
1,50,3.2175970009120647,310.7909411018653,0,0.0
1,51,3.916088000551099,255.35687652046457,2,0.4324951171875
1,52,4.214288001094246,237.28800683302813,1,0.45703125
1,53,3.1920450019242708,313.27879130687904,0,0.0
1,54,3.2148729987966362,311.05427815478606,0,0.0
1,55,3.7664030023734085,265.50531086818046,1,0.275146484375
1,56,3.180327999871224,314.43297673714517,0,0.0
1,57,3.1389480027428363,318.57807110095246,0,0.0
1,58,3.1965909984137397,312.8332653430592,0,0.0
1,59,3.1480220022785943,317.659787408151,0,0.0
1,60,3.1970939999155235,312.78404702095804,0,0.0
1,61,3.7620990005962085,265.8090602723433,1,0.276611328125
1,62,3.1933230020513292,313.15341396959195,0,0.0
1,63,3.220488000806654,310.511947179907,0,0.0
1,64,3.2048059983935673,312.0313680457592,0,0.0
1,65,3.2795359984447714,304.9211841169672,0,0.0
1,66,3.20153899883735,312.3497793914594,0,0.0
1,67,3.2559610008320305,307.1289858031037,0,0.0
1,68,3.871971999615198,258.26633046400684,1,0.2568359375
1,69,3.2269060029648244,309.89436912051906,0,0.0
1,70,3.8083580002421513,262.5803561367959,1,0.435791015625
1,71,3.736880000360543,267.602920057245,1,0.443603515625
1,72,4.085455002496019,244.77077813586186,2,0.2879638671875
1,73,3.2624500017846003,306.51810738953475,0,0.0
1,74,4.14480499966885,241.26587380585946,3,0.455322265625
1,75,3.9721239991195034,251.75447700566974,1,0.3720703125
1,76,3.981408000981901,251.1674261350202,2,0.4461669921875
1,77,4.291474997444311,233.02011560023695,4,0.3548583984375
1,78,4.350180002802517,229.87554523163865,3,0.4344075520833333
1,79,3.83845000033034,260.52182519348673,1,0.611328125
1,80,3.8433250010712072,260.19137068066874,1,0.265869140625
1,81,3.968517001339933,251.9832974540261,2,0.3277587890625
1,82,3.8126719991851132,262.28324917898294,1,0.3720703125
1,83,4.275250998034608,233.90439542841202,3,0.2833658854166667
1,84,4.482748998270836,223.07740192139633,5,0.33974609375
1,85,4.292662997613661,232.95562697465678,4,0.50274658203125
1,86,3.9817779979784973,251.1440870153204,2,0.703369140625
1,87,4.08066000090912,245.05839736150833,3,0.5147298177083334
1,88,4.261876001692144,234.6384548970824,4,0.56134033203125
1,89,3.966115000366699,252.1359062728998,2,0.845458984375
1,90,4.075482000189368,245.3697501187675,3,0.7560221354166666
1,91,4.051287000038428,246.83514152182124,3,0.7688802083333334
1,92,4.614542998751858,216.70618309775855,5,0.549951171875
1,93,4.496640998695511,222.38822274006372,4,0.65838623046875
1,94,4.127148000407033,242.29807118653773,3,0.718017578125
1,95,4.125093997572549,242.41871835852945,3,0.7360026041666666
1,96,4.378158999315929,228.40650605796782,4,0.5706787109375
1,97,4.137092000746634,241.71567850546396,3,0.6611328125
1,98,3.7641110029653646,265.6669793245206,1,0.62060546875
1,99,3.9119089997257106,255.62966829497222,2,0.3406982421875
1,100,3.8237679982557893,261.5221426760593,1,0.43212890625
1,101,4.036320002342109,247.75042598697368,3,0.4231770833333333
1,102,4.113800001505297,243.08425291314262,3,0.4143880208333333
1,103,3.736500999366399,267.6300635727304,1,0.259033203125
1,104,3.2127619997481816,311.25866157480095,0,0.0
1,105,3.2115450012497604,311.37661144740423,0,0.0
1,106,3.1638420005037915,316.0714093310494,0,0.0
1,107,3.2228950003627688,310.28004321811295,0,0.0
1,108,3.1922519992804155,313.25847715826194,0,0.0
1,109,3.211368002666859,311.39377336062284,0,0.0
1,110,3.1445380009245127,318.01173962788624,0,0.0
1,111,3.1481779988098424,317.6440469306521,0,0.0
2,0,4.515022999839857,221.48281415963305,0,0.0
2,1,4.001805998996133,249.88717600274813,0,0.0
2,2,3.376589000254171,296.1568612362137,0,0.0
2,3,3.2700429983378854,305.8063764018654,0,0.0
2,4,3.6894219992973376,271.0451664760641,0,0.0
2,5,3.721666998899309,268.6967964344344,0,0.0
2,6,3.6806910029554274,271.68811486675884,0,0.0
2,7,3.7019980009063147,270.12440302646905,0,0.0
2,8,4.573930997139541,218.6303205329033,2,0.340087890625
2,9,3.6965959989174735,270.51914796554564,0,0.0
2,10,3.623518998210784,275.9748190898898,0,0.0
2,11,3.6596030004147906,273.25368349699596,0,0.0
2,12,3.738936000445392,267.4557681332008,0,0.0
2,13,4.340023999247933,230.41347240782227,1,0.4091796875
2,14,4.25144799737609,235.21397900601875,1,0.34521484375
2,15,3.626643996540224,275.73701773705614,0,0.0
2,16,4.533106002782006,220.59929756469216,2,0.4205322265625
2,17,4.634991000784794,215.75014920863507,3,0.5265299479166666
2,18,4.263679998985026,234.53917748002925,1,0.34521484375
2,19,4.637271002138732,215.64407159702228,3,0.3777669270833333
2,20,4.309273997932905,232.05765065755512,1,0.6533203125
2,21,4.381897000712343,228.21166262863667,2,0.55419921875
2,22,4.567985997709911,218.91485667892468,3,0.409423828125
2,23,4.633420001482591,215.8233010778264,3,0.3680013020833333
2,24,4.578207997838035,218.42607423520937,3,0.3667805989583333
2,25,4.438564999873051,225.29804115262507,1,0.280517578125
2,26,4.7470429999521,210.65745560132706,2,0.3460693359375
2,27,4.460279000340961,224.20122147595615,1,0.381103515625
2,28,4.844123999646399,206.43567342062173,1,0.30322265625
2,29,4.772255997522734,209.54450065526606,2,0.4893798828125
2,30,4.19405899810954,238.43250666019412,1,0.5546875
2,31,5.164199999853736,193.64083498476487,2,0.3577880859375
2,32,4.4122179970145226,226.6433799682243,1,0.352294921875
2,33,4.02731199937989,248.30457639089698,2,0.4376220703125
2,34,4.060016999574145,246.30438742125708,2,0.376953125
2,35,4.143006997765042,241.3705795185606,2,0.4232177734375
2,36,4.460795000341022,224.175287123383,2,0.28125
2,37,4.179671002930263,239.25328077232035,3,0.3333333333333333
2,38,4.333337001298787,230.76903543395775,4,0.42376708984375
2,39,4.4480520009528846,224.8175155744076,4,0.51446533203125
2,40,4.463141001906479,224.05745181988183,4,0.43634033203125
2,41,4.152951001742622,240.79263145180127,3,0.5077311197916666
2,42,4.197850001219194,238.2171825361952,4,0.424560546875
2,43,3.940795999369584,253.75584023125575,2,0.5205078125
2,44,3.936183999030618,254.0531642439161,2,0.560546875
2,45,4.078019002918154,245.21710155946275,3,0.6002604166666666
2,46,4.046551999635994,247.1239712451377,3,0.6436360677083334
2,47,3.989441000157967,250.66168417089102,2,0.833740234375
2,48,3.9038930008246098,256.15456155913404,2,0.750732421875
2,49,3.8992469999357127,256.4597728783242,2,0.81689453125
2,50,3.937711000617128,253.95464518429046,2,0.79052734375
2,51,4.205236997222528,237.79872588880943,3,0.7443033854166666
2,52,4.148595002334332,241.04546224380059,2,0.8486328125
2,53,4.016285998659441,248.98625255616275,2,0.731201171875
2,54,4.251369999110466,235.21829438727627,3,0.41064453125
2,55,4.04492800225853,247.22318900154443,2,0.440673828125
2,56,3.787821999139851,264.0039580072883,1,0.66357421875
2,57,4.075775999808684,245.35205076209778,1,0.60595703125
2,58,4.069450002134545,245.73345279471943,3,0.3916015625
2,59,4.091905000677798,244.38495024551068,3,0.6279296875
2,60,3.9252100032172166,254.76343919952583,2,0.5802001953125
2,61,3.8289929980237503,261.16527257065445,1,0.85107421875
2,62,3.872931996738771,258.2023130904588,1,0.72509765625
2,63,3.230703001463553,309.5301547517634,0,0.0
2,64,3.8224189993343316,261.61443844176904,1,0.2509765625
2,65,3.9782280000508763,251.3681970935832,1,0.7490234375
2,66,4.152076999162091,240.84331774237444,2,0.334716796875
2,67,3.1922829984978307,313.2554352075185,0,0.0
2,68,3.191282998159295,313.3535949575113,0,0.0
2,69,3.2260629996017087,309.9753476988703,0,0.0
2,70,3.213585001503816,311.1789479761837,0,0.0
2,71,3.1835640002100263,314.1133647490762,0,0.0
2,72,3.1621210000594147,316.24343280387137,0,0.0
2,73,3.2385739978053607,308.77787590391824,0,0.0
2,74,3.156766997562954,316.7797942553273,0,0.0
2,75,3.765633999137208,265.55953133765064,1,0.34326171875
2,76,3.219345999241341,310.62209536833143,0,0.0
2,77,3.7613459971908014,265.86227396970656,1,0.77587890625
2,78,3.832426998997107,260.9312585110391,1,0.69921875
2,79,3.7544260012509767,266.3522998367259,1,0.79296875
2,80,3.966687996580731,252.0994847242828,2,0.3857421875
2,81,4.307495997636579,232.1534368339927,2,0.47265625
2,82,4.102935999981128,243.72790606643625,2,0.576171875
2,83,3.7773279982502572,264.7374017991613,1,0.64599609375
2,84,3.23870300053386,308.7655767864983,0,0.0
2,85,3.230623999115778,309.53772406621755,0,0.0
2,86,3.170264000800671,315.43114382507054,0,0.0
3,0,5.818522000481607,171.86495125690485,2,0.306640625
3,1,3.6345820008136798,275.13480223479024,0,0.0
3,2,3.660891998151783,273.15747104936565,0,0.0
3,3,3.69157499881112,270.88708757699686,0,0.0
3,4,4.427965999639127,225.83732577926264,1,0.294921875
3,5,4.53648600159795,220.43493568540848,2,0.3363037109375
3,6,4.563733000395587,219.1188660496395,1,0.256103515625
3,7,3.637439000158338,274.9186996555736,0,0.0
3,8,3.6985019978601485,270.37973768260025,0,0.0
3,9,3.687234002427431,271.20600410542596,0,0.0
3,10,3.6315430006652605,275.36504450499706,0,0.0
3,11,3.6758979986188933,272.04236906892396,0,0.0
3,12,3.618342998379376,276.36959803089184,0,0.0
3,13,3.6091199981456157,277.0758524276846,0,0.0
3,14,3.653024999948684,273.74573128134836,0,0.0
3,15,3.662986000563251,273.00131637036884,0,0.0
3,16,4.184787998383399,238.96073119744756,0,0.0
3,17,3.7379219975264277,267.52832206283347,0,0.0
3,18,3.664616000605747,272.8798869607904,0,0.0
3,19,3.6289849995227996,275.5591439841986,0,0.0
3,20,3.6716940012411214,272.3538507462702,0,0.0
3,21,3.6474440021265764,274.1645929086144,0,0.0
3,22,4.65680799970869,214.73936654948105,2,0.4300537109375
3,23,4.853897000430152,206.02002883690776,2,0.4903564453125
3,24,4.542154998489423,220.15981408220733,2,0.343017578125
3,25,4.235043998050969,236.1250557161189,1,0.361083984375
3,26,3.641545001300983,274.6087168063936,0,0.0
3,27,4.231836999679217,236.30399754900822,1,0.455078125
3,28,4.313529996579746,231.8286880566295,1,0.5390625
3,29,3.6268629992264323,275.72036777051915,0,0.0
3,30,3.262469999754103,306.5162285248206,0,0.0
3,31,3.205191002052743,311.99388721594335,0,0.0
3,32,3.211672999896109,311.3642017827929,0,0.0
3,33,3.1956869970599655,312.92176014734883,0,0.0
3,34,3.2385759986937046,308.7776851317847,0,0.0
3,35,3.2201620015257504,310.54338245286675,0,0.0
3,36,3.1798319978406653,314.482023163196,0,0.0
3,37,3.207474001101218,311.7718178406657,0,0.0
3,38,3.2089880005514715,311.62472400275345,0,0.0
3,39,3.147241000988288,317.7386160405202,0,0.0
3,40,3.2086360006360337,311.6589104534682,0,0.0
3,41,3.209774000424659,311.54841427081726,0,0.0
3,42,3.262581001763465,306.50579999683924,0,0.0
3,43,3.9723570007481612,251.73971015486728,1,0.51171875
3,44,3.769324997847434,265.29949011323635,1,0.25390625
3,45,3.222767998522613,310.2922706376698,0,0.0
3,46,3.2800180015328806,304.8763755359455,0,0.0
3,47,3.205769000487635,311.93763488507386,0,0.0
3,48,3.773951997573022,264.97422347795805,1,0.275146484375
3,49,3.2041189988376573,312.0982711200068,0,0.0
3,50,4.2472990025999025,235.4437489302894,4,0.48565673828125
3,51,3.9807719986129086,251.20755480305021,1,0.273681640625
3,52,4.0045669993560296,249.71488806675202,1,0.373779296875
3,53,3.3474810006737243,298.73209132441286,0,0.0
3,54,3.1917140004225075,313.31128035520214,0,0.0
3,55,3.1597399974998552,316.481736089441,0,0.0
3,56,3.144070000416832,318.0590762506632,0,0.0
3,57,3.143653997540241,318.1011653262262,0,0.0
3,58,3.1485129984503146,317.6102498202154,0,0.0
3,59,3.15368299925467,317.089574391699,0,0.0
3,60,3.1417379977938253,318.2951604182827,0,0.0
3,61,3.1962570028554182,312.86595511770076,0,0.0
3,62,3.184612000040943,314.0099955621418,0,0.0
3,63,3.157608000037726,316.695422607256,0,0.0
3,64,3.130230998067418,319.46524094144894,0,0.0
3,65,3.180372998031089,314.428527917663,0,0.0
3,66,3.1510269982391037,317.356849230055,0,0.0
3,67,3.1860779999988154,313.86551113951754,0,0.0
3,68,3.254849998484133,307.2338204420252,0,0.0
3,69,3.906624999217456,255.97542641034448,1,0.57373046875
3,70,3.228675999707775,309.7244815182784,0,0.0
3,71,3.862937002850231,258.8703878065212,1,0.521484375
3,72,3.177094000420766,314.7530415743326,0,0.0
3,73,3.21076700129197,311.45206101769867,0,0.0
3,74,3.149377000227105,317.52311645379035,0,0.0
3,75,3.222461000405019,310.3218316294018,0,0.0
3,76,3.1861019997450057,313.8631469049118,0,0.0
3,77,3.161960001307307,316.2595350942301,0,0.0
3,78,3.2116930015035905,311.3622626857046,0,0.0
3,79,3.209804999642074,311.5454054409879,0,0.0
3,80,3.141209999739658,318.3486618477846,0,0.0
3,81,3.148576000967296,317.6038944884237,0,0.0
4,0,4.615247002220713,216.6731270328178,0,0.0
4,1,4.506176999711897,221.91760333957922,1,0.265869140625
4,2,4.0193610002461355,248.79576627696852,1,0.32763671875
4,3,3.40445300025749,293.732943272933,0,0.0
4,4,3.2824990012159105,304.64594189657873,0,0.0
4,5,3.4180180009570904,292.56721284673944,0,0.0
4,6,3.7501560000237077,266.65557379311105,0,0.0
4,7,3.6939960009476636,270.7095513215116,0,0.0
4,8,4.039217001263751,247.57273493529308,0,0.0
4,9,4.493109998293221,222.56299097504086,1,0.3310546875
4,10,5.202979002206121,192.1975851864843,3,0.31640625
4,11,4.492519001360051,222.5922694366486,2,0.4049072265625
4,12,4.3592610018095,229.39667975487282,1,0.455078125
4,13,4.447931998583954,224.82358100761445,2,0.4024658203125
4,14,4.426309998962097,225.92181754881267,2,0.3609619140625
4,15,4.1648650003480725,240.10382087208745,1,0.5234375
4,16,4.5820810009900015,218.2414496347709,3,0.361083984375
4,17,4.72009000077378,211.860367034541,2,0.4053955078125
4,18,4.6306219992402475,215.9537099258094,2,0.34423828125
4,19,4.452000001037959,224.61814909408255,1,0.259765625
4,20,4.60072599889827,217.35699979513424,2,0.3223876953125
4,21,4.708975000539795,212.36043934940597,2,0.470703125
4,22,4.243426999892108,235.65858444729358,1,0.36474609375
4,23,4.6843449999869335,213.4770175985734,2,0.6943359375
4,24,4.573559999698773,218.6480553585965,2,0.6318359375
4,25,4.861794001044473,205.68539098636577,2,0.404541015625
4,26,4.468405000807252,223.79350122008688,2,0.479248046875
4,27,4.928940998070175,202.88333749410458,2,0.608642578125
4,28,4.5383050019154325,220.34658304762263,3,0.51318359375
4,29,4.76360399989062,209.9250903355866,3,0.635498046875
4,30,4.521429000305943,221.16901535605996,3,0.622802734375
4,31,4.582321002089884,218.23001914181145,3,0.6197102864583334
4,32,3.947281002183445,253.33894380634376,2,0.826904296875
4,33,4.00637100028689,249.60244568673033,3,0.6650390625
4,34,3.85173299946473,259.62339553104243,2,0.67919921875
4,35,4.087299999810057,244.66028919983157,3,0.5576171875
4,36,3.946064000047045,253.41707584775057,2,0.718994140625
4,37,3.9821179998398293,251.12264378911487,3,0.5772298177083334
4,38,4.617844999302179,216.55122684956166,2,0.6796875
4,39,4.1806860026554205,239.1951941295845,3,0.5148111979166666
4,40,3.944641000998672,253.5084941181791,2,0.557373046875
4,41,4.1208289985661395,242.66961826078062,1,0.642578125
4,42,3.9837969998188782,251.01680633964648,1,0.6298828125
4,43,3.9814709998609032,251.1634519088387,1,0.70068359375
4,44,3.910445000656182,255.72537136622498,1,0.609375
4,45,3.859045998979127,259.13140197461763,1,0.640625
4,46,3.9561789999424946,252.76914922568864,2,0.5784912109375
4,47,4.163109002547571,240.2050965727922,4,0.3978271484375
4,48,3.883000998030184,257.53276924401825,2,0.68359375
4,49,3.778970996791031,264.62230084569705,1,0.5078125
4,50,3.211341998394346,311.39629491346443,0,0.0
4,51,3.7510859983740374,266.58946247392475,1,0.338134765625
4,52,3.210491002391791,311.4788358712134,0,0.0
4,53,3.1375660000776406,318.71839507926035,0,0.0
4,54,3.131113000563346,319.3752508517199,0,0.0
4,55,3.1845129997236654,314.019757522351,0,0.0
4,56,3.205037999578053,312.0087812162137,0,0.0
4,57,3.216747001715703,310.87306507681024,0,0.0
4,58,3.1201169986161403,320.50080187490664,0,0.0
4,59,3.1650939999963157,315.9463826354491,0,0.0
4,60,3.751246000319952,266.5780916300098,1,0.62255859375
4,61,3.899039998941589,256.4733883908486,2,0.2913818359375
4,62,4.1086269993684255,243.3903102310624,2,0.482177734375
4,63,3.869758002110757,258.4140919030468,2,0.78662109375
4,64,3.8478659989777952,259.8843099696442,1,0.76220703125
4,65,3.760630999749992,265.91282156278567,1,0.71044921875
4,66,3.9185609966807533,255.19572129847094,2,0.5831298828125
4,67,3.872123001201544,258.2562588248601,2,0.660400390625
4,68,3.9296069990086835,254.4783741102529,2,0.617431640625
4,69,3.961684000387322,252.4179111464299,2,0.32080078125
4,70,3.9254120019904803,254.75032926299824,2,0.557861328125
4,71,3.902851000020746,256.22295086199404,2,0.4849853515625
4,72,3.9120740002545062,255.61888653817473,2,0.509765625
4,73,3.2069429980765563,311.8234407657931,0,0.0
4,74,3.1957639985193964,312.91422034396214,0,0.0
4,75,3.1455329990421887,317.9111458390355,0,0.0
4,76,3.3373799997207243,299.63624162776824,0,0.0
4,77,3.2832649994816165,304.5748668346559,0,0.0
4,78,3.227462999348063,309.84088747167567,0,0.0
5,0,4.56741800007876,218.94208062033212,0,0.0
5,1,3.67044800077565,272.44630622438376,0,0.0
5,2,3.3515540017106105,298.36905491888444,0,0.0
5,3,3.241915001126472,308.459660309579,0,0.0
5,4,3.178344999469118,314.6291545338945,0,0.0
5,5,3.2759349996922538,305.2563619528292,0,0.0
5,6,3.2371630004490726,308.91246435884625,0,0.0
5,7,3.247858003305737,307.89523402260176,0,0.0
5,8,3.260071000113385,306.74178567436724,0,0.0
5,9,4.591524000716163,217.79261087256106,1,0.341552734375
5,10,3.6522490008792374,273.8038944659199,0,0.0
5,11,4.6697819998371415,214.14275870584,2,0.3492431640625
5,12,4.6054689992161,217.1331519483055,2,0.4102783203125
5,13,4.385871001431951,228.0048819660925,1,0.63720703125
5,14,4.730068001663312,211.41345106420317,3,0.4058430989583333
5,15,4.712324000138324,212.2095169964218,3,0.5252278645833334
5,16,4.685242001869483,213.43614686306168,3,0.4698079427083333
5,17,4.765252000652254,209.85249045866263,3,0.3966471354166667
5,18,4.7460059977311175,210.70348425140244,4,0.38043212890625
5,19,3.753303000848973,266.4319933066439,0,0.0
5,20,4.321873999288073,231.38110925138645,1,0.289306640625
5,21,4.478259001189144,223.301064037266,2,0.4327392578125
5,22,4.516081000474514,221.43092648137352,2,0.64111328125
5,23,4.302938999899197,232.39929732292893,1,0.501953125
5,24,3.712928999448195,269.32914692110114,0,0.0
5,25,4.42185499923653,226.14943279973187,2,0.488525390625
5,26,4.3509370007086545,229.83555032792384,2,0.55126953125
5,27,4.697151001892053,212.8950079733846,3,0.4755859375
5,28,4.41390599735314,226.5567052401351,2,0.2857666015625
5,29,3.636525998444995,274.9877219158085,0,0.0
5,30,4.498188998695696,222.3116903913913,1,0.32763671875
5,31,4.449743999430211,224.7320295567677,2,0.4622802734375
5,32,4.773217002366437,209.50231248741176,4,0.365234375
5,33,3.718836000189185,268.9013443854819,0,0.0
5,34,4.29542600249988,232.80577978016927,1,0.72021484375
5,35,4.512657000304898,221.5989382601946,2,0.466796875
5,36,4.508460002398351,221.80522827485066,3,0.34130859375
5,37,3.8862969995534513,257.31435351310085,2,0.39501953125
5,38,3.900874002283672,256.35280693879736,1,0.49609375
5,39,4.121523001231253,242.62875633625302,3,0.3329264322916667
5,40,3.924216998711927,254.82790587988305,2,0.294677734375
5,41,4.089370002475334,244.5364443409842,1,0.346923828125
5,42,3.708234002260724,269.6701447077909,1,0.303955078125
5,43,3.3275220012001228,300.5239333171454,0,0.0
5,44,3.868809999403311,258.4774129911344,1,0.3310546875
5,45,4.210890001559164,237.4794876213177,3,0.4146321614583333
5,46,4.022445998998592,248.60495336642308,2,0.333251953125
5,47,3.2950390013866127,303.48654434110847,0,0.0
5,48,3.2428459999209736,308.3711036615274,0,0.0
5,49,3.9429969983757474,253.6141925575732,1,0.447509765625
5,50,3.218500001821667,310.70374380425704,0,0.0
5,51,3.1671569995523896,315.74058379212926,0,0.0
5,52,3.1440090024261735,318.0652470232491,0,0.0
5,53,3.182322998327436,314.2358586873738,0,0.0
5,54,3.1421860003320035,318.2497789419022,0,0.0
5,55,3.2115870017150883,311.37253932898864,0,0.0
5,56,3.1825320002099033,314.2152223242516,0,0.0
5,57,3.1630029989173636,316.1552487753825,0,0.0
5,58,3.1572059997415636,316.7357467589559,0,0.0
5,59,3.8125400024000555,262.29232988256746,1,0.515625
5,60,3.870057000312954,258.3941269906708,1,0.57373046875
5,61,3.7284210011421237,268.2100545227245,1,0.416748046875
5,62,3.816866999841295,261.9949817590133,1,0.25537109375
5,63,4.347153997514397,230.0355590282233,2,0.336181640625
5,64,4.203831998893293,237.87820261686517,2,0.4901123046875
5,65,4.005157999927178,249.67804017174404,2,0.522216796875
5,66,4.122076999919955,242.59614752936898,2,0.533203125
5,67,4.22227700255462,236.83903244504478,3,0.3422037760416667
5,68,4.334471999754896,230.70860765891382,4,0.44049072265625
5,69,3.9592389985045884,252.5737901595993,2,0.3948974609375
5,70,3.749999999854481,266.6666666770147,1,0.33447265625
5,71,3.9879100004327483,250.75791577329602,2,0.3895263671875
5,72,4.008349998912308,249.47921221234583,2,0.343505859375
5,73,3.9396389984176494,253.83036374694447,1,0.329345703125
5,74,3.8631759998679627,258.8543726804522,1,0.37744140625
5,75,3.20751800245489,311.7675408944377,0,0.0
5,76,3.163142999255797,316.1412557811244,0,0.0
5,77,3.1689469979028217,315.56223586629574,0,0.0
5,78,3.242565999244107,308.3977319916127,0,0.0
5,79,3.1442850013263524,318.03732790703464,0,0.0
5,80,3.14620200151694,317.84354581106055,0,0.0
5,81,3.1998270023905206,312.51689521118544,0,0.0
5,82,3.1548869992548134,316.9685634497213,0,0.0
5,83,3.165883998008212,315.8675430398401,0,0.0
5,84,3.180824998707976,314.3838470856433,0,0.0
5,85,3.2164660005946644,310.9002239772218,0,0.0
5,86,3.2085210004879627,311.67008096500433,0,0.0
5,87,3.2197410000662785,310.5839879603406,0,0.0
5,88,3.148430998408003,317.6185218941269,0,0.0
5,89,3.153035999275744,317.1546408698477,0,0.0
5,90,3.236458000174025,308.9797550118771,0,0.0
5,91,3.145433001918718,317.92125261927333,0,0.0
5,92,4.139054999541258,241.6010418104694,2,0.3280029296875
5,93,4.0506260011170525,246.87542116310595,2,0.43896484375
5,94,3.9786050001566764,251.34437823323006,2,0.38916015625
5,95,4.1608989995438606,240.33267813268844,3,0.4703776041666667
5,96,3.952605002268683,252.9977064305764,2,0.4254150390625
5,97,3.7377389999164734,267.5414200997841,1,0.350341796875
5,98,3.2412839973403607,308.51971034335503,0,0.0
5,99,3.1588849997206125,316.5673964352754,0,0.0
5,100,3.1983970002329443,312.65662140352447,0,0.0
5,101,3.138199001114117,318.65410690812854,0,0.0
5,102,3.196129997377284,312.87838755638575,0,0.0
5,103,3.1332379985542502,319.15864688907243,0,0.0
5,104,3.281948000221746,304.6970884159148,0,0.0
5,105,3.311882999696536,301.9430336432866,0,0.0
5,106,3.1697800004621968,315.479307666206,0,0.0
5,107,3.8875009995535947,257.2346605479538,1,0.59375
5,108,3.2471110025653616,307.9660655918309,0,0.0
5,109,3.8442690020019654,260.1274779364383,1,0.4580078125
5,110,3.7689240016334224,265.3277167612315,1,0.27587890625
6,0,5.567077001614962,179.62747770686636,1,0.8310546875
6,1,4.261967002094025,234.63344495831896,1,0.87646484375
6,2,3.8710059998265933,258.330780175695,1,0.89306640625
6,3,3.8457449991256,260.0276409973537,1,0.908203125
6,4,3.803040999628138,262.94746759179833,1,0.90283203125
6,5,4.0367800029343925,247.7221942422143,2,0.681640625
6,6,4.489080998610007,222.7627437129423,4,0.50469970703125
6,7,4.312871998990886,231.86405723007252,3,0.6404622395833334
6,8,4.225286000291817,236.67036975270682,2,0.695068359375
6,9,4.146914001466939,241.14317288621314,3,0.6310221354166666
6,10,4.012182998849312,249.24087467765017,2,0.655029296875
6,11,4.132896003284259,241.9610847225135,2,0.696044921875
6,12,4.101932001503883,243.78756147916934,3,0.5062662760416666
6,13,4.326507998484885,231.133283551121,4,0.4134521484375
6,14,3.975146999437129,251.56302399423154,2,0.3629150390625
6,15,3.9554879986098967,252.8133065632955,2,0.425537109375
6,16,3.226551001716871,309.9284652459834,0,0.0
6,17,3.167637001752155,315.69273860826144,0,0.0
6,18,3.1643169968447182,316.02396378022326,0,0.0
6,19,3.9567549974890426,252.73235280794495,2,0.48876953125
6,20,4.31511200076784,231.74369513979195,3,0.38623046875
6,21,3.9967080010683276,250.2059194048447,2,0.58203125
6,22,3.9043769975251053,256.12280797522294,1,0.83349609375
6,23,3.894925001077354,256.7443531578645,1,0.85888671875
6,24,4.076181998243555,245.3276130533191,2,0.686279296875
6,25,4.751349999423837,210.46649902054426,2,0.5198974609375
6,26,4.187797003396554,238.7890337542484,2,0.5458984375
6,27,3.919183000107296,255.15521984368246,1,0.82666015625
6,28,3.877958999510156,257.8676051310277,1,0.740234375
6,29,3.8407329993788153,260.366966451908,1,0.48046875
6,30,4.052704000059748,246.7488373158408,2,0.499267578125
6,31,3.8560289976885542,259.3341493540212,1,0.7431640625
6,32,3.949595000449335,253.19051697357136,1,0.443603515625
6,33,4.226380999170942,236.60905162032543,2,0.297119140625
6,34,3.8750370003981516,258.06205202614893,1,0.414794921875
6,35,3.9175179990706965,255.2636644521397,1,0.259033203125
6,36,3.315876001579454,301.5794316565725,0,0.0
6,37,3.2889399990381207,304.0493290520529,0,0.0
6,38,3.270617002272047,305.7527063869953,0,0.0
6,39,4.044610999699216,247.2425654962533,1,0.5546875
6,40,3.8763779994042125,257.9727777202577,1,0.2783203125
6,41,3.27332799861324,305.4994795583132,0,0.0
6,42,3.851310000754893,259.6519105976903,1,0.443603515625
6,43,3.300797998235794,302.95704267103855,0,0.0
6,44,3.877381997881457,257.9059789688983,1,0.7734375
6,45,3.7983699985488784,263.27082416458586,1,0.85400390625
6,46,3.8803019997430965,257.71189976094826,1,0.80908203125
6,47,3.320576000987785,301.15257103060617,0,0.0
6,48,3.281951001554262,304.6968097715113,0,0.0
6,49,3.2498680011485703,307.7048051325713,0,0.0
6,50,3.2931869973253924,303.6572174043454,0,0.0
6,51,3.293739999207901,303.60623493065214,0,0.0
6,52,3.3148410002468154,301.67359457830474,0,0.0
6,53,3.3089960015786346,302.2064697336976,0,0.0
6,54,3.3134730001620483,301.7981435041403,0,0.0
6,55,3.249001998483436,307.7868220662155,0,0.0
6,56,3.232145001675235,309.3920599112031,0,0.0
6,57,3.2262599997920915,309.95642014730447,0,0.0
6,58,3.2948949992714915,303.49980810347586,0,0.0
6,59,3.187274000083562,313.7477355174932,0,0.0
6,60,3.1416839992743917,318.3006312000066,0,0.0
6,61,3.210998998838477,311.42955832802585,0,0.0
6,62,3.7487259978661314,266.7572931628572,0,0.0
6,63,3.2588699978077784,306.85483025487173,0,0.0
6,64,3.242481001507258,308.4058162669736,0,0.0
6,65,3.1778049997228663,314.6826190050079,0,0.0
6,66,3.1725039989396464,315.2084285265621,0,0.0
6,67,3.1477850025112275,317.6837043197753,0,0.0
6,68,3.208925001672469,311.63084194202327,0,0.0
6,69,3.205431999958819,311.9704301987524,0,0.0
6,70,3.21556700146175,310.9871445830283,0,0.0
6,71,3.9498929982073605,253.17141513804174,1,0.3310546875
6,72,3.2321429971489124,309.39225179149076,0,0.0
6,73,3.2560450017626863,307.1210623497654,0,0.0
6,74,3.257394997490337,306.99377900759686,0,0.0
6,75,3.217320998373907,310.8176027525442,0,0.0
6,76,3.2163500000024214,310.91143687697144,0,0.0
6,77,3.1636450003134087,316.09109109932825,0,0.0
6,78,3.2055960000434425,311.9544696170222,0,0.0
6,79,3.1553699991491158,316.92004432749957,0,0.0
6,80,3.1411669988301583,318.3530198720484,0,0.0
6,81,3.194444998371182,313.04342397815293,0,0.0
6,82,3.1982649998099077,312.6695255269454,0,0.0
6,83,3.1410349984071217,318.36639849830357,0,0.0
6,84,3.125926999928197,319.9051033574905,0,0.0
7,0,5.274606002785731,189.5876202832704,1,0.5546875
7,1,3.877916999044828,257.870398011693,0,0.0
7,2,4.301245000533527,232.4908253019672,2,0.381591796875
7,3,4.075161003129324,245.3890776909423,1,0.6806640625
7,4,3.9329220016952604,254.26387799426394,1,0.673828125
7,5,4.184396002528956,238.98311713222702,2,0.649169921875
7,6,4.361376999440836,229.2853839803824,3,0.558349609375
7,7,4.222519000904867,236.82545887554429,3,0.59326171875
7,8,4.1256739968957845,242.3846384257249,2,0.5185546875
7,9,3.9498520018241834,253.17404285987527,2,0.611083984375
7,10,4.092782000952866,244.332583501194,3,0.4019368489583333
7,11,4.01305999912438,249.18640643752963,2,0.4063720703125
7,12,3.2236349979939405,310.20881725824955,0,0.0
7,13,3.836894997220952,260.6274085489168,1,0.466796875
7,14,4.123057999095181,242.5384266288404,3,0.360595703125
7,15,4.14889899911941,241.02780043868182,3,0.3466796875
7,16,4.203046999464277,237.92263092167673,4,0.53118896484375
7,17,3.9800550002837554,251.2528093025613,2,0.4859619140625
7,18,3.789536000113003,263.8845494462067,1,0.329345703125
7,19,3.815546999248909,262.0856197543498,1,0.33984375
7,20,3.2451049992232583,308.15643877142895,0,0.0
7,21,3.7637839996023104,265.69006088172495,1,0.418701171875
7,22,4.040492000058293,247.49461203872517,1,0.5927734375
7,23,3.861020999465836,258.9988503399354,1,0.42626953125
7,24,3.180864001478767,314.379992208125,0,0.0
7,25,3.2391860004281625,308.7195362871468,0,0.0
7,26,3.197299000021303,312.7639923552152,0,0.0
7,27,3.8420979981310666,260.2744647550468,1,0.315673828125
7,28,3.286905997811118,304.2374806781636,0,0.0
7,29,3.1664310008636676,315.81297673223975,0,0.0
7,30,3.198135000275215,312.6822350882452,0,0.0
7,31,3.226780001568841,309.9064700766108,0,0.0
7,32,3.8517459979630075,259.6225193792242,1,0.69091796875
7,33,3.787319998082239,264.0389511597551,1,0.33642578125
7,34,3.784117001487175,264.26244209864427,1,0.6279296875
7,35,3.9685339979769196,251.98221824728736,2,0.406005859375
7,36,4.200290000881068,238.07879927105898,2,0.553466796875
7,37,3.943431998777669,253.58621634910057,2,0.5076904296875
7,38,4.148654999880819,241.0419762618795,3,0.4296061197916667
7,39,3.9752550001139753,251.55618946994062,2,0.676025390625
7,40,4.015065002022311,249.06197022870595,2,0.557861328125
7,41,3.8066079978307243,262.70107154975534,1,0.79833984375
7,42,3.7814249990333337,264.45057095027283,1,0.77734375
7,43,3.817405999143375,261.95798933212757,1,0.56982421875
7,44,3.1792000008863397,314.5445394191012,0,0.0
7,45,3.9103150011214893,255.73387302894963,2,0.4688720703125
7,46,3.7705940012529027,265.2102028666352,1,0.70068359375
7,47,3.761430001759436,265.85633642849734,1,0.455078125
7,48,3.756180998607306,266.2278522709033,1,0.69775390625
7,49,3.8230239988479298,261.57303754863966,1,0.447509765625
7,50,3.1984599991119467,312.65046312214326,0,0.0
7,51,3.8477429989143275,259.892617641604,1,0.332763671875
7,52,4.117460000998108,242.86817595255118,3,0.4696451822916667
7,53,3.168629998981487,315.5938056262285,0,0.0
7,54,3.1760390011186246,314.8575945219163,0,0.0
7,55,4.176082002231851,239.4588993859707,2,0.41748046875
7,56,3.7864260011701845,264.10129227164424,1,0.6259765625
7,57,3.7358219997258857,267.6787063391603,1,0.3310546875
7,58,3.228261000913335,309.76429716094253,0,0.0
7,59,3.9525719985249452,252.99981894654636,1,0.79052734375
7,60,3.961685000831494,252.41784740334379,1,0.83740234375
7,61,3.7425749978865497,267.1957143316313,1,0.900390625
7,62,3.186465000908356,313.8273917067763,0,0.0
7,63,3.317484999570297,301.43316401717766,0,0.0
7,64,3.154105001158314,317.0471495504303,0,0.0
7,65,3.2415629975730553,308.4931561560568,0,0.0
7,66,3.2296259996655863,309.63337553746027,0,0.0
7,67,3.2140279981831554,311.13605748465346,0,0.0
7,68,3.1865339988144115,313.8205964135522,0,0.0
7,69,3.1895360007183626,313.5252274232914,0,0.0
7,70,3.2636360010656063,306.40671927674873,0,0.0
7,71,3.168937997543253,315.5631321203693,0,0.0
7,72,3.1571760009683203,316.7387563104798,0,0.0
7,73,3.2061689998954535,311.89871776335184,0,0.0
7,74,3.1555640016449615,316.9005602417542,0,0.0
7,75,3.2107450024341233,311.4541949740269,0,0.0
7,76,3.2120350006152876,311.32911061319163,0,0.0
7,77,3.287327999714762,304.1984250086298,0,0.0
7,78,3.2695390000299085,305.85351634920164,0,0.0
7,79,3.1469170025957283,317.77132958230294,0,0.0
7,80,3.2059080003818963,311.92411007454905,0,0.0
7,81,3.236089996789815,309.0148917341591,0,0.0
7,82,3.2023959975049365,312.26619093301514,0,0.0
7,83,3.207135003322037,311.8047724726814,0,0.0
7,84,3.1581269977323245,316.64337777361214,0,0.0
7,85,3.1608270001015626,316.37289860149525,0,0.0
7,86,3.237256001739297,308.9035897879948,0,0.0
7,87,3.1864070006122347,313.833104122562,0,0.0
7,88,3.172905999235809,315.16849230353785,0,0.0
7,89,3.2158229987544473,310.9623882867061,0,0.0
7,90,3.162026001518825,316.25293388468884,0,0.0
7,91,3.1848950020503253,313.9820933990711,0,0.0
7,92,3.219371999875875,310.61958668912933,0,0.0
7,93,3.205539000191493,311.96001668994256,0,0.0
7,94,3.209165999578545,311.6074394815751,0,0.0
7,95,3.2050250010797754,312.01004661838806,0,0.0
7,96,3.7926879995211493,263.665242204541,1,0.451416015625
7,97,3.2227949996013194,310.28967096067436,0,0.0
7,98,3.2632410002406687,306.4438084487933,0,0.0
7,99,3.3562010030436795,297.955932643223,0,0.0
7,100,3.234787000110373,309.13936527068995,0,0.0
7,101,3.282749999925727,304.62264870082254,0,0.0
7,102,3.1719350008643232,315.2649722417102,0,0.0
7,103,3.2229499993263744,310.27474835446066,0,0.0
7,104,3.1453010014956817,317.93459497977176,0,0.0
7,105,3.283169000496855,304.5837725224215,0,0.0
7,106,3.1564909986627754,316.80749301158875,0,0.0
7,107,3.221967999706976,310.3693146831209,0,0.0
7,108,3.2385489976149984,308.78025953488475,0,0.0
7,109,3.166260001307819,315.8300327790363,0,0.0
7,110,3.2044879990280606,312.06233267320886,0,0.0
7,111,3.156271999614546,316.8294748114621,0,0.0
7,112,3.239051999116782,308.73230817926907,0,0.0
8,0,4.437085000972729,225.373189781303,0,0.0
8,1,3.863513000396779,258.8317937321037,0,0.0
8,2,3.2707669997762423,305.7386845557667,0,0.0
8,3,3.2014059979701415,312.36275581230626,0,0.0
8,4,3.208209000149509,311.7003910759548,0,0.0
8,5,3.278027001215378,305.0615506306797,0,0.0
8,6,3.2327379994967487,309.3353065282969,0,0.0
8,7,3.1660529966757167,315.8506825533171,0,0.0
8,8,4.034520999994129,247.86089848124604,1,0.322509765625
8,9,3.3442790008848533,299.01811413922485,0,0.0
8,10,4.159467000135919,240.41541860226874,0,0.0
8,11,4.010813998320373,249.32594740588186,0,0.0
8,12,3.8503640025737695,259.7157046272902,0,0.0
8,13,4.48341000083019,223.04451295215708,1,0.262939453125
8,14,4.690261001087492,213.20775107571586,2,0.32421875
8,15,4.518901001574704,221.29274344614527,1,0.422607421875
8,16,4.380589998618234,228.27975234281894,1,0.6669921875
8,17,4.4780980024370365,223.3090922654635,2,0.314453125
8,18,4.460833999473834,224.17332725628265,2,0.55615234375
8,19,4.284959999495186,233.37440725649964,1,0.451416015625
8,20,4.392134000227088,227.67975657124683,2,0.3536376953125
8,21,4.596387003402924,217.56218509443448,1,0.383056640625
8,22,4.528789999312721,220.80953193938285,1,0.56396484375
8,23,4.717749001429183,211.9654944968591,2,0.292236328125
8,24,4.598512998200022,217.46160125923885,2,0.443115234375
8,25,4.727205003291601,211.54149212985047,2,0.587646484375
8,26,4.6018739994906355,217.30277711008304,2,0.640869140625
8,27,4.641577001166297,215.44401821810308,2,0.55419921875
8,28,4.598039002303267,217.48401862165073,2,0.6044921875
8,29,4.910668998491019,203.63824161377732,4,0.44000244140625
8,30,4.84309400053462,206.4795768757765,3,0.639404296875
8,31,4.522101000475232,221.13614885976875,3,0.6630859375
8,32,4.8519990014028735,206.10061949948195,4,0.4876708984375
8,33,4.684338000515709,213.4773365820118,3,0.6219075520833334
8,34,4.667600998800481,214.242819867634,3,0.5348307291666666
8,35,4.600329000822967,217.37575721673537,2,0.77587890625
8,36,4.222022002068115,236.8533369817021,3,0.523681640625
8,37,3.841584002657328,260.30928890485615,1,0.81884765625
8,38,3.76829300148529,265.3721458511441,1,0.8173828125
8,39,3.899658000591444,256.4327435504176,1,0.83642578125
8,40,3.9845459978096187,250.96962126920334,2,0.5501708984375
8,41,4.0067789996101055,249.57702935382977,2,0.729248046875
8,42,4.184416000498459,238.98197499504766,2,0.8447265625
8,43,4.056149999087211,246.53920595269858,2,0.844482421875
8,44,4.071053001098335,245.6366939291158,2,0.837890625
8,45,4.072923002240714,245.52391475356916,2,0.807373046875
8,46,4.1301250021206215,242.12342229025705,3,0.4029947916666667
8,47,4.023951998533448,248.51191076942658,1,0.66552734375
8,48,3.8539269989996683,259.47559470108325,1,0.7607421875
8,49,3.960473000915954,252.4950933307022,2,0.5457763671875
8,50,4.1846510030154604,238.9685541946986,3,0.5833333333333334
8,51,4.1473980018054135,241.11503153656525,3,0.5606282552083334
8,52,4.054200999235036,246.65772619282671,2,0.557373046875
8,53,3.8135719987621997,262.2213505670216,1,0.390380859375
8,54,4.056395999214146,246.52425458306635,1,0.37744140625
8,55,3.7803939994773827,264.52269264479946,1,0.322509765625
8,56,3.2549749994359445,307.22202172775224,0,0.0
8,57,3.1618319990229793,316.2723384129848,0,0.0
8,58,3.199429000233067,312.5557716477389,0,0.0
8,59,3.1575040011375677,316.70585362353484,0,0.0
8,60,3.2160470000235364,310.94072940870626,0,0.0
8,61,3.1850810009927955,313.96375780970664,0,0.0
8,62,3.189169001416303,313.56130689715786,0,0.0
8,63,3.1799270000192337,314.4726278288626,0,0.0
8,64,3.8157210001372732,262.0736683746071,1,0.443603515625
8,65,3.1530830019619316,317.14991307801716,0,0.0
8,66,4.007522999017965,249.5306952062528,2,0.4505615234375
8,67,4.01749800221296,248.91113808872328,2,0.5894775390625
8,68,3.9029569998092484,256.21599214361663,2,0.648681640625
8,69,3.7872789980610833,264.0418095714509,1,0.880859375
8,70,3.823583996563684,261.5347278623187,1,0.865234375
8,71,3.9349459984805435,254.13309366536268,2,0.800537109375
8,72,4.029363997688051,248.17812453125978,2,0.6494140625
8,73,4.089480000402546,244.52986685387032,3,0.3806966145833333
8,74,3.967068001657026,252.07533613800032,2,0.5189208984375
8,75,3.9594930021848995,252.55758741035456,2,0.5198974609375
8,76,3.800892998697236,263.096067251236,1,0.35400390625
8,77,3.2586319975962397,306.87724196462176,0,0.0
8,78,3.559654000127921,280.92617989390646,0,0.0
8,79,3.30882200069027,302.2223618530658,0,0.0
8,80,3.164505000313511,316.00518877389317,0,0.0
8,81,3.1677010010753293,315.68636044264696,0,0.0
8,82,3.214386997569818,311.10130819843187,0,0.0
8,83,3.1721529994683806,315.2433064128967,0,0.0
8,84,3.202100000635255,312.2950563073024,0,0.0
8,85,3.1681460022809915,315.6420187958583,0,0.0
8,86,3.2222289992205333,310.34417486836065,0,0.0
8,87,3.8660879981762264,258.6593994942009,1,0.30078125
8,88,3.2586819979769643,306.8725333189351,0,0.0
8,89,3.8662089973513503,258.65130433586927,1,0.420654296875
8,90,3.8190550003491808,261.8448804504174,1,0.69287109375
8,91,3.203858999768272,312.12359847057184,0,0.0
8,92,3.9362400020763744,254.04954969018607,2,0.3531494140625
8,93,3.208317000826355,311.6898983929685,0,0.0
8,94,3.2106360013131052,311.4647688467375,0,0.0
8,95,3.8335520002874546,260.8546851392693,1,0.79833984375
8,96,3.208015001291642,311.71924058876607,0,0.0
8,97,3.951860999222845,253.04533742372402,2,0.3118896484375
8,98,3.756513000553241,266.20432295927765,1,0.90966796875
8,99,3.768565999052953,265.35292210652585,1,0.82568359375
9,0,4.299401000025682,232.59053993661595,0,0.0
9,1,3.985756997280987,250.89336873326255,0,0.0
9,2,3.395152001758106,294.537622905299,0,0.0
9,3,3.295833001175197,303.41343133691225,0,0.0
9,4,3.197457997885067,312.74843974852587,0,0.0
9,5,3.231567003240343,309.4473978095717,0,0.0
9,6,3.2215419996646233,310.4103563151138,0,0.0
9,7,3.1699489991297014,315.46248859983126,0,0.0
9,8,3.272420999564929,305.5841531798478,0,0.0
9,9,3.218887999537401,310.6662922548762,0,0.0
9,10,3.219307000108529,310.6258582876029,0,0.0
9,11,3.2144830001925584,311.09201695578935,0,0.0
9,12,3.2228239979303908,310.286879035955,0,0.0
9,13,3.308747000119183,302.2292124372094,0,0.0
9,14,3.1833600005484186,314.1334941155645,0,0.0
9,15,3.191241001331946,313.3577187002249,0,0.0
9,16,3.2664569989719894,306.14209840041286,0,0.0
9,17,3.219200996682048,310.6360867279414,0,0.0
9,18,3.1985790010367054,312.63883107964057,0,0.0
9,19,3.2322199986083433,309.38488111284425,0,0.0
9,20,4.193374003079953,238.47145503013067,1,0.346923828125
9,21,3.348900001583388,298.6055121165731,0,0.0
9,22,3.978420001658378,251.35606587116408,1,0.42822265625
9,23,3.9091260005079675,255.811657099325,1,0.26904296875
9,24,3.9457559978473,253.43685735903932,1,0.27197265625
9,25,4.1879739983414765,238.7789418931494,2,0.2960205078125
9,26,4.439469998033019,225.25211352775594,3,0.4453938802083333
9,27,3.906525998900179,255.9819134139986,1,0.35400390625
9,28,4.055990000779275,246.54893128628785,2,0.316162109375
9,29,3.2877600024221465,304.15845416431966,0,0.0
9,30,3.2960319986159448,303.3951127962094,0,0.0
9,31,3.2302590007020626,309.5726998307754,0,0.0
9,32,3.2102069999382365,311.50639196140304,0,0.0
9,33,3.2991989974107128,303.1038748450224,0,0.0
9,34,3.232950999517925,309.3149262544075,0,0.0
9,35,3.2295040000462905,309.64507242773703,0,0.0
9,36,3.3108240022556856,302.03961289355567,0,0.0
9,37,3.2128419989021495,311.2509112933991,0,0.0
9,38,3.2950140011962503,303.48884697817715,0,0.0
9,39,3.25866099956329,306.8745107680778,0,0.0
9,40,3.2237140003417153,310.20121508731836,0,0.0
9,41,3.86072699984652,259.0185734551431,1,0.46875
9,42,3.2273010001517832,309.8564403980196,0,0.0
9,43,3.8758869995945133,258.00545787444725,1,0.289306640625
9,44,3.9002090015856083,256.3965160824601,1,0.501953125
9,45,3.210500999557553,311.4778659585568,0,0.0
9,46,3.2116460024553817,311.36681914366517,0,0.0
9,47,3.2338500022888184,309.2289374251221,0,0.0
9,48,3.814159001194639,262.18099447002294,1,0.25390625
9,49,3.2056300005933736,311.9511608685021,0,0.0
9,50,3.1930160002957564,313.18352301002375,0,0.0
9,51,3.2457740016980097,308.0929231292306,0,0.0
9,52,3.8516320018970873,259.63020338066013,1,0.264404296875
9,53,3.2593570031167474,306.8089807418316,0,0.0
9,54,4.224549000355182,236.71165843168686,1,0.392333984375
9,55,3.9741890032019,251.6236643990324,1,0.319091796875
9,56,4.011559001810383,249.27964403582456,1,0.61865234375
9,57,3.90121599775739,256.3303340740038,1,0.72509765625
9,58,3.9309449966822285,254.39175588669232,1,0.7841796875
9,59,3.773070999159245,265.0360939995114,1,0.42626953125
9,60,4.511223000008613,221.66937879109298,2,0.6318359375
9,61,3.2193500010180287,310.6217092530412,0,0.0
9,62,3.958414999942761,252.62636687018923,1,0.25244140625
9,63,3.232568000385072,309.35157431518144,0,0.0
9,64,3.934355998353567,254.17120372901584,1,0.484375
9,65,3.921395000361372,255.01129060139215,1,0.42431640625
9,66,3.2231650002358947,310.2540515073888,0,0.0
9,67,4.0061280014924705,249.61758576547058,1,0.414794921875
9,68,3.2262160020763986,309.96064719671534,0,0.0
9,69,3.245395997510059,308.1288079381446,0,0.0
9,70,4.013443998701405,249.1625647009305,2,0.40966796875
9,71,3.262471000198275,306.5161345309201,0,0.0
9,72,4.006877999927383,249.57086290576433,2,0.4129638671875
9,73,3.7966870004311204,263.3875270430373,1,0.55810546875
9,74,3.7579740019282326,266.10082972551055,1,0.552734375
9,75,3.980457000579918,251.22743440120286,2,0.2989501953125
9,76,3.9292549990932457,254.50117140037233,2,0.491943359375
9,77,3.266617000917904,306.127103275041,0,0.0
9,78,3.837770000245655,260.56798607941334,1,0.64404296875
9,79,3.7849780019314494,264.2023281217768,1,0.673828125
9,80,3.841662000922952,260.30400377746713,1,0.8232421875
9,81,3.76528199922177,265.58435734871534,1,0.79833984375
9,82,3.9332259984803386,254.24422608473685,2,0.5189208984375
9,83,4.054356999404263,246.64823550243295,3,0.58642578125
9,84,4.071379000379238,245.61702555985394,3,0.4325358072916667
9,85,4.095405998668866,244.17603537354563,3,0.500244140625
9,86,4.118863002076978,242.78544819182866,3,0.6331380208333334
9,87,4.029523999633966,248.1682700216795,2,0.795166015625
9,88,4.130312998313457,242.11240174977854,3,0.6128743489583334
9,89,4.588163999869721,217.952104595301,2,0.830810546875
9,90,3.9981640002224594,250.11480268052026,2,0.82373046875
9,91,4.066405999765266,245.91740226079867,2,0.84619140625
9,92,3.9904120021674316,250.60068971746279,2,0.84130859375
9,93,4.0673670009709895,245.85929908987146,3,0.6834309895833334
9,94,4.187160997389583,238.82530445412385,3,0.4751790364583333
9,95,4.229639998811763,236.42674087651218,2,0.44287109375
9,96,4.091132002940867,244.4311254882904,2,0.452880859375
9,97,4.462879998754943,224.0705553989757,3,0.4991861979166667
9,98,4.361202001746278,229.29458429111696,2,0.650390625
9,99,4.281814002752071,233.5458754997917,2,0.3785400390625
9,100,3.8216550019569695,261.6667384910271,1,0.67578125
9,101,4.107567001483403,243.4531194838358,3,0.5436197916666666
9,102,4.0784669981803745,245.19016592414607,2,0.508056640625
9,103,4.267586999048945,234.32445553490896,4,0.4298095703125
9,104,3.8386230007745326,260.5100839020207,1,0.6943359375
9,105,3.929847000108566,254.46283276992054,1,0.289306640625
9,106,3.9560359982715454,252.7782862534405,2,0.3092041015625
9,107,3.8216659995669033,261.66598549253825,1,0.322509765625
9,108,3.860873002849985,259.00877839333975,1,0.2783203125
10,0,4.246681000950048,235.478012070199,0,0.0
10,1,3.6718480005220044,272.34242807922226,0,0.0
10,2,3.271004003181588,305.7165319967007,0,0.0
10,3,3.2652310001139995,306.25704581546813,0,0.0
10,4,3.23150300027919,309.4535267067998,0,0.0
10,5,3.210312999726739,311.49610648093187,0,0.0
10,6,3.185753001162084,313.8975305477935,0,0.0
10,7,3.4331560018472373,291.2771803733771,0,0.0
10,8,3.6988860010751523,270.35166796417377,0,0.0
10,9,4.481152998778271,223.1568527726318,1,0.3173828125
10,10,4.471123997063842,223.65740709868336,1,0.4072265625
10,11,3.738707000593422,267.47215008859376,0,0.0
10,12,3.6949239984096494,270.641561350224,0,0.0
10,13,4.26242699904833,234.60812354634334,1,0.310791015625
10,14,3.7654870029655285,265.56989818646167,0,0.0
10,15,3.6926239990862086,270.8101339988756,0,0.0
10,16,3.7241290010570083,268.51916239103775,0,0.0
10,17,4.543276001641061,220.10549208077902,2,0.2811279296875
10,18,4.623475000698818,216.28753261320855,2,0.3829345703125
10,19,4.659656999137951,214.60807097711327,2,0.4324951171875
10,20,4.512693998549366,221.5971214359884,1,0.27978515625
10,21,3.667713001050288,272.6494684054176,0,0.0
10,22,4.603072997269919,217.24617458665105,2,0.4190673828125
10,23,4.378592999273678,228.38386672748075,1,0.5078125
10,24,3.727762999915285,268.2573972708902,0,0.0
10,25,4.602838998835068,217.25721891491096,2,0.357421875
10,26,4.491372001211857,222.64911473157446,2,0.55810546875
10,27,3.758850998565322,266.03874438802706,0,0.0
10,28,4.400442998303333,227.24984743253515,2,0.508544921875
10,29,4.444480000529438,224.9981999875975,1,0.466796875
10,30,4.255133000697242,235.010280486213,1,0.54296875
10,31,4.520978000073228,221.19107856393077,2,0.3546142578125
10,32,4.41873000090709,226.3093693877465,2,0.5113525390625
10,33,4.253953000443289,235.07546977970694,1,0.5908203125
10,34,4.225300002872245,236.669585430674,1,0.462890625
10,35,4.213134998281021,237.35294511284465,1,0.29736328125
10,36,3.9892759996291716,250.67205179409905,1,0.271240234375
10,37,4.278458000044338,233.72906780658752,3,0.34765625
10,38,3.923218999261735,254.89272971714766,1,0.43017578125
10,39,3.81499899958726,262.1232666399621,1,0.5234375
10,40,4.092944000149146,244.32291278931748,3,0.4251302083333333
10,41,4.157688999839593,240.5182302087965,2,0.5306396484375
10,42,4.393903000163846,227.5880919452957,4,0.38189697265625
10,43,3.9862180019554216,250.86435300564455,2,0.3909912109375
10,44,4.093618998012971,244.28262632291785,3,0.521484375
10,45,3.946371998608811,253.39729765782943,2,0.490478515625
10,46,3.8703430000168737,258.3750329093934,1,0.79931640625
10,47,4.0492209991498385,246.96108219579935,1,0.86865234375
10,48,4.103694998775609,243.6828273783415,3,0.4635416666666667
10,49,4.061242001625942,246.23009404503452,2,0.828369140625
10,50,4.032793000078527,247.96710368732732,2,0.770263671875
10,51,4.142919999139849,241.37564814372942,3,0.6306966145833334
10,52,3.928054000425618,254.57898488453736,2,0.78759765625
10,53,4.092901999683818,244.32541997762257,2,0.8310546875
10,54,4.087090001121396,244.67286008520117,3,0.6432291666666666
10,55,4.107152999495156,243.47765961553372,3,0.5855305989583334
10,56,3.9174480007204693,255.26822559382717,2,0.4173583984375
10,57,4.490848001296399,222.67509381553867,1,0.405517578125
10,58,4.386927997984458,227.94994594382283,3,0.3665364583333333
10,59,3.8239790010266006,261.5077121844906,1,0.61865234375
10,60,4.137321000598604,241.70229959321892,2,0.556640625
10,61,4.163816000072984,240.16431081067748,2,0.621337890625
10,62,5.145792998519028,194.33350705864044,2,0.5869140625
10,63,3.9333729982899968,254.23472435356175,1,0.80419921875
10,64,3.729673000634648,268.12002012772655,1,0.6826171875
10,65,3.9569410000694916,252.72047270415152,2,0.603759765625
10,66,4.0388420020462945,247.59572161855954,3,0.5809733072916666
10,67,4.394773997773882,227.54298639851277,3,0.5641276041666666
10,68,4.503586002101656,222.04527670468315,4,0.51513671875
10,69,4.41261800006032,226.6228347856828,2,0.3360595703125
10,70,4.248852997989161,235.3576366311723,1,0.38671875
10,71,3.2915209994826,303.8109129965119,0,0.0
10,72,3.301669999927981,302.87702890410395,0,0.0
10,73,3.2614129995636176,306.61556820120654,0,0.0
11,0,4.287587002181681,233.23141885894407,0,0.0
11,1,4.121714999200776,242.61745418931335,0,0.0
11,2,3.3523950005474035,298.29420454233843,0,0.0
11,3,3.3034049993148074,302.71795320507783,0,0.0
11,4,3.2455629989271984,308.11295307795416,0,0.0
11,5,3.4528180003690068,289.6185086770078,0,0.0
11,6,3.3685230009723455,296.86601507881755,0,0.0
11,7,3.2290399976773188,309.6895674006238,0,0.0
11,8,4.426509000040824,225.91166085752394,1,0.449462890625
11,9,3.2871069997781888,304.21887698437536,0,0.0
11,10,3.2413500011898577,308.51342793370446,0,0.0
11,11,3.9717770014249254,251.77647175086548,1,0.2744140625
11,12,3.2219400018220767,310.3720117179334,0,0.0
11,13,3.9885160003905185,250.71981656889162,1,0.546875
11,14,3.7796680007886607,264.57350216774097,0,0.0
11,15,3.654478998214472,273.6368167633707,0,0.0
11,16,4.288658998120809,233.17312018469568,1,0.2958984375
11,17,3.66409699927317,272.91853905569786,0,0.0
11,18,4.3067820006399415,232.1919242374958,1,0.303955078125
11,19,3.7570059976133052,266.1693914343669,0,0.0
11,20,3.6477900030149613,274.13858779520825,0,0.0
11,21,3.7264820020936895,268.34961216454536,0,0.0
11,22,3.808943001786247,262.54002738582295,0,0.0
11,23,3.6890789997414686,271.0703674467476,0,0.0
11,24,3.6999439980718307,270.27436105009554,0,0.0
11,25,3.7227200009510852,268.6207933297478,0,0.0
11,26,3.6556119994202163,273.55200720388297,0,0.0
11,27,4.536259999440517,220.4459180301252,1,0.453369140625
11,28,4.3441840025479905,230.192827793084,1,0.4130859375
11,29,3.805285999987973,262.7923367660566,0,0.0
11,30,4.548775003058836,219.8394071651263,1,0.60009765625
11,31,4.313107001507888,231.85142396198242,1,0.4609375
11,32,3.7037160000181757,269.99910360165103,0,0.0
11,33,4.311189000873128,231.9545721139746,1,0.27978515625
11,34,4.341347997979028,230.34320226471527,1,0.8232421875
11,35,4.475614998227684,223.43298080732902,1,0.420654296875
11,36,4.7930170003382955,208.63685647879385,1,0.332763671875
11,37,3.764438999496633,265.6438316927745,0,0.0
11,38,3.766125999391079,265.52483909504986,0,0.0
11,39,4.737377999845194,211.0872301160426,3,0.4005533854166667
11,40,3.7029890008852817,270.0521118914822,0,0.0
11,41,3.7264410020725336,268.3525646706416,0,0.0
11,42,4.004538001026958,249.7166963438857,1,0.2958984375
11,43,3.3005060031428,302.98384521881866,0,0.0
11,44,3.2376140006817877,308.869432795082,0,0.0
11,45,3.336779998790007,299.6901205241649,0,0.0
11,46,3.246411000873195,308.032470235909,0,0.0
11,47,3.2613760013191495,306.6190465605694,0,0.0
11,48,3.2784239992906805,305.02460945148033,0,0.0
11,49,3.2589000002190005,306.8520052572338,0,0.0
11,50,3.215417000319576,311.0016523208689,0,0.0
11,51,3.2649169988872018,306.28649988371376,0,0.0
11,52,3.2738510017225053,305.4506755114572,0,0.0
11,53,3.8817959975858685,257.61271345065813,1,0.34521484375
11,54,3.2885280015761964,304.08742133887824,0,0.0
11,55,4.301984001358505,232.4508877030259,3,0.3450520833333333
11,56,3.9047350001055747,256.0993255555018,1,0.29248046875
11,57,3.242832997784717,308.37234007521573,0,0.0
11,58,3.9425600007234607,253.64230343139985,1,0.416748046875
11,59,3.2842299988260493,304.4853741538963,0,0.0
11,60,3.1747880020702723,314.981661562253,0,0.0
11,61,3.2547150003665593,307.2465637966384,0,0.0
11,62,3.232620998460334,309.3465025675111,0,0.0
11,63,3.2337839984393213,309.235249009401,0,0.0
11,64,3.8829369987070095,257.53701394923297,1,0.2509765625
11,65,3.898005001246929,256.5414871658992,1,0.262939453125
11,66,3.1970179989002645,312.7914826704097,0,0.0
11,67,3.2284720000461675,309.7440522902785,0,0.0
11,68,3.209840000636177,311.5420082626561,0,0.0
11,69,3.249571000196738,307.7329284202306,0,0.0
11,70,4.131216002861038,242.0594806244599,2,0.473388671875
11,71,4.046100999403279,247.1515170153885,1,0.478515625
11,72,4.3912449982599355,227.72585004850734,2,0.4442138671875
11,73,4.124320999835618,242.464153503051,1,0.61328125
11,74,3.9043579999997746,256.12405419791367,1,0.466796875
11,75,4.216036002617329,237.18962536828354,3,0.462890625
11,76,4.832255002838792,206.94272123729658,2,0.574462890625
11,77,3.82777200138662,261.2485800193291,1,0.486328125
11,78,3.305125999759184,302.5603260126426,0,0.0
11,79,3.2389230000262614,308.7446042996057,0,0.0
11,80,3.9678760003880598,252.02400475775949,1,0.466796875
11,81,3.9437879968318157,253.56332561571142,1,0.346923828125
11,82,3.988715001469245,250.70730790032616,1,0.329345703125
11,83,3.2648870001139585,306.2893141370883,0,0.0
11,84,4.060239996761084,246.29085985008658,1,0.251708984375
11,85,3.20557099985308,311.9569025442995,0,0.0
11,86,3.9791630006220657,251.30913205708566,2,0.3687744140625
11,87,4.015697999420809,249.0227104090576,1,0.2998046875
11,88,3.7902119984210003,263.83748466222977,1,0.33447265625
11,89,3.9664719988650177,252.1132130230956,1,0.466796875
11,90,3.9026769991323818,256.2343745645139,1,0.556640625
11,91,3.8288039977487642,261.1781644053792,1,0.55810546875
11,92,3.212482999515487,311.28569401015415,0,0.0
11,93,3.251550002460135,307.54563185047016,0,0.0
11,94,3.8184209988685325,261.8883565474625,1,0.262939453125
11,95,3.1909190001897514,313.38934016831325,0,0.0
11,96,3.9993370010051876,250.04144430655916,2,0.4005126953125
11,97,3.8050270013627596,262.8102243799723,1,0.751953125
11,98,3.809548998106038,262.49826436073187,1,0.8056640625
11,99,4.002032997959759,249.8730021740953,2,0.548828125
11,100,3.992695001215907,250.45739774650133,2,0.51708984375
11,101,4.252479997376213,235.15689682655807,4,0.52557373046875
11,102,4.172419001406524,239.6691223155919,3,0.4324544270833333
11,103,4.240619000484003,235.8146298655609,4,0.474365234375
11,104,4.7145800017460715,212.10797136322734,3,0.61669921875
11,105,4.193435997876804,238.4679295227861,2,0.810302734375
11,106,4.2853910017583985,233.3509356765056,3,0.6734212239583334
11,107,4.070623999723466,245.66258147840085,2,0.8115234375
11,108,3.966757998568937,252.0950358859209,2,0.824951171875
11,109,4.0190219988289755,248.81675200866542,2,0.806640625
11,110,3.981366000516573,251.17007576551674,2,0.78466796875
11,111,4.11541900029988,242.98862398388414,3,0.573486328125
11,112,3.9898040013213176,250.63887841829484,2,0.82666015625
11,113,3.8012559998605866,263.0709428769532,1,0.66015625
11,114,3.799678997893352,263.1801266776556,1,0.501953125
11,115,3.785806999076158,264.14447441299245,1,0.6279296875
11,116,3.7883289987803437,263.9686258300034,1,0.5
11,117,3.9850850007496774,250.9356763561829,2,0.3798828125
11,118,4.021587999886833,248.65799281978659,1,0.5849609375
11,119,3.777600002649706,264.71833950089325,1,0.767578125
11,120,4.256642998370808,234.92691315262783,2,0.4796142578125
11,121,3.8472889973490965,259.9232864203941,1,0.2568359375
11,122,4.0003350004553795,249.97906422491232,2,0.3658447265625
11,123,4.140012999414466,241.5451352789068,3,0.285888671875
11,124,3.231382001104066,309.46511420139433,0,0.0
11,125,3.165471000102116,315.90875416888696,0,0.0
11,126,3.275892999226926,305.26027566712,0,0.0
11,127,3.2346090010832995,309.15637706600427,0,0.0
11,128,3.19551299980958,312.9387988906914,0,0.0
11,129,3.193263997673057,313.1592003444449,0,0.0
11,130,3.169124000123702,315.5446110537065,0,0.0
11,131,3.164589001244167,315.9968007241532,0,0.0
11,132,3.217391000362113,310.81084017685487,0,0.0
11,133,3.195100998709677,312.97915164617467,0,0.0
11,134,3.8478599999507423,259.8847151436906,1,0.79296875
11,135,3.852371999528259,259.58033131858883,1,0.5390625
11,136,3.767913000046974,265.3989091540949,1,0.74169921875
11,137,3.9418029991793446,253.6910140380412,2,0.656005859375
11,138,3.955356001824839,252.8217433623272,1,0.6669921875
11,139,4.305726997699821,232.24881664216375,4,0.40911865234375
11,140,3.938934998586774,253.8757304598283,2,0.5809326171875
11,141,3.799069996603066,263.22231517033083,1,0.394287109375
11,142,3.6149520019534975,276.628845821357,0,0.0
11,143,3.231014001357835,309.5003610568539,0,0.0
11,144,3.2529020027141087,307.4178069814691,0,0.0
11,145,3.1930900004226714,313.17626495577304,0,0.0
11,146,3.2295149976562243,309.6440179797078,0,0.0
12,0,5.183753000892466,192.91042606154923,1,0.806640625
12,1,5.000942001061048,199.96232705514888,1,0.75048828125
12,2,4.0191150001192,248.81099445284391,1,0.796875
12,3,4.345477998867864,230.12428097910794,3,0.3889973958333333
12,4,4.1653580010461155,240.07540282224323,3,0.4850260416666667
12,5,4.120991998206591,242.6600198290093,2,0.5364990234375
12,6,3.8923040010558907,256.9172396936939,1,0.84716796875
12,7,3.925510001863586,254.74396945244382,1,0.556640625
12,8,3.9716210012556985,251.78636120713236,1,0.2958984375
12,9,3.269181001087418,305.8870095193178,0,0.0
12,10,3.2156179986486677,310.98221257010016,0,0.0
12,11,3.2438050002383534,308.2799366566487,0,0.0
12,12,3.23341599869309,309.2704435198529,0,0.0
12,13,3.557240001100581,281.1168208191205,0,0.0
12,14,3.6590329982573166,273.29625080622907,0,0.0
12,15,3.685507002956001,271.333089096816,0,0.0
12,16,3.7031169995316304,270.042777510535,0,0.0
12,17,3.709036998770898,269.61176184852843,0,0.0
12,18,4.359375001513399,229.39068092394905,1,0.51171875
12,19,4.252438997355057,235.15916409899884,0,0.0
12,20,3.782785999646876,264.3554248359147,0,0.0
12,21,3.6827490002906416,271.5362898533352,0,0.0
12,22,3.823779999947874,261.52132183693413,0,0.0
12,23,3.8031009971746244,262.9433193446384,0,0.0
12,24,3.7194639990048017,268.85594275615114,0,0.0
12,25,3.729069998371415,268.16337597222014,0,0.0
12,26,3.713539001182653,269.2849057681983,0,0.0
12,27,3.7661030000890605,265.52646063486634,0,0.0
12,28,3.6605579989554826,273.18239467462166,0,0.0
12,29,3.701760000694776,270.14177035040416,0,0.0
12,30,3.6702079996757675,272.46412194849495,0,0.0
12,31,3.6851069999102037,271.3625411757019,0,0.0
12,32,3.705584997078404,269.8629233409652,0,0.0
12,33,3.6849280004389584,271.3757229125989,0,0.0
12,34,4.353574000560911,229.69633681916528,1,0.25390625
12,35,3.7490929971681908,266.7311802495515,0,0.0
12,36,3.7688780030293856,265.3309550471547,0,0.0
12,37,3.647463003289886,274.16316467035705,0,0.0
12,38,3.667179000331089,272.6891705885411,0,0.0
12,39,3.641580002295086,274.60607740864003,0,0.0
12,40,3.700190998642938,270.2563192999374,0,0.0
12,41,3.6407289990165737,274.67026528756134,0,0.0
12,42,3.636744000687031,274.97123795655847,0,0.0
12,43,3.7302310011000372,268.079912398214,0,0.0
12,44,4.288734999136068,233.16898810522034,1,0.4765625
12,45,4.049570001370739,246.93979846292567,1,0.33447265625
12,46,3.97351100036758,251.66659911284816,1,0.6689453125
12,47,4.1625789999670815,240.23568081420393,2,0.3011474609375
12,48,3.9692919999652077,251.9340980730985,1,0.6669921875
12,49,4.031724001833936,248.03285134228523,2,0.445556640625
12,50,4.164731002674671,240.11154606570764,2,0.41357421875
12,51,3.525932002958143,283.6129565632668,0,0.0
12,52,3.2383580000896472,308.7984713154991,0,0.0
12,53,3.2294650009134784,309.64881171251045,0,0.0
12,54,3.1941669985826593,313.07066926799,0,0.0
12,55,3.182355998433195,314.23260015294994,0,0.0
12,56,3.2719119990360923,305.6316918959314,0,0.0
12,57,3.175986999849556,314.8627497679837,0,0.0
12,58,3.852841997286305,259.5486658171646,1,0.42626953125
12,59,3.902213000401389,256.26484251298893,1,0.329345703125
12,60,3.213537002011435,311.18359594866166,0,0.0
12,61,3.1817590024729725,314.2915598644541,0,0.0
12,62,3.254309001931688,307.2848950134795,0,0.0
12,63,3.2126860023709014,311.2660245234109,0,0.0
12,64,3.177736998623004,314.6893529682683,0,0.0
12,65,3.2308250010828488,309.5184665417775,0,0.0
12,66,4.284766000637319,233.3849736137888,4,0.43280029296875
12,67,4.622243999619968,216.34513454551902,5,0.514013671875
12,68,3.994899998360779,250.31915702779253,2,0.395751953125
12,69,4.228893001709366,236.46850360030123,4,0.455322265625
12,70,3.23425600072369,309.1901196987011,0,0.0
12,71,3.8325530003930908,260.92267997270585,1,0.294189453125
12,72,3.2869930000742897,304.22942792315007,0,0.0
12,73,3.300409000075888,302.99275028549687,0,0.0
12,74,4.3625359976431355,229.2244695608818,5,0.434228515625
12,75,4.453148001630325,224.56024359259874,5,0.5203125
12,76,6.083075000788085,164.3905425907861,7,0.5322614397321429
12,77,4.670270998758497,214.12033697098758,6,0.4725748697916667
12,78,4.786138000781648,208.93672515014924,6,0.5302327473958334
12,79,4.454783997061895,224.47777505251415,4,0.5594482421875
12,80,4.5851690010749735,218.09446931302952,5,0.57724609375
12,81,4.416690997459227,226.41384705773308,5,0.54931640625
12,82,4.705936000391375,212.49757750994354,4,0.5750732421875
12,83,4.556774001684971,219.45349925851647,5,0.4935546875
12,84,4.3723689996113535,228.70896763033653,4,0.6463623046875
12,85,4.958740999427391,201.6640917756089,3,0.5887044270833334
12,86,3.9980170004128013,250.12399894666493,2,0.4393310546875
12,87,3.3262069991906174,300.64274419581676,0,0.0
12,88,3.2104009987961035,311.4875681807347,0,0.0
12,89,3.162452998367371,316.2102331690792,0,0.0
12,90,3.1855809975240845,313.9144792668043,0,0.0
12,91,3.1433209987881128,318.1348644906275,0,0.0
12,92,3.180592000717297,314.40687764242534,0,0.0
12,93,3.1400199986819644,318.46930924635956,0,0.0
12,94,3.192005002347287,313.2827170585997,0,0.0
12,95,3.193857002770528,313.10105591219167,0,0.0
12,96,3.139720000035595,318.49973882660333,0,0.0
12,97,3.167034999933094,315.7527466608755,0,0.0
12,98,3.148873001919128,317.5739381647132,0,0.0
12,99,3.1917170017550234,313.31098573279894,0,0.0
12,100,3.149416999804089,317.519083710479,0,0.0
12,101,3.1524509977316484,317.213495378533,0,0.0
12,102,3.150586999254301,317.4011700793172,0,0.0
12,103,3.21122500099591,311.4076402898788,0,0.0
12,104,4.357089997938601,229.51098106146847,1,0.4072265625
12,105,3.760284998861607,265.93728940831375,1,0.69091796875
12,106,3.167139999277424,315.7422785946146,0,0.0
12,107,3.1785309984115884,314.61074329611114,0,0.0
12,108,3.175301997544011,314.9306745542522,0,0.0
12,109,3.195782999682706,312.9123598502418,0,0.0
13,0,6.643019001785433,150.5339665190227,0,0.0
13,1,6.993133996729739,142.99740294804002,1,0.26513671875
13,2,3.9399270026478916,253.8118090329932,1,0.552734375
13,3,4.27712300006533,233.80202065377256,2,0.457763671875
13,4,4.527041000983445,220.89484053331128,2,0.596435546875
13,5,4.2823949988815,233.51419013453582,3,0.4715169270833333
13,6,4.385432999697514,228.02765429752893,3,0.4739583333333333
13,7,4.144908001762815,241.25987828311352,3,0.5704752604166666
13,8,4.105518000869779,243.5746231749913,3,0.59228515625
13,9,4.612597000232199,216.79760879818025,5,0.490673828125
13,10,5.0417019992892165,198.34571740673704,4,0.42864990234375
13,11,4.518261001067003,221.32408901651465,4,0.4608154296875
13,12,4.280073000700213,233.64087477863148,4,0.39068603515625
13,13,4.100513000594219,243.8719252579096,3,0.418212890625
13,14,4.046613001264632,247.1202459161486,1,0.30908203125
13,15,3.2221809997281525,310.348797936667,0,0.0
13,16,3.811264999967534,262.380075908791,1,0.375732421875
13,17,3.2055470001068898,311.95923814770293,0,0.0
13,18,3.9204620006785262,255.07197871754067,1,0.32763671875
13,19,3.2185570016736165,310.69824131746316,0,0.0
13,20,3.168506002111826,315.60615612957486,0,0.0
13,21,4.399966997880256,227.27443194045856,2,0.302490234375
13,22,4.188345003058203,238.75779079083273,1,0.25537109375
13,23,4.022666998935165,248.5912953432906,1,0.47265625
13,24,3.404879000299843,293.6961929959735,0,0.0
13,25,3.3934610000869725,294.6843944793739,0,0.0
13,26,3.4335450000071432,291.2441805766109,0,0.0
13,27,4.145424001762876,241.2298475559416,1,0.4072265625
13,28,4.090170998097165,244.48855572669737,1,0.385009765625
13,29,3.444452999247005,290.3218595865906,0,0.0
13,30,4.278189000615384,233.74376397493373,2,0.3095703125
13,31,4.136677998758387,241.73986960071522,1,0.312255859375
13,32,3.4947359999932814,286.14464726432055,0,0.0
13,33,3.458262999629369,289.16250733595814,0,0.0
13,34,3.5095339990220964,284.9381143703529,0,0.0
13,35,3.7784279993502423,264.6603296852461,0,0.0
13,36,3.50546600020607,285.2687773725989,0,0.0
13,37,4.239070000039646,235.9007989937999,1,0.4091796875
13,38,3.423022000788478,292.1395187555483,0,0.0
13,39,3.397210999537492,294.3591081437519,0,0.0
13,40,4.160720000072615,240.3430175504594,1,0.375732421875
13,41,3.9718120024190284,251.77425300868998,1,0.325927734375
13,42,4.217838002659846,237.08829010724963,1,0.2783203125
13,43,3.4216799977002665,292.25409759887145,0,0.0
13,44,3.3994400000665337,294.16609793978654,0,0.0
13,45,4.130602999794064,242.0954035161104,1,0.59619140625
13,46,4.148178999457741,241.0696356475268,1,0.5390625
13,47,4.177198999968823,239.39486723219642,1,0.48828125
13,48,4.303966001316439,232.34384279386347,2,0.4954833984375
13,49,4.174308000074234,239.56066490115643,1,0.6689453125
13,50,3.401565001695417,293.9823285756931,0,0.0
13,51,3.4622509992914274,288.82943501342237,0,0.0
13,52,3.81237500187126,262.3036819591886,1,0.445556640625
13,53,3.993529000581475,250.40509280248014,1,0.416748046875
13,54,3.1777709991729353,314.6859859506131,0,0.0
13,55,3.932630999770481,254.28269269564387,1,0.373779296875
13,56,3.802036000706721,263.01697296241286,1,0.29248046875
13,57,3.7498169986065477,266.67968073418126,1,0.71044921875
13,58,4.224525997415185,236.71294734885268,3,0.383056640625
13,59,4.097812998224981,244.03260969526,2,0.4664306640625
13,60,3.775694000069052,264.85197157971794,1,0.289306640625
13,61,3.7725509973824956,265.07262610732863,1,0.39599609375
13,62,4.2469229993002955,235.46459405191845,2,0.4393310546875
13,63,3.805628999543842,262.76865141606396,1,0.474609375
13,64,3.187425998476101,313.7327738677218,0,0.0
13,65,3.1728800022392534,315.1710746370024,0,0.0
13,66,3.784917000302812,264.2065862791694,1,0.281494140625
13,67,3.754867000679951,266.3210174471998,1,0.537109375
13,68,3.9125180010159966,255.58987836997085,2,0.410400390625
13,69,4.080355000041891,245.07671513624024,3,0.3345540364583333
13,70,4.6181899997463915,216.5350494576696,2,0.613037109375
13,71,3.944002000935143,253.549567105416,1,0.498046875
13,72,3.999982996901963,250.0010626981446,2,0.386474609375
13,73,3.7534539987973403,266.4212749964204,1,0.25390625
13,74,4.551268997602165,219.7189400421838,2,0.322265625
13,75,3.8554339989786968,259.37417169244753,1,0.42431640625
13,76,3.8553949998458847,259.3767953841238,1,0.2958984375
13,77,3.2161490016733296,310.93086777997854,0,0.0
13,78,3.9226650005730335,254.92872826354463,1,0.55810546875
13,79,3.85573599851341,259.3538562768698,1,0.35400390625
13,80,4.006015999038937,249.62456471464543,1,0.449462890625
13,81,3.284280999650946,304.4806458723478,0,0.0
13,82,3.1728440008009784,315.174650801474,0,0.0
13,83,3.211529001418967,311.3781627250337,0,0.0
13,84,3.2029309986683074,312.2140315903693,0,0.0
13,85,3.1886259966995567,313.6147045890824,0,0.0
13,86,3.155935999529902,316.8632063986585,0,0.0
13,87,3.1590489998052362,316.5509620337173,0,0.0
13,88,3.207626999937929,311.75694680813916,0,0.0
13,89,3.174994999426417,314.96112597993266,0,0.0
13,90,3.1644180016883183,316.0138766327546,0,0.0
13,91,3.22747099926346,309.84011947069695,0,0.0
13,92,3.157033999741543,316.7530030027763,0,0.0
13,93,3.163860001222929,316.06961104899375,0,0.0
13,94,3.1761509999341797,314.84649187671596,0,0.0
13,95,3.198553000402171,312.6413724813266,0,0.0
13,96,3.1440519996976946,318.0608972422058,0,0.0
13,97,3.165612997690914,315.8945836807682,0,0.0
13,98,3.150284999719588,317.4315974868977,0,0.0
14,0,9.102658001211239,109.85802167531018,0,0.0
14,1,3.527340002619894,283.49974747465814,0,0.0
14,2,3.291605997219449,303.80306781696834,0,0.0
14,3,3.2349629982491024,309.12254654573854,0,0.0
14,4,4.12061500173877,242.6822208767457,1,0.32080078125
14,5,3.202683001291007,312.23820765180267,0,0.0
14,6,3.2546029979130253,307.2571372426185,0,0.0
14,7,3.1672010009060614,315.7361972650058,0,0.0
14,8,3.220556001906516,310.5053908107844,0,0.0
14,9,3.2570940020377748,307.02214899980106,0,0.0
14,10,3.207516001566546,311.76773537890426,0,0.0
14,11,3.725703001691727,268.4057208923875,0,0.0
14,12,3.6533569982566405,273.72085467617694,0,0.0
14,13,3.662945000542095,273.00437212461713,0,0.0
14,14,3.693140999530442,270.7722234615855,0,0.0
14,15,3.6207659977662843,276.1846528101838,0,0.0
14,16,3.622639000241179,276.04185786478433,0,0.0
14,17,3.6786040000151843,271.8422532014515,0,0.0
14,18,3.7258709999150597,268.3936185720862,0,0.0
14,19,3.6422090015548747,274.55865371072764,0,0.0
14,20,3.6223509996489156,276.06380499761667,0,0.0
14,21,3.6525830000755377,273.77885731257015,0,0.0
14,22,3.6859589999949094,271.2998164117889,0,0.0
14,23,3.6286020003899466,275.5882292664049,0,0.0
14,24,3.6900690029142424,270.99764237748593,0,0.0
14,25,3.7278370000422,268.2520721771579,0,0.0
14,26,3.621576001023641,276.1228812310854,0,0.0
14,27,3.6395930001162924,274.7559960600122,0,0.0
14,28,3.680595000332687,271.69520143064113,0,0.0
14,29,3.6407740008144174,274.666870224932,0,0.0
14,30,3.6639169993577525,272.9319469232763,0,0.0
14,31,3.706109000631841,269.8247676551104,0,0.0
14,32,3.867737999826204,258.54905374793606,0,0.0
14,33,3.7128389994904865,269.3356755133283,0,0.0
14,34,3.6727120022987947,272.2783597989954,0,0.0
14,35,3.664244999527,272.90751577175797,0,0.0
14,36,3.6564049987646285,273.49267937711085,0,0.0
14,37,3.6107970008742996,276.94716699882747,0,0.0
14,38,3.6063020015717484,277.29236197194973,0,0.0
14,39,3.613418997701956,276.74620646982123,0,0.0
14,40,3.6026780035172123,277.5712953041384,0,0.0
14,41,3.655311000329675,273.5745330314737,0,0.0
14,42,3.138165000564186,318.6575593763291,0,0.0
14,43,3.1703950007795356,315.41811028408773,0,0.0
14,44,3.1905270006973296,313.42784429701976,0,0.0
14,45,3.1834469991736114,314.12490933871027,0,0.0
14,46,3.243323997594416,308.32565625318443,0,0.0
14,47,3.1853079999564216,313.9413833807221,0,0.0
14,48,3.141442000924144,318.32515122221633,0,0.0
14,49,3.247024997108383,307.97422283183636,0,0.0
14,50,3.210193000995787,311.5077503719573,0,0.0
14,51,3.3046169992303476,302.6069284981897,0,0.0
14,52,3.196581998054171,312.83414616259546,0,0.0
14,53,3.1561420000798535,316.84252482134804,0,0.0
14,54,3.2060760022432078,311.90776491272385,0,0.0
14,55,3.1794240021554288,314.5223786830789,0,0.0
14,56,3.1827579987293575,314.1929108022749,0,0.0
14,57,3.281083998444956,304.7773237362842,0,0.0
14,58,3.1393280005431734,318.53950903727736,0,0.0
14,59,3.8551020006707404,259.3965087891351,1,0.33984375
14,60,3.179543997248402,314.5105086972869,0,0.0
14,61,3.240117999666836,308.63073508521126,0,0.0
14,62,4.155081998760579,240.6691372873725,1,0.27978515625
14,63,3.292862998932833,303.6870954923071,0,0.0
14,64,3.153450998070184,317.1129028521355,0,0.0
14,65,4.029897001601057,248.1452998929514,2,0.363525390625
14,66,3.1942590030666906,313.06165186978785,0,0.0
14,67,3.7643910000042524,265.6472188991182,1,0.390380859375
14,68,3.2985400030156597,303.1644300465537,0,0.0
14,69,3.9914180015330203,250.53752817067038,1,0.267333984375
14,70,3.23676100015291,308.9508307696361,0,0.0
14,71,3.1626939999114256,316.1861375232653,0,0.0
14,72,3.1865679993643425,313.8172479606524,0,0.0
14,73,3.17469600122422,314.990789547844,0,0.0
14,74,3.165312999044545,315.9245231993966,0,0.0
14,75,3.220070997485891,310.55215887499435,0,0.0
14,76,3.160125997965224,316.4430787392309,0,0.0
14,77,3.246193999075331,308.0530616114894,0,0.0
14,78,4.071278002811596,245.62311866431304,1,0.385009765625
14,79,4.096561999176629,244.1071318342041,2,0.374755859375
14,80,3.9597209979547188,252.54304546116293,1,0.533203125
14,81,3.8966290012467653,256.6320785684344,1,0.43408203125
14,82,4.27710400254,233.80305912742367,3,0.343994140625
14,83,3.8046879999455996,262.8336410276738,1,0.325927734375
14,84,4.5246570007293485,221.01122799779205,4,0.34228515625
14,85,4.237974000716349,235.96180623830372,3,0.4971516927083333
14,86,4.119671997614205,242.73777149712953,3,0.4683430989583333
14,87,3.2126490004884545,311.2696095489918,0,0.0
14,88,3.907124999386724,255.942668882353,1,0.437744140625
14,89,3.8648540030408185,258.74198591026015,1,0.414794921875
14,90,4.142841000430053,241.3802508704036,2,0.4677734375
14,91,4.021952998300549,248.63542672491295,1,0.59814453125
14,92,4.35234199903789,229.7613561206945,3,0.4497884114583333
14,93,4.459457002667477,224.24254778145368,4,0.54669189453125
14,94,4.24660999851767,235.48194921338714,4,0.570556640625
14,95,4.293254001822788,232.92355858177262,3,0.7093098958333334
14,96,4.308423998736544,232.10343278499343,3,0.6795247395833334
14,97,4.068897000252036,245.7668503130106,2,0.620361328125
14,98,4.581198001687881,218.28351440639838,3,0.5201009114583334
14,99,4.002972000307636,249.8143878905843,2,0.5361328125
14,100,3.9919179980643094,250.50614779284103,2,0.531982421875
14,101,3.766385001654271,265.50657980020105,1,0.455078125
14,102,3.8326779977069236,260.91417035250447,1,0.615234375
14,103,3.5146360023645684,284.52448541676074,0,0.0
14,104,3.926262001186842,254.6951781867122,1,0.2568359375
14,105,3.2460799993714318,308.0638801858362,0,0.0
14,106,3.214952001144411,311.0466344891105,0,0.0
14,107,3.1580899994878564,316.64708737311753,0,0.0
14,108,3.2266489979519974,309.919052439455,0,0.0
14,109,3.20920200101682,311.6039438100671,0,0.0
14,110,3.199025999492733,312.59514619717663,0,0.0
14,111,3.205582997907186,311.95573493272997,0,0.0
14,112,3.8357759985956363,260.70344054661234,1,0.392333984375
14,113,3.15806800063001,316.6492931122787,0,0.0
14,114,3.1703490021754988,315.422686686481,0,0.0
14,115,3.8244390016188845,261.47625823727356,1,0.5234375
14,116,3.8692410016665235,258.4486206905409,1,0.6806640625
14,117,3.228030000173021,309.78646417362927,0,0.0
14,118,3.15302500166581,317.15574709102486,0,0.0
14,119,3.802832001383649,262.9619188110737,1,0.63525390625
15,0,4.4698600031551905,223.72065328536436,0,0.0
15,1,3.5300769995956216,283.27993981846635,0,0.0
15,2,3.233952000300633,309.2191844242087,0,0.0
15,3,3.367438999703154,296.96157824630285,0,0.0
15,4,3.2121200019901153,311.3208720036722,0,0.0
15,5,3.232803999708267,309.3289912070888,0,0.0
15,6,3.1835689987929072,314.11287155364414,0,0.0
15,7,4.021626999019645,248.65558149569085,1,0.289306640625
15,8,3.200925999408355,312.40959653076504,0,0.0
15,9,3.1693049968453124,315.52659052864516,0,0.0
15,10,3.2231030018010642,310.2600194412657,0,0.0
15,11,3.181628999300301,314.30440199656164,0,0.0
15,12,3.8616919991909526,258.9538472279783,1,0.474609375
15,13,3.4197610002593137,292.418095862305,0,0.0
15,14,4.371122002339689,228.77421391229515,2,0.3626708984375
15,15,4.363076997833559,229.19604684871243,1,0.262939453125
15,16,4.289259999495698,233.14044849637773,1,0.342529296875
15,17,4.259411998646101,234.77418956369107,1,0.273681640625
15,18,3.6914539996359963,270.8959667650219,0,0.0
15,19,3.6244580005586613,275.903321226474,0,0.0
15,20,3.613870998378843,276.71159276260636,0,0.0
15,21,3.6830889985139947,271.5112234332288,0,0.0
15,22,3.691077999974368,270.9235621698984,0,0.0
15,23,3.6017279999214225,277.64450841979647,0,0.0
15,24,3.638117999798851,274.86739024278194,0,0.0
15,25,4.27093899997999,234.14054848469746,1,0.281494140625
15,26,4.77558000056888,209.39864893497278,1,0.4111328125
15,27,4.340200001024641,230.4041287875947,1,0.294189453125
15,28,4.460633001144743,224.18342861727643,1,0.282958984375
15,29,3.634721000707941,275.12428046202945,0,0.0
15,30,4.590688000462251,217.8322726134529,2,0.446533203125
15,31,4.4611710000026505,224.15639301865045,2,0.6231689453125
15,32,4.426700998010347,225.90186245907876,1,0.482421875
15,33,4.430044999025995,225.73134137911995,1,0.81298828125
15,34,4.340294999565231,230.39908579950682,1,0.607421875
15,35,4.310168002120918,232.0095178442991,1,0.34326171875
15,36,3.7419219988805708,267.2423423842504,0,0.0
15,37,4.332189997512614,230.83013454492152,1,0.4765625
15,38,3.613943998061586,276.70600334049743,0,0.0
15,39,3.6164959965390153,276.51074436609343,0,0.0
15,40,3.619097999035148,276.3119429942489,0,0.0
15,41,3.6774539985344745,271.9272628287169,0,0.0
15,42,4.568407999613555,218.8946346483481,1,0.39599609375
15,43,3.940950999094639,253.74585987740818,1,0.414794921875
15,44,3.205531000276096,311.9607952360682,0,0.0
15,45,3.172591001202818,315.19978453600606,0,0.0
15,46,3.2476149972353596,307.9182725942833,0,0.0
15,47,3.161428998282645,316.3126549871027,0,0.0
15,48,3.9023369972710498,256.25669969029116,1,0.30908203125
15,49,3.8411530003941152,260.3384972942751,1,0.62060546875
15,50,3.888568997354014,257.1640108946125,1,0.36669921875
15,51,3.2461549999425188,308.0567625445204,0,0.0
15,52,3.284725000412436,304.43948880787224,0,0.0
15,53,3.158941999572562,316.561684302944,0,0.0
15,54,3.1668569972680416,315.7704944879645,0,0.0
15,55,3.2563870008743834,307.08880723682,0,0.0
15,56,3.8930730006541125,256.86649077270846,1,0.56396484375
15,57,3.224755000701407,310.10107737874444,0,0.0
15,58,3.924406999431085,254.81556835082816,2,0.278564453125
15,59,3.245422001782572,308.12633902486107,0,0.0
15,60,3.724941998370923,268.4605560133132,1,0.4921875
15,61,3.9793670002836734,251.2962488578495,2,0.497314453125
15,62,3.92436200127122,254.81849015867283,2,0.43115234375
15,63,3.9018059978843667,256.2915738358645,2,0.47216796875
15,64,3.26943500112975,305.8632453786208,0,0.0
15,65,3.748704999452457,266.75878740686767,1,0.341552734375
15,66,3.2055129995569587,311.9625470675715,0,0.0
15,67,3.1390299991471693,318.5697493403013,0,0.0
15,68,4.036800000903895,247.72096704718743,2,0.3670654296875
15,69,4.071176001161803,245.6292726511031,2,0.357666015625
15,70,4.014537000330165,249.09472746614557,2,0.4912109375
15,71,3.915207998943515,255.41427180110006,2,0.39794921875
15,72,3.8873850025993306,257.24233625723775,2,0.2999267578125
15,73,4.041197000333341,247.45143577942733,2,0.59716796875
15,74,4.052319000038551,246.77228026482777,2,0.283447265625
15,75,4.2399410012876615,235.85233843968632,3,0.4256998697916667
15,76,4.559103999781655,219.34134427464082,4,0.3892822265625
15,77,4.3274119998386595,231.08499954182392,3,0.73193359375
15,78,4.177089998847805,239.40111423882098,2,0.521484375
15,79,4.041905001940904,247.40809086799533,1,0.45703125
15,80,3.2502079993719235,307.6726167042977,0,0.0
15,81,3.8724189980712254,258.2365184392701,1,0.322509765625
15,82,3.903349999745842,256.1901956178956,1,0.556640625
15,83,4.88035300077172,204.90321086238478,6,0.4123942057291667
15,84,4.348631999164354,229.9573751451406,4,0.641845703125
15,85,4.101932001503883,243.78756147916934,3,0.569091796875
15,86,4.559338001854485,219.330086866395,4,0.5550537109375
15,87,4.208837002806831,237.59532605636903,4,0.69677734375
15,88,4.109561999939615,243.33493448077772,2,0.640869140625
15,89,4.205386001558509,237.79030025529207,2,0.75537109375
15,90,3.9405040006386116,253.77464401455666,2,0.6787109375
15,91,4.04315699779545,247.33147897676363,2,0.53076171875
15,92,3.9259730001504067,254.71392695815516,2,0.5621337890625
15,93,3.881157997966511,257.6550608153388,1,0.33447265625
15,94,3.8189420010894537,261.8526282186856,1,0.66357421875
15,95,3.7722089982707985,265.09665833955796,1,0.30078125
15,96,3.2533029989281204,307.379915221384,0,0.0
15,97,3.1807679988560267,314.38948089255587,0,0.0
15,98,3.2012830015446525,312.3747570950427,0,0.0
15,99,3.20625799940899,311.8900600589005,0,0.0
16,0,4.545219002466183,220.01140087142372,0,0.0
16,1,3.6760709990630858,272.0295664188391,0,0.0
16,2,3.3665459995972924,297.0403494025094,0,0.0
16,3,4.16907199905836,239.86153278855897,1,0.55810546875
16,4,4.079422000359045,245.13276633601188,2,0.416748046875
16,5,3.8340239989338443,260.82257186655,1,0.273681640625
16,6,4.287684001610614,233.22614251058675,2,0.41259765625
16,7,4.44553499983158,224.94480417719922,3,0.561767578125
16,8,4.290111002774211,233.0942018407793,4,0.54638671875
16,9,3.9279310003621504,254.58695682480197,2,0.619140625
16,10,3.9965110008779448,250.21825281609938,2,0.764404296875
16,11,4.010304997791536,249.35759263963644,2,0.637451171875
16,12,4.5407539982988965,220.22774199497047,5,0.603955078125
16,13,4.654958000173792,214.82470947378368,4,0.50164794921875
16,14,3.9738779996696394,251.64335696343295,2,0.836181640625
16,15,3.8905100009287708,257.03570990982485,2,0.855712890625
16,16,3.916163001122186,255.3519860418087,2,0.84130859375
16,17,4.010655000456609,249.33583164998012,2,0.747802734375
16,18,4.113357001187978,243.11043260071764,3,0.5594075520833334
16,19,4.2258739995304495,236.63743881410406,4,0.44268798828125
16,20,3.8683769998897333,258.50634517486395,2,0.48876953125
16,21,4.132043999561574,242.01097570744741,3,0.4029947916666667
16,22,3.9159570005722344,255.36541893944982,1,0.350341796875
16,23,3.169627998431679,315.49443672721105,0,0.0
16,24,3.187886999512557,313.6874049026533,0,0.0
16,25,3.2097059993247967,311.5550147615897,0,0.0
16,26,3.264913997554686,306.2867814432378,0,0.0
16,27,3.1449960006284527,317.96542819137886,0,0.0
16,28,3.187074002198642,313.76742407303306,0,0.0
16,29,3.1501619996561203,317.44399180396516,0,0.0
16,30,3.8141189979796764,262.1837442748105,1,0.35400390625
16,31,3.132063000521157,319.27837972403677,0,0.0
16,32,3.201006999006495,312.4016911897952,0,0.0
16,33,3.1899700006761122,313.48257186997074,0,0.0
16,34,3.823655999440234,261.5298029285049,1,0.416748046875
16,35,3.188794002198847,313.5981814160606,0,0.0
16,36,3.1409609982802067,318.3738991179888,0,0.0
16,37,3.731348999281181,267.9995894762573,1,0.29736328125
16,38,3.801163999014534,263.0773100711397,1,0.445556640625
16,39,3.144534999591997,318.01204315733486,0,0.0
16,40,3.2449850004923064,308.1678343191993,0,0.0
16,41,3.210866001609247,311.4424580467737,0,0.0
16,42,3.206720997695811,311.84502821372666,0,0.0
16,43,3.9791410017642193,251.3105214307895,2,0.328857421875
16,44,3.1572139996569604,316.7349441972108,0,0.0
16,45,3.953371000534389,252.9486860365058,2,0.3267822265625
16,46,3.2502559988643043,307.66807302237646,0,0.0
16,47,3.7583699995593634,266.0727922256833,1,0.56201171875
16,48,4.114734001632314,243.02907541612657,1,0.65673828125
16,49,3.9929449994815513,250.4417166101314,1,0.2958984375
16,50,3.1690229989180807,315.554667902822,0,0.0
16,51,3.2075099989015143,311.76831883375985,0,0.0
16,52,3.759638999326853,265.98298405220436,1,0.470703125
16,53,3.144600999803515,318.00536858650213,0,0.0
16,54,3.230665999581106,309.53369990263985,0,0.0
16,55,3.1352229998447,318.95657822411164,0,0.0
16,56,3.127548003249103,319.739297034333,0,0.0
16,57,3.2054149996838532,311.97208476862716,0,0.0
16,58,3.1867149991740007,313.80277190122143,0,0.0
16,59,3.2380000011471566,308.83261261449064,0,0.0
16,60,3.2170349986699875,310.8452349487736,0,0.0
16,61,3.2049040019046515,312.02182636537856,0,0.0
16,62,3.156270999170374,316.82957523699645,0,0.0
16,63,3.2111170003190637,311.41811397735984,0,0.0
16,64,3.132788999209879,319.2043895239067,0,0.0
16,65,3.1341700014309026,319.0637392175443,0,0.0
17,0,5.588283001998207,178.94584072467862,2,0.61279296875
17,1,4.625899000529898,216.1741966016659,2,0.602294921875
17,2,4.127259999222588,242.29149609870964,2,0.4866943359375
17,3,4.467078000743641,223.85998181216638,3,0.5340983072916666
17,4,4.747737999423407,210.6266184278589,4,0.53125
17,5,4.7379969983012415,211.0596524984164,4,0.50146484375
17,6,4.314975998568116,231.75099938721343,4,0.4000244140625
17,7,4.30363199848216,232.3618748890909,3,0.4750162760416667
17,8,3.247173997806385,307.96009104394955,0,0.0
17,9,3.2433509986731224,308.32308942482854,0,0.0
17,10,3.9408420016115997,253.75287808824913,2,0.47021484375
17,11,4.5476739978767,219.8926309288876,2,0.4154052734375
17,12,4.199200000584824,238.14059817601677,1,0.285400390625
17,13,3.3228499996766914,300.94647669840606,0,0.0
17,14,3.1671140022808686,315.74487033931445,0,0.0
17,15,3.149369997117901,317.5238225153396,0,0.0
17,16,3.192455998942023,313.23845977247584,0,0.0
17,17,3.162649998557754,316.1905365614357,0,0.0
17,18,3.173578999849269,315.10165653588444,0,0.0
17,19,3.1786069994268473,314.60322090158223,0,0.0
17,20,3.1962850007403176,312.8632145657793,0,0.0
17,21,4.4613980026042555,224.14498760618739,1,0.2705078125
17,22,3.2076999996206723,311.74985195568644,0,0.0
17,23,3.7983520014677197,263.2720715756703,1,0.544921875
17,24,3.752700002223719,266.4748046493018,1,0.6875
17,25,3.216181001334917,310.92777414733104,0,0.0
17,26,3.853547001199331,259.5011815578666,1,0.72314453125
17,27,3.9421170004061423,253.6708068017701,1,0.449462890625
17,28,3.1715440018160734,315.3038392112438,0,0.0
17,29,4.019455998786725,248.78988606962,2,0.5927734375
17,30,3.2140149996848777,311.13731581776887,0,0.0
17,31,3.2083039986900985,311.6911615633321,0,0.0
17,32,3.8373690003936645,260.59521508028365,1,0.73876953125
17,33,4.062246000103187,246.1692374057599,1,0.6513671875
17,34,3.170767999108648,315.3810055737649,0,0.0
17,35,3.2272850003209896,309.85797656560817,0,0.0
17,36,3.198706999683054,312.62632060363313,0,0.0
17,37,3.187045000231592,313.77027934256756,0,0.0
17,38,3.160083997499896,316.4472845630531,0,0.0
17,39,3.1706289992143866,315.39483182919804,0,0.0
17,40,3.1612849998055026,316.3270632231908,0,0.0
17,41,3.2453329986310564,308.1347893796474,0,0.0
17,42,3.2224880014837254,310.31923145705167,0,0.0
17,43,3.1544220000796486,317.0152883712928,0,0.0
17,44,3.239886002120329,308.65283511381404,0,0.0
17,45,3.2666799997969065,306.12119952434006,0,0.0
17,46,3.406334999453975,293.5706558985822,0,0.0
17,47,3.8890610012458637,257.1314771559637,1,0.332763671875
17,48,3.275162001955323,305.3284080002712,0,0.0
17,49,3.282405999925686,304.65457351182033,0,0.0
17,50,3.919666000001598,255.12377840346403,1,0.36669921875
17,51,4.243865998432739,235.63420719911994,3,0.3668619791666667
17,52,4.047507998620858,247.06560193104954,2,0.4327392578125
17,53,4.514660002314486,221.5006223031945,5,0.400244140625
17,54,3.9403580012731254,253.7840469512925,2,0.3741455078125
17,55,3.205966997484211,311.91836995974097,0,0.0
17,56,4.068501999427099,245.79071121037026,2,0.4718017578125
17,57,3.238753997720778,308.76071498598975,0,0.0
17,58,4.037758000777103,247.66219268404421,2,0.3421630859375
17,59,4.12664100076654,242.32783995851494,3,0.3336588541666667
17,60,4.471704000025056,223.62839758499146,4,0.4461669921875
17,61,4.036915997858159,247.713849020035,2,0.787841796875
17,62,4.123612001421861,242.5058418821146,2,0.59130859375
17,63,3.8851919998705853,257.3875370981176,2,0.77734375
17,64,4.1279969991592225,242.24823811734282,2,0.8408203125
17,65,4.291383000236237,233.02511100616067,3,0.7141927083333334
17,66,4.2461209995963145,235.50906818130514,3,0.7347819010416666
17,67,4.33813799827476,230.513644424795,3,0.7167154947916666
17,68,4.292614001315087,232.95828595201888,3,0.7882486979166666
17,69,4.202808999252738,237.9361042050211,3,0.6315104166666666
17,70,4.29778199759312,232.67815830584902,4,0.5826416015625
17,71,4.374396001367131,228.60298877547203,3,0.71923828125
17,72,4.0642019994265866,246.05076227537137,3,0.56689453125
17,73,3.732487999513978,267.9178071383522,1,0.6669921875
17,74,3.7678600019717123,265.40264220982266,1,0.482421875
17,75,3.8165400001162197,262.0174293914248,1,0.57958984375
17,76,4.028822000691434,248.2115119080411,3,0.3843587239583333
17,77,3.7007820028520655,270.2131601454326,1,0.42431640625
18,0,5.424905000836588,184.33502519321306,1,0.80078125
18,1,4.2527149998932146,235.14390219544688,1,0.751953125
18,2,3.8570690012420528,259.26422360553573,1,0.80322265625
18,3,4.28892199852271,233.1588218075412,2,0.4219970703125
18,4,3.847494001092855,259.90943708189195,1,0.7041015625
18,5,4.473559998587007,223.53561823600316,2,0.4151611328125
18,6,4.71739400018123,211.98144567987805,2,0.3907470703125
18,7,3.8044169996283017,262.8523634758497,0,0.0
18,8,4.285163999156794,233.36329722661102,1,0.36474609375
18,9,4.629543996998109,216.00399534995682,2,0.61474609375
18,10,4.272184000001289,234.07231523728808,1,0.6669921875
18,11,3.65821399827837,273.35743629831944,0,0.0
18,12,3.6725960017065518,272.2869598331339,0,0.0
18,13,3.65820500155678,273.35810857358774,0,0.0
18,14,3.6957199990865774,270.58326936216946,0,0.0
18,15,3.626632002124097,275.73792968636076,0,0.0
18,16,3.674834999401355,272.1210612620441,0,0.0
18,17,3.666331998829264,272.75216764857106,0,0.0
18,18,3.7370390018622857,267.59153423383276,0,0.0
18,19,3.665771000669338,272.79390878955854,0,0.0
18,20,5.059312999946997,197.6552943078391,2,0.3681640625
18,21,3.7079989997437224,269.6872356408712,0,0.0
18,22,3.6386690007930156,274.8257672742585,0,0.0
18,23,3.611896998336306,276.86282318145146,0,0.0
18,24,3.633995002019219,275.17924472773154,0,0.0
18,25,4.367389999970328,228.96970501988463,1,0.363037109375
18,26,3.6753159984073136,272.08544800864655,0,0.0
18,27,3.7140549975447357,269.247493820386,0,0.0
18,28,3.717551997397095,268.9942200405445,0,0.0
18,29,3.705413000716362,269.87544972899684,0,0.0
18,30,4.28702800127212,233.2618307375793,0,0.0
18,31,3.6724609999509994,272.2969692566763,0,0.0
18,32,3.6901829989801627,270.98927079669625,0,0.0
18,33,3.70846999794594,269.6529837247931,0,0.0
18,34,3.666487002192298,272.74063685540716,0,0.0
18,35,3.628477999882307,275.597647286944,0,0.0
18,36,3.680359001009492,271.7126236124542,0,0.0
18,37,3.1731109993415885,315.1481307169832,0,0.0
18,38,3.8813819992356002,257.64019109609416,1,0.26904296875
18,39,3.179919000103837,314.47341896675545,0,0.0
18,40,3.154668000206584,316.99056760791143,0,0.0
18,41,3.201493000233313,312.3542671894406,0,0.0
18,42,3.1664689995523077,315.80918687073375,0,0.0
18,43,3.7991209974279627,263.21878157526663,1,0.513671875
18,44,3.799874997639563,263.1665516947763,1,0.2509765625
18,45,3.72003099982976,268.8149641886756,1,0.455078125
18,46,3.7027739999757614,270.06779241902046,1,0.49609375
18,47,3.7480989994946867,266.8019174879902,1,0.25390625
18,48,3.1947259994922206,313.01588936232497,0,0.0
18,49,3.1429759983439,318.1697857466685,0,0.0
18,50,3.7991379977029283,263.2176037313279,1,0.27197265625
18,51,3.2932200010691304,303.6541742353545,0,0.0
18,52,3.203706000931561,312.1385045036042,0,0.0
18,53,3.184790999512188,313.99234679863423,0,0.0
18,54,3.159558000334073,316.4999661010388,0,0.0
18,55,3.2151660016097594,311.0259313202874,0,0.0
18,56,3.1566710022161715,316.78942762737717,0,0.0
18,57,3.136712999548763,318.8050676436947,0,0.0
19,0,5.509354999958305,181.50945074470025,1,0.85693359375
19,1,4.317522998462664,231.61428447655496,1,0.841796875
19,2,3.8602050008194055,259.0535994300121,1,0.81982421875
19,3,4.14440000167815,241.28945072750702,1,0.896484375
19,4,3.7714419995609205,265.1505710856543,1,0.90869140625
19,5,4.283280999516137,233.46588750842298,1,0.87744140625
19,6,5.057670001406223,197.71950319454658,1,0.896484375
19,7,4.719881999335485,211.86970355207836,3,0.5921223958333334
19,8,4.509802998654777,221.7391758128434,2,0.722900390625
19,9,4.76366599832545,209.92235819042003,2,0.7138671875
19,10,4.455199999938486,224.4568145119876,2,0.73681640625
19,11,4.589039002894424,217.91054714707687,3,0.6114908854166666
19,12,4.446855000423966,224.87803175607465,2,0.676513671875
19,13,4.580615001032129,218.31129657800855,3,0.5396321614583334
19,14,4.716477997135371,212.02261530900094,4,0.4896240234375
19,15,4.703573002188932,212.6043328198847,4,0.41314697265625
19,16,4.600189000484534,217.38237274483092,3,0.3339029947916667
19,17,4.246403001161525,235.493428138231,1,0.322509765625
19,18,4.427607000252465,225.8556371292618,2,0.2694091796875
19,19,4.283700996893458,233.44299724121745,1,0.2958984375
19,20,4.4419170008040965,225.12802463868087,2,0.4554443359375
19,21,4.27904100070009,233.69722324146716,1,0.7880859375
19,22,4.421536999871023,226.1656975909441,2,0.565185546875
19,23,4.590585002006264,217.83716009244162,3,0.527099609375
19,24,4.255572999682045,234.98598192880607,1,0.78662109375
19,25,4.199771999992663,238.10816396741228,1,0.80419921875
19,26,4.688123000960331,213.30498363527505,3,0.4756673177083333
19,27,4.2174830014118925,237.1082467114221,1,0.85498046875
19,28,4.888707000645809,204.55306482223168,2,0.4132080078125
19,29,3.656454999145353,273.4889394874917,0,0.0
19,30,4.468020997592248,223.8127351099929,2,0.563720703125
19,31,4.253841998433927,235.08160396370033,1,0.767578125
19,32,3.802467999776127,262.98709155708235,1,0.346923828125
19,33,4.43710399849806,225.37222484271174,1,0.32421875
19,34,3.5181409984943457,284.24102400329286,0,0.0
19,35,3.4113089968741406,293.14260329871104,0,0.0
19,36,3.7089010002091527,269.62164801476445,0,0.0
19,37,3.3312619998469017,300.18653592721256,0,0.0
19,38,3.248361001169542,307.84755747281764,0,0.0
19,39,4.060562001541257,246.27132885064498,1,0.439697265625
19,40,3.793989002588205,263.5748283186415,1,0.46875
19,41,3.1997629994293675,312.5231463012529,0,0.0
19,42,4.036103000544244,247.7637463328255,2,0.33642578125
19,43,3.827428001386579,261.2720604117767,1,0.65478515625
19,44,3.743092001968762,267.15880867315786,1,0.7607421875
19,45,3.7974469996697735,263.3348141756712,1,0.873046875
19,46,3.796049000811763,263.4317944226104,1,0.86962890625
19,47,3.732189001311781,267.93927093416823,1,0.25537109375
19,48,3.1924539980536792,313.23865609642706,0,0.0
19,49,3.17202400037786,315.2561266500119,0,0.0
19,50,3.2072730027721263,311.7913564375951,0,0.0
19,51,3.842380003334256,260.2553623359069,1,0.357666015625
19,52,3.2629079978505615,306.4750831646952,0,0.0
19,53,3.206989997124765,311.81887093397626,0,0.0
19,54,3.1507560015597846,317.38414510833246,0,0.0
19,55,3.1977020007616375,312.72457526117734,0,0.0
19,56,3.141090001008706,318.3608236882316,0,0.0
19,57,3.147919000184629,317.6701814568128,0,0.0
19,58,3.151914002955891,317.26753936249264,0,0.0
19,59,3.145785998640349,317.8855778594645,0,0.0
19,60,3.1354849998024292,318.9299263313367,0,0.0
19,61,3.137168998364359,318.75872817861415,0,0.0
19,62,3.2275980011036154,309.82792765953786,0,0.0
19,63,3.1897260014375206,313.50655183214104,0,0.0
19,64,3.2103650009958073,311.4910608886575,0,0.0
19,65,3.2077409996418282,311.74586729778326,0,0.0
19,66,3.761061998375226,265.8823493024042,1,0.259765625
19,67,3.2149519975064322,311.046634841085,0,0.0
19,68,3.207478002877906,311.77142886178837,0,0.0
19,69,3.2363259997509886,308.9923574068072,0,0.0
19,70,3.2013110030675307,312.3720247866544,0,0.0
19,71,3.2407079997938126,308.5745460756181,0,0.0
19,72,4.526556000200799,220.91850845447175,1,0.2568359375
19,73,4.1297450006823055,242.1457014500369,2,0.4307861328125
19,74,3.965115000028163,252.1994948426205,1,0.25244140625
19,75,3.97591100045247,251.51468427894818,2,0.3115234375
19,76,3.926676003175089,254.66832486087606,1,0.515625
19,77,3.7560860000667162,266.2345856783465,1,0.405517578125
19,78,3.7350639977375977,267.73302963636496,1,0.394287109375
19,79,3.1586860022798646,316.58734020356053,0,0.0
19,80,3.7512310009333305,266.57915754886693,1,0.4091796875
19,81,4.1224240012525115,242.57572721684406,2,0.3411865234375
19,82,3.872039000270888,258.2618614972731,2,0.2659912109375
19,83,3.21229799737921,311.30362152448544,0,0.0
19,84,3.1562209987896495,316.83459440371286,0,0.0
19,85,3.1493879978370387,317.5220076684066,0,0.0
19,86,3.226046999770915,309.97688504569555,0,0.0
19,87,3.1498099997406825,317.4794670416082,0,0.0
19,88,3.166494003380649,315.80669312254133,0,0.0
19,89,3.1788329979463015,314.5808542462137,0,0.0
19,90,3.174951001710724,314.96549063629044,0,0.0
19,91,4.313353998441016,231.8381473816969,2,0.3240966796875
19,92,3.1808400017325766,314.38236423564484,0,0.0
19,93,4.092965999006992,244.32159960346928,1,0.546875
19,94,3.1805040016479325,314.4155767393672,0,0.0
19,95,4.452872999536339,224.5741120629594,1,0.28857421875
19,96,3.8419799966504797,260.28245875091005,1,0.27978515625
19,97,3.7881730022490956,263.9794960278437,1,0.363037109375
20,0,4.5031890003883746,222.06485224443293,0,0.0
20,1,3.519568999763578,284.12569836453656,0,0.0
20,2,3.320694999274565,301.1417791210752,0,0.0
20,3,3.2181460010178853,310.73792167406464,0,0.0
20,4,3.2356829979107715,309.05376102840853,0,0.0
20,5,3.2364469989261124,308.9808052879626,0,0.0
20,6,3.7108930009708274,269.4769155937356,0,0.0
20,7,3.3147860012832098,301.6785999497051,0,0.0
20,8,3.2613709990982898,306.61951684628394,0,0.0
20,9,3.19944899820257,312.5538180361036,0,0.0
20,10,3.2095269998535514,311.57239058765646,0,0.0
20,11,4.2842889997700695,233.41095805013813,2,0.37109375
20,12,3.886731999955373,257.28555506566494,1,0.4091796875
20,13,3.91982000292046,255.11375503338175,1,0.51171875
20,14,3.2109370004036464,311.4355715712548,0,0.0
20,15,3.251516001910204,307.5488478028461,0,0.0
20,16,3.2132129999808967,311.2149739235915,0,0.0
20,17,3.1874929991317913,313.7261792488265,0,0.0
20,18,3.1713839998701587,315.3197468489913,0,0.0
20,19,3.1490619985561352,317.55487839188504,0,0.0
20,20,3.228412999305874,309.74971300605137,0,0.0
20,21,3.8036260011722334,262.9070260040844,1,0.2568359375
20,22,3.774126002099365,264.9620069504166,1,0.443603515625
20,23,3.2451410006615333,308.1530200987096,0,0.0
20,24,3.2955819988274015,303.4365403002593,0,0.0
20,25,3.922637002688134,254.93054782145595,1,0.39794921875
20,26,3.823352999461349,261.55052911433614,1,0.2783203125
20,27,3.306814000097802,302.40588069677466,0,0.0
20,28,3.228154000680661,309.7745645929991,0,0.0
20,29,3.292966997832991,303.67750440805264,0,0.0
20,30,3.2087679974210914,311.64608996465523,0,0.0
20,31,3.2194769992202055,310.6094562073938,0,0.0
20,32,3.187392998370342,313.7360220441227,0,0.0
20,33,3.9099989990063477,255.75454117868856,1,0.26123046875
20,34,3.2579880025878083,306.93790130771004,0,0.0
20,35,3.20629599809763,311.88636376470646,0,0.0
20,36,3.8369040012184996,260.62679693899724,1,0.3701171875
20,37,4.005402999609942,249.66276804041516,2,0.50390625
20,38,3.8725140002497938,258.23018326996254,1,0.4072265625
20,39,4.422112000611378,226.13628959685897,2,0.3099365234375
20,40,4.172435998043511,239.66814601084548,2,0.4404296875
20,41,3.8982980004220735,256.52220530388615,1,0.484375
20,42,3.812982999079395,262.26185646288997,1,0.26123046875
20,43,3.2963859994197264,303.36253101913223,0,0.0
20,44,3.213812000467442,311.15696868844606,0,0.0
20,45,4.619878000085009,216.45593238211035,6,0.296875
20,46,4.543053000816144,220.1162962044144,6,0.45556640625
20,47,4.5523439985117875,219.6670551098316,5,0.449658203125
20,48,4.673032999562565,213.9937809327707,6,0.5496826171875
20,49,4.549958997813519,219.78220034082716,5,0.564501953125
20,50,4.6378689985431265,215.61626693512164,6,0.5183919270833334
20,51,4.3966209996142425,227.44739655470406,5,0.595751953125
20,52,4.567904001305578,218.9187863217319,6,0.6769205729166666
20,53,4.671828002756229,214.0489759918456,6,0.5592854817708334
20,54,4.580869001074461,218.29919165237993,6,0.5829671223958334
20,55,4.267371998139424,234.3362613889767,4,0.48834228515625
20,56,4.342780001024948,230.2672481138782,2,0.48291015625
20,57,3.785115000937367,264.19276554407315,1,0.33984375
20,58,3.1970109994290397,312.79216748975585,0,0.0
20,59,3.205500001058681,311.9638120947527,0,0.0
20,60,3.1659080013923813,315.86514818503736,0,0.0
20,61,3.1604209980287123,316.4135413047003,0,0.0
20,62,3.875976002746029,257.99953335405735,1,0.27587890625
20,63,3.8162109995028004,262.04001826164387,1,0.43408203125
20,64,3.7460419989656657,266.9484219013332,1,0.3486328125
20,65,3.7854360016353894,264.1703622959095,1,0.2783203125
20,66,3.7251549983920995,268.4452057516085,1,0.30908203125
20,67,3.200580002157949,312.44336942859206,0,0.0
20,68,3.18738300120458,313.7370060711495,0,0.0
20,69,3.192258001945447,313.2578881126066,0,0.0
20,70,3.2390039996244013,308.7368833493139,0,0.0
20,71,3.156424998451257,316.81411739251325,0,0.0
20,72,3.1463770028494764,317.8258673688381,0,0.0
20,73,3.1870140010141768,313.77333130064017,0,0.0
20,74,3.172240001731552,315.2346605093419,0,0.0
20,75,3.9691919992037583,251.94044536031652,1,0.29248046875
20,76,3.4128180013794918,293.01298797527176,0,0.0
20,77,3.1776060022821184,314.7023259906395,0,0.0
20,78,3.9195370009110775,255.13217499096316,1,0.361083984375
20,79,3.2216069994319696,310.40409341559007,0,0.0
20,80,3.1588890014973003,316.56699539806687,0,0.0
20,81,3.1897709995973855,313.50212918928054,0,0.0
20,82,4.122296999412356,242.58320061425766,1,0.43408203125
