episode,step,latency_ms,fps,detections,avg_confidence
1,0,49.5266760008235,20.19113901331421,3,0.4100748697916667
1,1,6.160532999274437,162.32361714770067,5,0.437109375
1,2,4.763416000059806,209.93337554130161,4,0.42669677734375
1,3,7.226210998851457,138.38510945209617,8,0.40625
1,4,5.16499399964232,193.6110671317819,6,0.3146158854166667
1,5,5.239797999820439,190.84705174403072,7,0.44241768973214285
1,6,5.2537029987433925,190.3419360095508,6,0.4587809244791667
1,7,4.904825998892193,203.88083088490004,5,0.578369140625
1,8,4.840924999371055,206.57209110447334,4,0.5654296875
1,9,4.846352001550258,206.34076923841243,4,0.590576171875
1,10,4.66797800072527,214.22551688217652,4,0.4671630859375
1,11,4.6019490000617225,217.29923560356443,3,0.6101888020833334
1,12,4.708034999566735,212.4028389958925,3,0.4969075520833333
1,13,4.590922000716091,217.82116965699268,3,0.48291015625
1,14,4.541885000435286,220.17290175866668,3,0.3513997395833333
1,15,4.8829240004124586,204.7953234405308,4,0.47564697265625
1,16,4.588378000335069,217.9419393796619,3,0.6075032552083334
1,17,5.3932160008116625,185.41812526134743,1,0.861328125
1,18,5.130031000589952,194.93059591355302,2,0.408447265625
1,19,4.089594998731627,244.52299073872751,0,0.0
1,20,4.367710000224179,228.95292955545895,1,0.53125
1,21,4.3648569990182295,229.10258004441525,2,0.3094482421875
1,22,4.225627999403514,236.65121495341265,1,0.261962890625
1,23,4.467077000299469,223.860031947728,2,0.343505859375
1,24,3.6115429993515136,276.8899609334734,0,0.0
1,25,3.4626339984242804,288.79748782431636,0,0.0
1,26,3.5223579998273635,283.90072787860055,0,0.0
1,27,3.4872849992098054,286.7560294689402,0,0.0
1,28,4.006908999144798,249.5689321153617,1,0.3701171875
1,29,3.5266109989606775,283.5583511463863,0,0.0
1,30,3.460787000221899,288.9516170558552,0,0.0
1,31,3.5243120000814088,283.7433235130433,0,0.0
1,32,3.4558740007923916,289.3624014563933,0,0.0
1,33,3.3992899989243597,294.17907866537746,0,0.0
1,34,3.4324279986321926,291.3389590105009,0,0.0
1,35,3.4204080002382398,292.36278243132034,0,0.0
1,36,3.438658000959549,290.81112449128483,0,0.0
1,37,3.4889859998656902,286.61622604346803,0,0.0
1,38,3.464060999249341,288.6785192918656,0,0.0
1,39,3.521731001455919,283.9512727083897,0,0.0
1,40,3.3745420005288906,296.3365102118363,0,0.0
1,41,3.3716999987518648,296.5862918913841,0,0.0
1,42,3.386979000424617,295.24836140839153,0,0.0
1,43,3.4272029988642316,291.7831247029715,0,0.0
1,44,3.3780209996621124,296.0313154062764,0,0.0
1,45,3.53009999889764,283.2780941934434,0,0.0
1,46,3.3798080003180075,295.8747952268027,0,0.0
1,47,3.3668409996607807,297.01432295161936,0,0.0
1,48,3.396345000510337,294.43416374065043,0,0.0
1,49,3.4603419990162365,288.9887763360664,0,0.0
1,50,3.3740830003807787,296.3768229433437,0,0.0
1,51,3.355687000293983,298.0015716341818,0,0.0
2,0,4.288832999009173,233.1636601917176,0,0.0
2,1,3.6898760008625686,271.0118171359237,0,0.0
2,2,3.21556700146175,310.9871445830283,0,0.0
2,3,3.2081819990708027,311.70301444545026,0,0.0
2,4,3.183893999448628,314.08080802098794,0,0.0
2,5,3.2015910001064185,312.34470610604563,0,0.0
2,6,3.1715080003777985,315.3074183892575,0,0.0
2,7,3.2685059995856136,305.9501803352301,0,0.0
2,8,3.2380329994339263,308.8294653497417,0,0.0
2,9,3.2305230015481357,309.54740130956463,0,0.0
2,10,4.114208999453695,243.06008764571393,1,0.363037109375
2,11,3.2615029995213263,306.60710725906574,0,0.0
2,12,3.17129399991245,315.3286954875855,0,0.0
2,13,4.010054999525892,249.37313830314793,1,0.92822265625
2,14,4.26906400025473,234.243384484358,1,0.91650390625
2,15,3.9239369998540496,254.84608953640054,1,0.865234375
2,16,3.9857430001575267,250.89424982004044,1,0.302490234375
2,17,3.747703998669749,266.8300378991913,1,0.74462890625
2,18,3.9536780004709726,252.92904477321557,1,0.307373046875
2,19,3.8263950009422842,261.3425952505533,1,0.282958984375
2,20,4.102199000044493,243.7716941545629,2,0.4727783203125
2,21,4.170635000264156,239.7716414734598,2,0.4796142578125
2,22,4.01664799937862,248.96381265042425,2,0.4715576171875
2,23,3.814555999269942,262.15370810951197,1,0.71533203125
2,24,3.8494239997817203,259.7791254111536,1,0.4130859375
2,25,3.2405620004283264,308.58844850609967,0,0.0
2,26,3.168633000314003,315.59350669544335,0,0.0
2,27,3.8065089993324364,262.7079037972521,1,0.27978515625
2,28,3.181993999533006,314.26834876079636,0,0.0
2,29,3.2001919989852468,312.4812512240176,0,0.0
2,30,3.2768469991424354,305.1714041765466,0,0.0
2,31,3.1566259985993383,316.79394405410113,0,0.0
2,32,3.1526679995295126,317.1916612054408,0,0.0
2,33,3.298042000096757,303.2102077446747,0,0.0
2,34,3.763541999433073,265.7071450645792,1,0.265869140625
2,35,3.9049930001056055,256.082405262431,2,0.330078125
2,36,3.788141000768519,263.9817260754352,1,0.273681640625
2,37,4.403259999889997,227.10446351679943,4,0.52178955078125
2,38,4.853368998738006,206.0424419120047,4,0.35833740234375
2,39,4.4169419998070225,226.40098059781866,2,0.4581298828125
2,40,4.663600000640145,214.42662318010463,5,0.492236328125
2,41,4.563909998978488,219.11036813254947,5,0.393994140625
2,42,4.286913999749231,233.2680338487071,4,0.3194580078125
2,43,4.358692998721381,229.4265735837209,4,0.41229248046875
2,44,3.9675989992247196,252.04160001940795,2,0.3685302734375
2,45,4.543337001450709,220.10253689759207,6,0.3622639973958333
2,46,4.582131999995909,218.23902061330685,4,0.48388671875
2,47,4.455601998415659,224.4365633096457,4,0.43798828125
2,48,4.253779001373914,235.08508544449847,3,0.4291178385416667
2,49,4.499941000176477,222.22513583195476,5,0.45107421875
2,50,4.495008999583661,222.4689650438125,5,0.3537109375
2,51,3.947647999666515,253.31539186991265,2,0.69091796875
2,52,4.214330001559574,237.2856419952722,3,0.58837890625
2,53,3.9005560010991758,256.3737066505904,2,0.6549072265625
2,54,4.377461000331095,228.44292614471348,5,0.41025390625
2,55,4.314084999350598,231.79886352506514,3,0.3684895833333333
2,56,3.274939001130406,305.34919876517745,0,0.0
2,57,3.1649150005250704,315.96425175213125,0,0.0
2,58,3.1567280002491316,316.78370766219933,0,0.0
2,59,3.219461999833584,310.6109033284725,0,0.0
2,60,3.210642000340158,311.4641868803974,0,0.0
2,61,3.81120600104623,262.3841376523562,1,0.25244140625
2,62,3.8733769997634226,258.17264884391005,1,0.4111328125
2,63,3.23043900061748,309.55545045390295,0,0.0
2,64,3.813942999840947,262.1958430007221,1,0.85888671875
2,65,3.730680999069591,268.04757636726214,1,0.89013671875
2,66,3.843354001219268,260.1894073985273,1,0.8740234375
2,67,3.713447998961783,269.2915048977616,1,0.888671875
2,68,3.9106090007408056,255.71464695411,2,0.5772705078125
2,69,3.7128650001250207,269.3337893961476,1,0.896484375
2,70,3.8882979988557054,257.1819341764165,1,0.8857421875
2,71,4.018094999992172,248.87415553936583,2,0.681640625
2,72,3.9280109995161183,254.5817718237519,2,0.6474609375
2,73,4.1758480001590215,239.47231794881392,4,0.6234130859375
2,74,4.040174000692787,247.5140921723979,3,0.6455891927083334
2,75,4.162750999967102,240.2257545569992,4,0.546142578125
2,76,4.062415000589681,246.15899652173516,3,0.678466796875
2,77,3.997326000899193,250.16723674152456,2,0.71240234375
2,78,4.2217150003125425,236.87056088010866,4,0.6380615234375
2,79,3.8479670001834165,259.8774885419584,1,0.8408203125
2,80,3.9779159997124225,251.38791268400175,2,0.5784912109375
2,81,3.965857000366668,252.15230904884965,2,0.569580078125
2,82,4.290012999263126,233.0995267780692,3,0.6708170572916666
2,83,4.487008000069181,222.86566014247842,2,0.6104736328125
2,84,4.440446000444354,225.20260349972287,4,0.4847412109375
2,85,4.117161000976921,242.8858137349304,3,0.5769856770833334
2,86,4.6029799996176735,217.25056378325795,5,0.642333984375
2,87,4.3231609997747,231.31222733830978,4,0.5902099609375
2,88,4.2835430012928555,233.451607629054,4,0.46685791015625
2,89,4.2870340002991725,233.2615043244851,4,0.6473388671875
2,90,4.1587440009607235,240.45721491127782,3,0.5480143229166666
2,91,4.289393000362907,233.1332195290556,3,0.6175130208333334
2,92,4.072718000315945,245.53627330014604,2,0.6217041015625
2,93,4.10232599824667,243.76414756589287,2,0.53515625
2,94,3.9512780003860826,253.08267347989414,2,0.5810546875
2,95,3.694746999826748,270.65452656078793,1,0.6318359375
2,96,4.115700001420919,242.97203383501142,3,0.6848958333333334
2,97,4.210779001368792,237.48574780935581,4,0.672607421875
2,98,4.199158998744679,238.14292345180212,3,0.4937337239583333
2,99,4.363725000075647,229.1620118093291,5,0.61650390625
2,100,4.236464001223794,236.04590991712155,4,0.61212158203125
2,101,4.225011000016821,236.68577430828435,3,0.6531575520833334
2,102,4.426577001140686,225.9081904013665,4,0.62408447265625
2,103,4.395082998598809,227.52698875511763,5,0.437255859375
2,104,4.246770999088767,235.47302178868858,4,0.59033203125
2,105,4.017957000542083,248.88270329052426,3,0.53759765625
2,106,3.8924649998079985,256.90661317425497,2,0.628173828125
2,107,3.935095000997535,254.12347090642106,2,0.5694580078125
2,108,3.947052999137668,253.35357802858866,2,0.5933837890625
2,109,3.8249429999268614,261.4418044972491,1,0.66552734375
2,110,3.9927380003064172,250.45470048955286,1,0.658203125
2,111,3.725343000041903,268.43165850466704,1,0.39599609375
2,112,3.665255999294459,272.8322387829102,1,0.7216796875
2,113,4.09058900004311,244.46357235827438,3,0.4281412760416667
2,114,3.7634999989677453,265.71011034257486,1,0.60595703125
3,0,5.2826269984507235,189.29975565060295,0,0.0
3,1,3.6955670002498664,270.5944716825287,0,0.0
3,2,3.3022730003722245,302.8217230638661,0,0.0
3,3,3.1881140002951724,313.66506966420104,0,0.0
3,4,4.156268998485757,240.60040395949528,1,0.56591796875
3,5,3.1858940001256997,313.8836383007548,0,0.0
3,6,3.2974530004139524,303.2643679453393,0,0.0
3,7,3.2845620007719845,304.45459691884815,0,0.0
3,8,3.8275619990599807,261.26291363682475,1,0.3720703125
3,9,3.2258320006803842,309.99754475406115,0,0.0
3,10,3.2203410009969957,310.5261212059241,0,0.0
3,11,4.224045000228216,236.7399021426079,1,0.37744140625
3,12,3.231345999665791,309.4685620491978,0,0.0
3,13,3.2691960004740395,305.88560608021,0,0.0
3,14,3.217833998860442,310.7680509169019,0,0.0
3,15,3.1891519993223483,313.5629785637331,0,0.0
3,16,3.254842999012908,307.2344811418765,0,0.0
3,17,3.2212839996645926,310.4352177902111,0,0.0
3,18,3.8186370002222247,261.8735428221654,1,0.7138671875
3,19,4.62462100040284,216.23393569178802,1,0.29248046875
3,20,3.874394000376924,258.1048803768316,1,0.273681640625
3,21,3.745446998436819,266.9908292434401,1,0.45703125
3,22,3.924008999092621,254.84141352153824,1,0.49609375
3,23,4.0025060006882995,249.84347302116046,2,0.346923828125
3,24,3.786997998759034,264.061401756138,1,0.34326171875
3,25,3.198885000529117,312.60892462048287,0,0.0
3,26,3.2466419997945195,308.0105536931051,0,0.0
3,27,4.241665999870747,235.75642213000083,3,0.401123046875
3,28,4.306958999222843,232.18238208918223,3,0.3336588541666667
3,29,4.753248000270105,210.38245846696293,3,0.3587239583333333
3,30,4.723033998743631,211.72830859697578,5,0.3580078125
3,31,4.824804000236327,207.2623053601801,6,0.4352213541666667
3,32,4.6121640007186215,216.81796220693582,5,0.41103515625
3,33,4.513485999268596,221.55823684000538,5,0.400830078125
3,34,4.426393999892753,225.91753016659362,3,0.3693033854166667
3,35,3.997734000222408,250.1417052621226,2,0.349609375
3,36,4.486815001655486,222.87524661280509,5,0.519140625
3,37,4.204890999972122,237.8182930322403,4,0.575927734375
3,38,4.7700200011604466,209.64272681387516,8,0.42926025390625
3,39,4.458794999663951,224.27584135968746,5,0.436181640625
3,40,4.277660000298056,233.77267008839476,4,0.513671875
3,41,4.210298000543844,237.51287910519162,4,0.498046875
3,42,4.095239999514888,244.18593296570103,3,0.5575358072916666
3,43,4.630401999747846,215.96397031066766,6,0.4238688151041667
3,44,4.377258999738842,228.45346826853572,5,0.42568359375
3,45,4.739373000120395,210.99837467415983,2,0.4908447265625
3,46,3.9100310004869243,255.75244796664475,1,0.6279296875
3,47,4.433697000422399,225.54540824614986,4,0.456298828125
3,48,4.63063300048816,215.95319687277748,3,0.44189453125
3,49,3.741569998965133,267.26748404455515,1,0.8681640625
3,50,4.128006999962963,242.24765122950907,2,0.556396484375
3,51,4.197017000478809,238.26446256613136,2,0.5418701171875
3,52,3.948424000554951,253.26560669762165,2,0.575927734375
3,53,4.262652000761591,234.5957398871252,3,0.535888671875
3,54,4.128114000195637,242.2413721986865,3,0.4877115885416667
3,55,3.7378599990915973,267.5327594514047,1,0.884765625
3,56,3.7540329994953936,266.3801836942875,1,0.87841796875
3,57,3.817535000052885,261.9491373323746,1,0.841796875
3,58,3.8067629993747687,262.6903750415359,1,0.908203125
3,59,3.8766329998907167,257.9558085658844,2,0.5994873046875
3,60,3.928419000658323,254.5553312496504,2,0.56787109375
3,61,3.812083001321298,262.3237740766379,1,0.9013671875
3,62,3.766891000850592,265.47091481388566,1,0.89697265625
3,63,3.755907000595471,266.24727391851224,1,0.880859375
3,64,3.897173999575898,256.5961899850566,2,0.62451171875
3,65,3.7363889987318544,267.6380859539529,1,0.8818359375
3,66,5.035910999140469,198.57380326433096,4,0.46875
3,67,3.739277999557089,267.43130628919494,1,0.86865234375
3,68,4.174899000645382,239.52675258620954,3,0.4811197916666667
3,69,3.9838840002630604,251.01132461034732,2,0.5784912109375
3,70,4.604435000146623,217.18191264903427,5,0.4931640625
3,71,4.174612999122473,239.54316249439302,3,0.6158854166666666
3,72,4.665955999371363,214.31835193789408,5,0.634033203125
3,73,4.324055998949916,231.26435000907642,4,0.649658203125
3,74,4.414681001435383,226.51693285989666,5,0.61396484375
3,75,4.559881999739446,219.303920596441,5,0.64072265625
3,76,4.4615749993681675,224.1360954688908,4,0.713623046875
3,77,4.774360000737943,209.45215690593844,4,0.6715087890625
3,78,4.33240299935278,230.81878582149224,4,0.71337890625
3,79,4.061367999383947,246.22245513129715,3,0.8289388020833334
3,80,4.5500690011976985,219.77688684210582,5,0.577734375
3,81,4.441371000211802,225.15570078525562,5,0.575244140625
3,82,4.17234499946062,239.67337315808618,3,0.5149739583333334
3,83,3.955328000301961,252.82353319968843,2,0.677978515625
3,84,4.273978000128409,233.9740635000825,3,0.5638020833333334
3,85,4.499028998907306,222.27018324240035,2,0.556640625
3,86,4.734353999083396,211.22205905887202,3,0.552734375
3,87,5.302310000843136,188.5970454086968,2,0.55029296875
3,88,4.425275999892619,225.97460588317324,2,0.5577392578125
3,89,3.7169730003370205,269.03612157240025,1,0.289306640625
3,90,3.9530180001747794,252.97127408875593,1,0.8623046875
3,91,3.9648700003453996,252.21507890873724,1,0.71875
3,92,3.921453999282676,255.0074539145233,1,0.61328125
3,93,3.7400339988380438,267.3772485251954,1,0.282958984375
3,94,3.2604150001134258,306.70942194941784,0,0.0
3,95,3.2315249991370365,309.451420077841,0,0.0
3,96,3.164701000059722,315.9856175926663,0,0.0
3,97,3.2164040003408445,310.9062169721308,0,0.0
3,98,4.010836000816198,249.32457966281888,2,0.383056640625
3,99,3.159765999953379,316.4791316872055,0,0.0
4,0,4.35195099998964,229.7819989247077,0,0.0
4,1,3.735321999556618,267.71453709176876,0,0.0
4,2,3.3022110001184046,302.82740865563824,0,0.0
4,3,4.4263609997869935,225.9192144626528,2,0.329833984375
4,4,3.257528000176535,306.9812446572392,0,0.0
4,5,4.695944000559393,212.94972850631893,3,0.3086751302083333
4,6,3.8310780000756495,261.02313760781004,1,0.478515625
4,7,3.840888999548042,260.35639148063643,1,0.462890625
4,8,3.906119998646318,256.00852005226517,1,0.281494140625
4,9,3.795336000621319,263.48128330042294,1,0.405517578125
4,10,4.005267999673379,249.6711830722808,2,0.4423828125
4,11,3.7215299998933915,268.70668784845117,1,0.26123046875
4,12,4.410703000758076,226.7212278469278,3,0.4747721354166667
4,13,3.9201769995997893,255.09052272437953,2,0.592041015625
4,14,3.906930000084685,255.95544327088643,2,0.722900390625
4,15,4.0336609999940265,247.913743867291,2,0.661376953125
4,16,4.007190000265837,249.551431285679,1,0.611328125
4,17,3.8819000001240056,257.6058115788803,1,0.315673828125
4,18,3.93533100032073,254.1082312818159,2,0.39794921875
4,19,4.503522000959492,222.04843226855476,3,0.4143880208333333
4,20,4.389518000607495,227.81544576456986,3,0.3235677083333333
4,21,4.539751998891006,220.27634995133766,4,0.4002685546875
4,22,4.307778001020779,232.13823919501846,3,0.4186197916666667
4,23,4.225499998938176,236.65838368270965,4,0.35369873046875
4,24,3.9856230014265748,250.9018037185328,1,0.26123046875
4,25,4.069053999046446,245.75736774059595,1,0.484375
4,26,4.285942999558756,233.32088179962994,3,0.49658203125
4,27,4.002805000709486,249.82481030746007,1,0.67578125
4,28,4.178672999842092,239.31042224117297,3,0.4522298177083333
4,29,4.157281000516377,240.54183488577982,3,0.4551595052083333
4,30,4.142620999118662,241.3930698011594,2,0.529052734375
4,31,4.146004999711295,241.19604295451515,2,0.4315185546875
4,32,3.8342509997164598,260.8071302775821,1,0.259033203125
4,33,3.724026999407215,268.5265171705733,1,0.264404296875
4,34,3.9087139994080644,255.83862112997778,2,0.322021484375
4,35,3.873898998790537,258.1378606701435,2,0.3076171875
4,36,4.073631998835481,245.48118246465748,3,0.3346354166666667
4,37,4.054968998389086,246.6110099478613,3,0.3497721354166667
4,38,3.917894000551314,255.2391667205093,2,0.50341796875
4,39,4.217671999867889,237.0976216337646,4,0.42791748046875
4,40,4.71958900016034,211.88285674155665,5,0.41337890625
4,41,4.555808000077377,219.5000316042765,6,0.3833821614583333
4,42,4.1782759999478,239.33316037822613,4,0.37469482421875
4,43,4.293314999813447,232.92024928137164,4,0.37506103515625
4,44,4.15255400002934,240.81565224508444,3,0.46826171875
4,45,4.068430000188528,245.79506098265446,3,0.3990885416666667
4,46,4.551317000732524,219.71662264769785,5,0.47509765625
4,47,4.425050999998348,225.98609597954314,3,0.4215494791666667
4,48,4.615699999703793,216.65186213665834,5,0.4615234375
4,49,4.335203999289661,230.66965249244413,3,0.56591796875
4,50,4.011510000054841,249.28268905881552,3,0.6018880208333334
4,51,4.1945100001612445,238.40686992319917,4,0.5089111328125
4,52,4.249880999850575,235.30070607510183,4,0.519775390625
4,53,4.239079000399215,235.90029813217095,3,0.5931803385416666
4,54,4.059204000441241,246.35371858406197,3,0.5804036458333334
4,55,4.148375999648124,241.0581876100003,3,0.6114095052083334
4,56,4.028471999845351,248.23307696774086,2,0.520751953125
4,57,4.164554000453791,240.12175130663093,2,0.4769287109375
4,58,3.940591001082794,253.76904117306782,1,0.5546875
4,59,3.7553689999185735,266.28541696479965,1,0.25390625
4,60,3.2148249993042555,311.0589224036822,0,0.0
4,61,3.872872001011274,258.2063129736492,1,0.3310546875
4,62,3.8013310004316736,263.0657524657657,1,0.61328125
4,63,3.7510350011871196,266.59308689029086,1,0.478515625
4,64,3.184376000717748,314.0332673574362,0,0.0
4,65,3.1765359999553766,314.8083320995096,0,0.0
4,66,3.294269001344219,303.55748106543587,0,0.0
4,67,3.2053519989858614,311.9782165317223,0,0.0
4,68,3.2087449999380624,311.64832357177113,0,0.0
4,69,3.209460999642033,311.57879784535,0,0.0
4,70,3.2101109991344856,311.5157077962791,0,0.0
4,71,3.1500830009463243,317.45195275793924,0,0.0
4,72,3.1446730008610757,317.998087472427,0,0.0
4,73,3.1412510015798034,318.3445065348418,0,0.0
4,74,3.363764999448904,297.2859281679407,0,0.0
4,75,3.1473980016016867,317.7227663902397,0,0.0
4,76,3.2443339987366926,308.2296706779847,0,0.0
4,77,3.8297699993563583,261.1122861602819,1,0.26904296875
4,78,3.1617919994459953,316.2763395489705,0,0.0
4,79,3.2012390001909807,312.37905071765704,0,0.0
5,0,5.593109999608714,178.79140586721135,4,0.3443603515625
5,1,3.652396999314078,273.792799684098,0,0.0
5,2,3.239693998693838,308.67112770625084,0,0.0
5,3,4.109707000679919,243.32634901577117,3,0.2975260416666667
5,4,4.156537001108518,240.58489067541257,2,0.2802734375
5,5,4.271239000445348,234.12410307541518,3,0.368896484375
5,6,4.373218998807715,228.66451469103953,4,0.35882568359375
5,7,3.948285999285872,253.27445888693737,2,0.3297119140625
5,8,3.7360140013333876,267.66494976814835,1,0.282958984375
5,9,3.755672998522641,266.2638627999209,1,0.2705078125
5,10,3.7593240012938622,266.00527106890115,1,0.267333984375
5,11,4.361610999694676,229.2730828287994,4,0.46405029296875
5,12,4.220527000143193,236.93723555519782,2,0.3927001953125
5,13,4.9376050010323524,202.5273386167829,3,0.5730794270833334
5,14,4.134810000323341,241.849081317352,3,0.470458984375
5,15,4.365660999610554,229.06038743942935,4,0.4332275390625
5,16,4.7262490006687585,211.5842817123053,2,0.291015625
5,17,4.2702579994511325,234.17788811086652,3,0.307861328125
5,18,4.092069000762422,244.37515589636516,2,0.4649658203125
5,19,4.288657000870444,233.1732287746574,3,0.46533203125
5,20,4.225636999763083,236.6507109001712,2,0.3681640625
5,21,3.9101910006138496,255.7419828962352,1,0.4765625
5,22,3.912775999197038,255.57302544413875,2,0.35205078125
5,23,3.9105129999370547,255.72092459892,2,0.350830078125
5,24,4.414421000547009,226.53027427064296,4,0.4664306640625
5,25,4.630297000403516,215.96886763696867,3,0.4146321614583333
5,26,4.117235999729019,242.88138937525474,2,0.516357421875
5,27,4.34356799996749,230.22547362156746,3,0.48291015625
5,28,4.209409000395681,237.5630402999568,2,0.4395751953125
5,29,4.4870859983348055,222.8617861059735,3,0.4566243489583333
5,30,4.406538000694127,226.93552168220901,3,0.4474283854166667
5,31,4.1156940005748766,242.97238809792975,2,0.486572265625
5,32,3.73516100080451,267.7260765425136,1,0.607421875
5,33,3.74890700004471,266.74441376861944,1,0.484375
5,34,3.177356000378495,314.7270875158079,0,0.0
5,35,3.1668139999965206,315.7747818473389,0,0.0
5,36,3.9610900003026472,252.45576341956254,2,0.26904296875
5,37,3.2144300002983073,311.09714627700635,0,0.0
5,38,3.8910510011191946,256.9999724270813,2,0.3553466796875
5,39,3.893015000357991,256.87031771211844,2,0.4620361328125
5,40,3.887112001393689,257.26040300394203,2,0.473388671875
5,41,4.146813000261318,241.14904625238307,3,0.4735514322916667
5,42,4.136638999625575,241.74214865994213,3,0.4933268229166667
5,43,4.047116999572609,247.089471370757,3,0.4109700520833333
5,44,4.038508001031005,247.61619879042124,2,0.655517578125
5,45,4.691823000030126,213.13677007712758,4,0.4195556640625
5,46,4.518518000622862,221.31150077573076,5,0.428515625
5,47,4.468782999538234,223.7745713102049,4,0.40350341796875
5,48,3.874993000863469,258.06498225343086,2,0.3734130859375
5,49,3.8645350014121505,258.76334400764574,2,0.551025390625
5,50,4.3574580013228115,229.49159801343487,5,0.467333984375
5,51,4.519065001659328,221.2847125750163,5,0.496875
5,52,4.548361999695771,219.85936916782074,6,0.4474690755208333
5,53,4.266899000867852,234.3622381960783,4,0.49871826171875
5,54,4.237024999383721,236.01465654449785,4,0.56597900390625
5,55,4.391541000586585,227.71050067992726,4,0.5673828125
5,56,4.4420300000638235,225.12229768498455,5,0.487841796875
5,57,4.270749999705004,234.1509102778373,4,0.50006103515625
5,58,4.224571999657201,236.71036973239993,4,0.528564453125
5,59,4.092510000191396,244.3488225937707,3,0.613525390625
5,60,4.400965999593609,227.22284155168236,4,0.49163818359375
5,61,4.429872000400792,225.74015680577796,3,0.62158203125
5,62,4.229675998431048,236.4247286011834,2,0.562744140625
5,63,3.748825000002398,266.7502484109982,1,0.763671875
5,64,3.7070079997647554,269.75933153191454,1,0.88232421875
5,65,3.7889539999014232,263.92508328842655,1,0.85302734375
5,66,4.058659000293119,246.3867991688337,3,0.4473470052083333
5,67,3.956913000365603,252.72226099173878,2,0.4595947265625
5,68,3.2866590008779895,304.26034454224265,0,0.0
5,69,3.1915429990476696,313.3280674264429,0,0.0
5,70,3.178789998855791,314.5851095416656,0,0.0
5,71,3.81264200041187,262.28531288591284,1,0.272705078125
5,72,3.1786939998710295,314.5946102520637,0,0.0
5,73,3.157634999297443,316.69271471290847,0,0.0
5,74,3.2001210001908476,312.48818402190494,0,0.0
5,75,3.2120440009748563,311.32823824844854,0,0.0
5,76,3.861420000248472,258.9720879716924,1,0.509765625
5,77,3.783032001592801,264.33823440535576,1,0.26904296875
5,78,3.1830429998080945,314.1647788170911,0,0.0
5,79,3.5194179999962216,284.13788870804024,0,0.0
5,80,3.2535729988012463,307.3544070990392,0,0.0
5,81,3.9016079990688013,256.3045801214962,1,0.482421875
5,82,3.203555999789387,312.1531198660937,0,0.0
5,83,3.1666280010540504,315.7933295818574,0,0.0
5,84,3.1536400001641596,317.0938978285239,0,0.0
5,85,3.185781999491155,313.89467332030995,0,0.0
5,86,3.143915000691777,318.0747570401754,0,0.0
5,87,3.1475859996135114,317.70378954627097,0,0.0
5,88,3.237316001104773,308.8978646689844,0,0.0
5,89,3.146802000628668,317.78294274638824,0,0.0
5,90,3.2065779996628407,311.8589350095791,0,0.0
6,0,4.554782000923296,219.54947564939238,0,0.0
6,1,3.7936509997962276,263.59831203600805,0,0.0
6,2,3.320619998703478,301.1485808043214,0,0.0
6,3,3.2860789997357642,304.31404725218437,0,0.0
6,4,3.201329998773872,312.37017126725635,0,0.0
6,5,3.3234439997613663,300.89268844963334,0,0.0
6,6,3.264644001319539,306.31211231479125,0,0.0
6,7,3.1901689999358496,313.4630171693439,0,0.0
6,8,3.1542929991701385,317.0282533243074,0,0.0
6,9,3.252761000112514,307.4311331098134,0,0.0
6,10,3.1590609996783314,316.54975959686254,0,0.0
6,11,3.1552439995721215,316.93270001800454,0,0.0
6,12,3.1811370008654194,314.35301268947325,0,0.0
6,13,3.234071000406402,309.2078064687934,0,0.0
6,14,3.1494590002694167,317.51484934855677,0,0.0
6,15,3.183778999300557,314.0921528220676,0,0.0
6,16,4.065290999278659,245.98485082062734,1,0.470703125
6,17,3.8470370000140974,259.94031250448995,1,0.71875
6,18,3.862061999825528,258.92903843728453,1,0.87744140625
6,19,3.810793999946327,262.41250511417945,1,0.77880859375
6,20,4.094347999853198,244.23913161163992,1,0.75927734375
6,21,4.244018999088439,235.62571237659097,1,0.67236328125
6,22,4.419659999257419,226.26174867931417,2,0.508056640625
6,23,4.802004999874043,208.24634710422626,2,0.4761962890625
6,24,3.9296110007853713,254.4781149584883,1,0.79931640625
6,25,3.9475840003433404,253.31949868907796,1,0.8857421875
6,26,3.836760000922368,260.63657871735455,1,0.7890625
6,27,3.8222000002861023,261.62942805848655,1,0.83349609375
6,28,3.881545999320224,257.62930548166383,1,0.8916015625
6,29,3.766381998502766,265.506791503763,1,0.90869140625
6,30,3.2043350001913495,312.0772328549556,0,0.0
6,31,3.8606970010732766,259.02058610711987,1,0.381103515625
6,32,3.7623150001309114,265.793799818783,1,0.302490234375
6,33,3.7759750011900906,264.8322617826722,1,0.86083984375
6,34,3.96556200030318,252.17106678033196,1,0.55078125
6,35,4.239307001626003,235.88761078554728,2,0.5189208984375
6,36,4.03653499961365,247.737230098516,2,0.547119140625
6,37,4.439464999450138,225.25236714871224,1,0.822265625
6,38,3.8341670006047934,260.8128440525053,1,0.8681640625
6,39,3.764515000511892,265.6384686643623,1,0.7744140625
6,40,3.2011660005082376,312.3861742381475,0,0.0
6,41,3.9958139986993046,250.26189915884837,1,0.52734375
6,42,3.9632400003029034,252.31880984335336,2,0.2840576171875
6,43,4.190175999610801,238.65345992456727,3,0.375244140625
6,44,3.2248380011878908,310.0930960351011,0,0.0
6,45,3.1826510003156727,314.2034737396009,0,0.0
6,46,3.1458789999305736,317.8761802415379,0,0.0
6,47,3.1557500005874317,316.8818822193943,0,0.0
6,48,3.7705229988205247,265.2151970198338,1,0.26123046875
6,49,3.748582999833161,266.76746921290186,1,0.357666015625
6,50,3.2580450006207684,306.93253156707965,0,0.0
6,51,3.1841899999562884,314.0516112461027,0,0.0
6,52,4.09905800006527,243.95848997112918,3,0.35498046875
6,53,4.099407999092364,243.9376612968035,3,0.53955078125
6,54,4.619313000148395,216.4824076584278,5,0.37041015625
6,55,4.772067000885727,209.55279961794196,2,0.484130859375
6,56,4.141399000218371,241.4642974384432,3,0.4837239583333333
6,57,4.217121000692714,237.1286002549459,4,0.36468505859375
6,58,3.8632930009043775,258.8465331948431,1,0.55078125
6,59,4.063538999616867,246.09090748096315,3,0.3546549479166667
6,60,3.824497998721199,261.47222467742716,1,0.363037109375
6,61,4.386065000289818,227.99479714366362,3,0.3943684895833333
6,62,4.058077000081539,246.42213540549056,3,0.4024251302083333
6,63,4.108941000595223,243.3717105831258,3,0.515625
6,64,4.698249000284704,212.845253612442,6,0.3775634765625
6,65,5.018911000661319,199.24641020098474,6,0.351318359375
6,66,4.233024999848567,236.23767873702002,3,0.5259602864583334
6,67,4.603137998856255,217.24310682157926,6,0.438720703125
6,68,3.96664499930921,252.10221740895636,2,0.635986328125
6,69,3.8953050006966805,256.71930691464433,2,0.5836181640625
6,70,4.277953999917372,233.75660421297536,4,0.43865966796875
6,71,4.386884000268765,227.95223213988208,3,0.3487141927083333
6,72,3.5905129989259876,278.5117336433889,0,0.0
6,73,3.2395879989053356,308.68122747025313,0,0.0
6,74,3.9184079996630317,255.20568559629223,1,0.484375
6,75,3.196894000211614,312.8036149881123,0,0.0
6,76,3.1586629993398674,316.5896457485307,0,0.0
6,77,3.232159000617685,309.390719889985,0,0.0
6,78,3.1857590001891367,313.89693945481457,0,0.0
6,79,3.1629850000172155,316.1570478502292,0,0.0
6,80,3.2239960000879364,310.1740820933787,0,0.0
6,81,4.006067998489016,249.62132454495878,2,0.5845947265625
6,82,3.8023149991204264,262.99767384641353,1,0.83642578125
6,83,3.7880399995628977,263.9887646686387,1,0.8916015625
6,84,3.816727999947034,262.00452324972525,1,0.89697265625
6,85,3.8328990012814756,260.8991261355084,1,0.884765625
6,86,3.9454590005334467,253.45593500396146,2,0.5997314453125
6,87,4.047892000016873,247.04216416738186,2,0.56201171875
6,88,3.7897479996900074,263.8697876697336,1,0.87158203125
6,89,4.510622000452713,221.69891422948632,5,0.38232421875
6,90,4.248410001309821,235.38217820118382,4,0.56005859375
6,91,3.9730700009386055,251.6945333869673,2,0.62060546875
6,92,4.0579319993412355,246.4309407260496,2,0.722900390625
6,93,3.852431998893735,259.57628850740525,1,0.7841796875
6,94,3.772269999899436,265.0923714438942,1,0.78515625
6,95,3.7415189999592258,267.2711270505102,1,0.83203125
6,96,3.8657289987895638,258.6834204656146,2,0.663818359375
6,97,3.7385350005934015,267.4844557671051,1,0.84814453125
6,98,4.01860899910389,248.84232335691036,2,0.609375
6,99,4.084053000042331,244.8548047710534,3,0.6484375
6,100,4.099308998775086,243.94355251063283,3,0.57177734375
6,101,4.245448999427026,235.5463462486446,4,0.64630126953125
6,102,4.281686000467744,233.55285742363105,4,0.6033935546875
6,103,4.304636000597384,232.3076794091819,5,0.599267578125
6,104,4.352546000518487,229.75058733000807,4,0.60162353515625
6,105,4.335274999903049,230.6658747189886,4,0.6292724609375
6,106,4.575822000333574,218.53996941469768,4,0.6033935546875
6,107,4.645426999559277,215.26546431466312,5,0.591357421875
6,108,4.384660000141594,228.0678547407797,4,0.62384033203125
6,109,4.144848999203532,241.26331265437136,3,0.8024088541666666
6,110,4.029528998216847,248.16796217188696,3,0.72998046875
6,111,4.296040000554058,232.77250674365942,4,0.546630859375
6,112,4.266010000719689,234.41107729032444,4,0.56671142578125
6,113,4.370659000414889,228.79844890783608,5,0.58759765625
6,114,4.412755999510409,226.61574764409113,4,0.6500244140625
6,115,4.560102001050836,219.29334031772942,6,0.5286865234375
6,116,4.538029001196264,220.35998441975386,5,0.48349609375
6,117,4.291473998819129,233.0201698239735,4,0.512451171875
6,118,4.391762000523158,227.69904195192666,4,0.46826171875
6,119,4.002309000497917,249.855770725247,2,0.596435546875
6,120,4.160109001531964,240.37831692192418,3,0.4785970052083333
6,121,4.196112000499852,238.31585045415312,3,0.3959147135416667
6,122,3.807143999438267,262.66408629343863,1,0.262939453125
6,123,4.062841000632034,246.1331860745807,3,0.528564453125
6,124,4.20300999940082,237.92472540930424,3,0.54296875
6,125,4.083129000719055,244.91021464761369,3,0.533447265625
6,126,3.9442189990950283,253.5356176291029,2,0.6165771484375
6,127,3.7980570014042314,263.2925202624069,1,0.449462890625
6,128,3.992883001046721,250.4456052776536,2,0.2991943359375
6,129,4.4540979997691466,224.5123479662615,1,0.544921875
6,130,4.6810280000499915,213.62828848477736,2,0.3399658203125
6,131,3.217658999346895,310.78495272587156,0,0.0
6,132,4.512462999628042,221.60846528435337,1,0.414794921875
6,133,3.2003100004658336,312.4697294494724,0,0.0
6,134,3.746337999473326,266.92733013961464,1,0.403564453125
6,135,3.7757709997094935,264.8465704294407,1,0.30908203125
6,136,3.2760649992269464,305.2442488888255,0,0.0
6,137,3.2065309987956425,311.8635061927033,0,0.0
6,138,3.816268999798922,262.03603573351086,1,0.388671875
7,0,5.585742001130711,179.02724468791646,3,0.499267578125
7,1,4.541967999102781,220.1688783799313,2,0.339111328125
7,2,4.286406001483556,233.29567932993115,2,0.267578125
7,3,4.246084999977029,235.5110648998807,2,0.3638916015625
7,4,3.946229999201023,253.40641579493996,1,0.26904296875
7,5,3.9599629999429453,252.52761200405354,2,0.3453369140625
7,6,4.005562999736867,249.65279539123262,2,0.2635498046875
7,7,4.692785998486215,213.09303265108977,1,0.31396484375
7,8,3.2598390007478883,306.76361616956393,0,0.0
7,9,4.355144001237932,229.6135328052882,1,0.4072265625
7,10,3.2347100004699314,309.14672408182565,0,0.0
7,11,3.2571039992035367,307.0212066438564,0,0.0
7,12,3.2733980006014463,305.4929464172283,0,0.0
7,13,3.854985001453315,259.4043815016151,1,0.5908203125
7,14,3.169818999595009,315.47542623972055,0,0.0
7,15,3.7407979998533847,267.32264079460947,1,0.474609375
7,16,3.9377769990096567,253.95038882382067,2,0.5009765625
7,17,3.8355199994839495,260.7208410162234,1,0.332763671875
7,18,3.774650000195834,264.92522484153994,1,0.322509765625
7,19,4.077797999343602,245.23039153998525,1,0.42626953125
7,20,3.9985820003494155,250.08865640685002,2,0.504638671875
7,21,4.328420000092592,231.03118458435372,3,0.3672688802083333
7,22,4.257795000739861,234.86335059020777,2,0.41552734375
7,23,3.97612100096012,251.50140042481817,2,0.4639892578125
7,24,4.040803998577758,247.47550248712142,2,0.352294921875
7,25,3.969733999838354,251.9060471156807,2,0.6466064453125
7,26,4.053877999467659,246.67737907537338,1,0.88623046875
7,27,3.9485199995397124,253.2594491395693,2,0.6400146484375
7,28,4.668241001127171,214.2134477972634,3,0.4768880208333333
7,29,3.839774000880425,260.4319941149425,1,0.8740234375
7,30,3.89903100040101,256.4739803036066,1,0.68408203125
7,31,3.7903900010860525,263.82509443974686,1,0.68408203125
7,32,3.2965219998004613,303.3500155802176,0,0.0
7,33,4.003722999186721,249.7675289232374,2,0.35791015625
7,34,4.571887000565766,218.72806564909655,3,0.4225260416666667
7,35,4.315494999900693,231.72312794314712,2,0.2923583984375
7,36,4.443656998773804,225.03987150132042,4,0.38360595703125
7,37,4.218518000925542,237.05007298311878,3,0.47900390625
7,38,4.25688299947069,234.91366808163204,3,0.3685709635416667
7,39,3.9083720002963673,255.8610080934392,1,0.329345703125
7,40,3.9450170006603003,253.48433221773803,1,0.611328125
7,41,4.105773999981466,243.55943605383885,2,0.427978515625
7,42,4.369098000097438,228.8801944881297,3,0.433837890625
7,43,4.385451000416651,228.02671832497782,4,0.40985107421875
7,44,4.025074000310269,248.44263730875903,2,0.4306640625
7,45,3.8930299997446127,256.86932802100193,1,0.58154296875
7,46,3.8190760005818447,261.84344062481284,1,0.50390625
7,47,3.216084000086994,310.9371521306503,0,0.0
7,48,3.273923999586259,305.44386495421844,0,0.0
7,49,3.2099990003189305,311.5265767686048,0,0.0
7,50,3.8105589992483146,262.42868833608503,1,0.287841796875
7,51,4.147076000663219,241.1337529961051,4,0.29852294921875
7,52,4.328217999500339,231.0419669516283,3,0.3567708333333333
7,53,4.297041999961948,232.71822802962024,4,0.40277099609375
7,54,4.651070999898366,215.004243113436,3,0.2660319010416667
7,55,4.218709998895065,237.03928458270727,3,0.324951171875
7,56,4.6730029989703326,213.9951547688593,6,0.3773193359375
7,57,4.232586999933119,236.26212527132967,3,0.46484375
7,58,4.170311000052607,239.7902698353637,4,0.4244384765625
7,59,4.7562990002916194,210.24750545301876,6,0.40576171875
7,60,4.617385000528884,216.57280038061762,6,0.4055989583333333
7,61,4.581301000143867,218.27860687795823,6,0.3880615234375
7,62,4.310457999963546,231.99390876989338,4,0.38946533203125
7,63,4.156736000368255,240.57337293285107,3,0.380615234375
7,64,4.225609000059194,236.65227899362947,3,0.4935709635416667
7,65,4.304533000322408,232.3132381433945,5,0.448388671875
7,66,4.294954000215512,232.83136442202223,3,0.6271158854166666
7,67,4.194254001049558,238.4214212467254,4,0.49188232421875
7,68,4.302610001104767,232.4170677201125,4,0.43096923828125
7,69,4.218756001137081,237.03669985428647,4,0.56231689453125
7,70,4.481879999730154,223.12065473868293,4,0.51824951171875
7,71,4.25231199915288,235.166187288048,4,0.57318115234375
7,72,4.426529998454498,225.9105891859188,4,0.5118408203125
7,73,4.234025998812285,236.18182795299714,4,0.48919677734375
7,74,4.244433999701869,235.60267401265764,4,0.48876953125
7,75,4.182048000075156,239.11729372356055,2,0.773681640625
7,76,4.321754000557121,231.38753382795252,3,0.71337890625
7,77,4.194546998405713,238.40476704161037,2,0.5498046875
7,78,4.339663999417098,230.43258651690996,2,0.5662841796875
7,79,3.907521999281016,255.91666539151922,1,0.8017578125
7,80,3.7385849991551368,267.48087852114764,1,0.875
7,81,3.9782999992894474,251.36364783415203,2,0.51513671875
7,82,4.010390999610536,249.3522452292342,2,0.349609375
7,83,3.697666999869398,270.44079416435284,1,0.2509765625
7,84,3.2198349999816855,310.5749207663399,0,0.0
7,85,3.1742679984745337,315.0332613631151,0,0.0
7,86,4.6171489993867,216.5838702915654,1,0.2822265625
7,87,3.191125000739703,313.36910956737825,0,0.0
7,88,3.2355729999835603,309.0642677525993,0,0.0
7,89,3.1896260006760713,313.5163808509338,0,0.0
7,90,3.18573200092942,313.89959974921163,0,0.0
7,91,3.1935679999151034,313.12939008237294,0,0.0
7,92,3.8062460007495247,262.72605601505535,1,0.2705078125
7,93,3.165084999636747,315.94728107294713,0,0.0
7,94,3.2362839992856607,308.9963675069086,0,0.0
7,95,3.7788909994560527,264.6279027746351,1,0.3408203125
7,96,3.837412999928347,260.59222711203415,1,0.2861328125
7,97,3.2249270007014275,310.0845382802458,0,0.0
7,98,3.190329000062775,313.4472964952277,0,0.0
7,99,3.1821920001675608,314.24879452507713,0,0.0
7,100,3.2167160006792983,310.87606110978476,0,0.0
7,101,3.2195330004469724,310.60405340189664,0,0.0
7,102,3.2029379999585217,312.21334912288347,0,0.0
7,103,3.156407999995281,316.81582355687067,0,0.0
7,104,3.1527650007774355,317.18190215680886,0,0.0
7,105,3.279161999671487,304.95596134017836,0,0.0
7,106,3.2072859994514147,311.79009298548476,0,0.0
7,107,3.1456339984288206,317.9009384116141,0,0.0
7,108,3.2216510007856414,310.39985391221364,0,0.0
7,109,3.2201670001086313,310.5429004043161,0,0.0
7,110,3.2180809994315496,310.74419822765265,0,0.0
7,111,3.225633001420647,310.01666945978536,0,0.0
7,112,3.1739540008857148,315.0644274368635,0,0.0
7,113,3.174651999870548,314.9951553873548,0,0.0
7,114,3.1949549993441906,312.9934538061613,0,0.0
8,0,5.370849999962957,186.19026783598446,1,0.90185546875
8,1,4.45795499945234,224.31810104024154,2,0.5906982421875
8,2,4.047270000228309,247.08013054320304,2,0.5203857421875
8,3,3.940815999158076,253.75455241088193,1,0.5830078125
8,4,4.080910000993754,245.04338487163088,3,0.28662109375
8,5,3.8334500004566507,260.86162591944003,1,0.29248046875
8,6,3.224327998395893,310.1421445018935,0,0.0
8,7,3.7266889994498342,268.3347067994213,1,0.287841796875
8,8,4.301291999581736,232.48828493793064,3,0.3731282552083333
8,9,4.328117000113707,231.04735846413772,4,0.50634765625
8,10,3.856822999296128,259.2807604037055,1,0.474609375
8,11,4.3876879990421,227.91046223394082,5,0.3865234375
8,12,3.7034680008218857,270.0171838336599,1,0.26123046875
8,13,3.9235809999809135,254.8692125904536,2,0.3692626953125
8,14,3.9620999996259343,252.3914086202799,2,0.4215087890625
8,15,4.139904000112438,241.55149490733132,2,0.4073486328125
8,16,3.908410000803997,255.85852041988701,2,0.3973388671875
8,17,4.491116998906364,222.66175658383224,4,0.47955322265625
8,18,4.852020998441731,206.099685125262,4,0.49542236328125
8,19,4.350880000856705,229.8385613492204,2,0.666015625
8,20,4.137608999371878,241.68547587551362,1,0.615234375
8,21,4.276491999917198,233.83651834713174,3,0.4146321614583333
8,22,3.991188999862061,250.55190321344364,2,0.3438720703125
8,23,4.076224000527873,245.32508514509988,2,0.350341796875
8,24,4.351397999926121,229.81120090990947,1,0.350341796875
8,25,3.213104000678868,311.22553138296144,0,0.0
8,26,3.1565669996780343,316.79986520229056,0,0.0
8,27,3.9903970009618206,250.60163180730294,2,0.33984375
8,28,3.782518000662094,264.3741549478309,1,0.27978515625
8,29,3.8691089994244976,258.45743817213287,1,0.435791015625
8,30,3.766943000300671,265.4672502132848,1,0.291015625
8,31,3.9689440000074683,251.95618784193437,2,0.306640625
8,32,3.755536001335713,266.27357576770265,1,0.58154296875
8,33,3.19981199936592,312.51836051560576,0,0.0
8,34,3.7779430003865855,264.69430584253735,1,0.43017578125
8,35,3.83063000117545,261.0536647217676,1,0.673828125
8,36,4.017479999674833,248.9122534725594,2,0.615234375
8,37,3.795548998823506,263.46649728668154,1,0.67236328125
8,38,4.0374359996349085,247.68194470213933,2,0.5216064453125
8,39,4.025567999633495,248.41214956275596,3,0.5086263020833334
8,40,4.521880999163841,221.1469077105112,6,0.3321533203125
8,41,4.030825999507215,248.08810901841312,3,0.4767252604166667
8,42,4.427820998898824,225.84472142137065,4,0.427978515625
8,43,4.032503000416909,247.98493637738466,2,0.5443115234375
8,44,4.1258799992647255,242.37253632636197,3,0.367919921875
8,45,4.394223000417696,227.57151831050547,4,0.53729248046875
8,46,4.121596999539179,242.62440022928163,3,0.5995279947916666
8,47,4.3286379986966494,231.01954940586378,4,0.4677734375
8,48,4.474815999856219,223.47287576341267,4,0.6075439453125
8,49,4.175643000053242,239.48407466520712,4,0.4381103515625
8,50,4.130762999920989,242.08602624239816,4,0.54400634765625
8,51,4.354900000180351,229.62639784118733,4,0.498046875
8,52,4.362903999208356,229.20513497006783,3,0.5836588541666666
8,53,4.332975999204791,230.7882619667233,4,0.51177978515625
8,54,4.041549000248779,247.42988392283374,3,0.589111328125
8,55,4.377623999971547,228.4344201344153,4,0.49456787109375
8,56,4.058460999658564,246.39881967182373,2,0.6044921875
8,57,3.7609450009767897,265.890620506357,1,0.50390625
8,58,4.292095998607692,232.9864011253217,4,0.376708984375
8,59,3.728161000253749,268.22875941568435,1,0.310791015625
8,60,3.2130740000866354,311.2284373073999,0,0.0
8,61,3.2085020011436427,311.67192653878936,0,0.0
8,62,3.249868999773753,307.70471058052414,0,0.0
8,63,3.154305000862223,317.02704707587,0,0.0
8,64,3.2051460002548993,311.9982677608046,0,0.0
8,65,3.1563520005875034,316.8214444440501,0,0.0
8,66,3.147355000692187,317.72710729487886,0,0.0
8,67,3.770851999433944,265.1920574316132,1,0.61328125
8,68,3.2764829993539024,305.20530709214495,0,0.0
8,69,3.8404959996114485,260.3830338844702,1,0.26904296875
8,70,3.147277999232756,317.7348808220247,0,0.0
8,71,3.8511580005433643,259.6621587218465,1,0.381103515625
8,72,3.875096001138445,258.05812287133404,2,0.351806640625
8,73,3.686432999529643,271.2649328300803,1,0.3486328125
8,74,3.756580001208931,266.1995750598105,1,0.282958984375
8,75,3.7089510005898774,269.61801324443445,1,0.68603515625
9,0,4.377105000457959,228.46150592580574,0,0.0
9,1,3.857173000142211,259.25723320243367,0,0.0
9,2,3.276440000263392,305.20931252200876,0,0.0
9,3,3.329974000735092,300.3026449393449,0,0.0
9,4,3.270344999691588,305.77813658629464,0,0.0
9,5,3.2390679989475757,308.7307831527204,0,0.0
9,6,3.202194000550662,312.2858889336611,0,0.0
9,7,3.283168000052683,304.58386533493064,0,0.0
9,8,3.198460000930936,312.6504629443365,0,0.0
9,9,3.255149000324309,307.20559946729645,0,0.0
9,10,3.2464539999637054,308.02839036412644,0,0.0
9,11,4.156241000600858,240.60202472749594,1,0.287841796875
9,12,3.362813999046921,297.3700003281232,0,0.0
9,13,3.317049000543193,301.47278494717506,0,0.0
9,14,3.2015249998949002,312.3511451676398,0,0.0
9,15,3.207678000762826,311.7519899946901,0,0.0
9,16,3.958322000471526,252.6323022434449,1,0.841796875
9,17,4.041166999741108,247.45327279572055,2,0.2952880859375
9,18,4.637695001292741,215.62435643595657,1,0.85302734375
9,19,3.979727000114508,251.27351699531832,1,0.6806640625
9,20,4.001418999905582,249.91134395663045,1,0.67236328125
9,21,3.9269049993890803,254.65347395864498,1,0.85498046875
9,22,4.072236999490997,245.5652753326964,2,0.5655517578125
9,23,4.083215999344247,244.9049964931067,2,0.5316162109375
9,24,3.8901940006326186,257.05658890980277,1,0.7607421875
9,25,4.269843000656692,234.20064855925668,2,0.5015869140625
9,26,4.2548330002318835,235.02685062974297,4,0.4730224609375
9,27,4.050736999488436,246.86865627817585,2,0.5772705078125
9,28,4.197558000669233,238.23375396851364,2,0.653564453125
9,29,4.0004679995035985,249.97075345286748,1,0.422607421875
9,30,3.81634899895289,262.0305428760249,1,0.26904296875
9,31,4.356121999080642,229.5619820131414,4,0.4901123046875
9,32,3.869187999953283,258.45216102501973,1,0.77197265625
9,33,3.181019001203822,314.3646735909345,0,0.0
9,34,3.2130099989444716,311.2346367824927,0,0.0
9,35,3.164766998452251,315.9790279944957,0,0.0
9,36,3.1709729992144275,315.3606165198312,0,0.0
9,37,3.227320999940275,309.8545202099531,0,0.0
9,38,3.229672998713795,309.6288696714021,0,0.0
9,39,3.2251469983748393,310.06338641429454,0,0.0
9,40,3.8390059999073856,260.4840940660485,1,0.45703125
9,41,3.2675969996489584,306.0352914106088,0,0.0
9,42,3.240812999138143,308.56454854567005,0,0.0
9,43,4.639699000108521,215.53122303334985,5,0.38583984375
9,44,4.02731699978176,248.3042680906891,2,0.672607421875
9,45,4.192190999674494,238.53874980353845,2,0.3856201171875
9,46,4.236853999827872,236.0241821031894,2,0.452880859375
9,47,4.307957999117207,232.12853983370346,3,0.5109049479166666
9,48,4.1929070011974545,238.49801574764464,4,0.35595703125
9,49,4.006528999525472,249.59260250417225,2,0.4361572265625
9,50,4.752862998429919,210.39950032861125,5,0.337109375
9,51,3.9199659986479674,255.10425354324738,1,0.302490234375
9,52,4.362533998573781,229.22457459974513,4,0.31915283203125
9,53,4.467154998565093,223.85612326440716,4,0.39996337890625
9,54,4.472550001082709,223.58609736233723,4,0.392822265625
9,55,4.55255999986548,219.65663275817303,5,0.372265625
9,56,4.7703290001663845,209.62914716471778,5,0.3568359375
9,57,4.508984999120003,221.7794027248184,5,0.40927734375
9,58,4.287456000383827,233.23854516768844,5,0.444921875
9,59,3.8702289984939853,258.382643608202,2,0.6256103515625
9,60,4.033245000755414,247.9393143269757,3,0.3064778645833333
9,61,4.12369699915871,242.50084334615602,3,0.48095703125
9,62,4.114602001209278,243.03687202458485,2,0.493408203125
9,63,4.089457001100527,244.53124210155204,2,0.5
9,64,3.7586960006592562,266.0497150673013,1,0.7734375
9,65,3.306234000774566,302.4589305432482,0,0.0
9,66,3.7519509987760102,266.5280011189452,1,0.6806640625
9,67,3.7175270008447114,268.9960287505043,1,0.8388671875
9,68,4.001486999186454,249.90709708748543,2,0.580322265625
9,69,3.7715439993917244,265.1434001993031,1,0.8857421875
9,70,3.740383999684127,267.35222909852286,1,0.884765625
9,71,3.779226999540697,264.6043754771898,1,0.865234375
9,72,3.9112550002755597,255.67241203387326,2,0.5592041015625
9,73,3.749620998860337,266.69362058297116,1,0.87744140625
9,74,3.988155000115512,250.7425112542106,2,0.66845703125
9,75,3.805669999564998,262.76582050317126,1,0.87060546875
9,76,5.114282999784336,195.5308300385741,4,0.4754638671875
9,77,3.789177999351523,263.9094812044035,1,0.8740234375
9,78,4.0794340002321405,245.1320452648811,3,0.5056966145833334
9,79,4.17374300013762,239.59309424826284,2,0.5860595703125
9,80,4.414314000314334,226.53576522394917,5,0.505615234375
9,81,4.138009000598686,241.66211331471737,2,0.7021484375
9,82,4.688320999775897,213.29597526444974,5,0.64384765625
9,83,4.603335000865627,217.2338097948458,4,0.639404296875
9,84,4.578284999297466,218.42240056122526,4,0.670654296875
9,85,4.648050000469084,215.14398509032378,5,0.625341796875
9,86,4.491310000958038,222.6521882895393,5,0.543798828125
9,87,4.384898000353132,228.05547584447032,5,0.6369140625
9,88,4.252517001077649,235.1548505853323,3,0.7381184895833334
9,89,4.415450999658788,226.4774312017678,5,0.647021484375
9,90,4.479178998735733,223.255199285908,6,0.4818522135416667
9,91,4.4019389988534385,227.17261649024834,5,0.598876953125
9,92,4.145200000493787,241.24288330620413,2,0.5015869140625
9,93,4.075778000697028,245.35193031342308,3,0.5670572916666666
9,94,4.207493000649265,237.67122128205284,2,0.4832763671875
9,95,3.9825550011300948,251.09508838327122,2,0.55078125
9,96,4.099670999494265,243.92201230863645,2,0.5970458984375
9,97,3.9324150002357783,254.296659925273,2,0.5802001953125
9,98,4.5749529999739025,218.58148051044554,2,0.5166015625
9,99,4.790078999576508,208.76482414766232,4,0.3580322265625
9,100,4.265150999344769,234.45828767929302,3,0.426513671875
9,101,3.967037999245804,252.07724256488487,2,0.5401611328125
9,102,3.7612129999615718,265.8716749118481,1,0.85009765625
9,103,4.497792000620393,222.33131275569596,3,0.5355631510416666
9,104,3.9453440003853757,253.46332281857335,1,0.66357421875
9,105,3.9410770004906226,253.73774728976636,1,0.77197265625
9,106,3.9480399991589366,253.29024027442304,1,0.71875
9,107,4.035506999571226,247.8003383729109,1,0.6533203125
9,108,4.086255999936839,244.72279759649348,1,0.43212890625
9,109,4.36746699961077,228.9656682212185,2,0.3458251953125
9,110,3.216805000192835,310.86746008541206,0,0.0
9,111,3.201273000740912,312.3757329564074,0,0.0
9,112,3.295479000371415,303.44602404909745,0,0.0
9,113,3.812012999333092,262.328591265284,1,0.4609375
9,114,3.7751670006400673,264.88894394087816,1,0.37744140625
9,115,4.00880399865855,249.4509585239453,2,0.6773681640625
9,116,3.7156410016905284,269.1325667751604,1,0.9248046875
9,117,4.149398999288678,240.9987567287281,3,0.7457682291666666
9,118,4.679534999013413,213.69644637999934,4,0.65032958984375
9,119,4.991218000213848,200.35189806519273,4,0.7733154296875
9,120,4.539517000011983,220.2877530797572,4,0.7459716796875
9,121,4.5897260006313445,217.8779299379623,5,0.64091796875
10,0,5.492713000421645,182.05939395035486,1,0.640625
10,1,4.798497999217943,208.39854474524725,4,0.2734375
10,2,3.865599999699043,258.69205300027295,1,0.529296875
10,3,4.210921999401762,237.47768306847482,3,0.3748372395833333
10,4,4.139341001064167,241.58434875090353,2,0.3876953125
10,5,4.077978001078009,245.21956708340534,3,0.3421223958333333
10,6,3.765682000448578,265.55614623881604,1,0.37744140625
10,7,4.427633000886999,225.85431082469287,4,0.35284423828125
10,8,3.8448270006483654,260.0897257097307,1,0.355712890625
10,9,3.179290999469231,314.5355364346786,0,0.0
10,10,3.910220999387093,255.74002087266803,2,0.3175048828125
10,11,3.9516220003861235,253.06064190914194,2,0.322998046875
10,12,5.099419000544003,196.10077145912516,3,0.5247395833333334
10,13,4.577439000058803,218.46276924436432,4,0.30865478515625
10,14,4.586675999235013,218.0228121992451,5,0.356982421875
10,15,4.111497999474523,243.22035426693793,3,0.382080078125
10,16,4.965059999449295,201.40743517921558,4,0.404541015625
10,17,4.3564850002439925,229.54285391640124,4,0.42529296875
10,18,3.8802710005256813,257.71395860354204,1,0.56005859375
10,19,4.178758999842103,239.30549716740921,2,0.454345703125
10,20,4.030939000585931,248.08115425578046,3,0.3618977864583333
10,21,3.9168299990706146,255.30850208900566,2,0.3115234375
10,22,3.455471000052057,289.39614888532844,0,0.0
10,23,3.883997998855193,257.4666620051683,1,0.310791015625
10,24,3.2393530000263127,308.7036207513899,0,0.0
10,25,3.8506390010297764,259.69715668816787,1,0.25390625
10,26,3.1982760010578204,312.668450024092,0,0.0
10,27,3.1552330001431983,316.9338048741933,0,0.0
10,28,3.8700269997207215,258.3961300714864,1,0.466796875
10,29,4.249109999364009,235.3434013592673,1,0.56201171875
10,30,4.195366998828831,238.35816992390838,3,0.402099609375
10,31,4.161716000453453,240.28549759066738,2,0.3848876953125
10,32,3.829092000160017,261.15852007687727,1,0.57177734375
10,33,4.0361409992328845,247.7614137340746,2,0.5302734375
10,34,4.082328001459246,244.95826882174723,3,0.5265299479166666
10,35,3.230753000025288,309.5253645178609,0,0.0
10,36,4.0103649989760015,249.35386186926576,3,0.379150390625
10,37,4.344270999354194,230.18821803443132,5,0.4296875
10,38,4.133231999730924,241.94141535367496,4,0.365966796875
10,39,4.478785000173957,223.27483903807834,6,0.4615478515625
10,40,3.9937530000315746,250.3910482175773,2,0.380615234375
10,41,4.163841000263346,240.16286883595075,4,0.5267333984375
10,42,4.175361000307021,239.50024918239848,3,0.4874674479166667
10,43,4.1898429990396835,238.6724276373127,4,0.54498291015625
10,44,4.2491549993428634,235.34090899358839,4,0.51165771484375
10,45,4.3536070006666705,229.69459573334694,4,0.541259765625
10,46,4.459183999642846,224.25627650262783,4,0.4862060546875
10,47,4.170239999439218,239.79435239565885,3,0.6368001302083334
10,48,4.258212999047828,234.84029573523173,4,0.5162353515625
10,49,4.547878999801469,219.88271896496224,3,0.6068522135416666
10,50,4.302102999645285,232.44445799704272,3,0.63037109375
10,51,3.865644001052715,258.68910839375644,1,0.85888671875
10,52,3.9395809999405174,253.83410063534643,1,0.80322265625
10,53,3.745177999007865,267.01000600369593,1,0.85986328125
10,54,3.7559739994321717,266.2425246157668,1,0.81396484375
10,55,4.16871900051774,239.8818437692259,3,0.4768880208333333
10,56,4.095845999472658,244.149804491856,2,0.4990234375
10,57,3.221025999664562,310.46008324805206,0,0.0
10,58,3.2161119997908827,310.9344450892947,0,0.0
10,59,3.829105000477284,261.1576334092049,1,0.323486328125
10,60,3.2339820008928655,309.2163158990716,0,0.0
10,61,3.2152559997484786,311.01722540234044,0,0.0
10,62,3.2674079993739724,306.05299374660206,0,0.0
10,63,3.225963000659249,309.9849563667168,0,0.0
10,64,3.8779610003985,257.8674720806217,1,0.310791015625
10,65,4.050518000440206,246.88200370701253,1,0.70068359375
10,66,3.156151000439422,316.841621285158,0,0.0
10,67,3.142024999760906,318.2660863857211,0,0.0
10,68,3.7940219990559854,263.5725360181929,1,0.38671875
10,69,3.163826000672998,316.0730077404015,0,0.0
10,70,3.7669820012524724,265.46450173308847,1,0.45703125
10,71,3.1700759991508676,315.44985049817694,0,0.0
10,72,3.1497889995080186,317.4815837366233,0,0.0
10,73,3.138051000860287,318.669135627768,0,0.0
10,74,3.2087769995996496,311.6452156459509,0,0.0
10,75,3.210068000043975,311.51988057147105,0,0.0
10,76,3.262219999669469,306.53971838236566,0,0.0
10,77,3.1869270005699946,313.7818970504019,0,0.0
10,78,3.2306209996022517,309.53801146068145,0,0.0
10,79,3.1509520013059955,317.3644027536832,0,0.0
10,80,3.1692900010966696,315.5280834678966,0,0.0
10,81,3.2596059991192305,306.7855441026331,0,0.0
10,82,3.16369800020766,316.0857957789782,0,0.0
10,83,3.1441049995919457,318.0555357183631,0,0.0
10,84,3.1570789997203974,316.7484881083317,0,0.0
10,85,3.253390001191292,307.37169525751005,0,0.0
10,86,3.1706899990240345,315.38876405697454,0,0.0
10,87,3.135261998977512,318.952610763032,0,0.0
10,88,3.1689309998910176,315.56382894874986,0,0.0
10,89,3.197924999767565,312.7027682239837,0,0.0
10,90,3.1328220011346275,319.20102694561825,0,0.0
10,91,3.1953340003383346,312.9563294147391,0,0.0
10,92,3.2365240003855433,308.97345419990006,0,0.0
11,0,6.065298999601509,164.87233359240824,3,0.2928873697916667
11,1,4.6131560011417605,216.7713382665791,1,0.5849609375
11,2,4.438781001226744,225.28707762866213,3,0.4341634114583333
11,3,4.2285250001441455,236.48908306464102,3,0.5994466145833334
11,4,4.457908999029314,224.3204157414933,4,0.628662109375
11,5,4.531151000264799,220.69447695333045,4,0.46514892578125
11,6,4.198233000352047,238.1954503040074,3,0.579345703125
11,7,4.354090999186155,229.66906300004177,4,0.55987548828125
11,8,4.106599999431637,243.51044663186147,3,0.541748046875
11,9,4.3955500004813075,227.50281532242863,4,0.45172119140625
11,10,4.5636849990842165,219.12117076456144,1,0.8154296875
11,11,4.647638999813353,215.1630107330108,2,0.52587890625
11,12,4.728861000330653,211.46741253973792,3,0.47509765625
11,13,5.039448000388802,198.43443169229016,3,0.4097493489583333
11,14,4.729608999696211,211.4339684452206,4,0.45654296875
11,15,4.709744998763199,212.3257204503863,4,0.41534423828125
11,16,4.768951999722049,209.68967606683472,3,0.473876953125
11,17,4.38898600077664,227.84305983729453,2,0.610595703125
11,18,4.36217600145028,229.2433867105621,1,0.7958984375
11,19,4.472692000490497,223.57899893181448,2,0.4310302734375
11,20,4.553886999929091,219.59262494119224,2,0.497314453125
11,21,4.216359000565717,237.1714552451127,1,0.8740234375
11,22,4.694192999522784,213.0291617966413,3,0.4947102864583333
11,23,4.541928999969969,220.17076885319256,3,0.3360188802083333
11,24,4.291391998776817,233.0246223801116,1,0.25390625
11,25,4.462320999664371,224.09862492528305,1,0.48828125
11,26,3.69368900101108,270.73205127076704,0,0.0
11,27,4.256499001712655,234.93486069129528,1,0.359375
11,28,4.629664001186029,215.99839637257037,2,0.3729248046875
11,29,5.062315000031958,197.53808287190486,5,0.330517578125
11,30,4.574700999000925,218.59352124180168,2,0.33642578125
11,31,4.693330000009155,213.06833314470737,4,0.3729248046875
11,32,3.663400999357691,272.9703901307368,0,0.0
11,33,4.483130000153324,223.05844353516403,2,0.304443359375
11,34,4.46998799998255,223.71424710847185,2,0.308837890625
11,35,4.52123200011556,221.1786521847232,2,0.49609375
11,36,4.683082001065486,213.53459106043454,2,0.4395751953125
11,37,4.7701010007585865,209.63916693608178,3,0.3802897135416667
11,38,3.273927000918775,305.4435849422929,0,0.0
11,39,3.846626999802538,259.96801874768045,1,0.3857421875
11,40,3.163978999509709,316.0577235673689,0,0.0
11,41,4.175385000053211,239.49887255600527,3,0.359375
11,42,4.092597999260761,244.34356860376425,2,0.2550048828125
11,43,3.912657000910258,255.58079835961996,1,0.53515625
11,44,4.622528000254533,216.33184265080413,4,0.4649658203125
11,45,4.570776000036858,218.78123101896398,5,0.408837890625
11,46,4.98905699896568,200.43868013681097,7,0.42239815848214285
11,47,4.570514000079129,218.79377242530865,4,0.4322509765625
11,48,4.247533001034753,235.43077823206724,4,0.55615234375
11,49,4.223537000143551,236.7683768287129,3,0.4507649739583333
11,50,3.9638070011278614,252.2827170231699,2,0.593505859375
11,51,4.22865099972114,236.48203648538163,3,0.4798990885416667
11,52,4.07840800107806,245.1937127760799,3,0.3790690104166667
11,53,3.8573130004806444,259.2478235174055,2,0.57666015625
11,54,4.010712000308558,249.33228811319947,2,0.6572265625
11,55,4.554639999696519,219.55632060198636,4,0.51470947265625
11,56,4.259188999640173,234.786481671624,3,0.4685872395833333
11,57,3.985530998761533,250.90759557778895,2,0.639892578125
11,58,4.009522999695037,249.40622614611758,2,0.535888671875
11,59,4.274700000678422,233.93454507715012,4,0.53704833984375
11,60,4.653051999412128,214.91270678392186,6,0.481689453125
11,61,4.433117999724345,225.57486628196696,5,0.3494140625
11,62,3.8823579998279456,257.5754219585924,1,0.39599609375
11,63,4.390510999655817,227.76392089175783,3,0.43408203125
11,64,4.360244000054081,229.34496326067918,3,0.3992513020833333
11,65,4.208355001537711,237.62253888624062,2,0.337646484375
11,66,3.80851500085555,262.56953163512776,1,0.455078125
11,67,4.25566599915328,234.9808467579371,3,0.3627115885416667
11,68,3.2392249995609745,308.7158194122156,0,0.0
11,69,3.2463450006616767,308.038732727476,0,0.0
11,70,3.1857519988989225,313.8976293024773,0,0.0
11,71,3.298996998637449,303.12243400434124,0,0.0
11,72,3.2554329991398845,307.1787993376639,0,0.0
11,73,3.911988000254496,255.6245059890124,1,0.478515625
11,74,3.797002998908283,263.3656071084275,1,0.435791015625
11,75,3.7459520008269465,266.9548354541763,1,0.401611328125
11,76,3.1900669982860563,313.4730400763605,0,0.0
11,77,3.215400998669793,311.0032000405855,0,0.0
11,78,3.2171570001082728,310.83344703610834,0,0.0
11,79,3.1422920001205057,318.23904333577224,0,0.0
11,80,3.2252960008918308,310.0490620778647,0,0.0
11,81,3.2277740010613343,309.8110337561387,0,0.0
11,82,3.971485999500146,251.7949201195373,1,0.420654296875
11,83,3.2324170006177155,309.36602542583455,0,0.0
11,84,3.1741769998916425,315.0422928633587,0,0.0
11,85,3.297227000075509,303.2851544577002,0,0.0
11,86,3.1687150003563147,315.58533976313817,0,0.0
11,87,3.1542130000161706,317.0362939962753,0,0.0
11,88,4.019506000986439,248.786791151596,1,0.32763671875
11,89,4.374992999146343,228.5717943308988,1,0.451416015625
11,90,3.220464999685646,310.5141649102261,0,0.0
11,91,4.04195499868365,247.40503056705768,1,0.303955078125
11,92,4.911841000648565,203.58965199972047,3,0.310791015625
11,93,4.959462999977404,201.6347334387929,5,0.405908203125
11,94,4.066592000526725,245.90615431065495,2,0.3291015625
11,95,4.793731000972912,208.60578113311843,7,0.3721400669642857
11,96,4.715909000879037,212.04819681923502,7,0.46212332589285715
11,97,4.966219999914756,201.36039080370276,7,0.5029994419642857
11,98,4.8273700012941845,207.15213454363493,6,0.5206705729166666
11,99,4.894338999292813,204.31768215166355,7,0.48472377232142855
11,100,4.472775999602163,223.57480009929992,4,0.61517333984375
11,101,4.586306999044609,218.04035364582305,5,0.523388671875
11,102,4.739931000585784,210.9735352426892,7,0.45985630580357145
11,103,4.107998000108637,243.42757712480744,3,0.4315592447916667
11,104,4.224698999678367,236.70325390664084,3,0.48583984375
11,105,4.737249999379856,211.09293369167938,4,0.4410400390625
11,106,4.275822999261436,233.87310470352264,2,0.5108642578125
11,107,3.8637450015812647,258.8162520018125,1,0.544921875
11,108,3.8172029999259394,261.9719202828358,1,0.422607421875
11,109,4.022256000098423,248.61669669348007,1,0.254638671875
11,110,3.790795999520924,263.79683848098887,1,0.35400390625
11,111,4.167806000623386,239.9343923038712,1,0.2783203125
11,112,3.232253000533092,309.38172223370856,0,0.0
11,113,3.2072270005301107,311.7958285567918,0,0.0
11,114,3.1591429997206433,316.54154309837446,0,0.0
11,115,3.2935919989540707,303.61987772546354,0,0.0
11,116,3.232241999285179,309.38277524428963,0,0.0
11,117,3.206253000826109,311.8905462988555,0,0.0
11,118,3.2296589997713454,309.630211756349,0,0.0
11,119,3.1960289998096414,312.88827481213747,0,0.0
11,120,3.1979240011423826,312.70286587260165,0,0.0
11,121,3.9422209993063007,253.66411476575428,1,0.319091796875
11,122,3.9511230006610276,253.09260173188707,1,0.490234375
11,123,3.954343001169036,252.88650977023656,1,0.60595703125
11,124,3.2406680002168287,308.57835481236935,0,0.0
11,125,3.267824000431574,306.0140325390634,0,0.0
11,126,3.2178210003621643,310.7693062751006,0,0.0
11,127,3.1409540006279713,318.37460841517253,0,0.0
11,128,3.2790460008982336,304.9667493917647,0,0.0
11,129,3.179486000590259,314.51624564925083,0,0.0
11,130,3.1493789992964594,317.5229149058879,0,0.0
11,131,3.9641910007048864,252.25827913493234,2,0.39990234375
11,132,3.296173999842722,303.38204234597913,0,0.0
11,133,3.283689000454615,304.53553910298865,0,0.0
11,134,4.419257998961257,226.28233070688546,3,0.3480631510416667
11,135,4.322161999880336,231.36569152838004,4,0.50262451171875
11,136,4.673657000239473,213.96520967387232,6,0.4355875651041667
11,137,5.419524999524583,184.51801589396175,10,0.4731689453125
11,138,4.9483380007586675,202.08805458452562,7,0.5080915178571429
11,139,5.275216999507393,189.5656614871732,8,0.53369140625
11,140,4.353255000751233,229.71316861232157,3,0.6087239583333334
11,141,4.386920998513233,227.95030964517233,4,0.57025146484375
11,142,4.50295299924619,222.07649073117207,6,0.4972737630208333
11,143,5.188748000364285,192.72471893601178,7,0.42721121651785715
11,144,4.27201300044544,234.08168465211378,3,0.5066731770833334
11,145,4.347443000369822,230.0202670661659,4,0.42388916015625
11,146,3.9276070001506014,254.60795847488197,2,0.4610595703125
11,147,3.888422999807517,257.1736665608401,2,0.4775390625
11,148,3.7175369998294627,268.9953052372777,1,0.392333984375
11,149,3.8573579986405093,259.2447992518301,1,0.329345703125
11,150,3.2097809998958837,311.5477348867219,0,0.0
11,151,3.7185869987297338,268.9193503719556,1,0.662109375
11,152,3.2825369999045506,304.64241531141244,0,0.0
11,153,3.1722619987704093,315.23247461515064,0,0.0
11,154,3.281395000158227,304.748437768626,0,0.0
11,155,3.275582999776816,305.28916533885285,0,0.0
11,156,3.81698400087771,261.98695089370335,1,0.289306640625
11,157,3.3673939997242996,296.9655466755222,0,0.0
11,158,3.4616100001585437,288.8829186286726,0,0.0
11,159,4.053149999890593,246.72168560921583,1,0.363037109375
11,160,3.243052000470925,308.3515157496055,0,0.0
11,161,3.968864999478683,251.96120304705545,1,0.435791015625
11,162,3.8331399991875514,260.8827228360962,1,0.455078125
11,163,4.110214000320411,243.2963344297998,1,0.537109375
11,164,3.2608820001769345,306.6654972322642,0,0.0
11,165,3.2225319991994184,310.31499462175475,0,0.0
11,166,3.195664001395926,312.9240118996181,0,0.0
11,167,3.1739000005472917,315.0697879037036,0,0.0
11,168,3.252291000535479,307.47556102309215,0,0.0
11,169,3.2806879989948357,304.81411225523067,0,0.0
11,170,4.337821001172415,230.5304897850148,1,0.32080078125
11,171,3.2719169994379627,305.6312248054508,0,0.0
11,172,4.302523000660585,232.42176737845807,2,0.50537109375
11,173,4.15860400062229,240.4653099574667,2,0.2591552734375
11,174,4.067506000865251,245.8508972788921,2,0.2994384765625
11,175,4.228071000397904,236.51447667408848,4,0.53021240234375
11,176,4.777526000907528,209.31335586871577,6,0.4438883463541667
11,177,5.765959000200382,173.4316875935551,9,0.4543999565972222
11,178,4.84198699996341,206.52678332419248,6,0.5530192057291666
11,179,4.907395999907749,203.7740585880574,7,0.5386090959821429
11,180,4.782374000569689,209.10117023070077,5,0.60576171875
11,181,4.374647000076948,228.58987250454962,5,0.555126953125
11,182,4.142136000155006,241.42133429770976,3,0.5360514322916666
11,183,4.137533000175608,241.68991521217046,2,0.3197021484375
11,184,4.208029999063001,237.64089139637056,2,0.3607177734375
11,185,3.982801999882213,251.07951638810414,2,0.583740234375
11,186,3.818026998487767,261.9153820536306,1,0.5
11,187,3.717143999892869,269.02374511959204,1,0.5390625
11,188,3.9573539997945772,252.6940981403001,1,0.36572265625
11,189,3.223235999030294,310.24721748604463,0,0.0
11,190,3.2582740004727384,306.9109595616917,0,0.0
11,191,3.246915999625344,307.98456138544645,0,0.0
11,192,3.2231880013569025,310.25183749102393,0,0.0
11,193,3.1924630002322374,313.2377728190599,0,0.0
11,194,3.1648340009269305,315.97233842505347,0,0.0
11,195,3.292973000498023,303.6769508431323,0,0.0
11,196,3.1960699998307973,312.8842609995841,0,0.0
11,197,3.267138001319836,306.07828613178475,0,0.0
11,198,3.8439349991676863,260.1500806378168,1,0.70263671875
11,199,3.981054000178119,251.18976028842067,1,0.57177734375
11,200,3.867622999678133,258.5567414619318,1,0.355712890625
11,201,3.7729129999206634,265.0471929835191,1,0.6298828125
11,202,3.2558670009166235,307.13785290322676,0,0.0
11,203,3.1549949999316595,316.95771309357417,0,0.0
11,204,3.1533090004813857,317.1271828569098,0,0.0
11,205,3.153031000692863,317.15514366343206,0,0.0
11,206,3.1852459997026017,313.9474941945983,0,0.0
11,207,3.1708469996374333,315.37314796782806,0,0.0
11,208,3.157781999107101,316.6779721598139,0,0.0
11,209,3.2104839992825873,311.47951530780387,0,0.0
11,210,3.149776001009741,317.4828939198929,0,0.0
11,211,3.2257479997497285,310.0056173258375,0,0.0
11,212,4.798910000317846,208.38065309284127,3,0.3557942708333333
11,213,3.840482000668999,260.3839830067693,1,0.53515625
11,214,4.623112999979639,216.30446844029208,6,0.4018961588541667
11,215,4.659686999730184,214.60668926000918,7,0.4735630580357143
11,216,4.888040000878391,204.58097720564848,5,0.539453125
11,217,4.796363999048481,208.49126550828575,7,0.4970005580357143
11,218,4.452172999663162,224.6094210794722,4,0.6824951171875
11,219,4.344905999460025,230.15457644521604,4,0.54644775390625
11,220,4.350581000835518,229.85435733938812,5,0.519970703125
11,221,4.674285999499261,213.93641726396848,6,0.5063883463541666
11,222,4.354800999863073,229.63161807656485,5,0.487646484375
11,223,4.5564390002255095,219.46963406083293,5,0.33408203125
11,224,4.340698998930748,230.37764199874994,3,0.4361979166666667
11,225,3.826072001174907,261.3646579815855,1,0.521484375
11,226,3.847985000902554,259.8762728455146,1,0.6259765625
11,227,3.7569839987554587,266.1709499777643,1,0.33642578125
11,228,3.750686999410391,266.6178223235371,1,0.42822265625
11,229,3.225460999601637,310.0332014938348,0,0.0
11,230,3.7869759999011876,264.062935710734,1,0.47265625
11,231,3.1918399999995017,313.29891222622564,0,0.0
11,232,3.176217000145698,314.8399495230107,0,0.0
11,233,3.2524859998375177,307.457126656335,0,0.0
11,234,3.14342500132625,318.12433876363764,0,0.0
11,235,3.2146479989023646,311.0760494901613,0,0.0
11,236,3.155450000122073,316.9120093683353,0,0.0
11,237,3.1807229988771724,314.39392878694883,0,0.0
11,238,3.307464001409244,302.3464502029108,0,0.0
11,239,3.920344001016929,255.07965620889445,1,0.42431640625
11,240,3.8740160016459413,258.1300644021948,1,0.48046875
11,241,3.875843000059831,258.00838681663913,1,0.5830078125
11,242,3.850273998978082,259.72177571399186,1,0.56396484375
11,243,3.1852480005909456,313.9472969811061,0,0.0
11,244,3.1817259987292346,314.29481998116586,0,0.0
11,245,3.300630000012461,302.97246283170927,0,0.0
11,246,3.9240350015461445,254.8397248255892,1,0.302490234375
11,247,3.18839899955492,313.6370322972732,0,0.0
11,248,4.302039000322111,232.4479159591826,1,0.27978515625
11,249,3.1861130009929184,313.862063174897,0,0.0
11,250,4.1829750007309485,239.06430227894174,3,0.3699544270833333
11,251,3.2907619988691295,303.8809857241727,0,0.0
11,252,4.09995500012883,243.90511602409728,2,0.259033203125
11,253,4.101619000721257,243.80616527867485,2,0.3099365234375
11,254,4.335216999606928,230.6689607672856,4,0.52410888671875
11,255,4.877613000644487,205.0183152841089,7,0.42379324776785715
11,256,4.934036000122433,202.67383537031066,6,0.4888102213541667
11,257,4.54742599868041,219.90462303073957,6,0.553955078125
11,258,5.204246999710449,192.15075688291455,9,0.4660915798611111
11,259,4.835886000364553,206.78733947090873,7,0.530029296875
11,260,4.479663000893197,223.23107782898194,5,0.527978515625
11,261,4.377810000733007,228.4247146021785,5,0.522900390625
11,262,4.398606999529875,227.34470256307972,5,0.49609375
11,263,4.009108000900596,249.4320431815163,2,0.5733642578125
11,264,4.0417439995508175,247.417946339782,3,0.4348958333333333
11,265,3.903722999893944,256.16571668306585,2,0.4122314453125
11,266,3.8248710006882902,261.446725868676,1,0.6943359375
11,267,3.7467040001502028,266.901255065762,1,0.446533203125
11,268,3.243592000217177,308.30018076658354,0,0.0
11,269,3.171509999447153,315.30721964437026,0,0.0
11,270,3.1976950012904126,312.72525978758307,0,0.0
11,271,3.236429998651147,308.9824282980852,0,0.0
11,272,3.225144999305485,310.0635786035493,0,0.0
11,273,3.1573090000165394,316.7254139505388,0,0.0
11,274,3.209333999620867,311.5911276664051,0,0.0
11,275,3.262923000875162,306.47367398243415,0,0.0
11,276,3.224422998755472,310.1330068623035,0,0.0
11,277,3.8347720001183916,260.7716964578668,1,0.2958984375
11,278,3.7825030012754723,264.37520331452396,1,0.350341796875
11,279,3.757468999538105,266.1365935748045,1,0.385009765625
11,280,3.7341400002333103,267.7992790676085,1,0.638671875
11,281,3.7768349993712036,264.77195857549714,1,0.5869140625
11,282,3.5716849997697864,279.97989746140973,0,0.0
11,283,3.196329000275,312.8589078014071,0,0.0
11,284,3.2859320017450955,304.3276609098786,0,0.0
11,285,3.2150150000234134,311.0405394664465,0,0.0
11,286,3.2110720003402093,311.42247819234547,0,0.0
11,287,3.1723909996799193,315.2196561208551,0,0.0
11,288,3.2290859999193344,309.68515549755597,0,0.0
11,289,3.211991001080605,311.3333753623754,0,0.0
11,290,3.1792549998499453,314.5390980110743,0,0.0
11,291,4.429076998349046,225.7806762837389,3,0.4560546875
11,292,4.489195000132895,222.75708673167387,3,0.31982421875
11,293,4.58329700086324,218.18354774121232,5,0.46240234375
11,294,4.7321249985543545,211.3215522213585,5,0.4650390625
11,295,4.993560000002617,200.25793221659015,9,0.4912923177083333
11,296,4.849451999689336,206.20886649956773,6,0.490966796875
11,297,4.532228998868959,220.6419843855099,5,0.54462890625
11,298,4.561091998766642,219.24574208772998,6,0.5508219401041666
11,299,4.534263000095962,220.5430077564615,5,0.603076171875
11,300,4.60365599974466,217.2186627444502,6,0.5079345703125
11,301,4.455008000149974,224.46648804364347,5,0.443505859375
11,302,4.183189999821479,239.05201533821693,3,0.4290364583333333
11,303,4.3255370001134,231.1851684481681,4,0.4659423828125
11,304,3.769749000639422,265.26965053386334,1,0.466796875
11,305,3.9702039994153893,251.87622604461876,2,0.4373779296875
11,306,3.744161000213353,267.0825319592339,1,0.39697265625
11,307,3.744146999451914,267.08353068038855,1,0.435791015625
11,308,3.3046110002032947,302.6074778358123,0,0.0
11,309,3.767537000385346,265.4253959278222,1,0.435791015625
11,310,3.2285979996231617,309.73196418901296,0,0.0
11,311,3.247650000048452,307.9149538851418,0,0.0
11,312,3.16029599889589,316.42605640401064,0,0.0
11,313,3.1698969996796222,315.4676634922424,0,0.0
11,314,3.181852000125218,314.2823739006862,0,0.0
11,315,3.3042599989130395,302.6396228895297,0,0.0
11,316,3.3311370007140795,300.1978002662859,0,0.0
11,317,3.228210998713621,309.7690951423189,0,0.0
11,318,3.886358999807271,257.3102484998404,1,0.33447265625
11,319,3.8877189999766415,257.220236340643,1,0.26123046875
11,320,3.1817640010558534,314.29106610928864,0,0.0
11,321,3.8655870012007654,258.6929228832181,1,0.439697265625
11,322,3.242237000449677,308.4290259661174,0,0.0
11,323,3.1884370000625495,313.63329430074435,0,0.0
11,324,3.266816998802824,306.1083618600202,0,0.0
11,325,3.1477729990001535,317.6849157539747,0,0.0
11,326,3.20548499985307,311.96527204021766,0,0.0
11,327,3.1391720003739465,318.55533875839785,0,0.0
11,328,3.2121630010806257,311.31670455813827,0,0.0
11,329,3.977404001489049,251.42027302874513,2,0.399169921875
11,330,3.2208810007432476,310.4740596654272,0,0.0
11,331,3.2713580003473908,305.6834500821397,0,0.0
11,332,4.376934999527293,228.47037941116318,3,0.3470865885416667
11,333,4.403194001497468,227.107867529778,4,0.5040283203125
11,334,4.691051999543561,213.17180029070238,6,0.4342041015625
11,335,5.369642000005115,186.2321547691722,10,0.4736083984375
11,336,4.971016000126838,201.16611975790957,7,0.508056640625
11,337,4.985067998859449,200.59906910573605,8,0.5330810546875
11,338,4.145224000239978,241.24148657397222,3,0.6087239583333334
11,339,4.33566200081259,230.64528549794238,4,0.5689697265625
11,340,4.624017001333414,216.26218063463716,6,0.5000813802083334
11,341,4.9615699990681605,201.54910646988986,7,0.42738560267857145
11,342,4.152112000156194,240.8412875091958,3,0.5078125
11,343,4.476688000067952,223.37942693009228,4,0.426513671875
11,344,3.998909000074491,250.06820609855643,2,0.4610595703125
11,345,4.000738999820896,249.95382104275427,2,0.4757080078125
11,346,3.7416420000226935,267.26234097060455,1,0.394287109375
11,347,3.734019999683369,267.80788535808495,1,0.332763671875
11,348,3.30185100028757,302.86042583778203,0,0.0
11,349,4.321841999626486,231.38282243692038,1,0.662109375
11,350,3.2953780009847833,303.45532430609245,0,0.0
11,351,3.2035320000431966,312.15545840856777,0,0.0
11,352,3.1931169996823883,313.17361690770105,0,0.0
11,353,3.2490339999640128,307.7837905085254,0,0.0
11,354,3.828213999440777,261.2184167724373,1,0.28857421875
11,355,3.269037000791286,305.90048376875063,0,0.0
11,356,3.1567419991915813,316.78230284771223,0,0.0
11,357,3.9792380011931527,251.30439538930707,1,0.363037109375
11,358,3.183381999406265,314.13132328652694,0,0.0
11,359,3.763708000406041,265.6954258651619,1,0.439697265625
11,360,3.8487159999931464,259.82691370363017,1,0.449462890625
11,361,4.0836329990270315,244.87998804943064,1,0.544921875
11,362,3.1718989994260482,315.2685505373749,0,0.0
11,363,3.19593300082488,312.8976733060102,0,0.0
11,364,3.239169000153197,308.7211565536423,0,0.0
11,365,3.2200519999605604,310.5539910573643,0,0.0
11,366,3.236958000343293,308.9320281245372,0,0.0
11,367,3.156871998726274,316.76925779806,0,0.0
11,368,4.356723000455531,229.5303143889207,1,0.322509765625
11,369,3.1911579990264727,313.36586916256425,0,0.0
11,370,4.375403999802074,228.5503235918868,2,0.503662109375
11,371,4.127702999539906,242.26549248128194,2,0.2598876953125
11,372,4.15332199918339,240.77112253675878,2,0.2999267578125
11,373,4.193914001007215,238.44075003918508,4,0.52984619140625
11,374,4.57024300158082,218.806746086391,6,0.4456787109375
11,375,5.507539000973338,181.5692997949305,9,0.4527180989583333
11,376,4.626369998732116,216.15218849206957,6,0.5516764322916666
11,377,4.801638999197166,208.26222049745928,7,0.5380510602678571
11,378,4.66549200064037,214.33966661238372,5,0.60625
11,379,4.503280000790255,222.06036485062347,5,0.55556640625
11,380,4.2145830011577345,237.27139784061737,3,0.535400390625
11,381,4.025754999020137,248.40061062916115,2,0.3115234375
11,382,4.1296910003438825,242.14886777648238,2,0.360595703125
11,383,4.5613960010086885,219.2311300704574,2,0.5859375
11,384,3.85344599999371,259.50798324451216,1,0.498046875
11,385,3.8227860004553804,261.5893225205066,1,0.537109375
11,386,3.8192250012798468,261.8332252393859,1,0.368408203125
11,387,3.2133469994732877,311.2019959761314,0,0.0
11,388,3.3002370000758674,303.00854150081085,0,0.0
11,389,3.2872110004973365,304.2092521133282,0,0.0
11,390,3.1682720000389963,315.62946615306123,0,0.0
11,391,3.24516799992125,308.1504563166735,0,0.0
11,392,3.2092780002130894,311.596564689504,0,0.0
11,393,3.143672000078368,318.0993436895042,0,0.0
11,394,3.3314709999103798,300.16770370412985,0,0.0
11,395,3.209954000340076,311.53094402413734,0,0.0
11,396,3.8032859993109014,262.9305290691221,1,0.70263671875
11,397,4.112368000278366,243.16889926492718,1,0.57568359375
11,398,3.8277929998002946,261.24714686822733,1,0.357666015625
11,399,3.71552700016764,269.1408244254129,1,0.6298828125
11,400,3.269515000283718,305.85576145490177,0,0.0
11,401,3.151258000798407,317.3335854273559,0,0.0
11,402,3.1431089992111083,318.1563223709362,0,0.0
11,403,3.271782001320389,305.64383556008045,0,0.0
11,404,3.2015440010582097,312.3492913636261,0,0.0
11,405,3.164244000799954,316.031254147022,0,0.0
11,406,3.2139689992618514,311.14176901820423,0,0.0
11,407,3.2180950001929887,310.74284629261416,0,0.0
11,408,3.221480001229793,310.416330263808,0,0.0
11,409,3.1450569986191113,317.9592612913109,0,0.0
11,410,4.335834000812611,230.6361359343053,3,0.3555501302083333
11,411,3.81655899946054,262.0161250333998,1,0.53515625
11,412,4.683982999267755,213.49351612854477,6,0.3976643880208333
11,413,4.624365999916336,216.24585943631885,6,0.5101725260416666
11,414,4.777528998602065,209.31322453356248,5,0.5408203125
11,415,4.772767000758904,209.52206546872975,7,0.4979771205357143
11,416,4.31047900019621,231.9927785182298,4,0.6829833984375
11,417,4.449912999916705,224.72349459837042,4,0.546142578125
11,418,4.41802400018787,226.3455336497666,5,0.52099609375
11,419,4.584926000461564,218.10602829780242,6,0.5050455729166666
11,420,4.445212998689385,224.96109866835118,5,0.487109375
11,421,4.840695999519085,206.58186345503796,5,0.333984375
11,422,4.363766000096803,229.159858704114,3,0.4376627604166667
11,423,3.8414410009863786,260.31897919120115,1,0.51953125
11,424,3.7924320004094625,263.6830403002695,1,0.6259765625
11,425,3.7472719996003434,266.8607990310425,1,0.33544921875
11,426,3.7390859997685766,267.44503872387344,1,0.42919921875
11,427,3.1639219996577594,316.06341752678156,0,0.0
11,428,3.7673920014640316,265.4356115879085,1,0.4765625
11,429,3.152449999106466,317.2135958646263,0,0.0
11,430,3.185696999935317,313.90304853861,0,0.0
11,431,3.26104200030386,306.650450962245,0,0.0
11,432,3.231423001125222,309.46118773425434,0,0.0
11,433,3.154160998747102,317.041520834612,0,0.0
11,434,3.215396000086912,311.0036835192213,0,0.0
11,435,3.181152000252041,314.35153048982585,0,0.0
11,436,3.1550879994028946,316.94837043824185,0,0.0
11,437,3.9321650001511443,254.31282765640864,1,0.420654296875
11,438,4.020360998765682,248.7338824317062,1,0.478515625
11,439,3.775895000217133,264.8378728599431,1,0.5830078125
11,440,3.8991809997241944,256.46411389231076,1,0.56982421875
11,441,3.2680939984857105,305.98875077135347,0,0.0
11,442,3.2295319997501792,309.6423878374189,0,0.0
11,443,3.173552999214735,315.1042381354401,0,0.0
11,444,3.947561001041322,253.32097458056032,1,0.299072265625
11,445,3.2233540005108807,310.2358598656885,0,0.0
11,446,4.220173999783583,236.95705438953027,1,0.276611328125
11,447,3.319904999443679,301.2134383868127,0,0.0
11,448,4.075974999068421,245.3400720633845,3,0.36669921875
11,449,3.1694460012658965,315.5125531719404,0,0.0
11,450,4.124553999645286,242.45045648232525,2,0.2598876953125
11,451,4.134364999117679,241.87511267471825,2,0.310546875
11,452,4.296819999581203,232.73025169717764,4,0.52154541015625
11,453,4.801389999556704,208.27302095691593,7,0.42818777901785715
11,454,4.907533999357838,203.76832847838696,6,0.490478515625
11,455,4.686497999500716,213.37894523939553,6,0.5535888671875
11,456,5.438006999611389,183.89089974901873,9,0.4663357204861111
11,457,4.789767999682226,208.77837925894204,6,0.5768229166666666
11,458,4.3664920012815855,229.01679419233915,4,0.58978271484375
11,459,4.4441469999583205,225.01505913494276,5,0.525439453125
11,460,4.4842819988843985,223.00114048331045,5,0.495703125
11,461,3.9163799992820714,255.3378375395938,2,0.5662841796875
11,462,4.1496539997751825,240.98394710840407,3,0.43408203125
11,463,3.9265719988179626,254.6750703415181,2,0.408447265625
11,464,3.8728280014765915,258.2092464779563,1,0.69091796875
11,465,3.8429769992944784,260.2149323775779,1,0.446533203125
11,466,3.7316439993446693,267.9784031315995,1,0.2509765625
11,467,3.1649350003135623,315.9622551176963,0,0.0
11,468,3.2076070001494372,311.75889064757985,0,0.0
11,469,3.1601179998688167,316.443879640416,0,0.0
11,470,3.2290870003635064,309.68505955009186,0,0.0
11,471,3.272342000855133,305.5915303897571,0,0.0
11,472,3.1600849997630576,316.44718419757055,0,0.0
11,473,3.2124480003403733,311.2890854245876,0,0.0
11,474,3.158830000757007,316.57290824778545,0,0.0
11,475,3.8294870009849546,261.1315823092746,1,0.2958984375
11,476,3.7875369998801034,264.02382340599064,1,0.352294921875
11,477,3.746739001144306,266.8987617484394,1,0.390380859375
11,478,3.8116229989100248,262.3554323934872,1,0.640625
11,479,3.7641479993908433,265.6643681815463,1,0.5869140625
11,480,3.2098160008899868,311.54433765758836,0,0.0
11,481,3.2021860006352654,312.2866691071709,0,0.0
11,482,3.141235998555203,318.34602699699906,0,0.0
11,483,3.1476650001422968,317.6958157728961,0,0.0
11,484,3.2080830005725147,311.7126333145183,0,0.0
11,485,3.188007998687681,313.6754990613707,0,0.0
11,486,3.239614999984042,308.67865471820755,0,0.0
11,487,3.1450160004169447,317.96340618535066,0,0.0
11,488,3.180900999723235,314.37633553732365,0,0.0
11,489,4.486615000132588,222.88518180642828,3,0.45166015625
11,490,4.398368000693154,227.35705603587664,3,0.3193359375
11,491,4.529069999989588,220.7958808325548,5,0.464013671875
11,492,4.654557998946984,214.84317097912052,5,0.46552734375
11,493,5.350623998310766,186.8940894212914,9,0.4929741753472222
11,494,4.963039000358549,201.48945030005933,6,0.4906412760416667
11,495,4.8051039993879385,208.1120408897242,6,0.4964599609375
11,496,4.560801000479842,219.25973088823434,6,0.5502115885416666
11,497,4.599649999363464,217.40784627925774,5,0.602294921875
11,498,4.629572998965159,216.00264219260143,6,0.5088704427083334
11,499,4.559049999443232,219.3439422954615,5,0.4431640625
11,500,4.219585000100778,236.99013054035325,3,0.4296875
11,501,4.359032998763723,229.4086785494885,4,0.4659423828125
11,502,3.806992001045728,262.67457344940937,1,0.46484375
11,503,3.9030040006764466,256.21290673201605,2,0.4361572265625
11,504,3.7249699998938013,268.4585379287645,1,0.393310546875
11,505,3.8189610004337737,261.85132550094534,1,0.43505859375
11,506,3.1499070009886054,317.4696902753471,0,0.0
11,507,3.8551460002054228,259.3935482460884,1,0.43212890625
11,508,3.2601859984424664,306.73096580309954,0,0.0
11,509,3.153073001158191,317.1509190027249,0,0.0
11,510,3.1554109991702717,316.91592640798746,0,0.0
11,511,3.15689899980498,316.7665484584004,0,0.0
11,512,3.203211999789346,312.18664267796305,0,0.0
11,513,3.184447999956319,314.0261671767656,0,0.0
11,514,3.281979999883333,304.69411758619725,0,0.0
11,515,3.136085999358329,318.8688065966969,0,0.0
11,516,3.745359999811626,266.99703100644405,1,0.329345703125
11,517,3.7442459997691913,267.0764688168575,1,0.264404296875
11,518,3.2168609996006126,310.86204847649753,0,0.0
11,519,3.794889000346302,263.51231878158893,1,0.435791015625
11,520,3.1896979999146424,313.5093040240049,0,0.0
11,521,3.196617999492446,312.8306229142107,0,0.0
11,522,3.1501060002483428,317.44963500312804,0,0.0
11,523,3.1908170003589476,313.3993581855387,0,0.0
11,524,3.2606929999019485,306.6832725528195,0,0.0
11,525,3.1438509995496133,318.0812322668153,0,0.0
11,526,3.247258999181213,307.95202977407934,0,0.0
11,527,3.9161730001069373,255.3513340633045,2,0.3994140625
11,528,3.292772998975124,303.69539604195313,0,0.0
11,529,3.141806000712677,318.28827106866663,0,0.0
11,530,4.4360279989632545,225.42689095598817,3,0.3478190104166667
11,531,4.6773670001130085,213.79549647821932,4,0.503173828125
11,532,4.758150000270689,210.16571565484705,6,0.4359130859375
11,533,5.347370999515988,187.00778384191298,10,0.4736083984375
11,534,5.16965099996014,193.43665559004086,8,0.475921630859375
11,535,5.064255999968736,197.46237157169253,8,0.5343017578125
11,536,4.1919209998013685,238.55411398434856,3,0.6123046875
11,537,4.358515001513297,229.4359431257654,4,0.56878662109375
11,538,4.816038999706507,207.63951455977428,6,0.5000813802083334
11,539,5.142256999533856,194.46713769666698,7,0.42738560267857145
11,540,4.153182999289129,240.77918073226317,3,0.5078125
11,541,4.309683001338271,232.03562760636302,3,0.4781901041666667
11,542,4.049617999044131,246.9368716348158,2,0.4619140625
11,543,3.9059419996192446,256.02018670463644,2,0.4766845703125
11,544,3.7136669998290017,269.27562434812967,1,0.39501953125
11,545,3.849819000606658,259.752471438896,1,0.332763671875
11,546,3.167430999383214,315.7132705320897,0,0.0
11,547,3.7560290002147667,266.2386259378777,1,0.66552734375
11,548,3.259016999436426,306.8409892224949,0,0.0
11,549,3.2577589990978595,306.9594774435189,0,0.0
11,550,3.1996710004023043,312.5321321705472,0,0.0
11,551,3.2414060005976353,308.50809797218386,0,0.0
11,552,3.7989840002410347,263.22827364804715,1,0.290283203125
11,553,3.2593190007901285,306.8125580090745,0,0.0
11,554,3.222790999643621,310.29005607579916,0,0.0
11,555,3.7568719999399036,266.17888499155583,1,0.36669921875
11,556,3.1559660001221346,316.8601942990832,0,0.0
11,557,3.7520989990298403,266.5174880136597,1,0.439697265625
11,558,3.7775639993924415,264.72086248196814,1,0.455078125
11,559,4.18202599939832,239.11855166464122,1,0.54296875
11,560,3.233815999919898,309.23218885204665,0,0.0
11,561,3.188659999068477,313.6113603495312,0,0.0
11,562,3.1532980010524625,317.12828906948675,0,0.0
11,563,3.1372230005217716,318.7532412690088,0,0.0
11,564,3.145754999422934,317.888710399711,0,0.0
11,565,3.6063950010429835,277.2852113289853,0,0.0
11,566,4.2773499990289565,233.7896127805814,1,0.322509765625
11,567,3.2094880007207394,311.5761765663043,0,0.0
11,568,4.316996999477851,231.64250522317988,2,0.503662109375
11,569,4.161458000453422,240.30039469124586,2,0.2606201171875
11,570,4.1005780003615655,243.86805955448858,2,0.296142578125
11,571,4.136904999541002,241.72660481953343,4,0.52947998046875
11,572,4.573881999021978,218.63266262964973,6,0.4451497395833333
11,573,5.426052999609965,184.29602513500734,9,0.4552408854166667
11,574,4.730500999357901,211.39409972341957,6,0.5477701822916666
11,575,4.776062998644193,209.37747267652782,7,0.53857421875
11,576,4.712792999271187,212.18839871699132,5,0.60537109375
11,577,4.341285999544198,230.3464918240799,5,0.55625
11,578,4.136842000662,241.7302860104337,3,0.537353515625
11,579,3.9545130002807127,252.8756385246463,2,0.322265625
11,580,4.009588999906555,249.40212077180615,2,0.360595703125
11,581,3.961489999710466,252.4302724664425,2,0.584716796875
11,582,3.7335439992602915,267.8420289671489,1,0.498046875
11,583,3.722289000506862,268.65189668610645,1,0.537109375
11,584,3.7800179998157546,264.5490048059935,1,0.36572265625
11,585,3.216228999008308,310.92313398963194,0,0.0
11,586,3.139316000670078,318.5407266380806,0,0.0
11,587,3.1485039999097353,317.611157562026,0,0.0
11,588,3.2753249997767853,305.3132132133912,0,0.0
11,589,3.1998029990063515,312.51923956272753,0,0.0
11,590,3.177313999913167,314.7312478487581,0,0.0
11,591,3.135951999865938,318.88243188758946,0,0.0
11,592,3.1466630007344065,317.7969804095983,0,0.0
11,593,3.137816998787457,318.69290031459093,0,0.0
11,594,3.819142000793363,261.83891559734275,1,0.70263671875
11,595,3.978422999352915,251.35587647735008,1,0.57568359375
11,596,3.838874999928521,260.49298297512155,1,0.35400390625
11,597,3.834997000012663,260.75639694025784,1,0.6318359375
11,598,3.3019200000126148,302.85409700906735,0,0.0
11,599,3.157574999931967,316.6987324201471,0,0.0
11,600,3.147325000099954,317.730135898975,0,0.0
11,601,3.24241500129574,308.41209394860874,0,0.0
11,602,3.7473530010174727,266.85503066524086,0,0.0
11,603,3.260000999944168,306.7483721683295,0,0.0
11,604,3.289289999884204,304.01697631865966,0,0.0
11,605,3.2752499992056983,305.3202046385822,0,0.0
11,606,3.2207000003836583,310.49150802026804,0,0.0
11,607,3.1729380007163854,315.16531359081716,0,0.0
11,608,4.447874000106822,224.82651261613609,3,0.3544108072916667
11,609,3.8311389998852974,261.0189815691729,1,0.53515625
11,610,4.777948999617365,209.2948250557056,6,0.3988444010416667
11,611,4.700271998444805,212.75364496583887,7,0.4728306361607143
11,612,4.847554000662058,206.2896049973707,5,0.53994140625
11,613,4.713147998700151,212.17241645621823,7,0.4971400669642857
11,614,4.261149000740261,234.6784869119284,4,0.68310546875
11,615,4.498539999985951,222.29434438798432,4,0.5458984375
11,616,4.2604949994711205,234.71451090169938,4,0.58734130859375
11,617,4.718026999398717,211.95300495894656,6,0.505615234375
11,618,4.331383999669924,230.87308815755094,5,0.489111328125
11,619,5.511212999408599,181.44825832485674,5,0.33408203125
11,620,4.67264899998554,214.01136700040908,3,0.4353841145833333
11,621,4.121017000215943,242.6585476224921,1,0.5234375
11,622,3.825743000561488,261.38713443460114,1,0.6259765625
11,623,3.7749469993286766,264.90438148610735,1,0.33544921875
11,624,3.807193999818992,262.66063669136474,1,0.42919921875
11,625,3.184807001161971,313.9907691848052,0,0.0
11,626,3.779622998990817,264.576652292307,1,0.470703125
11,627,3.2114770001498982,311.3832046604488,0,0.0
11,628,3.223419000278227,310.22960400546305,0,0.0
11,629,3.1877820001682267,313.6977371561881,0,0.0
11,630,3.178544000547845,314.60945635097164,0,0.0
11,631,3.1779119999555405,314.6720236475995,0,0.0
11,632,3.1543960012641037,317.0179012398115,0,0.0
11,633,3.1534819991065888,317.10978540017334,0,0.0
11,634,3.28169699969294,304.7203931665743,0,0.0
11,635,4.439030999492388,225.27438986444383,1,0.422607421875
11,636,4.0062109983409755,249.61241442702672,1,0.4765625
11,637,3.948774001401034,253.24315841960004,1,0.57958984375
11,638,3.9231219998328015,254.89903195531994,1,0.56396484375
11,639,3.1627419994038064,316.18133891051036,0,0.0
11,640,3.2432120005978504,308.33630358288667,0,0.0
11,641,3.246907999709947,307.9853202152115,0,0.0
11,642,3.9035990012052935,256.17385384391054,1,0.302490234375
11,643,3.239297000618535,308.70895747103543,0,0.0
11,644,4.310142001486383,232.01091742572353,1,0.2783203125
11,645,3.1699759983894182,315.45980174868004,0,0.0
11,646,4.1004440008691745,243.87602898320992,3,0.36669921875
11,647,3.169157000229461,315.5413253201389,0,0.0
11,648,4.1392180010007,241.59152761662696,2,0.257568359375
11,649,4.203563999908511,237.8933685847925,2,0.3114013671875
11,650,4.3691070004570065,228.8797229949737,4,0.52288818359375
11,651,4.786178998983814,208.93493540720408,7,0.427734375
11,652,4.9182140010088915,203.3258414121196,6,0.4895426432291667
11,653,4.5664099998248275,218.99041041832885,6,0.5533447265625
11,654,5.166244998690672,193.56418448088291,9,0.4670681423611111
11,655,4.744121000840096,210.78720374605086,6,0.5762532552083334
11,656,4.332205000537215,230.82933514826632,4,0.59075927734375
11,657,4.317198001444922,231.63172031148682,5,0.52822265625
11,658,4.469833000257495,223.72200481369052,5,0.49609375
11,659,3.985539000495919,250.90709183264056,2,0.576171875
11,660,4.0397030006715795,247.5429505173413,3,0.4315592447916667
11,661,3.9715969996905187,251.7878828284752,2,0.4080810546875
11,662,3.887705001034192,257.2211625455079,1,0.69287109375
11,663,3.8156730006448925,262.0769651463814,1,0.444580078125
11,664,3.844782000669511,260.0927698438728,1,0.25390625
11,665,3.2097830007842276,311.54754067663634,0,0.0
11,666,3.1839929997659056,314.0710422647042,0,0.0
11,667,3.3093990004999796,302.16966882776035,0,0.0
11,668,3.6418800009414554,274.5834568249069,0,0.0
11,669,3.2152040002983995,311.0222554796495,0,0.0
11,670,3.2661269997333875,306.17303003882876,0,0.0
11,671,3.2680570002412423,305.99221492347954,0,0.0
11,672,3.1694640001660446,315.510761424522,0,0.0
11,673,3.9249879991984926,254.77784905436815,1,0.294189453125
11,674,3.9241419999598293,254.832776186549,1,0.352294921875
11,675,3.8262380003288854,261.35331882492534,1,0.388671875
11,676,3.7828670010640053,264.349764271049,1,0.63720703125
11,677,3.7752190000901464,264.8852953897831,1,0.5888671875
11,678,3.2166600012715207,310.88147320658936,0,0.0
11,679,3.133889000309864,319.0923481658491,0,0.0
11,680,3.1424560002051294,318.2224349154684,0,0.0
11,681,3.1557089987472864,316.88599943688325,0,0.0
11,682,3.1604190007783473,316.41374126459823,0,0.0
11,683,3.2794239996292163,304.93159777847075,0,0.0
11,684,3.1579480000800686,316.6613256376119,0,0.0
11,685,3.1501020002906444,317.45003809646005,0,0.0
11,686,3.2294240008923225,309.65274294229863,0,0.0
11,687,4.3182819990761345,231.57357491102778,3,0.45166015625
11,688,4.278217998944456,233.7421796286971,3,0.32177734375
11,689,4.537857999821426,220.3682883068073,5,0.46318359375
11,690,4.721357001471915,211.80351320356482,5,0.46484375
11,691,4.991307998352568,200.3482855255697,9,0.4927842881944444
11,692,4.8326890009775525,206.9241368103184,6,0.489990234375
11,693,4.723496998849441,211.70755485683213,6,0.4958089192708333
11,694,4.608268998708809,217.00122112667253,6,0.551513671875
11,695,4.436198998519103,225.41820155809538,5,0.603369140625
11,696,4.710553999757394,212.2892551601155,6,0.507568359375
11,697,4.522665998592856,221.10852322747942,5,0.444873046875
11,698,4.269078999641351,234.2425614714581,3,0.428466796875
11,699,4.2765889993461315,233.83121458547802,4,0.46612548828125
11,700,3.743548000784358,267.12626625609647,1,0.466796875
11,701,3.9744079986121505,251.60979958504424,2,0.43701171875
11,702,3.8658989997202298,258.67204499454556,1,0.392333984375
11,703,3.754232999199303,266.3659927908786,1,0.43212890625
11,704,3.269295000791317,305.87634329662967,0,0.0
11,705,4.346202998931403,230.08589342142304,1,0.42822265625
11,706,3.2529119998798706,307.41686219514384,0,0.0
11,707,3.2826899987412617,304.62821660998975,0,0.0
11,708,3.1977479993656743,312.7200768160488,0,0.0
11,709,3.257647998907487,306.969936695238,0,0.0
11,710,3.2729899994592415,305.5310282540486,0,0.0
11,711,3.214082000340568,311.13082985874,0,0.0
11,712,3.1751890001032734,314.94188218952473,0,0.0
11,713,3.1880669994279742,313.6696939491633,0,0.0
11,714,3.842227000859566,260.26572604280915,1,0.332763671875
11,715,3.763746999538853,265.6926727865936,1,0.26123046875
11,716,3.233843000998604,309.2296069076953,0,0.0
11,717,3.850410999802989,259.7125345972589,1,0.439697265625
11,718,3.1573079995723674,316.7255143101155,0,0.0
11,719,3.197747000740492,312.72017447547705,0,0.0
11,720,3.20060400008515,312.44102674788746,0,0.0
11,721,3.155497999614454,316.90718869800656,0,0.0
11,722,3.2770879988675006,305.14896162250784,0,0.0
11,723,3.1515360005869297,317.3055931500589,0,0.0
11,724,3.22446999962267,310.12848626813735,0,0.0
11,725,3.933672000130173,254.21539975038795,2,0.3994140625
11,726,3.1984500001271954,312.65144052907885,0,0.0
11,727,3.2017969988373807,312.324610324488,0,0.0
11,728,4.2923680011881515,232.97163703652492,3,0.3478190104166667
11,729,4.329807999965851,230.95712327380033,4,0.5040283203125
11,730,4.624285998943378,216.24960052827487,6,0.4342041015625
11,731,5.300759999954607,188.65219327201447,10,0.4743408203125
11,732,5.234718999417964,191.0322216170892,8,0.47662353515625
11,733,4.892523000307847,204.39352046726773,8,0.5325927734375
11,734,4.1241030012315605,242.4769700711585,3,0.6123046875
11,735,4.237433999151108,235.9918762629298,4,0.57147216796875
11,736,4.442475999894668,225.09969666098593,6,0.4982503255208333
11,737,5.030602000260842,198.78336627468224,7,0.42808314732142855
11,738,4.238724000970251,235.92005513241682,3,0.5087890625
11,739,4.819718000362627,207.48101858340297,4,0.42401123046875
11,740,4.028536999612697,248.2290717687686,2,0.4619140625
11,741,4.092122999281855,244.37193118962807,2,0.4774169921875
11,742,3.763046001040493,265.742167309009,1,0.393310546875
11,743,3.7776200006192084,264.7169381346152,1,0.33447265625
11,744,3.1942149998940295,313.06596457444965,0,0.0
11,745,3.826713000307791,261.32087771399836,1,0.66552734375
11,746,3.2448969996039523,308.17619176265146,0,0.0
11,747,3.2502199992450187,307.67148077123585,0,0.0
11,748,3.1609760007995646,316.35798555479425,0,0.0
11,749,3.1480899997404777,317.6529260861151,0,0.0
11,750,3.8283599988062633,261.2084548767133,1,0.289306640625
11,751,3.2151220002560876,311.0301879432099,0,0.0
11,752,3.2148070004041074,311.0606639447712,0,0.0
11,753,3.7904310011072084,263.82224071824385,1,0.363037109375
11,754,3.231926999433199,309.4129292448052,0,0.0
11,755,3.7775319997308543,264.72310494557,1,0.439697265625
11,756,3.8390549998439383,260.4807693665892,1,0.455078125
11,757,4.20876899988798,237.5991649878185,1,0.541015625
11,758,3.1591040005878313,316.5454508031153,0,0.0
11,759,3.1463710001844447,317.8264737188903,0,0.0
11,760,3.1533239998680074,317.1256743810209,0,0.0
11,761,3.221121000024141,310.45092686443803,0,0.0
11,762,3.2150219994946383,311.03986229555744,0,0.0
11,763,3.226354001526488,309.94738938345546,0,0.0
11,764,4.2187259987258585,237.0383855936651,1,0.32080078125
11,765,3.2077519990707515,311.7447983166056,0,0.0
11,766,4.234325999277644,236.16509455592114,2,0.502685546875
11,767,4.118896000363748,242.78350313086034,2,0.2598876953125
11,768,4.124881001189351,242.43123612818508,2,0.2982177734375
11,769,4.354868000518763,229.62808514078438,4,0.53033447265625
11,770,4.587795001498307,217.96963457901117,6,0.4457194010416667
11,771,5.304361000526114,188.52412192549014,9,0.4543999565972222
11,772,4.627053000149317,216.12028216831092,6,0.5522867838541666
11,773,4.819151999981841,207.50538684062425,7,0.5387486049107143
11,774,5.322076000084053,187.89660275129606,5,0.606787109375
11,775,4.682767999838688,213.54890954120467,5,0.555859375
11,776,4.474447001484805,223.49130510835397,3,0.5354817708333334
11,777,4.328909999458119,231.00503362859868,2,0.322265625
11,778,4.250707999744918,235.25492695805247,2,0.3597412109375
11,779,4.085557000507833,244.76466730869262,2,0.5849609375
11,780,3.91588299862633,255.3702448083343,1,0.498046875
11,781,3.8078699999459786,262.6140073096473,1,0.53515625
11,782,3.8017570004740264,263.0362750368616,1,0.36474609375
11,783,3.170971000145073,315.36081533203856,0,0.0
11,784,3.2315879998350283,309.44538723718796,0,0.0
11,785,3.203365999070229,312.17163455260754,0,0.0
11,786,3.163940000376897,316.0616193356629,0,0.0
11,787,3.1761110003571957,314.8504570172569,0,0.0
11,788,3.161980001095799,316.25753472616697,0,0.0
11,789,3.207613999620662,311.75821034521664,0,0.0
11,790,3.2805020000523655,304.8313947024075,0,0.0
11,791,3.1623190006939694,316.2236320183228,0,0.0
11,792,3.7954800009174505,263.47128683546697,1,0.70068359375
11,793,3.9835719999246066,251.03098425707532,1,0.57373046875
11,794,3.8587379985983716,259.1520855687105,1,0.355712890625
11,795,3.752435000933474,266.4936234075301,1,0.6298828125
11,796,3.224119000151404,310.1622489594956,0,0.0
11,797,3.1416729998454684,318.3017456142596,0,0.0
11,798,3.145931001199642,317.8709258463293,0,0.0
11,799,3.1408779996127123,318.3823122462272,0,0.0
12,0,5.286826000883593,189.1494064364647,1,0.3310546875
12,1,5.012392999560689,199.50550567117244,3,0.479248046875
12,2,4.147361998548149,241.1171246566049,2,0.3240966796875
12,3,4.4810939998569665,223.15979089747265,3,0.4036458333333333
12,4,4.186420999758411,238.8675195489674,3,0.4244791666666667
12,5,3.728087000126834,268.23408358388065,1,0.265869140625
12,6,3.9920700000948273,250.49660952243977,2,0.37158203125
12,7,3.8289069998427294,261.1711384060972,1,0.325927734375
12,8,3.7194560009083943,268.8565208879396,1,0.338134765625
12,9,3.927398998712306,254.62144292644433,2,0.3238525390625
12,10,4.4820460007031215,223.1123910471077,4,0.4312744140625
12,11,4.53597500018077,220.4597688391465,3,0.456787109375
12,12,4.39605199971993,227.4768360482791,3,0.564208984375
12,13,4.799397000169847,208.35950848921453,5,0.3771484375
12,14,4.368955000245478,228.88768594407887,2,0.2864990234375
12,15,4.285557000912377,233.34189693127504,3,0.41015625
12,16,3.888799999913317,257.1487348339566,2,0.4654541015625
12,17,4.3236720011918806,231.28488926179784,2,0.520263671875
12,18,4.095062999112997,244.19648738410203,2,0.422607421875
12,19,4.03065200043784,248.0988187249538,2,0.30078125
12,20,3.757540998776676,266.1314940610269,1,0.453369140625
12,21,3.740881998965051,267.31663823575803,1,0.262939453125
12,22,4.089602000021841,244.52257212184935,3,0.362548828125
12,23,3.7933779985905858,263.6172826360953,1,0.447509765625
12,24,3.965427000366617,252.17965175189119,2,0.4254150390625
12,25,4.083861000253819,244.866316443642,2,0.32958984375
12,26,3.765010998904472,265.6034737457543,1,0.71533203125
12,27,4.091550999874016,244.4060944201334,3,0.4449869791666667
12,28,4.07055899995612,245.6665042837556,2,0.62939453125
12,29,4.054490000271471,246.64014461326684,3,0.4103190104166667
12,30,3.6971429999539396,270.4791240188595,1,0.33447265625
12,31,4.18135299878486,239.15703847309933,4,0.4549560546875
12,32,4.3186410002817865,231.55432459765726,4,0.3929443359375
12,33,4.372261000753497,228.71461695165596,5,0.426123046875
12,34,4.348418000517995,229.96869203486816,3,0.4669596354166667
12,35,3.9025999994919403,256.2394301568659,2,0.4901123046875
12,36,4.731222999907914,211.36184027247575,5,0.483056640625
12,37,4.066662000695942,245.90192148471314,3,0.6056315104166666
12,38,4.219590000502649,236.98984969650542,4,0.55230712890625
12,39,4.684399000325357,213.47455669991916,4,0.5233154296875
12,40,4.105373000129475,243.5832261693303,3,0.45263671875
12,41,4.445929000212345,224.92486945973232,4,0.53271484375
12,42,4.060270000991295,246.28903983130553,3,0.4689127604166667
12,43,4.172314998868387,239.67509650427147,3,0.5308430989583334
12,44,4.247729999406147,235.41985958142462,2,0.71044921875
12,45,3.782099000090966,264.40344368985274,1,0.33984375
12,46,3.8793450003140606,257.77547496266584,2,0.6748046875
12,47,3.7708370000473224,265.1931122950821,1,0.7578125
12,48,3.768694999962463,265.34383918304883,1,0.87744140625
12,49,3.1771229987498373,314.75016875125357,0,0.0
12,50,4.991546000383096,200.33873271392292,1,0.383056640625
12,51,3.304501000457094,302.61755098929467,0,0.0
12,52,3.30921299973852,302.18665286248296,0,0.0
12,53,3.1700380004622275,315.45363174012067,0,0.0
12,54,3.142722000120557,318.1955005761373,0,0.0
12,55,3.2646730014675995,306.30939133887546,0,0.0
12,56,3.2532419991184724,307.3856787386149,0,0.0
12,57,3.201837000233354,312.32070837057563,0,0.0
12,58,3.749935998712317,266.6712179470231,1,0.315673828125
12,59,3.2193790011660894,310.6189111744192,0,0.0
12,60,3.810012000030838,262.46636493320915,1,0.58154296875
12,61,3.7732639993919292,265.02253755929945,1,0.280517578125
12,62,3.7319399998523295,267.9571483034479,1,0.445556640625
12,63,3.2121839994943002,311.3146694452845,0,0.0
12,64,3.1544499997835374,317.01247446262306,0,0.0
12,65,3.232918999856338,309.31798787548877,0,0.0
12,66,3.209368000170798,311.5878266209364,0,0.0
12,67,3.729656998984865,268.12117046478517,1,0.615234375
12,68,3.1457599998248043,317.8882050937429,0,0.0
12,69,4.061294001076021,246.2269413972627,2,0.461669921875
12,70,3.3059470006264746,302.4851879992331,0,0.0
12,71,3.1600399997842032,316.45169050654084,0,0.0
12,72,3.345761999298702,298.88557530679344,0,0.0
12,73,3.166699001667439,315.7862491741229,0,0.0
12,74,3.132515001198044,319.23231001848217,0,0.0
12,75,3.1577179997839266,316.68439045805457,0,0.0
12,76,3.2032170001912164,312.186155337058,0,0.0
12,77,3.141352999591618,318.3341700630276,0,0.0
12,78,3.174191999278264,315.0408041565779,0,0.0
12,79,3.1963950004865183,312.8524477881462,0,0.0
12,80,3.2042589991760906,312.0846349365421,0,0.0
12,81,3.1677540009695804,315.68107867401375,0,0.0
12,82,3.2334859988623066,309.26374827410643,0,0.0
12,83,3.1352799996966496,318.95077954656483,0,0.0
12,84,3.1304950007324805,319.43829961907545,0,0.0
12,85,3.210426999430638,311.48504550246673,0,0.0
12,86,3.215222001017537,311.02051419265143,0,0.0
12,87,3.2020580001699273,312.2991525909062,0,0.0
13,0,8.570322999730706,116.6817166670873,0,0.0
13,1,3.8280320004560053,261.2308360747448,0,0.0
13,2,3.320345000247471,301.17352260848446,0,0.0
13,3,3.325548999782768,300.7022299371689,0,0.0
13,4,3.3430469993618317,299.12831024837345,0,0.0
13,5,4.20386399855488,237.8763918965409,1,0.3486328125
13,6,3.9999889995669946,250.00068752895362,2,0.448486328125
13,7,4.020582999146427,248.72014834970471,1,0.5888671875
13,8,4.412301001138985,226.63911635717088,1,0.420654296875
13,9,3.9061789993866114,256.00465318077596,1,0.484375
13,10,3.7542770005529746,266.36287089437144,1,0.67919921875
13,11,3.957433998948545,252.6889899530077,2,0.6014404296875
13,12,4.449415000635781,224.74864670009632,4,0.43756103515625
13,13,4.169166999417939,239.8560672046984,3,0.4890950520833333
13,14,3.9125710009102477,255.58641613592522,2,0.3795166015625
13,15,3.7934749998385087,263.61054179678814,1,0.361083984375
13,16,4.311533000873169,231.93606538497573,4,0.44500732421875
13,17,4.3203410004934995,231.46321086362698,2,0.5029296875
13,18,4.247278000548249,235.44491315871426,3,0.3756510416666667
13,19,4.084418000275036,244.83292354814373,3,0.318603515625
13,20,4.133238999202149,241.94100563578175,2,0.3663330078125
13,21,4.558458998872084,219.37238006252414,6,0.36572265625
13,22,4.10919699970691,243.35654875425183,2,0.447509765625
13,23,3.9229119993251516,254.91267715718004,1,0.537109375
13,24,4.597781000484247,217.49622261144629,4,0.42974853515625
13,25,3.7819009994564112,264.4172864767571,1,0.6513671875
13,26,4.252165001162211,235.1743170189016,4,0.4647216796875
13,27,4.011481998531963,249.28442913765008,2,0.565673828125
13,28,4.12688399956096,242.31357123349855,2,0.45263671875
13,29,4.198052998617641,238.20566351336817,3,0.3798014322916667
13,30,3.9836870000726776,251.02373755311504,1,0.28857421875
13,31,3.8331960004143184,260.8789114597618,1,0.368408203125
13,32,3.749462000996573,266.7049298630601,1,0.26904296875
13,33,3.76496699936979,265.6065777382346,1,0.291015625
13,34,3.910720000931178,255.707388859824,2,0.435791015625
13,35,3.682855000079144,271.52847450646584,1,0.25244140625
13,36,3.9768509996065404,251.4552343296084,3,0.4710286458333333
13,37,3.9673320006841095,252.05856223466157,2,0.344482421875
13,38,3.7248190001264447,268.4694209211383,1,0.3310546875
13,39,3.7300050007615937,268.09615531234397,1,0.26123046875
13,40,4.470450001463178,223.6911272182219,2,0.5479736328125
13,41,4.353137999714818,229.71934270531094,3,0.5550130208333334
13,42,4.5898989992565475,217.86971786568196,6,0.4320475260416667
13,43,4.470751000553719,223.67606692391197,6,0.4161376953125
13,44,4.3403029994806275,230.3986611348707,5,0.346875
13,45,4.431687000760576,225.64770477436196,5,0.34384765625
13,46,4.662043000280391,214.498236060855,5,0.325439453125
13,47,4.400338999403175,227.2552183219592,5,0.39873046875
13,48,4.144902999541955,241.26016944437734,3,0.49658203125
13,49,4.810421000001952,207.88201282166244,7,0.36342075892857145
13,50,4.115486999580753,242.98460913662723,3,0.6438802083333334
13,51,4.055765000885003,246.56260897310156,3,0.465087890625
13,52,3.8576759998250054,259.2234288326346,2,0.732421875
13,53,4.253822999089607,235.08265393600476,4,0.55316162109375
13,54,4.607627999575925,217.03140967370578,4,0.46697998046875
13,55,4.0740599997661775,245.45539340544642,3,0.5817057291666666
13,56,4.047992000778322,247.03606128859107,3,0.6521809895833334
13,57,3.9304060010181274,254.426641863706,2,0.798828125
13,58,4.010266999102896,249.35995539042707,2,0.650634765625
13,59,3.715118999025435,269.1703819614726,1,0.8681640625
13,60,3.8903500008018455,257.0462811299468,1,0.84814453125
13,61,3.8085480009613093,262.56725653650466,1,0.89013671875
13,62,3.2162269999389537,310.9233272461741,0,0.0
13,63,3.8155359998199856,262.0863752948942,1,0.26123046875
13,64,3.201511999577633,312.3524135258363,0,0.0
13,65,3.150122998704319,317.44792200536654,0,0.0
13,66,3.191693998815026,313.31324380447126,0,0.0
13,67,3.154285001073731,317.02905719032873,0,0.0
13,68,3.2097759994940134,311.54822023643993,0,0.0
13,69,3.210925000530551,311.4367354686786,0,0.0
13,70,3.2238799994956935,310.1852426754186,0,0.0
13,71,4.034794999824953,247.84406643791922,2,0.373779296875
13,72,3.801550999924075,263.05052859213833,1,0.275146484375
13,73,3.2657359988661483,306.2096876009562,0,0.0
13,74,3.594234000047436,278.22339891804546,0,0.0
13,75,3.229097001167247,309.68410042761866,0,0.0
13,76,3.178969000146026,314.5673958928398,0,0.0
13,77,3.867800000080024,258.5449092453876,1,0.525390625
13,78,3.784513000937295,264.23479051395356,1,0.451416015625
13,79,3.2164650001504924,310.9003206791343,0,0.0
13,80,3.192031999788014,313.2800673885509,0,0.0
13,81,3.1700839990662644,315.44905443973914,0,0.0
13,82,3.172589000314474,315.1999833261975,0,0.0
13,83,3.828422999504255,261.20415641884154,1,0.740234375
13,84,3.2398530001955805,308.65597912610014,0,0.0
13,85,3.137925999908475,318.68182998234096,0,0.0
13,86,3.2509850007045316,307.5990814424818,0,0.0
13,87,3.214136000678991,311.1256025845666,0,0.0
13,88,3.2025900000007823,312.24727486183235,0,0.0
13,89,3.1510190001426963,317.35765476333665,0,0.0
13,90,3.150975000608014,317.3620862771172,0,0.0
13,91,3.1350420013041003,318.97499286581314,0,0.0
13,92,3.2121570002345834,311.3172861497648,0,0.0
13,93,3.196125999238575,312.8787789462098,0,0.0
13,94,3.1483149996347493,317.63022445848486,0,0.0
13,95,3.200467999704415,312.4543035869619,0,0.0
13,96,3.138112000669935,318.66294121641187,0,0.0
13,97,3.2581790001131594,306.91990831850217,0,0.0
13,98,3.2323819996236125,309.36937531406954,0,0.0
13,99,3.1534230001852848,317.11571836104554,0,0.0
13,100,3.2602700011921115,306.7230627016633,0,0.0
13,101,3.1604979994881433,316.40583229666794,0,0.0
13,102,3.1971059997886186,312.78287303145925,0,0.0
14,0,5.707030000849045,175.22248872902864,3,0.5045572916666666
14,1,4.3048600000474835,232.29559149170237,1,0.927734375
14,2,4.053537000800134,246.69813049754043,1,0.9189453125
14,3,3.8548419997823657,259.41400453156245,1,0.90185546875
14,4,3.979768000135664,251.27092834705732,2,0.605224609375
14,5,4.382221999549074,228.19473776155087,2,0.670166015625
14,6,4.093916999408975,244.26484468160115,3,0.6858723958333334
14,7,3.7497749999602092,266.6826676295542,1,0.80908203125
14,8,3.7584429992421065,266.06762433317493,1,0.78515625
14,9,3.779659000429092,264.5741321866532,1,0.79443359375
14,10,3.758460999961244,266.06635003271595,1,0.6826171875
14,11,3.78969200028223,263.873686812946,1,0.72802734375
14,12,3.77776400091534,264.7068476902483,1,0.796875
14,13,3.765567000300507,265.5642563046139,1,0.7216796875
14,14,3.816849000941147,261.9962172340124,1,0.8681640625
14,15,4.122768999877735,242.55542816724778,3,0.6016438802083334
14,16,3.782428999329568,264.38037572608744,1,0.8798828125
14,17,3.7999500000296393,263.1613573842288,1,0.85986328125
14,18,3.707097999722464,269.75278238526903,1,0.8056640625
14,19,4.280654000467621,233.60916343408263,3,0.4744466145833333
14,20,4.226553000989952,236.59942268931158,4,0.32855224609375
14,21,3.931363999072346,254.3646429676729,1,0.2705078125
14,22,3.286482999101281,304.2766386661544,0,0.0
14,23,3.9216020013554953,254.99782988032737,1,0.357666015625
14,24,4.173934999926132,239.5820730360433,3,0.43505859375
14,25,4.0821839993441245,244.96690990917307,3,0.383056640625
14,26,4.278859998521511,233.70710898359218,3,0.267822265625
14,27,3.9658069999859435,252.1554881524856,2,0.3834228515625
14,28,4.234690999510349,236.14473880517576,2,0.3275146484375
14,29,4.042537000714219,247.36941178851896,2,0.48095703125
14,30,4.395463998662308,227.507266651333,4,0.33343505859375
14,31,4.178268998657586,239.33356141533366,3,0.326416015625
14,32,3.90835399957723,255.86218651334318,2,0.3094482421875
14,33,4.4571319995156955,224.3595209001345,3,0.4099934895833333
14,34,4.624798000804731,216.22565998039192,5,0.472412109375
14,35,4.2357660004199715,236.08480730542036,3,0.418701171875
14,36,4.667781000534887,214.23455810917622,3,0.50732421875
14,37,4.082278001078521,244.9612691090132,1,0.67919921875
14,38,4.020910999315674,248.69985935281625,2,0.4805908203125
14,39,4.16754999969271,239.94913080196613,3,0.306884765625
14,40,3.892811999321566,256.88371289810004,2,0.40087890625
14,41,3.656143000625889,273.5122777825735,1,0.32421875
14,42,3.165488999002264,315.90695791872656,0,0.0
14,43,3.183531000104267,314.1166208110579,0,0.0
14,44,3.8728890012862394,258.2051795617913,2,0.3251953125
14,45,3.7687620006181533,265.33912192809726,1,0.346923828125
14,46,3.6740649993589614,272.1780916163641,1,0.28466796875
14,47,3.8713980011380045,258.3046226985828,2,0.4102783203125
14,48,3.918972999599646,255.168892488455,2,0.419189453125
14,49,3.99885600018024,250.07152044357866,2,0.533447265625
14,50,3.9246329997695284,254.80089477378505,2,0.52294921875
14,51,4.091856000741245,244.38787675295725,2,0.612060546875
14,52,4.148594000071171,241.0455204782258,3,0.455078125
14,53,4.184625000561937,238.97003909925357,3,0.406005859375
14,54,4.112044000066817,243.18805926778774,3,0.379638671875
14,55,5.020464001063374,199.18477650436137,6,0.3487141927083333
14,56,4.158163999818498,240.4907550648915,3,0.3565266927083333
14,57,4.134365000936668,241.87511256830086,3,0.562744140625
14,58,4.521138000200153,221.1832507558339,6,0.4246012369791667
14,59,4.354242999397684,229.66104559123792,4,0.5732421875
14,60,4.355790000772686,229.57947922709937,5,0.45185546875
14,61,4.089678999662283,244.5179683008319,3,0.5745442708333334
14,62,4.282709000108298,233.49706925563066,4,0.44696044921875
14,63,4.166706999967573,239.9976768243561,4,0.4954833984375
14,64,4.452582999874721,224.5887387227001,4,0.45269775390625
14,65,4.467573000511038,223.83517849302334,5,0.549267578125
14,66,4.314421001254232,231.78081130916365,4,0.38330078125
14,67,4.207291000057012,237.68263236045456,3,0.4761555989583333
14,68,4.421727000590181,226.15597929644392,4,0.5035400390625
14,69,3.9002369994705077,256.3946755378606,2,0.642578125
14,70,4.279360999134951,233.67974802830244,3,0.5220540364583334
14,71,4.475707999517908,223.42833806577931,6,0.3989664713541667
14,72,4.061370000272291,246.2223338265058,3,0.51513671875
14,73,3.9148570012912387,255.43717169494815,2,0.349609375
14,74,3.6988419997214805,270.35488406244417,1,0.54296875
14,75,3.8447440001618816,260.09534053708006,1,0.341552734375
14,76,3.2615960008115508,306.59836465067406,0,0.0
14,77,3.1879880007181782,313.6774667203025,0,0.0
14,78,3.1457819986826507,317.88598206066627,0,0.0
14,79,3.1622490005247528,316.23063200717496,0,0.0
15,0,6.152666999696521,162.53114300665464,3,0.355224609375
15,1,4.985911000403576,200.56515247044257,4,0.3680419921875
15,2,4.0164620004361495,248.97534195304462,1,0.307373046875
15,3,4.599583999151946,217.41096590134592,3,0.320068359375
15,4,4.265876001227298,234.41844059984368,2,0.501708984375
15,5,4.28477600144106,233.38442888582253,4,0.39617919921875
15,6,3.3255680009460775,300.7005118270064,0,0.0
15,7,3.9156650000222726,255.38446215248544,1,0.43115234375
15,8,4.423382999448222,226.07131241512235,3,0.4309895833333333
15,9,4.3195390007895185,231.50618615024,3,0.43701171875
15,10,4.346907999206451,230.04857709952796,3,0.4051106770833333
15,11,4.569569999148371,218.83897176022464,5,0.366015625
15,12,4.21006199940166,237.52619323471282,2,0.28857421875
15,13,4.565436998746009,219.03708238108874,5,0.409130859375
15,14,4.342910999184824,230.26030240723395,2,0.531494140625
15,15,4.022232000352233,248.61818013292833,1,0.6943359375
15,16,3.991903000496677,250.50708894368898,2,0.53515625
15,17,4.671863000112353,214.04737253124742,4,0.4068603515625
15,18,4.116619000342325,242.91779246921882,2,0.48681640625
15,19,3.8547439999092603,259.4205996620112,1,0.525390625
15,20,4.239633999532089,235.86941705589823,2,0.314453125
15,21,3.256959998907405,307.0347810029797,0,0.0
15,22,4.1012660003616475,243.82714993658556,3,0.3191731770833333
15,23,3.8752579985157354,258.04733526980925,1,0.312255859375
15,24,3.8490569986606715,259.8038949145109,1,0.27197265625
15,25,4.010179000033531,249.36542732671995,2,0.3751220703125
15,26,3.9629570001125103,252.33682827535335,1,0.2568359375
15,27,3.928387000996736,254.55740479394558,1,0.642578125
15,28,4.125474000829854,242.3963888267982,3,0.4519856770833333
15,29,4.358060999948066,229.459844644652,4,0.46490478515625
15,30,4.805382000995451,208.1000011638714,6,0.4289957682291667
15,31,4.393694000100368,227.59891789850553,4,0.50762939453125
15,32,4.368825000710785,228.89449676682062,5,0.343310546875
15,33,4.0638950013089925,246.06934964557328,3,0.40576171875
15,34,4.180029000053764,239.23279000866688,3,0.482666015625
15,35,4.2050339998240815,237.81020558735915,4,0.37677001953125
15,36,4.37114600026689,228.77295792429325,5,0.46552734375
15,37,5.173584999283776,193.28956615933413,8,0.327239990234375
15,38,4.401475998747628,227.19651323431833,4,0.55078125
15,39,4.0894849989854265,244.52956796469317,2,0.708984375
15,40,4.150292999838712,240.94684400326963,3,0.5569661458333334
15,41,4.385234000437777,228.03800205420515,5,0.468798828125
15,42,4.40463099948829,227.03377425173082,4,0.45550537109375
15,43,4.386849999718834,227.95399889763564,5,0.464697265625
15,44,4.330706000473583,230.90923278805934,4,0.57379150390625
15,45,4.161935999945854,240.27279612493078,3,0.6279296875
15,46,3.941511000448372,253.7098082147287,2,0.5606689453125
15,47,3.780944998652558,264.48414360864206,1,0.8310546875
15,48,3.7610050003422657,265.88637874956197,1,0.6806640625
15,49,4.005916000096477,249.63079604662616,2,0.3167724609375
15,50,3.2605100004730048,306.7004854623753,0,0.0
15,51,3.9483870004914934,253.267980032231,2,0.2822265625
15,52,3.2442319989058888,308.2393615306329,0,0.0
15,53,3.8537439995707246,259.4879161956248,1,0.282958984375
15,54,3.2100259995786473,311.52395654467017,0,0.0
15,55,3.245627000069362,308.1068773394568,0,0.0
15,56,3.264715000113938,306.30545084796074,0,0.0
15,57,3.2289239989040652,309.70069296750614,0,0.0
15,58,3.1711020001239376,315.34778760220155,0,0.0
15,59,3.2843520002643345,304.47406365685436,0,0.0
15,60,3.324654000607552,300.78317918714504,0,0.0
15,61,3.2029680005507544,312.2104247772843,0,0.0
15,62,3.3045200016204035,302.6158109225062,0,0.0
15,63,3.2339469998987624,309.2196625458935,0,0.0
15,64,4.85664899861149,205.90328851969716,0,0.0
15,65,6.021719998898334,166.0655095525778,1,0.5908203125
15,66,5.934978000368574,168.49262119217596,1,0.350341796875
15,67,4.107434000616195,243.46100262353104,0,0.0
15,68,3.270194998549414,305.7921623767322,0,0.0
15,69,3.2404169996880228,308.6022570848989,0,0.0
15,70,3.1911900005070493,313.36272670731285,0,0.0
15,71,3.2355359999201028,309.06780206577633,0,0.0
15,72,3.180042998792487,314.4611567767215,0,0.0
15,73,3.253295000831713,307.3806709026841,0,0.0
15,74,3.154954998535686,316.9617317724441,0,0.0
16,0,5.4574879995925585,183.23448445047563,1,0.259765625
16,1,4.378760999316,228.37510431745613,1,0.30078125
16,2,3.327013000671286,300.5699105468574,0,0.0
16,3,3.282272000433295,304.6670111032813,0,0.0
16,4,3.2095169990498107,311.5733614422524,0,0.0
16,5,3.2220579996646848,310.3606453093236,0,0.0
16,6,3.2340630004910054,309.2085713383372,0,0.0
16,7,3.836583000520477,260.6486031618079,1,0.689453125
16,8,4.807358000107342,208.01446448915834,1,0.72509765625
16,9,3.8089980007498525,262.53623651236796,1,0.83349609375
16,10,3.7972450008965097,263.3488225710759,1,0.94677734375
16,11,3.9998760003072675,250.00775022105205,1,0.9423828125
16,12,4.756359998282278,210.2448091315927,4,0.46331787109375
16,13,4.174394000074244,239.55572952198915,2,0.6641845703125
16,14,4.246848000548198,235.4687523242924,3,0.534912109375
16,15,5.604365000181133,178.43234692381387,4,0.36407470703125
16,16,5.763131001003785,173.5167914499647,4,0.38555908203125
16,17,5.567997999605723,179.59776567283453,5,0.417333984375
16,18,4.285929999241489,233.32158952128873,4,0.4793701171875
16,19,4.221245000735507,236.89693439394316,2,0.5943603515625
16,20,4.683945000579115,213.49524810311857,5,0.446875
16,21,5.205123999985517,192.11838181045877,7,0.4925013950892857
16,22,4.270202000043355,234.1809591185258,4,0.531005859375
16,23,4.592707999108825,217.7364640194938,6,0.3538411458333333
16,24,4.6171649992174935,216.58311976493752,4,0.51763916015625
16,25,4.775567000251613,209.39921897176032,7,0.36642020089285715
16,26,4.016577999209403,248.9681515451296,2,0.34326171875
16,27,4.195733001324697,238.33737744615186,4,0.39764404296875
16,28,4.127987000174471,242.24882490127382,3,0.4175618489583333
16,29,3.794332998950267,263.5509324765797,1,0.72021484375
16,30,4.02906299859751,248.19666516708557,3,0.465087890625
16,31,4.085818998646573,244.74897207420344,3,0.5619303385416666
16,32,4.17467799888982,239.53943280557974,3,0.4300130208333333
16,33,4.2476649996388005,235.4234620868253,3,0.3592122395833333
16,34,4.355727000074694,229.5827998363652,4,0.29345703125
16,35,4.46835599905171,223.79595542795238,5,0.303271484375
16,36,4.109274999791523,243.35192948895684,3,0.3463541666666667
16,37,3.9567289986734977,252.73401345789722,2,0.275390625
16,38,3.940057000363595,253.80343479998345,2,0.395751953125
16,39,4.374267000457621,228.60973047493061,4,0.3651123046875
16,40,4.534484000032535,220.5322590162023,6,0.3199055989583333
16,41,4.213375999825075,237.33936872510702,4,0.385498046875
16,42,4.553112001303816,219.6300024496746,4,0.44573974609375
16,43,4.7663089990237495,209.8059526154983,6,0.4342447916666667
16,44,4.2920300002151635,232.98998374891812,3,0.376220703125
16,45,4.772475000208942,209.53488492998272,3,0.5406087239583334
16,46,4.688181001256453,213.3023447115194,5,0.436767578125
16,47,4.449883999768645,224.7249591342137,4,0.32708740234375
16,48,4.496534000281827,222.3935146353444,5,0.430615234375
16,49,4.553732000204036,219.60009942508555,5,0.402880859375
16,50,4.282082998543046,233.53120440221363,4,0.44500732421875
16,51,4.3988670004182495,227.33126505186877,4,0.31884765625
16,52,3.771737001443398,265.12983265198824,1,0.2958984375
16,53,3.2363999998779036,308.9852923117433,0,0.0
16,54,3.2587530004093423,306.8658471121889,0,0.0
16,55,4.0186540009017335,248.8395367642034,2,0.55029296875
16,56,3.2702939988666913,305.78290525149924,0,0.0
16,57,3.7820409997948445,264.4074985052369,1,0.5869140625
16,58,3.76658000095631,265.49283428099403,1,0.8681640625
16,59,3.7040209990664152,269.9768711495011,1,0.88623046875
16,60,3.816268999798922,262.03603573351086,1,0.89306640625
16,61,3.781940999033395,264.4144898758559,1,0.88818359375
16,62,3.983937998782494,251.00792238875295,2,0.6298828125
16,63,3.862286001094617,258.91402131188323,1,0.8759765625
16,64,3.9881559987406945,250.74244846885662,2,0.576904296875
16,65,3.7992189991200576,263.21199178873644,1,0.87646484375
16,66,3.7707780011260184,265.1972615999624,1,0.88232421875
16,67,4.717247000371572,211.9880514887669,5,0.498876953125
16,68,3.757651000341866,266.12370332130934,1,0.85009765625
16,69,3.7761809999210527,264.8178146177068,1,0.75927734375
16,70,3.7417690000438597,267.25326977380973,1,0.75634765625
16,71,3.898643999491469,256.49943932568294,2,0.6787109375
16,72,3.7981830009812256,263.28378588963704,1,0.8388671875
16,73,3.7273900015861727,268.284241674323,1,0.83984375
16,74,3.904824001438101,256.09348837020866,2,0.71875
16,75,4.046137000841554,247.14931792769508,2,0.715576171875
16,76,3.960937001465936,252.46551501069106,2,0.645263671875
16,77,4.3856330012204126,228.0172553703707,4,0.66455078125
16,78,4.708870999820647,212.3651295688687,4,0.59674072265625
16,79,4.862715999479406,205.64639187381258,6,0.5584309895833334
16,80,4.599679001330514,217.40647547594898,5,0.635986328125
16,81,4.889191000984283,204.5328153059845,6,0.5755615234375
16,82,4.5621230001415825,219.19619439654863,5,0.53828125
16,83,4.240369000399369,235.82853282481253,4,0.66888427734375
16,84,4.354300999693805,229.6579864530082,5,0.6185546875
16,85,4.252059999998892,235.18012445738316,3,0.81787109375
16,86,4.19260899980145,238.51496766031772,3,0.660888671875
16,87,4.132368998398306,241.9919422461056,3,0.668701171875
16,88,4.233665000356268,236.2019668339013,3,0.6497395833333334
16,89,4.540784999335301,220.22623844696108,5,0.6302734375
16,90,4.273394999472657,234.0059835618756,4,0.7152099609375
16,91,4.452408998986357,224.5975156881728,5,0.58310546875
16,92,4.214564998619608,237.2724113467295,4,0.57305908203125
16,93,4.351970999778132,229.78094294538752,4,0.56390380859375
16,94,4.216806999465916,237.14625785023026,2,0.6219482421875
16,95,3.7226759995974135,268.6239683786997,1,0.94091796875
16,96,4.087587998583331,244.64305119463563,2,0.5797119140625
16,97,4.261127000063425,234.67969858328922,4,0.4171142578125
16,98,3.7256489995343145,268.40961135227565,1,0.3310546875
16,99,3.268147000198951,305.98378834829776,0,0.0
16,100,3.9461080014007166,253.41425010289592,1,0.265869140625
16,101,3.7946720003674272,263.5273878488504,1,0.458984375
16,102,3.8965179992374033,256.63938937166785,1,0.414794921875
16,103,3.2372460009355564,308.9045440819148,0,0.0
16,104,4.01034999958938,249.3547944948421,2,0.6748046875
16,105,4.309509000449907,232.04499628509913,2,0.4188232421875
16,106,4.026460999739356,248.35705600146946,1,0.359375
16,107,4.517801999099902,221.34657521494603,3,0.4960123697916667
16,108,5.127601998538012,195.0229367031843,3,0.5301920572916666
16,109,4.712595000455622,212.19731377368907,4,0.52587890625
16,110,4.566759998851921,218.97362687143598,3,0.62939453125
17,0,5.5454739995184354,180.32723624469958,2,0.6041259765625
17,1,4.75647100029164,210.23990263762477,2,0.532958984375
17,2,4.31848500011256,231.5626892240995,2,0.4827880859375
17,3,4.23739199868578,235.99421538298753,3,0.290771484375
17,4,4.17049400130054,239.77974783998175,2,0.490234375
17,5,4.007907999039162,249.50672526408678,2,0.26904296875
17,6,4.403699000249617,227.081823699421,2,0.459716796875
17,7,3.9963840008567786,250.2262044352123,1,0.262939453125
17,8,4.415383999003097,226.48086785334624,4,0.37335205078125
17,9,4.143218999161036,241.35822900080612,2,0.3292236328125
17,10,3.8126990002638195,262.2813917203548,1,0.35302734375
17,11,4.052819000207819,246.74183573180107,2,0.2828369140625
17,12,3.9522539991594385,253.02017537655198,2,0.406982421875
17,13,4.027754001072026,248.2773276952466,2,0.3350830078125
17,14,3.844644999844604,260.10203804003197,1,0.289306640625
17,15,3.890882999257883,257.0110692587601,1,0.442626953125
17,16,4.528959998424398,220.80124362941933,3,0.447021484375
17,17,4.7223229994415306,211.76018669588285,4,0.51055908203125
17,18,4.423583999596303,226.0610401184334,3,0.4903157552083333
17,19,4.032598999401671,247.9790329136056,1,0.329345703125
17,20,3.8175359986780677,261.94906880937833,1,0.7294921875
17,21,3.9376240001729457,253.96025622458586,1,0.39501953125
17,22,4.073857999173924,245.46756421131388,2,0.5263671875
17,23,3.187375999914366,313.73769521602304,0,0.0
17,24,3.8148069997987477,262.1364593419157,1,0.27978515625
17,25,3.7567990002571605,266.1840572070925,1,0.390380859375
17,26,4.06734799980768,245.86044765465948,1,0.355712890625
17,27,3.257519998442149,306.98199872241224,0,0.0
17,28,3.167101000144612,315.7461665903106,0,0.0
17,29,3.1654869999329094,315.90715742038884,0,0.0
17,30,3.805487000136054,262.77845646674075,1,0.29736328125
17,31,3.8383920000342187,260.5257618271102,1,0.39794921875
17,32,3.765485000258195,265.5700394322195,1,0.474609375
17,33,3.819638999630115,261.80484598069023,1,0.43017578125
17,34,3.916897001545294,255.30413477951552,2,0.298828125
17,35,4.171094000412268,239.74525625679038,2,0.48095703125
17,36,4.396815998916281,227.4373092361559,3,0.349853515625
17,37,3.896112000802532,256.66613274824164,1,0.323486328125
17,38,3.820926000116742,261.71666239268876,1,0.302490234375
17,39,4.342046999227023,230.30612063342966,1,0.57763671875
17,40,4.3784909994428745,228.38918708003317,3,0.437744140625
17,41,4.066614999828744,245.9047635544827,2,0.55029296875
17,42,4.92086600024777,203.21626314344854,8,0.4251708984375
17,43,4.774045999511145,209.46593311048917,7,0.43191964285714285
17,44,4.25574699875142,234.97637436938496,4,0.42608642578125
17,45,4.136940000535105,241.7245596674479,3,0.4366048177083333
17,46,3.9781519990356173,251.37299938323616,2,0.491943359375
17,47,4.348876998847118,229.94442019516737,4,0.46826171875
17,48,4.108778000954771,243.3813654005221,3,0.4939778645833333
17,49,4.344885999671533,230.1556358614699,4,0.5653076171875
17,50,4.410924000694649,226.70986846350473,4,0.412353515625
17,51,4.439880000063567,225.23131255477233,5,0.527392578125
17,52,4.390694999528932,227.7543760400774,4,0.5418701171875
17,53,4.218965999825741,237.0249013718773,4,0.4884033203125
17,54,4.38939599916921,227.82177780024224,4,0.53314208984375
17,55,4.10028399892326,243.88554555308886,3,0.4900716145833333
17,56,4.239867001160746,235.85645486668108,3,0.63232421875
17,57,4.069597998750396,245.72451635445523,2,0.628173828125
17,58,4.1779639996093465,239.35103320504996,3,0.6279296875
17,59,4.144548998738173,241.2807763412749,3,0.5323079427083334
17,60,3.9694679999229265,251.92292771208045,2,0.745849609375
17,61,3.8588939987675985,259.1416090515486,1,0.87158203125
17,62,3.8380360001610825,260.5499270871951,1,0.658203125
17,63,4.250322999723721,235.27623666836658,3,0.42236328125
17,64,3.7994159993104404,263.1983442143453,1,0.65478515625
17,65,3.8303019991872134,261.07601964863323,1,0.259765625
17,66,3.19432499964023,313.05518383778355,0,0.0
17,67,3.16428500082111,316.02715929206977,0,0.0
17,68,3.270400000474183,305.7729940848238,0,0.0
17,69,3.1678180002927547,315.6747009795338,0,0.0
17,70,3.228670999305905,309.7249612038447,0,0.0
17,71,3.2615240015729796,306.60513291262504,0,0.0
17,72,3.650667000329122,273.9225461839839,0,0.0
17,73,3.9333199983957456,254.2381500635246,1,0.5888671875
17,74,3.1968050006980775,312.81232348599076,0,0.0
17,75,3.1821229986235267,314.25560873434637,0,0.0
17,76,3.815989999566227,262.0551940947624,1,0.3720703125
17,77,3.290713000751566,303.8855104567338,0,0.0
17,78,3.744924000784522,267.02811586844234,1,0.439697265625
17,79,3.2112389999383595,311.40628275229443,0,0.0
17,80,3.151761999106384,317.28284060900825,0,0.0
17,81,3.1475600007979665,317.7064137765383,0,0.0
17,82,3.1529110001429217,317.1672146643752,0,0.0
17,83,3.220005999537534,310.5584275754836,0,0.0
17,84,3.202562998922076,312.2499074449376,0,0.0
17,85,3.2145250006578863,311.0879522776583,0,0.0
17,86,3.1930759996612323,313.1776381476966,0,0.0
17,87,3.2101839988172287,311.5086239195147,0,0.0
17,88,3.1600849997630576,316.44718419757055,0,0.0
17,89,3.133436999632977,319.1383774804252,0,0.0
17,90,3.1972929991752608,312.7645793669674,0,0.0
17,91,3.149672000290593,317.49337705886154,0,0.0
17,92,3.170194999256637,315.4380094077762,0,0.0
17,93,3.208531999916886,311.66901250350753,0,0.0
17,94,3.215521999663906,310.9914969029981,0,0.0
17,95,3.200866000042879,312.4154525639636,0,0.0
17,96,3.202457999577746,312.26014521715916,0,0.0
17,97,3.1284899996535387,319.64302270767814,0,0.0
17,98,3.164424000715371,316.0132775424321,0,0.0
18,0,4.429648999575875,225.75152119180254,0,0.0
18,1,3.7076690005051205,269.7112390193848,0,0.0
18,2,3.34524099889677,298.9321248692668,0,0.0
18,3,3.2802299992908956,304.85667170173286,0,0.0
18,4,3.346105999298743,298.8548480560909,0,0.0
18,5,3.185958999893046,313.8772344633344,0,0.0
18,6,3.190015999280149,313.4780515914834,0,0.0
18,7,3.224448999390006,310.1305060769073,0,0.0
18,8,3.2049569999799132,312.016666684223,0,0.0
18,9,3.167591999954311,315.69722363689004,0,0.0
18,10,3.2173640011023963,310.8134484184445,0,0.0
18,11,3.1819190007809084,314.27575615676557,0,0.0
18,12,4.029362000437686,248.1782475467272,1,0.90380859375
18,13,3.8104810009826906,262.43406009427906,1,0.8662109375
18,14,3.932047000489547,254.32045951523423,1,0.3486328125
18,15,3.97659800000838,251.471232444892,2,0.4232177734375
18,16,4.0112590013450244,249.29828756125886,1,0.60205078125
18,17,3.7650190006388584,265.6029092629592,1,0.79833984375
18,18,3.8795529999333667,257.76165450431415,1,0.7265625
18,19,3.804382000453188,262.85478163887785,1,0.82666015625
18,20,3.748260000065784,266.79045743423603,1,0.841796875
18,21,4.1882779987645335,238.76161045063913,2,0.560302734375
18,22,3.9818719997128937,251.1381581507651,1,0.8427734375
18,23,3.9382390004902845,253.920597474025,1,0.86083984375
18,24,4.084534000867279,244.8259703035077,1,0.806640625
18,25,3.8664940002490766,258.6322389057324,1,0.8388671875
18,26,3.7716730003012344,265.13433161361877,1,0.77587890625
18,27,4.255052999724285,235.01469900957687,3,0.369873046875
18,28,4.107767999812495,243.44120701209184,2,0.4317626953125
18,29,4.15186700047343,240.85549943819774,2,0.275634765625
18,30,4.01504499859584,249.06321108473867,2,0.3203125
18,31,3.2453500007250113,308.1331750894665,0,0.0
18,32,3.1706069985375507,315.3970203375102,0,0.0
18,33,3.2265860008919844,309.92510341381,0,0.0
18,34,3.8694560007570544,258.43426047598194,1,0.529296875
18,35,3.803809000601177,262.8943776729993,1,0.478515625
18,36,3.853404999972554,259.5107443954431,1,0.46875
18,37,4.051449001053697,246.82527158552924,2,0.4449462890625
18,38,4.0649660004419275,246.00451760021704,2,0.3385009765625
18,39,4.357984000307624,229.46389888751574,4,0.36114501953125
18,40,5.11246700079937,195.60028452871052,3,0.3079427083333333
18,41,4.095967999091954,244.14253241765869,2,0.285400390625
18,42,4.599784000674845,217.40151273479097,6,0.32861328125
18,43,4.13620699873718,241.76739711172792,3,0.3756510416666667
18,44,4.251120999470004,235.23207175817205,4,0.49578857421875
18,45,3.837398000541725,260.5932456989945,1,0.2822265625
18,46,4.479041999729816,223.26202792032802,5,0.4150390625
18,47,3.8507799999933923,259.6876476977952,1,0.373779296875
18,48,3.952772000047844,252.98701771513666,2,0.3095703125
18,49,3.813596998952562,262.219631564284,1,0.276611328125
18,50,4.297448000215809,232.6962420370839,4,0.33465576171875
18,51,4.258863998984452,234.80439859982735,4,0.3494873046875
18,52,4.399970999656944,227.27422523420447,5,0.379345703125
18,53,5.043715000283555,198.26655549407144,5,0.381787109375
18,54,4.3601870002021315,229.3479614414798,4,0.37835693359375
18,55,4.693381999459234,213.06597249386877,5,0.439599609375
18,56,4.5962060012243455,217.57075286303925,4,0.51202392578125
18,57,4.385252001156914,228.03706599670457,3,0.5479329427083334
18,58,4.527827999481815,220.8564459856789,5,0.354931640625
18,59,4.052670001328806,246.75090734555633,3,0.6100260416666666
18,60,4.136786001254222,241.73355829787,4,0.47930908203125
18,61,3.9582099998369813,252.63945067118343,2,0.4197998046875
18,62,3.2575440000073286,306.9797368808373,0,0.0
18,63,3.1777829990460305,314.68479764043036,0,0.0
18,64,3.1616180003766203,316.2937457595691,0,0.0
18,65,3.1776069990883116,314.7022272694233,0,0.0
18,66,3.198038999471464,312.691621385877,0,0.0
18,67,3.1790100001671817,314.5633388845618,0,0.0
18,68,3.202961999704712,312.2110097129445,0,0.0
18,69,3.2760369995230576,305.2468577569744,0,0.0
18,70,4.13821099937195,241.6503170456433,3,0.4957682291666667
18,71,3.732220000529196,267.9370454737954,1,0.83203125
18,72,3.794199999902048,263.5601707937948,1,0.88623046875
18,73,3.7970169996697223,263.3646359989917,1,0.90185546875
18,74,4.04759000048216,247.06059652308593,2,0.5780029296875
18,75,3.925875998902484,254.72022047552178,2,0.62109375
18,76,3.812655000729137,262.28441855052677,1,0.85498046875
18,77,3.918124000847456,255.2241837633798,2,0.5167236328125
18,78,4.098086999874795,244.01629346340184,3,0.46630859375
18,79,3.943731000617845,253.56699020377783,2,0.587158203125
18,80,3.78680999892822,264.0745113388392,1,0.8642578125
18,81,4.250621999744908,235.25968671408864,3,0.5654296875
18,82,3.963688001022092,252.2902911990389,2,0.6231689453125
18,83,4.020668000521255,248.71489013028585,2,0.56982421875
18,84,4.086240000106045,244.72375581807438,3,0.5034993489583334
18,85,4.284778000510414,233.3843199999807,4,0.49542236328125
18,86,4.252704000464291,235.14451038464574,3,0.4519856770833333
18,87,4.093759998795576,244.27421253180685,1,0.80810546875
18,88,4.325363001044025,231.1944684778196,3,0.4749348958333333
18,89,4.029083998830174,248.1953715262192,2,0.519775390625
18,90,3.917879999789875,255.24007883182546,2,0.577392578125
18,91,4.11626799905207,242.9385064894435,2,0.716064453125
18,92,4.128880000280333,242.19643097694882,3,0.5521647135416666
18,93,4.514054000537726,221.53035827238162,5,0.546435546875
18,94,4.391338999994332,227.7209753110135,5,0.605322265625
18,95,4.191928999716765,238.5536587255096,4,0.556396484375
18,96,4.205510000247159,237.78328905203642,4,0.795654296875
18,97,4.529366999122431,220.78140283040676,4,0.7818603515625
18,98,4.275702998711495,233.87966851330768,4,0.7103271484375
18,99,4.100934000234702,243.84688949950637,3,0.6979166666666666
18,100,4.284516000552685,233.3985915494315,4,0.69879150390625
18,101,4.39885299965681,227.33198860657947,4,0.6781005859375
18,102,4.55662999956985,219.4604345962698,5,0.5990234375
18,103,4.764321998663945,209.8934539437992,5,0.501806640625
18,104,4.426276000231155,225.92355288006817,4,0.4906005859375
18,105,4.22633699963626,236.61151490902526,4,0.53924560546875
18,106,3.9978719996724976,250.13307081415292,2,0.680419921875
18,107,3.9877729996078415,250.76653061704872,2,0.667724609375
18,108,4.173057001025882,239.6324803984622,3,0.4932454427083333
19,0,4.504349999479018,222.00761488686757,0,0.0
19,1,3.697248999742442,270.4713694072707,0,0.0
19,2,3.3724780005286448,296.51787197522043,0,0.0
19,3,3.2959479995042784,303.4028449934293,0,0.0
19,4,3.282886000306462,304.61002907400643,0,0.0
19,5,3.1781389989191666,314.64954816012886,0,0.0
19,6,3.284558000814286,304.454967685785,0,0.0
19,7,3.173306000462617,315.1287647186298,0,0.0
19,8,3.1675959999120096,315.6968249826614,0,0.0
19,9,3.2251279990305193,310.0652130087867,0,0.0
19,10,3.1574219992762664,316.7140788368538,0,0.0
19,11,3.2301030005328357,309.5876508690406,0,0.0
19,12,4.073168000104488,245.50914668247106,1,0.5078125
19,13,3.893830000379239,256.81655334275126,1,0.90673828125
19,14,3.934314001526218,254.17391687904808,1,0.437744140625
19,15,3.32999199963524,300.3010217770907,0,0.0
19,16,3.838607000943739,260.51116974312436,1,0.62060546875
19,17,3.8465390007331735,259.9739661574714,1,0.556640625
19,18,3.756437999982154,266.2096379614813,1,0.87841796875
19,19,3.819249001026037,261.83157990781723,1,0.77734375
19,20,3.906873998857918,255.95911214242543,1,0.7919921875
19,21,4.282280999177601,233.5204065758522,2,0.5299072265625
19,22,4.034265000882442,247.87662679106683,1,0.689453125
19,23,4.5533159991464345,219.62016257765993,2,0.4326171875
19,24,3.9122729995142436,255.60588438592148,1,0.66552734375
19,25,3.8918620011827443,256.9464178575957,1,0.56005859375
19,26,3.780131000894471,264.5410965290292,1,0.289306640625
19,27,3.771271000005072,265.16259372467664,1,0.26904296875
19,28,4.054015998917748,246.66898213202856,2,0.33544921875
19,29,4.074237998793251,245.44466972626296,1,0.275146484375
19,30,3.8295970007311553,261.1240816746717,1,0.484375
19,31,3.1974229987099534,312.7518631108441,0,0.0
19,32,3.199748000042746,312.52461130896586,0,0.0
19,33,3.238766001231852,308.7595706573596,0,0.0
19,34,3.8158999996085186,262.0613748008575,1,0.37744140625
19,35,3.227298000638257,309.85672838462136,0,0.0
19,36,3.8040799990994856,262.87564936508255,1,0.310791015625
19,37,3.2620000001770677,306.5603923806616,0,0.0
19,38,3.9545010004076175,252.87640587192243,2,0.3370361328125
19,39,3.25753499964776,306.9805850460949,0,0.0
19,40,3.1849970000621397,313.9720382720894,0,0.0
19,41,4.254740999385831,235.03193264745124,3,0.2742513020833333
19,42,4.11047099987627,243.28112277889838,2,0.528076171875
19,43,3.9184809993457748,255.20093121976575,2,0.2816162109375
19,44,4.514697000558954,221.49880709075103,5,0.318212890625
19,45,3.9653229996474693,252.18626580707382,2,0.5167236328125
19,46,4.261725000105798,234.64676861486248,4,0.3878173828125
19,47,4.47342799998296,223.5422141596577,5,0.32529296875
19,48,3.8413820002460852,260.32297749506256,1,0.73583984375
19,49,4.135946999667794,241.7825953960052,3,0.38330078125
19,50,4.5689649996347725,218.86794932330113,5,0.30791015625
19,51,4.383109000627883,228.14855844487315,4,0.44989013671875
19,52,4.549035000309232,219.82684238130122,5,0.41142578125
19,53,4.550175999611383,219.77171873910086,5,0.381982421875
19,54,4.377193001346313,228.4569128417288,4,0.36041259765625
19,55,4.601879998517688,217.30249383341373,4,0.37872314453125
19,56,4.16333199973451,240.19223066134737,2,0.5787353515625
19,57,5.235692999121966,190.99668375661093,7,0.3468540736607143
19,58,4.420086999743944,226.23989076638765,3,0.4310709635416667
19,59,4.770602001372026,209.6171509827061,4,0.4283447265625
19,60,4.237040000589332,236.0138209365287,3,0.5692545572916666
19,61,4.183931001534802,239.0096776531849,3,0.5558268229166666
19,62,4.567639998640516,218.93143949558936,6,0.3817138671875
19,63,4.313060000640689,231.85395052502253,4,0.433837890625
19,64,4.391885999211809,227.69261319156857,3,0.3163248697916667
19,65,3.76747199879901,265.4299754102429,1,0.273681640625
19,66,3.210498998669209,311.4780600817855,0,0.0
19,67,3.199201000825269,312.5780467504352,0,0.0
19,68,3.212619001715211,311.27251612036844,0,0.0
19,69,3.159129999403376,316.5428457166552,0,0.0
19,70,4.02615300117759,248.37605518407145,2,0.55078125
19,71,3.809395999269327,262.5088072208319,1,0.880859375
19,72,3.8003890003892593,263.1309584091454,1,0.89111328125
19,73,3.952951999963261,252.97549780753573,2,0.568603515625
19,74,3.7337480007408885,267.82739483263725,1,0.8984375
19,75,3.890669000611524,257.025205650448,2,0.609375
19,76,3.8161299999046605,262.04558021476817,1,0.888671875
19,77,3.753222999876016,266.43767237732317,1,0.84375
19,78,3.861977998894872,258.9346703389185,2,0.6561279296875
19,79,3.9915939996717498,250.52648142126563,2,0.6923828125
19,80,3.8920810002309736,256.9319600338882,2,0.7265625
19,81,4.090981001354521,244.44014764891372,3,0.5628255208333334
19,82,3.7633920001098886,265.7177354819271,1,0.83447265625
19,83,3.7915890006843256,263.7416660454271,1,0.77197265625
19,84,3.710065000632312,269.5370565824503,1,0.8154296875
19,85,3.742290999070974,267.2159915539039,1,0.87060546875
19,86,3.9549680004711263,252.84654638947202,2,0.5966796875
19,87,3.9769459999661194,251.44922762554967,2,0.684814453125
19,88,3.7684950002585538,265.3579213801241,1,0.80322265625
19,89,4.106400001546717,243.5223065515634,3,0.6454264322916666
19,90,4.43812999947113,225.32012359240605,4,0.6424560546875
19,91,4.934737000439782,202.6450446925298,4,0.58953857421875
19,92,4.624877999958699,216.22191980176132,5,0.608837890625
19,93,4.305348000343656,232.26926137449962,4,0.71112060546875
19,94,4.73348300147336,211.26092555708695,6,0.6200764973958334
19,95,4.481226000280003,223.15321743146103,4,0.674560546875
19,96,4.289775000870577,233.1124592308589,4,0.645751953125
19,97,4.595913998855394,217.58457626688588,5,0.670068359375
19,98,4.209501999866916,237.55779187932805,3,0.7434895833333334
19,99,4.186560998277855,238.85953182369747,3,0.77685546875
19,100,4.043578001073911,247.3057276833576,3,0.71826171875
19,101,4.08556500042323,244.76418803676074,3,0.7569986979166666
19,102,4.374890000690357,228.57717561863274,4,0.58404541015625
19,103,4.636283001673291,215.6900257467216,5,0.65283203125
19,104,4.512681000051089,221.59775973277945,5,0.55634765625
19,105,4.533074999926612,220.60080629951844,4,0.58160400390625
19,106,4.7128899987001205,212.18403151268407,5,0.42490234375
19,107,4.449329999260954,224.75294036767397,4,0.4869384765625
19,108,4.123124999750871,242.53448538679334,3,0.505615234375
19,109,3.889698000421049,257.0893678356913,1,0.89111328125
19,110,4.021448999992572,248.66658759115114,2,0.3929443359375
19,111,4.234238000208279,236.1700027137848,3,0.447021484375
19,112,4.078412001035758,245.19347229903178,2,0.424560546875
19,113,3.2131900006788783,311.21720153141314,0,0.0
19,114,3.789804999541957,263.86581898563696,1,0.435791015625
19,115,4.153801999564166,240.74329977811269,1,0.27197265625
19,116,3.2002570005715825,312.474904303434,0,0.0
19,117,3.7424439997266745,267.20506708264276,1,0.2568359375
19,118,3.228457000659546,309.74549135878493,0,0.0
19,119,3.9586799994140165,252.6094557145374,2,0.3367919921875
19,120,3.7653750005119946,265.57779766000084,1,0.273681640625
19,121,3.8752330001443624,258.04899988278055,1,0.455078125
19,122,3.921446999811451,255.00790908256099,2,0.305419921875
19,123,3.9842810001573525,250.98631345542813,2,0.3626708984375
20,0,6.673072999547003,149.85599589093127,0,0.0
20,1,4.2753079997055465,233.9012768363994,0,0.0
20,2,3.386170001249411,295.3189000053232,0,0.0
20,3,3.3138540002255468,301.763445200645,0,0.0
20,4,3.1677189999754773,315.68456672064076,0,0.0
20,5,3.144027999951504,318.06332514068725,0,0.0
20,6,3.169273000821704,315.52977598986513,0,0.0
20,7,3.432003000853001,291.3750366044134,0,0.0
20,8,3.197885000190581,312.7066795523929,0,0.0
20,9,3.244182998969336,308.24401715861774,0,0.0
20,10,3.178539998771157,314.6098524437654,0,0.0
20,11,3.1992019994504517,312.5779491797569,0,0.0
20,12,3.182121999998344,314.25570735519267,0,0.0
20,13,4.275662000509328,233.88191112414344,1,0.88720703125
20,14,3.8689199991495116,258.47006405400623,1,0.76904296875
20,15,3.8520460002473556,259.6022996443412,1,0.66357421875
20,16,3.8465390007331735,259.9739661574714,1,0.85693359375
20,17,3.749965000679367,266.6691555304739,1,0.71533203125
20,18,3.796937999140937,263.37011566326646,1,0.830078125
20,19,3.8380409987439634,260.5495877525174,1,0.66015625
20,20,3.9989880006032763,250.06326596857573,2,0.5673828125
20,21,3.9325909983745078,254.2852791997283,2,0.561767578125
20,22,3.798552001171629,263.2582098893365,1,0.74462890625
20,23,3.8149419997353107,262.1271830788993,1,0.75048828125
20,24,3.9879539999674307,250.75514913365774,1,0.482421875
20,25,4.143506999753299,241.34145303954818,1,0.70263671875
20,26,3.951071999836131,253.09586867601365,1,0.470703125
20,27,3.24249099867302,308.4048653980064,0,0.0
20,28,4.160493999734172,240.35607311629184,2,0.433837890625
20,29,3.9922169999044854,250.4873858369736,2,0.5394287109375
20,30,4.217224999592872,237.1227525438029,2,0.382568359375
20,31,3.217830000721733,310.7684370447501,0,0.0
20,32,3.842313999484759,260.2598330417807,1,0.350341796875
20,33,3.8262439993559383,261.3529090586819,1,0.56787109375
20,34,3.265178998844931,306.2619232678373,0,0.0
20,35,3.2085820002976106,311.664155663544,0,0.0
20,36,3.1826779995753895,314.2008082920776,0,0.0
20,37,4.419568000230356,226.26645861040674,3,0.5016276041666666
20,38,3.763458000321407,265.7130755583291,1,0.392333984375
20,39,4.683290999309975,213.52506178824626,6,0.31982421875
20,40,4.25031300073897,235.2767901625451,1,0.282958984375
20,41,4.151963999902364,240.84987249974125,3,0.3715006510416667
20,42,4.466681999474531,223.87982849856826,5,0.386669921875
20,43,3.9233369989233324,254.88506347388116,1,0.505859375
20,44,4.229196001688251,236.45156185733893,3,0.4801432291666667
20,45,3.818397999566514,261.8899339758521,1,0.416748046875
20,46,3.718023001056281,268.96014352678895,1,0.310791015625
20,47,4.056376001244644,246.52546994981816,3,0.2977701822916667
20,48,3.8692739999532932,258.44641656602016,1,0.30908203125
20,49,4.193049000605242,238.4899389097661,4,0.3780517578125
20,50,3.853294998407364,259.5181527532457,1,0.3056640625
20,51,4.267926000466105,234.30584314038927,4,0.3896484375
20,52,4.395335001390777,227.51394368883803,5,0.485693359375
20,53,4.646543999115238,215.21371586934566,6,0.4027099609375
20,54,4.504636001001927,221.99351951580076,5,0.337109375
20,55,4.862780999246752,205.64364304189326,7,0.42079380580357145
20,56,4.293370000596042,232.91726542580108,3,0.5078125
20,57,4.5354510002653114,220.4852394925009,6,0.4297688802083333
20,58,4.596200999003486,217.57098965358838,6,0.3738606770833333
20,59,4.6070379994489485,217.05920379202664,5,0.401953125
20,60,4.384192001452902,228.0922002660021,4,0.41937255859375
20,61,4.173322000497137,239.61726410779647,3,0.5164388020833334
20,62,3.99337400085642,250.41481208259975,1,0.373779296875
20,63,3.2214750008279225,310.4168120947699,0,0.0
20,64,3.2948349999060156,303.505334873681,0,0.0
20,65,3.2681069988029776,305.9875335679872,0,0.0
20,66,3.9011739991110517,256.3330936348563,1,0.282958984375
20,67,3.7548299987975042,266.32364190129863,1,0.68408203125
20,68,4.0121740003087325,249.2414336773657,2,0.3475341796875
20,69,3.981407000537729,251.16748924813263,2,0.544921875
20,70,3.757738999411231,266.1174712125248,1,0.89501953125
20,71,4.040626999994856,247.48634308518777,1,0.8955078125
20,72,3.9073740008461755,255.92635867041173,1,0.88720703125
20,73,3.9462200002162717,253.40705787948852,2,0.59375
20,74,3.9372800001729047,253.98244472226645,2,0.5821533203125
20,75,3.883369001414394,257.5083644216611,2,0.5709228515625
20,76,3.807855000559357,262.6150417631723,1,0.8740234375
20,77,4.398815999593353,227.33390077976543,4,0.52850341796875
20,78,4.236611999658635,236.03766407699715,3,0.5517578125
20,79,3.8566130006074673,259.29487865193806,1,0.85791015625
20,80,3.774965000047814,264.9031183037019,1,0.77587890625
20,81,3.7718889998359373,265.1191485336647,1,0.77197265625
20,82,4.28721900061646,233.2514387196478,3,0.4658203125
20,83,4.270376000931719,234.17141717305876,3,0.595947265625
20,84,4.441394999957993,225.15448412254665,4,0.579345703125
20,85,4.238931000145385,235.9085344785519,4,0.53466796875
20,86,4.514883999945596,221.4896329589088,5,0.62060546875
20,87,4.392322998683085,227.66995967733294,4,0.58349609375
20,88,4.260059000444016,234.73853293951382,4,0.62921142578125
20,89,4.514182999628247,221.52402773267107,5,0.6369140625
20,90,4.444959000466042,224.97395361692935,4,0.685546875
20,91,4.361144001450157,229.29763375561149,4,0.681884765625
20,92,4.488114000196219,222.81073964615877,4,0.67596435546875
20,93,4.447281000466319,224.85649094247592,4,0.637451171875
20,94,4.36980499944184,228.84316351135374,4,0.67138671875
20,95,4.899713998383959,204.0935451191281,7,0.51513671875
20,96,4.217743000481278,237.09363038143672,3,0.6837565104166666
20,97,3.948824998587952,253.23988790528495,2,0.716796875
20,98,4.686124000727432,213.39597497735207,4,0.4351806640625
20,99,4.346427000200492,230.07403551327835,2,0.5247802734375
20,100,4.069679000167525,245.71962554266213,2,0.5601806640625
20,101,4.005246999440715,249.67249214334052,2,0.651611328125
20,102,4.8712190000514966,205.2874239465375,2,0.676513671875
20,103,5.210559000261128,191.91798806037602,4,0.40618896484375
20,104,4.498076999880141,222.31722578929768,3,0.4120279947916667
20,105,4.149072001382592,241.01775039497284,3,0.4532877604166667
20,106,4.230229000313557,236.39382168811125,1,0.68408203125
20,107,3.921655999874929,254.99431873471116,1,0.69580078125
20,108,4.077809999216697,245.22966989440144,1,0.5947265625
20,109,4.333282999141375,230.77191131946532,1,0.63720703125
20,110,4.110395999305183,243.28556182154685,1,0.59814453125
20,111,3.18036899989238,314.42892319533956,0,0.0
20,112,3.762536998692667,265.7781173573736,1,0.34326171875
20,113,3.1961849999788683,312.87300328567073,0,0.0
20,114,3.2167400004254887,310.87374169741,0,0.0
20,115,3.922936999515514,254.91105264333862,2,0.316650390625
20,116,3.779376000238699,264.5939435337584,1,0.55078125
20,117,3.7902929998381296,263.83184625639933,1,0.529296875
20,118,3.7994220001564827,263.19792851618325,1,0.88720703125
20,119,4.2251719987689285,236.67675547678675,3,0.7286783854166666
20,120,4.414719000124023,226.51498316697095,3,0.7317708333333334
20,121,4.474793999179383,223.47397448539232,4,0.7706298828125
20,122,4.658845000449219,214.64547541366522,5,0.66025390625
20,123,4.554695000479114,219.55366932249223,4,0.8162841796875
20,124,4.8705730005167425,205.31465186825147,4,0.73486328125
20,125,4.74292999933823,210.84013471409605,4,0.70489501953125
