episode,step,latency_ms,fps,detections,avg_confidence
1,0,14.45763599986094,69.1676011216231,2,0.3111199885606766
1,1,7.26697400023113,137.6088589236998,3,0.34691523512204486
1,2,6.884000002173707,145.2643811278672,3,0.4628522992134094
1,3,7.131786998797907,140.21731161748863,3,0.3398570815722148
1,4,6.986128999415087,143.1407865620181,3,0.4063595235347748
1,5,6.970327001909027,143.46529219161755,3,0.5743920107682546
1,6,7.055308000417426,141.73725653661543,3,0.41820216178894043
1,7,6.8692620006913785,145.57604585461317,3,0.36695244908332825
1,8,6.696335000015097,149.33542004659944,2,0.387471079826355
1,9,7.636248999915551,130.9543468280119,1,0.34720686078071594
1,10,6.217385998752434,160.8392980909755,0,0.0
1,11,5.907238002691884,169.2838513607049,0,0.0
1,12,6.461846001911908,154.7545391369778,0,0.0
1,13,6.656398996710777,150.2313789323844,1,0.337360680103302
1,14,5.957862002105685,167.84544516918493,0,0.0
1,15,5.893765999644529,169.6708013281004,0,0.0
1,16,5.893818997719791,169.66927562364597,0,0.0
1,17,5.91824799994356,168.9689245887527,0,0.0
1,18,5.911585001740605,169.15937091415591,0,0.0
1,19,5.949417998635909,168.08366805446877,0,0.0
1,20,5.977911001536995,167.2825172109266,0,0.0
1,21,5.9564719995250925,167.88461359001263,0,0.0
1,22,6.515583001601044,153.47820751485702,1,0.26238808035850525
1,23,6.030537999322405,165.8226844955393,0,0.0
1,24,5.958902998827398,167.8161232355656,0,0.0
1,25,5.915760000789305,169.0399880770308,0,0.0
1,26,5.890706001082435,169.75893888037308,0,0.0
1,27,5.932666001172038,168.558283881554,0,0.0
1,28,5.935593002504902,168.47516323608883,0,0.0
1,29,6.770608000806533,147.6972230382969,1,0.3087751567363739
1,30,6.923927998286672,144.42668962580927,1,0.44245463609695435
1,31,6.877825999254128,145.3947802849979,2,0.3231503665447235
1,32,6.0211039999558125,166.08249915751975,2,0.4191948026418686
1,33,5.911891999858199,169.15058665212183,1,0.4196910262107849
1,34,5.3130300002521835,188.21651674327737,0,0.0
1,35,5.424213999503991,184.35850799607897,0,0.0
1,36,5.234434000158217,191.04262274961798,0,0.0
1,37,5.559836001339136,179.86142032950994,0,0.0
1,38,5.529514000954805,180.84772003965008,0,0.0
1,39,5.427402000350412,184.25021767973638,0,0.0
1,40,5.235606000496773,190.99985749598355,0,0.0
1,41,5.287198000587523,189.1360981542356,0,0.0
1,42,5.241846996796085,190.7724511248075,0,0.0
1,43,5.256335000012768,190.24662621343023,0,0.0
1,44,5.247897999652196,190.55248407386634,0,0.0
1,45,6.0309839973342605,165.81042172255928,1,0.5377334356307983
1,46,5.945712000539061,168.18843561701883,1,0.37443655729293823
1,47,5.282279002130963,189.31222671058887,0,0.0
1,48,5.845490999490721,171.07202801049962,2,0.5174386650323868
1,49,5.234743999608327,191.03130928175702,0,0.0
1,50,5.237658002442913,190.92502785282787,0,0.0
1,51,6.1542120020021684,162.49033989642655,2,0.5107168704271317
1,52,6.522053998196498,153.3259307997946,1,0.7208051085472107
1,53,5.320178002875764,187.9636357015613,0,0.0
1,54,5.228019999776734,191.2770035391421,0,0.0
1,55,5.715855000744341,174.95195379689935,1,0.43570947647094727
1,56,5.313765999744646,188.19044723611373,0,0.0
1,57,5.184065998037113,192.89877875371158,0,0.0
1,58,5.189537998376181,192.6953806510141,0,0.0
1,59,5.271980000543408,189.68205491995897,0,0.0
1,60,5.271226000331808,189.70918718663418,0,0.0
1,61,5.803318999824114,172.31518722825814,1,0.3083260953426361
1,62,5.207037000218406,192.04779992115584,0,0.0
1,63,5.777042999397963,173.09893661934174,1,0.30182063579559326
1,64,5.219734001002507,191.58064372781047,0,0.0
1,65,5.796033998194616,172.53176919105132,0,0.0
1,66,5.825366002682131,171.66303362562581,1,0.25105658173561096
1,67,5.32584900065558,187.76349083064613,0,0.0
1,68,5.280027999106096,189.39293506952976,0,0.0
1,69,5.271097001241287,189.7138299227866,0,0.0
1,70,5.808333000459243,172.16643741344268,1,0.39538538455963135
1,71,5.302358000335516,188.59533813762164,0,0.0
1,72,6.041102999006398,165.53268503524498,3,0.3495529890060425
1,73,5.265081999823451,189.9305651903488,0,0.0
1,74,6.1289320001378655,163.16056369649814,3,0.43689732750256854
1,75,6.275416002608836,159.35198552323493,3,0.32488275567690533
1,76,5.995011000777595,166.805365306301,2,0.5177852213382721
1,77,6.133009999757633,163.05207394729806,2,0.4334358274936676
1,78,6.119325997133274,163.4166900845732,3,0.5118160843849182
1,79,5.256961998384213,190.2239354797241,0,0.0
1,80,5.158048999874154,193.87175267710677,0,0.0
1,81,5.930989998887526,168.60591573878386,1,0.27762308716773987
1,82,5.6957039996632375,175.57092153298797,1,0.27712780237197876
1,83,6.185006001032889,161.68133059741592,4,0.31470172107219696
1,84,6.051329997717403,165.2529279310839,3,0.3129015068213145
1,85,6.366035002429271,157.08364776794366,5,0.41403648853302
1,86,6.10500099719502,163.8001370449335,3,0.5796630680561066
1,87,6.050485000741901,165.27600677918903,3,0.5078541239102682
1,88,6.029050000506686,165.86361033926724,3,0.7137493093808492
1,89,6.5047410025727,153.73402255439353,4,0.6320950761437416
1,90,6.346281003061449,157.57260031782386,2,0.8870438933372498
1,91,6.279695000557695,159.24340273073625,4,0.6061705499887466
1,92,6.206619000295177,161.11831577746943,4,0.626232922077179
1,93,6.082317999243969,164.41100253625342,3,0.7583415309588114
1,94,6.000164998113178,166.6620835117804,3,0.7097568412621816
1,95,6.205432000569999,161.14913513001918,3,0.6935572624206543
1,96,6.144887000118615,162.7369225798126,3,0.6370294392108917
1,97,6.11332699918421,163.57705061964532,3,0.6561690966288248
1,98,5.761180000263266,173.5755522226876,1,0.6881265640258789
1,99,5.893794001167407,169.66999521902633,2,0.4374493807554245
1,100,5.287665000651032,189.1193938868815,0,0.0
1,101,5.969787998765241,167.51013607297858,2,0.5806038081645966
1,102,6.052345001080539,165.22521432956444,2,0.5464058667421341
1,103,5.775248999270843,173.15270737699024,1,0.26303941011428833
1,104,5.347979000362102,186.9865233076442,0,0.0
1,105,5.164979000255698,193.61162938910184,0,0.0
1,106,5.225400000199443,191.37290924366212,0,0.0
1,107,5.2036290035175625,192.17357719468805,0,0.0
1,108,5.169072999706259,193.45828547146203,0,0.0
1,109,5.1382810015638825,194.61761622138627,0,0.0
1,110,5.313286997989053,188.2074129213188,0,0.0
1,111,5.314088000886841,188.1790440491605,0,0.0
2,0,7.5239110010443255,132.9095997894179,0,0.0
2,1,6.429184999433346,155.5407100726045,1,0.25240617990493774
2,2,5.420134999440052,184.49724962631169,0,0.0
2,3,5.3939450008329,185.39306571453474,0,0.0
2,4,5.737805997341638,174.282644004225,1,0.3011775612831116
2,5,5.29798899879097,188.7508638142143,0,0.0
2,6,5.248689001746243,190.52376691918673,0,0.0
2,7,5.212364998442354,191.85149165471657,0,0.0
2,8,5.901357999391621,169.45252264022812,0,0.0
2,9,5.2917530010745395,188.97329482251737,0,0.0
2,10,6.17837900063023,161.85475185287183,1,0.5670026540756226
2,11,5.975523999950383,167.34934041069928,0,0.0
2,12,6.604988000617595,151.4007292528761,1,0.3375399708747864
2,13,6.602653000300052,151.4542714806542,1,0.3315689265727997
2,14,5.91711699962616,169.00122138250427,0,0.0
2,15,5.8757110018632375,170.1921690299083,0,0.0
2,16,6.665369000984356,150.02920316224322,2,0.45774056017398834
2,17,6.885766000777949,145.2271250412838,3,0.4198862910270691
2,18,6.37969399758731,156.74732994688816,1,0.25165489315986633
2,19,6.949385002371855,143.89762542422037,4,0.2920590564608574
2,20,6.449035001423908,155.06195884798362,1,0.6222060322761536
2,21,6.443217000196455,155.2019744127056,1,0.7596134543418884
2,22,6.429824999941047,155.52522813749496,1,0.678462028503418
2,23,6.463066001742845,154.72532691610107,1,0.5226773619651794
2,24,7.080010000208858,141.24273835354757,4,0.3967417925596237
2,25,6.521993997012032,153.32734137108025,1,0.2909269630908966
2,26,5.954180000117049,167.9492390186964,0,0.0
2,27,6.66134900166071,150.11974297558868,1,0.32779961824417114
2,28,5.891221000638325,169.74409887044607,0,0.0
2,29,7.0869830014999025,141.1037672572882,2,0.4149632602930069
2,30,5.9338989995012525,168.52325934163196,0,0.0
2,31,6.632598000578582,150.77048238303706,1,0.46790486574172974
2,32,6.2234180004452355,160.68340579540987,1,0.2573254108428955
2,33,6.185588998050662,161.66609199465756,2,0.5244928300380707
2,34,5.858158998307772,170.70209263505257,1,0.4065614342689514
2,35,5.737884999689413,174.2802443851923,1,0.525880753993988
2,36,5.766364000010071,173.41950664201104,1,0.49782994389533997
2,37,6.11203399967053,163.61165531047524,3,0.4086537758509318
2,38,6.048053997801617,165.3424391322376,3,0.4539572397867839
2,39,6.154629998491146,162.47930423846074,4,0.49966534972190857
2,40,6.336489001114387,157.81610286455665,5,0.4066518545150757
2,41,6.113854000432184,163.56295062481223,3,0.5290926893552145
2,42,5.827510998642538,171.59984772794772,2,0.552956223487854
2,43,5.901452001126017,169.44982350262217,2,0.5323438346385956
2,44,5.85203700029524,170.8806694061485,2,0.5784042477607727
2,45,6.021629000315443,166.06801912698626,3,0.525591105222702
2,46,5.882380999537418,169.99918911723648,2,0.8113387525081635
2,47,5.947937999735586,168.1254915643799,3,0.6039541065692902
2,48,6.045357000402873,165.4162028699642,3,0.5471813877423605
2,49,5.992902999423677,166.86403903019414,3,0.6064415772755941
2,50,6.16519100003643,162.2009764164794,3,0.6036116381486257
2,51,6.012439000187442,166.32185373836214,3,0.7422304749488831
2,52,5.978869998216396,167.25568548878263,2,0.774528294801712
2,53,5.801492003229214,172.36945245178,2,0.6456349045038223
2,54,6.013677000737516,166.2876140300452,3,0.28817225495974225
2,55,5.1741649986070115,193.26789931693713,0,0.0
2,56,6.760964999557473,147.90788002385062,1,0.5677627325057983
2,57,6.066236001061043,164.84686712239525,1,0.7170049548149109
2,58,5.831645998114254,171.4781727703232,1,0.7852344512939453
2,59,5.940828999882797,168.32667629715118,2,0.40499600768089294
2,60,5.796614001155831,172.51450584782813,1,0.7313603162765503
2,61,6.307020998065127,158.55345975648103,3,0.32557472586631775
2,62,5.859599998075282,170.6601133743724,1,0.7425516843795776
2,63,5.834362000314286,171.39834654519757,2,0.5739217847585678
2,64,5.195801000809297,192.4631062360241,0,0.0
2,65,5.897043000004487,169.57651487351188,1,0.33894455432891846
2,66,5.822389000968542,171.75080535389375,2,0.30764591693878174
2,67,5.190322000999004,192.666273847273,0,0.0
2,68,5.146269999386277,194.31549454639105,0,0.0
2,69,5.284779999783495,189.22263557630924,0,0.0
2,70,5.046173999289749,198.16994026380192,0,0.0
2,71,5.1234509992355015,195.18094349867218,0,0.0
2,72,5.33375500162947,187.48517689592015,0,0.0
2,73,5.223292999289697,191.45010630956133,0,0.0
2,74,5.2449769973463845,190.65860546308107,0,0.0
2,75,5.168081999727292,193.4953818559318,0,0.0
2,76,5.2598760012187995,190.11855027918597,0,0.0
2,77,5.863662998308428,170.54186099857444,2,0.41537217795848846
2,78,6.0846419983136,164.34820656287695,1,0.7585018277168274
2,79,5.897779999941122,169.55532420842812,2,0.4520476162433624
2,80,6.438748001528438,155.3096968172413,3,0.47234635551770526
2,81,6.113993000326445,163.55923206758771,3,0.36998725930849713
2,82,6.431111996789696,155.494104363162,2,0.6013873219490051
2,83,5.838979002874112,171.26281829541972,1,0.5885004997253418
2,84,5.584339000051841,179.07222322833852,0,0.0
2,85,5.244156000117073,190.68845396240607,0,0.0
2,86,5.407379998359829,184.9324442342356,0,0.0
2,87,5.259607998596039,190.12823774451113,0,0.0
3,0,8.674582000821829,115.27932987494499,2,0.2771391123533249
3,1,5.700908001017524,175.4106538504946,0,0.0
3,2,5.322476001310861,187.88248171597434,0,0.0
3,3,5.279941000480903,189.39605573413013,0,0.0
3,4,5.3157049987930804,188.12180138420922,0,0.0
3,5,5.96652400054154,167.60177280930017,1,0.37709465622901917
3,6,7.4431880020711105,134.3510334176356,3,0.3100554347038269
3,7,5.335728001227835,187.4158502400955,0,0.0
3,8,5.184895999263972,192.8678994027954,0,0.0
3,9,6.1708120010735,162.0532273266526,1,0.5062214732170105
3,10,5.2577050009858795,190.19705362177768,0,0.0
3,11,5.285073002596619,189.2121451319004,0,0.0
3,12,5.249845999060199,190.48177797577586,0,0.0
3,13,5.244914998911554,190.66085917646407,0,0.0
3,14,5.175753998628352,193.20856444587864,0,0.0
3,15,5.180946998734726,193.01490639533986,0,0.0
3,16,5.192704000364756,192.57789389299987,0,0.0
3,17,5.145609000464901,194.34045608783157,0,0.0
3,18,5.224750999332173,191.3966809380619,0,0.0
3,19,5.407104003097629,184.9418837564653,0,0.0
3,20,5.246824002824724,190.59148914879395,0,0.0
3,21,5.767408001702279,173.3881146790456,1,0.283565491437912
3,22,6.222436000825837,160.70876419898585,2,0.4964288920164108
3,23,6.432705999031896,155.45557346325126,1,0.7367205619812012
3,24,5.903633002162678,169.3872230258334,1,0.40942487120628357
3,25,5.873933001566911,170.24368506301371,1,0.4998616874217987
3,26,5.246831002295949,190.59123489253082,0,0.0
3,27,5.852342001162469,170.87176378300632,1,0.3921174705028534
3,28,5.846003001352074,171.05704526130387,1,0.7183575630187988
3,29,6.114967000030447,163.53318014553815,1,0.4112323224544525
3,30,5.24713200138649,190.58030172211454,0,0.0
3,31,5.208678001508815,191.98729499314925,0,0.0
3,32,5.358089001674671,186.6337046076409,0,0.0
3,33,5.196686000999762,192.43032959998266,0,0.0
3,34,5.192909997276729,192.57025454406508,0,0.0
3,35,5.209688999457285,191.95003772858115,0,0.0
3,36,5.232537998381304,191.11184673849516,0,0.0
3,37,5.128070999489864,195.0051003777988,0,0.0
3,38,5.219627000769833,191.58457105316373,0,0.0
3,39,5.202084001211915,192.23065213230558,0,0.0
3,40,5.131337999046082,194.8809453179464,0,0.0
3,41,5.217772999458248,191.65264569842887,0,0.0
3,42,5.163047000678489,193.684078387934,0,0.0
3,43,5.844849998538848,171.09078937012748,1,0.5227727293968201
3,44,5.7107620013994165,175.10798029316422,1,0.2943371832370758
3,45,5.752100001700455,173.8495505475177,1,0.2774274945259094
3,46,5.209455001022434,191.95865974535437,0,0.0
3,47,5.711017001885921,175.10016161215682,1,0.3329806923866272
3,48,5.696009000530466,175.56152033939387,1,0.2820194959640503
3,49,5.939463000686374,168.36538924216524,1,0.29023200273513794
3,50,6.363969001540681,157.1346434525224,6,0.45627282559871674
3,51,6.592376001208322,151.69037685603934,2,0.34309227764606476
3,52,6.36725600270438,157.0535250310758,3,0.29447351892789203
3,53,5.866266998054925,170.46615851811202,1,0.28727608919143677
3,54,5.7192650019715074,174.84764207556157,1,0.33261412382125854
3,55,5.23300399800064,191.09482820614454,0,0.0
3,56,5.240388996753609,190.82552852841542,0,0.0
3,57,5.930565999733517,168.617970029325,1,0.2580206096172333
3,58,5.769033999968087,173.33924535815385,1,0.2761490046977997
3,59,5.2182760009600315,191.63417186366246,0,0.0
3,60,5.187440998270176,192.7732769073352,0,0.0
3,61,5.229595997661818,191.21936005135115,0,0.0
3,62,5.196386999159586,192.44140210529557,0,0.0
3,63,5.266771000606241,189.86965635773672,0,0.0
3,64,5.7295600017823745,174.5334719749712,1,0.3158266246318817
3,65,5.190544001379749,192.65803348053313,0,0.0
3,66,5.166726998140803,193.5461270471307,0,0.0
3,67,5.785055000160355,172.85920358099986,1,0.254077285528183
3,68,5.240464000962675,190.82279733556032,0,0.0
3,69,5.8162290006293915,171.93270758283194,1,0.295022577047348
3,70,5.213617001572857,191.80542024823026,0,0.0
3,71,5.174395002541132,193.25930848126254,0,0.0
3,72,5.197276001126738,192.4084847106842,0,0.0
3,73,5.1288610011397395,194.97506362090516,0,0.0
3,74,5.215070999838645,191.75194355569468,0,0.0
3,75,5.218035999860149,191.64298598683519,0,0.0
3,76,5.242981998890173,190.73115265543132,0,0.0
3,77,5.221989002166083,191.49791383804134,0,0.0
3,78,5.09057099770871,196.4416173451082,0,0.0
3,79,5.871756002306938,170.30680423490224,0,0.0
3,80,5.385956999816699,185.66802520592591,0,0.0
3,81,5.2019979993929155,192.23383017769368,0,0.0
4,0,7.688267000048654,130.0683235888753,0,0.0
4,1,6.1903220012027305,161.54248515759082,0,0.0
4,2,5.4710410004190635,182.78057136172134,0,0.0
4,3,6.120472000475274,163.386091778926,1,0.3160160481929779
4,4,5.483761000505183,182.35659794580334,0,0.0
4,5,5.417418000433827,184.58978057811305,0,0.0
4,6,5.3109690015844535,188.28955689661603,0,0.0
4,7,5.277973999909591,189.46664004353366,0,0.0
4,8,5.255459000181872,190.27833724235953,0,0.0
4,9,5.791955998574849,172.65324533647302,1,0.31853628158569336
4,10,6.072888001654064,164.66630040396453,2,0.31213991343975067
4,11,6.131116999313235,163.1024167557091,2,0.3819844573736191
4,12,5.824402000143891,171.69144574418027,1,0.25239232182502747
4,13,6.044986002962105,165.42635491794186,3,0.36706577738126117
4,14,6.232495998119703,160.44936094651203,3,0.30764883756637573
4,15,5.22749800074962,191.29610376830382,0,0.0
4,16,6.013269998220494,166.2988690506047,3,0.36899951100349426
4,17,5.7762419965001754,173.12294059111443,1,0.5700613856315613
4,18,6.237333996978123,160.32490812332355,2,0.3730931580066681
4,19,6.355492001603125,157.3442307452763,2,0.28847233951091766
4,20,6.092997999076033,164.122817724812,1,0.3133383095264435
4,21,6.3589700002921745,157.25817230684422,2,0.5002937465906143
4,22,6.350534000375774,157.46707283841454,2,0.43921928107738495
4,23,6.149918001028709,162.60379403964865,2,0.7276514172554016
4,24,6.598301999474643,151.55414227472767,3,0.5210638145605723
4,25,6.530896000185749,153.1183470034676,3,0.39435991644859314
4,26,6.428181000956101,155.56500351363226,3,0.4164973795413971
4,27,6.402523998985998,156.18840322322498,2,0.5189949572086334
4,28,6.301312001596671,158.69710938715826,3,0.568233331044515
4,29,6.248315999982879,160.04312201923528,3,0.5974602599938711
4,30,6.070069000998046,164.74277307812795,3,0.6057098209857941
4,31,5.980346999422181,167.2143773758646,3,0.5876973271369934
4,32,6.033428999216994,165.74322829186818,3,0.6371800303459167
4,33,6.1413600014930125,162.8303828072108,4,0.5767346546053886
4,34,5.950227001449093,168.0608151178878,2,0.70189368724823
4,35,5.988135002553463,166.9969029712222,2,0.5438679456710815
4,36,6.070072999136755,164.7426645679901,2,0.686142086982727
4,37,5.8826959975704085,169.9900862483811,2,0.7556803524494171
4,38,6.009906002873322,166.39195347180177,3,0.5030945340792338
4,39,5.978571000014199,167.2640502216374,2,0.5798870474100113
4,40,5.8063169999513775,172.22621500141554,1,0.7726311683654785
4,41,5.804793003335362,172.27143145766135,1,0.6147843599319458
4,42,5.828214998473413,171.57911989553068,1,0.4440968632698059
4,43,5.907145001401659,169.2865165427153,1,0.7673082947731018
4,44,5.941797000559745,168.2992535601259,1,0.6264773011207581
4,45,5.856462001247564,170.75155610793283,1,0.6428234577178955
4,46,5.994292001560098,166.8253731616238,2,0.5452481955289841
4,47,6.2101900002744514,161.0256690947952,3,0.5416592260201772
4,48,6.189455001731403,161.56511352296215,4,0.39159852266311646
4,49,6.113215997174848,163.58002080445684,3,0.4876640538374583
4,50,6.027041999914218,165.9188703205043,3,0.4285884002844493
4,51,6.819316000473918,146.6422732031341,3,0.43336497743924457
4,52,6.154046001029201,162.49472295669554,3,0.42414570848147076
4,53,5.876298997463891,170.17513922140154,1,0.3557453751564026
4,54,5.817739001940936,171.88808223716745,1,0.5091008543968201
4,55,5.899474999750964,169.50660864605973,1,0.4942367374897003
4,56,5.208829999901354,191.981692629427,0,0.0
4,57,5.291034001857042,188.99897442522973,0,0.0
4,58,5.86836900038179,170.40509891844582,2,0.4185076653957367
4,59,5.273932001728099,189.6118493132509,0,0.0
4,60,5.718583000998478,174.86849448987584,1,0.47272151708602905
4,61,5.173440997168655,193.2949463514293,0,0.0
4,62,5.978459998004837,167.26715581165138,3,0.34295767545700073
4,63,5.98736499887309,167.0183795690115,3,0.4471278687318166
4,64,6.2428630008071195,160.18291605481542,5,0.40026211738586426
4,65,5.794206997961737,172.5861710414861,1,0.7736762762069702
4,66,5.7318529979966115,174.46365082103787,1,0.8106733560562134
4,67,5.89760300135822,169.560412894815,2,0.5637196153402328
4,68,5.844346000230871,171.10554371019387,1,0.8454505801200867
4,69,5.943873999058269,168.24044388532417,2,0.5467831194400787
4,70,5.803138999908697,172.3205320458003,1,0.7964614629745483
4,71,5.826896998769371,171.6179297851323,1,0.5428422093391418
4,72,5.965096999716479,167.64186735731707,2,0.41910266876220703
4,73,5.749130999902263,173.93933100793845,1,0.264096200466156
4,74,5.272828002489405,189.6515493256902,0,0.0
4,75,5.185229001654079,192.8555131665355,0,0.0
4,76,5.184222998650512,192.89293694740886,0,0.0
4,77,5.872016001376323,170.29926344982934,0,0.0
4,78,5.40104000174324,185.14952669805072,0,0.0
4,79,5.376500001148088,185.99460611670452,0,0.0
4,80,5.195498000830412,192.47433063012767,0,0.0
4,81,5.85738100198796,170.7247658399899,1,0.41603389382362366
4,82,5.243883999355603,190.69834499063774,0,0.0
4,83,5.690545000106795,175.7300926328204,1,0.7444491386413574
4,84,5.912299999181414,169.13891381331374,2,0.550267368555069
4,85,5.7858809996105265,172.83452598961412,1,0.6263795495033264
4,86,6.029860000126064,165.84132964597742,2,0.596517339348793
4,87,5.969460999040166,167.5193120720264,3,0.3774200876553853
4,88,6.560390000231564,152.42996223771797,4,0.34549733996391296
4,89,5.923410000832519,168.82167532881445,2,0.5750871300697327
4,90,5.74050800059922,174.20061079883791,1,0.6363198161125183
4,91,5.212498002947541,191.84659628349485,0,0.0
4,92,5.211601001064992,191.8796162245824,0,0.0
4,93,5.8564200007822365,170.75278068622657,1,0.25034329295158386
4,94,5.228068999713287,191.2752108005539,0,0.0
4,95,5.226948000199627,191.31623271588086,0,0.0
5,0,7.377081001322949,135.55497083747184,0,0.0
5,1,5.820357997436076,171.81073749080548,0,0.0
5,2,6.125577998318477,163.24990070724894,1,0.25321125984191895
5,3,5.31728399801068,188.06593749254756,0,0.0
5,4,5.879365999135189,170.08636648017705,1,0.2990592122077942
5,5,5.376123997848481,186.00761448214345,0,0.0
5,6,5.235077998804627,191.01912143970713,0,0.0
5,7,5.170532000192907,193.4036961695027,0,0.0
5,8,6.026418999681482,165.93602271147319,0,0.0
5,9,6.001449000905268,166.62642635956058,1,0.41167640686035156
5,10,5.366256998968311,186.34962883668354,0,0.0
5,11,5.88526900173747,169.91576760633652,1,0.40222930908203125
5,12,6.229585000255611,160.52433668678864,2,0.4127219021320343
5,13,5.9533099993132055,167.9737826713817,2,0.4565262645483017
5,14,6.4795389989740215,154.3319671597534,3,0.43391986687978107
5,15,6.747691000782652,148.19884311300146,3,0.4420830011367798
5,16,6.6575640012160875,150.20509000249,3,0.43182940284411114
5,17,6.479060000856407,154.34337695094956,2,0.4695867449045181
5,18,6.377304998750333,156.80604898087128,3,0.30976101756095886
5,19,6.060812000214355,164.99439348467376,1,0.37643057107925415
5,20,5.801229999633506,172.3772372519578,1,0.2765716314315796
5,21,5.960260998108424,167.77788763233096,1,0.5168417096138
5,22,5.993739003315568,166.8407649126577,2,0.48163388669490814
5,23,5.3637279997929,186.43749273613636,0,0.0
5,24,5.845840001711622,171.0618148473456,1,0.31163692474365234
5,25,6.0121780006738845,166.32907407064684,3,0.34153000513712567
5,26,6.2403480005741585,160.2474733633433,4,0.3865414559841156
5,27,6.24583999888273,160.1065669595895,4,0.4070192724466324
5,28,5.647615998896072,177.06586286947768,1,0.5094092488288879
5,29,5.2377210013219155,190.9227314222381,0,0.0
5,30,5.6421660010528285,177.2368979950962,1,0.2723338007926941
5,31,5.860026998561807,170.64767794507165,1,0.4823167324066162
5,32,5.987672000628663,167.0098161514203,3,0.3339960177739461
5,33,6.551687998580746,152.63242086873248,1,0.286182701587677
5,34,5.8323180019215215,171.4584149339146,1,0.4991162121295929
5,35,6.1062849999871105,163.76569387149647,3,0.3850379188855489
5,36,5.928875998506555,168.6660338741936,2,0.442033976316452
5,37,6.437886000639992,155.33049201253172,3,0.42933542529741925
5,38,5.765275000157999,173.452263764104,1,0.4174639880657196
5,39,6.042447999789147,165.49583877840493,2,0.30511733889579773
5,40,5.6938320012704935,175.62864513334165,1,0.3568805754184723
5,41,5.77574400085723,173.13786758062355,1,0.2784126102924347
5,42,5.181757998798275,192.98469751615465,0,0.0
5,43,5.717744999856222,174.89412347440222,1,0.30050015449523926
5,44,5.653221000102349,176.89030731009728,1,0.3743934631347656
5,45,5.724546997953439,174.68631148587062,1,0.5481082797050476
5,46,5.725292001443449,174.66358043360617,1,0.26050859689712524
5,47,5.169332998775644,193.44855520757704,0,0.0
5,48,6.086342997150496,164.30227485834763,1,0.28427255153656006
5,49,6.265020001592347,159.61640980329435,1,0.32404130697250366
5,50,5.430190001789015,184.15561880349358,0,0.0
5,51,5.1986059988848865,192.35925942733542,0,0.0
5,52,5.255992000456899,190.25904147363062,0,0.0
5,53,5.139374999998836,194.57618873894714,0,0.0
5,54,5.256843000097433,190.22824154753442,0,0.0
5,55,5.262832997686928,190.01172950756956,0,0.0
5,56,5.154021000635112,194.02326841058147,0,0.0
5,57,5.243288000201574,190.72002147537117,0,0.0
5,58,5.177970997465309,193.12584031264646,0,0.0
5,59,6.662313000560971,150.0980215003107,1,0.43145665526390076
5,60,5.924373002926586,168.7942335004918,1,0.5563513040542603
5,61,5.889209998713341,169.8020617737315,1,0.5595537424087524
5,62,5.882154000573792,170.0057495778676,1,0.3425423204898834
5,63,6.038927000190597,165.59233121520407,2,0.44159989058971405
5,64,6.02209999851766,166.05503067802758,1,0.6500935554504395
5,65,6.164310001622653,162.2241580544727,2,0.6263568997383118
5,66,6.135056999482913,162.99767061402756,2,0.36841438710689545
5,67,6.279252000240376,159.25463732968814,3,0.43774567047754925
5,68,5.8627850012271665,170.56740095205356,2,0.5524046719074249
5,69,5.964297997707035,167.66432535471037,2,0.4033006727695465
5,70,5.767935999756446,173.37224269517301,1,0.3886563181877136
5,71,5.8477240017964505,171.006702726188,1,0.5057821273803711
5,72,5.8384940020914655,171.27704501225486,1,0.35868731141090393
5,73,5.915246998483781,169.05464814171307,1,0.31261587142944336
5,74,5.391105001763208,185.4907295763932,0,0.0
5,75,5.288111999107059,189.10340782662283,0,0.0
5,76,5.3183610034466255,188.02785282005837,0,0.0
5,77,5.148436997842509,194.2337063499189,0,0.0
5,78,5.19229999918025,192.59287794578088,0,0.0
5,79,5.232482999417698,191.11385552734447,0,0.0
5,80,5.2076770007261075,192.0241980945765,0,0.0
5,81,5.246489999990445,190.60362261279852,0,0.0
5,82,5.138684002304217,194.60235335576073,0,0.0
5,83,5.259204997855704,190.14280683253884,0,0.0
5,84,5.168526000488782,193.47875968998338,0,0.0
5,85,5.200777002755785,192.2789612917686,0,0.0
5,86,5.261916001472855,190.04484292795468,0,0.0
5,87,5.277538999507669,189.48225680440976,0,0.0
5,88,6.15793399992981,162.39212697170808,0,0.0
5,89,5.3481889990507625,186.9791812102167,0,0.0
5,90,5.5508519981231075,180.1525243941159,0,0.0
5,91,5.27217200215091,189.67514709156413,0,0.0
5,92,6.06228900142014,164.95419465580443,1,0.35897210240364075
5,93,5.805435997899622,172.25235113465985,1,0.31727689504623413
5,94,5.925103003391996,168.77343725965966,2,0.34805841743946075
5,95,5.9799629998451564,167.2251149423322,2,0.35361191630363464
5,96,5.683649000275182,175.943306835377,1,0.44835737347602844
5,97,5.216140998527408,191.71260904993068,0,0.0
5,98,5.111357997520827,195.64272361377,0,0.0
5,99,5.188959999941289,192.71684499616774,0,0.0
5,100,5.213716998696327,191.80174149269067,0,0.0
5,101,5.146635001437971,194.30171358967553,0,0.0
5,102,5.12855999841122,194.9865069941252,0,0.0
5,103,5.090591999760363,196.44080689379044,0,0.0
5,104,5.211436000536196,191.88569137126728,0,0.0
5,105,5.220053000812186,191.5689361476618,0,0.0
5,106,5.2341049995447975,191.05463113311035,0,0.0
5,107,5.802479001431493,172.3401325111726,1,0.3733234703540802
5,108,5.176964001293527,193.16340614888145,0,0.0
5,109,5.81282599887345,172.03336211918338,2,0.3068125694990158
5,110,5.687204000423662,175.83332687301282,1,0.5731980800628662
6,0,8.396549001190579,119.09654786248568,1,0.8349897861480713
6,1,6.486957998276921,154.15546089023886,1,0.8410949110984802
6,2,6.005079998431029,166.5256749720693,1,0.8855814933776855
6,3,6.017452000378398,166.18329484591095,1,0.8808959126472473
6,4,5.934898999839788,168.49486402835075,1,0.8912138938903809
6,5,6.207930997334188,161.08426469775847,3,0.6064175466696421
6,6,6.058988998120185,165.04403627573052,2,0.70621457695961
6,7,6.589168999198591,151.76420579311673,3,0.5928525328636169
6,8,6.2094620006973855,161.04454780264214,2,0.6566881239414215
6,9,7.112527997378493,140.59698610235012,4,0.5963303223252296
6,10,6.203291999554494,161.20472808176976,2,0.6318534314632416
6,11,5.917250000493368,168.99742277521182,2,0.6184595078229904
6,12,6.2168240001483355,160.85383790439292,3,0.4982682466506958
6,13,6.0608749990933575,164.99267847457494,2,0.4896257221698761
6,14,5.770563002442941,173.29331636733792,1,0.2755732834339142
6,15,5.7074919968727045,175.20830524999914,1,0.2612527012825012
6,16,5.780357001640368,172.99969529844208,1,0.5061423182487488
6,17,5.322733002685709,187.8734100499549,0,0.0
6,18,5.303450998326298,188.55647017679382,0,0.0
6,19,5.907028000365244,169.28986961601805,2,0.3365505039691925
6,20,5.905658999836305,169.32911297921507,2,0.4901173412799835
6,21,5.739416999858804,174.2337244400609,1,0.812185525894165
6,22,5.732057001296198,174.45744167824373,1,0.7888012528419495
6,23,5.819794998387806,171.82735822774154,1,0.8377557396888733
6,24,5.949351001618197,168.0855608835324,3,0.5100630720456442
6,25,6.10370799768134,163.83483619791073,3,0.4535757104555766
6,26,5.834365001646802,171.39825837391749,2,0.5837076902389526
6,27,5.977736000204459,167.28741449368064,2,0.4709993451833725
6,28,5.90491199909593,169.35053395429173,1,0.7010065913200378
6,29,5.868636999366572,170.39731714671302,1,0.6051303744316101
6,30,5.907422997552203,169.2785501248784,1,0.7664284110069275
6,31,5.886848000955069,169.87019196652642,1,0.8409463763237
6,32,5.865233000804437,170.49621044259393,2,0.3791482448577881
6,33,6.100393002270721,163.9238651719282,1,0.26192376017570496
6,34,5.712002999644028,175.069936073619,1,0.7210409045219421
6,35,5.450090000522323,183.48320851658642,0,0.0
6,36,5.977864002488786,167.28383241633907,1,0.42971310019493103
6,37,5.368256999645382,186.28020232005628,0,0.0
6,38,5.8058150025317445,172.24110647065564,1,0.4914489984512329
6,39,5.82626699906541,171.63648699251334,1,0.6958901286125183
6,40,5.247264998615719,190.57547127195022,0,0.0
6,41,5.817443998239469,171.8967987148015,1,0.5328395962715149
6,42,5.7079380021605175,175.1946148716908,1,0.3241455554962158
6,43,5.957312001555692,167.86094126660817,2,0.27669838070869446
6,44,5.749225998442853,173.93645688495192,1,0.710502028465271
6,45,5.803677002404584,172.3045578838518,1,0.8258877396583557
6,46,5.930515999352792,168.61939165312626,2,0.45844243466854095
6,47,5.295753999234876,188.83052349948258,0,0.0
6,48,5.288898999424418,189.07526880525194,0,0.0
6,49,5.233903000771534,191.06200475106039,0,0.0
6,50,5.150052002136363,194.1727966213111,0,0.0
6,51,5.714160000934498,175.0038500560816,1,0.4401761591434479
6,52,5.2516169998853,190.41754187745238,0,0.0
6,53,5.2980519976699725,188.74861938685945,0,0.0
6,54,5.279581997456262,189.40893435916078,0,0.0
6,55,5.212305000895867,191.85370000952065,0,0.0
6,56,5.175143000087701,193.23137543891124,0,0.0
6,57,5.1783229973807465,193.1127124564866,0,0.0
6,58,5.188694001844851,192.72672461402578,0,0.0
6,59,5.217622001509881,191.65819212480685,0,0.0
6,60,5.311757999152178,188.26158875453518,0,0.0
6,61,5.969550998997875,167.51678646649853,0,0.0
6,62,5.461333999846829,183.1054464033964,0,0.0
6,63,5.282580001221504,189.3014397829787,0,0.0
6,64,5.146333998709451,194.31307805726766,0,0.0
6,65,5.185736998100765,192.83662097908976,0,0.0
6,66,5.169169002328999,193.45469253364402,0,0.0
6,67,5.814804000692675,171.9748421238063,1,0.267615407705307
6,68,5.207817997870734,192.0189992063585,0,0.0
6,69,5.303277001075912,188.56265659838684,0,0.0
6,70,5.193461001908872,192.54982364023664,0,0.0
6,71,5.7421420024184044,174.15103973026658,1,0.2718965411186218
6,72,5.25507099882816,190.2923861966836,0,0.0
6,73,5.248460998700466,190.5320436310002,0,0.0
6,74,5.2093209997110534,191.96359756971538,0,0.0
6,75,5.236613997112727,190.96309190468548,0,0.0
6,76,5.139673998201033,194.56486935747594,0,0.0
6,77,5.230904000200098,191.17154510228957,0,0.0
6,78,5.145828999957303,194.33214745540465,0,0.0
6,79,5.164600002899533,193.6258373230406,0,0.0
6,80,5.2012789965374395,192.26040377101734,0,0.0
6,81,5.32304299849784,187.86246894533812,0,0.0
6,82,5.181488999369321,192.99471640714043,0,0.0
6,83,5.192303000512766,192.59276662036962,0,0.0
6,84,5.2930530000594445,188.9268820827544,0,0.0
7,0,7.502022999688052,133.2973785926252,0,0.0
7,1,6.521121002151631,153.34786759363183,1,0.580982506275177
7,2,5.9163980004086625,169.02175951160268,1,0.338771253824234
7,3,5.9027460010838695,169.41267671290257,1,0.5125707983970642
7,4,5.767173999629449,173.3951498713671,1,0.6917843222618103
7,5,6.020456999976886,166.10034753239484,1,0.6948019862174988
7,6,6.299529002717463,158.74202651795466,3,0.48320066928863525
7,7,6.765113001165446,147.81719090689646,3,0.5557844340801239
7,8,6.3589349992980715,157.25903789083935,2,0.4394665062427521
7,9,5.9486969985300675,168.10404030447367,2,0.4632207155227661
7,10,6.25532100093551,159.8638982476592,2,0.3747625946998596
7,11,6.111843002145179,163.6167682397949,3,0.34542693694432575
7,12,6.021679000696167,166.06664019858744,1,0.3330037593841553
7,13,5.941407998761861,168.3102726169271,2,0.3959400802850723
7,14,6.035652000718983,165.68218311474507,3,0.41342824697494507
7,15,5.961921000562143,167.73117253746085,2,0.38992904126644135
7,16,6.318507999822032,158.26521071559395,4,0.4744872450828552
7,17,5.1480069996614475,194.24993013136225,0,0.0
7,18,5.781968000519555,172.951493316833,1,0.3205564022064209
7,19,5.2442109990806784,190.68645410630924,0,0.0
7,20,5.23287499891012,191.0995390121636,0,0.0
7,21,5.175323000003118,193.2246547702235,0,0.0
7,22,5.12475299910875,195.13135563292724,0,0.0
7,23,5.142231999343494,194.4680831451536,0,0.0
7,24,5.2553019995684735,190.28402175214907,0,0.0
7,25,5.185817997698905,192.8336089781262,0,0.0
7,26,5.7482060001348145,173.9673212784209,1,0.35429736971855164
7,27,5.804656000691466,172.27549744220457,1,0.2939310669898987
7,28,5.982749000395415,167.1472428366805,2,0.4086662083864212
7,29,5.883524001546903,169.96616309155516,2,0.39107638597488403
7,30,6.035684997186763,165.6812773473269,2,0.5099848508834839
7,31,5.974265000986634,167.3846071164993,3,0.450569748878479
7,32,7.0344029991247226,142.1584745890203,3,0.5074364046255747
7,33,5.9176169997954275,168.9869418778826,1,0.8369054794311523
7,34,5.950345999735873,168.05745414542088,2,0.6128978431224823
7,35,6.250447000638815,159.98855760200783,3,0.4739895661671956
7,36,5.912293003348168,169.13911395015333,2,0.5134365260601044
7,37,5.717072999686934,174.9146810010577,1,0.746494472026825
7,38,5.282588001136901,189.30115310616375,0,0.0
7,39,5.784128999948734,172.88687717871838,1,0.7386506795883179
7,40,6.494893998024054,153.96710097258412,2,0.5547148585319519
7,41,6.071766998502426,164.69670200563453,1,0.7694553136825562
7,42,6.0578960001294035,165.073814403324,1,0.5454098582267761
7,43,5.283465998218162,189.2696953736899,0,0.0
7,44,5.792079999082489,172.64954906672696,1,0.6452938914299011
7,45,5.259706002107123,190.12469510641543,0,0.0
7,46,5.665117001626641,176.51886090134894,1,0.38145869970321655
7,47,5.2028749996679835,192.20142710786135,0,0.0
7,48,5.6861359989852645,175.86635285868257,1,0.311259001493454
7,49,5.801133997010766,172.380089912642,1,0.5538576245307922
7,50,5.243419000180438,190.715256584604,0,0.0
7,51,5.89010700059589,169.77620269017729,2,0.43660901486873627
7,52,5.855233001057059,170.7873964741399,2,0.39581291377544403
7,53,5.6954360006784555,175.57918303021532,1,0.566525399684906
7,54,5.737743002100615,174.28455747040175,1,0.7636157870292664
7,55,5.728585998440394,174.5631470440087,1,0.8697534799575806
7,56,6.593834001250798,151.6568357362815,1,0.8774464130401611
7,57,5.359236998629058,186.5937259829728,0,0.0
7,58,5.227768000622746,191.28622384942815,0,0.0
7,59,5.174137997528305,193.26890787947707,0,0.0
7,60,5.6720239990681875,176.30390847504916,1,0.34552979469299316
7,61,5.795666002086364,172.5427241045314,1,0.3854433298110962
7,62,5.218496000452433,191.62609301862108,0,0.0
7,63,5.250715999864042,190.45021669918793,0,0.0
7,64,5.128376000357093,194.99350280290858,0,0.0
7,65,5.170438002096489,193.40721223125078,0,0.0
7,66,5.197776998102199,192.38993907686262,0,0.0
7,67,5.118696997669758,195.36221824719087,0,0.0
7,68,5.172658999072155,193.32416851359713,0,0.0
7,69,5.132718000822933,194.82854889742026,0,0.0
7,70,5.205453999224119,192.10620248474996,0,0.0
7,71,5.100952002976555,196.0418367819322,0,0.0
7,72,5.118696000863565,195.36225629169851,0,0.0
7,73,5.104817999381339,195.89336977756926,0,0.0
7,74,5.131547000928549,194.87300804592667,0,0.0
7,75,5.192989996430697,192.56728795690557,0,0.0
7,76,5.2060779999010265,192.0831766291268,0,0.0
7,77,5.2034129985258915,192.18155473788002,0,0.0
7,78,5.1332889997866005,194.80687723632386,0,0.0
7,79,5.162789999303641,193.6937198946462,0,0.0
7,80,5.276408999634441,189.52283647254825,0,0.0
7,81,5.193252000026405,192.55757278770903,0,0.0
7,82,5.248293000477133,190.5381425749454,0,0.0
7,83,5.116984000778757,195.42761905212316,0,0.0
7,84,5.248950998065993,190.5142571093645,0,0.0
7,85,5.233566997048911,191.0742712501583,0,0.0
7,86,5.261419002636103,190.0627947515632,0,0.0
7,87,5.673353000020143,176.2626087247611,0,0.0
7,88,5.294987000524998,188.85787630844987,0,0.0
7,89,5.245257998467423,190.64839142177246,0,0.0
7,90,5.1905969994550105,192.6560663648123,0,0.0
7,91,5.453871002828237,183.35600520830542,0,0.0
7,92,5.313427998771658,188.20241851986643,0,0.0
7,93,5.367271998693468,186.31438843483724,0,0.0
7,94,5.265824998787139,189.90376631018444,0,0.0
7,95,5.1480990005075,194.24645872222348,0,0.0
7,96,5.276369000057457,189.52427322446752,0,0.0
7,97,5.2137380007479805,191.80096887425807,0,0.0
7,98,5.205232999287546,192.1143587879491,0,0.0
7,99,5.228967002040008,191.2423619445034,0,0.0
7,100,5.12573100058944,195.09412411322478,0,0.0
7,101,5.180258998734644,193.04054107029495,0,0.0
7,102,5.1338999983272515,194.78369277271162,0,0.0
7,103,5.199323000852019,192.33273251846998,0,0.0
7,104,5.179732001124648,193.06018145009725,0,0.0
7,105,5.178664003324229,193.0999963230075,0,0.0
7,106,5.149112002982292,194.2082439497945,0,0.0
7,107,5.160572000022512,193.7769689088027,0,0.0
8,0,7.692151000810554,130.00264814024396,0,0.0
8,1,5.745457998273196,174.0505283130694,0,0.0
8,2,5.414062001364073,184.70420171546797,0,0.0
8,3,5.152630001248326,194.07564675859325,0,0.0
8,4,5.233804000454256,191.06561879527916,0,0.0
8,5,5.285532999550924,189.19567810568267,0,0.0
8,6,5.586490002315259,179.003273895695,0,0.0
8,7,6.701351001538569,149.22364158666053,1,0.25710567831993103
8,8,6.518419002532028,153.41143298882108,1,0.37501445412635803
8,9,6.04800799919758,165.3436966572589,0,0.0
8,10,5.948717000137549,168.10347508158105,0,0.0
8,11,6.430987999920035,155.49710246892613,1,0.30483493208885193
8,12,6.025121998391114,165.97174302313374,0,0.0
8,13,6.031794000591617,165.78815521583078,0,0.0
8,14,6.760454998584464,147.91903802471649,2,0.3772536963224411
8,15,5.91503699979512,169.0606500068617,0,0.0
8,16,6.537148998177145,152.97188426925035,1,0.7286956906318665
8,17,6.030833999830065,165.81454572090323,0,0.0
8,18,6.686930999421747,149.54543423380247,2,0.319746270775795
8,19,6.779901003028499,147.49477898767432,3,0.3503128985563914
8,20,6.904696998390136,144.82894763277156,2,0.45090852677822113
8,21,7.0295240002451465,142.25714286843976,2,0.3101282864809036
8,22,6.8490140001813415,146.00641785423755,1,0.3545037508010864
8,23,6.771316999220289,147.68175823331694,1,0.5385571122169495
8,24,6.653578999248566,150.29505174777918,1,0.6393436193466187
8,25,6.889229000080377,145.1541239213173,2,0.6030731797218323
8,26,6.745814000169048,148.2400789548808,2,0.7144897878170013
8,27,6.868993998068618,145.58172569100716,3,0.4913320342699687
8,28,6.328469000436598,158.0161015138117,3,0.46729451417922974
8,29,6.3022389986144844,158.67376661212705,3,0.49720411499341327
8,30,6.25069300076575,159.98226114728297,3,0.6805569926897684
8,31,6.060782001441112,164.99521014981622,3,0.5169325669606527
8,32,6.171075998281594,162.04629472695868,4,0.5411834046244621
8,33,6.1617249994014855,162.29221526392922,3,0.5952541331450144
8,34,5.922970998653909,168.834188151059,2,0.7187678813934326
8,35,6.065956000384176,164.85447634909764,3,0.6039868394533793
8,36,5.948865997197572,168.09926471214615,3,0.5074389278888702
8,37,5.949656999291619,168.07691605063326,2,0.5499308705329895
8,38,5.913128999964101,169.11520110690483,2,0.5200304538011551
8,39,5.819222002173774,171.84427740107688,1,0.8227014541625977
8,40,5.82700200175168,171.61483721807298,2,0.535115510225296
8,41,5.976560998533387,167.3203034730833,3,0.5607332686583201
8,42,5.855722996784607,170.7731053106683,2,0.7634895741939545
8,43,5.940367002040148,168.33976750200148,2,0.8644232451915741
8,44,5.864311002369504,170.52301618995736,2,0.8367899954319
8,45,6.6426999983377755,150.54119563584587,2,0.7376125752925873
8,46,6.226039997272892,160.61573655775044,2,0.372086763381958
8,47,6.26897599795484,159.51568491030037,2,0.37572193145751953
8,48,5.760476000432391,173.59676525428426,1,0.5515369176864624
8,49,6.156644001748646,162.42615290342826,3,0.5046834349632263
8,50,5.790323000837816,172.70193732807437,1,0.7479910850524902
8,51,6.877683998027351,145.39778220209286,3,0.5354070663452148
8,52,6.127089000074193,163.20964164024565,2,0.6087421178817749
8,53,5.9393929986981675,168.36737360521286,1,0.2540089786052704
8,54,6.222465002792887,160.7080151597736,1,0.4315989017486572
8,55,5.9681390011974145,167.55641914495718,2,0.27124692499637604
8,56,5.20217200028128,192.22740039082336,0,0.0
8,57,5.227176003245404,191.30788773500808,0,0.0
8,58,5.304120000801049,188.53268776893736,0,0.0
8,59,5.156326998985605,193.93649785917924,0,0.0
8,60,5.193263998080511,192.55712791986144,0,0.0
8,61,5.193070999666816,192.56428422876547,0,0.0
8,62,5.173686000489397,193.28579274146256,0,0.0
8,63,5.1938219985459,192.536440463298,0,0.0
8,64,5.907573002332356,169.27425181291747,2,0.31950898468494415
8,65,5.224766002356773,191.39613133849875,0,0.0
8,66,5.715227001928724,174.9711778136772,1,0.6492709517478943
8,67,5.951988998276647,168.01106324113542,2,0.5848072171211243
8,68,5.777020996902138,173.09959588795655,1,0.5501514673233032
8,69,5.923775999690406,168.81124472840685,2,0.6698497831821442
8,70,5.866417002835078,170.46179968398556,2,0.6706789433956146
8,71,5.729212000005646,174.54407342563246,1,0.8055975437164307
8,72,6.011615001625614,166.3446511011746,3,0.46674861510594684
8,73,6.257623997953488,159.8050634437357,3,0.4517517586549123
8,74,5.987739001284353,167.00794737137053,2,0.6287234425544739
8,75,6.416113999875961,155.8575798402791,2,0.30154675245285034
8,76,5.455148002511123,183.31308326367648,0,0.0
8,77,5.354927998268977,186.74387411432198,0,0.0
8,78,5.313721001584781,188.19204088843895,0,0.0
8,79,5.121987000165973,195.23673136374535,0,0.0
8,80,5.993336999381427,166.8519557807629,0,0.0
8,81,5.446913000923814,183.59022804851054,0,0.0
8,82,5.873591002455214,170.25359777042544,1,0.3557063937187195
8,83,5.18236099742353,192.96224259505686,0,0.0
8,84,5.245301999821095,190.64679212638427,0,0.0
8,85,5.2733379998244345,189.633207663399,0,0.0
8,86,5.101180999190547,196.03303630251105,0,0.0
8,87,5.662021998432465,176.61535053676067,1,0.32840362191200256
8,88,5.177954997634515,193.1264370696226,0,0.0
8,89,5.19605999943451,192.45351287491494,0,0.0
8,90,5.185150002944283,192.85845142998178,0,0.0
8,91,5.177502000151435,193.1433343667953,0,0.0
8,92,5.7720360018720385,173.24909263831185,1,0.3414193093776703
8,93,5.634868997731246,177.46641499609444,1,0.36152413487434387
8,94,5.244407999271061,190.67929118767904,0,0.0
8,95,5.160747998161241,193.770360489661,0,0.0
8,96,5.727755000407342,174.5884731328213,1,0.42924007773399353
8,97,5.821101000037743,171.78880764884792,2,0.3209165185689926
8,98,5.283261998556554,189.27700353933065,0,0.0
8,99,5.750014002842363,173.9126199528692,1,0.4769108295440674
8,100,5.820703001518268,171.80055394325404,2,0.4248378872871399
8,101,5.712535999919055,175.05360141523303,1,0.3980611264705658
8,102,5.745391998061677,174.05252771914778,1,0.32130253314971924
8,103,5.73781200000667,174.2824616768269,1,0.7473652362823486
9,0,7.86663499820861,127.11915580521023,0,0.0
9,1,5.936487999861129,168.4497635678524,0,0.0
9,2,5.398286997660762,185.2439487625111,0,0.0
9,3,5.308258001605282,188.38571894915202,0,0.0
9,4,5.7448979969194625,174.0674944161274,0,0.0
9,5,5.29085599919199,189.00533300333976,0,0.0
9,6,5.176564001885708,193.17833212063485,0,0.0
9,7,5.1478140012477525,194.25721282035735,0,0.0
9,8,5.210794999584323,191.90929600565218,0,0.0
9,9,5.169631000171648,193.43740393981636,0,0.0
9,10,5.179560001124628,193.06659248717494,0,0.0
9,11,5.167991999769583,193.49875155468223,0,0.0
9,12,5.242877999990014,190.73493604121717,0,0.0
9,13,5.147452997334767,194.27083657058685,0,0.0
9,14,5.187406000914052,192.77457747162916,0,0.0
9,15,5.1520899978640955,194.09598831048575,0,0.0
9,16,5.116839998663636,195.43311892909878,0,0.0
9,17,5.230152000876842,191.19903204196524,0,0.0
9,18,5.2570120024029166,190.22212609423607,0,0.0
9,19,5.266839998512296,189.8671689822486,0,0.0
9,20,5.258185999991838,190.17965511329425,0,0.0
9,21,5.242510000243783,190.74832474396783,0,0.0
9,22,5.298324998875614,188.73889393576562,0,0.0
9,23,5.2501520003716,190.47067588314036,0,0.0
9,24,5.932803000177955,168.5543915700563,1,0.28949838876724243
9,25,6.255168998904992,159.86778297677594,2,0.3130677491426468
9,26,6.163318998005707,162.25024217042386,2,0.480703666806221
9,27,5.992420999973547,166.8774607131933,2,0.34661179780960083
9,28,5.751351000071736,173.8721910708505,1,0.2619214653968811
9,29,5.954502001259243,167.94015684074378,0,0.0
9,30,5.384856998716714,185.70595286714465,0,0.0
9,31,5.2932380021957215,188.92027896444174,0,0.0
9,32,5.174564001208637,193.25299672908235,0,0.0
9,33,5.238093999651028,190.90913604578725,0,0.0
9,34,5.197332997340709,192.40637467556235,0,0.0
9,35,5.743508001614828,174.10962076118687,1,0.34589436650276184
9,36,5.241022001428064,190.80248083818802,0,0.0
9,37,5.215372999373358,191.7408400358235,0,0.0
9,38,5.233903997577727,191.06196836296658,0,0.0
9,39,5.234796997683588,191.0293752446375,0,0.0
9,40,5.229848997259978,191.2101096081206,0,0.0
9,41,6.368400998326251,157.02528786469648,1,0.4242982864379883
9,42,5.499951999809127,181.81976861519962,0,0.0
9,43,5.438615997263696,183.8703082738559,0,0.0
9,44,6.058076996851014,165.0688825050919,1,0.4572744369506836
9,45,5.325745998561615,187.76712225293534,0,0.0
9,46,5.278962999000214,189.43114399350603,0,0.0
9,47,5.767629001638852,173.38147091566628,1,0.3421182632446289
9,48,6.300951998127857,158.70617651064802,1,0.2791348099708557
9,49,5.308236999553628,188.38646429767368,0,0.0
9,50,5.212959000346018,191.82963072098275,0,0.0
9,51,5.142098001670092,194.473150779159,0,0.0
9,52,5.706060001102742,175.25227561693043,1,0.36238881945610046
9,53,5.231006998656085,191.1677809371911,0,0.0
9,54,5.813663003209513,172.00859414244277,1,0.5670433640480042
9,55,5.943768999713939,168.24341592819775,0,0.0
9,56,6.309508000413189,158.49096315188336,2,0.31136322021484375
9,57,5.888815998332575,169.81342264440784,1,0.5015292167663574
9,58,6.0502310006995685,165.28294537586635,2,0.4030820280313492
9,59,5.878716001461726,170.10517258383513,1,0.27468961477279663
9,60,5.802584000775823,172.33701396934484,1,0.31857624650001526
9,61,5.26496699967538,189.93471375255658,0,0.0
9,62,5.853665003087372,170.83314461496764,1,0.3577938377857208
9,63,5.836566997459158,171.33359394920532,1,0.5728947520256042
9,64,5.248006000329042,190.5485626230804,0,0.0
9,65,5.505461998836836,181.63779900965162,0,0.0
9,66,6.029888998455135,165.84053209871712,1,0.2778724730014801
9,67,5.893566001759609,169.67655909875882,1,0.482465535402298
9,68,5.985855001199525,167.06051178981227,1,0.4182155728340149
9,69,5.236453998804791,190.9689267256521,0,0.0
9,70,5.88554999922053,169.90765521190679,2,0.33464232087135315
9,71,5.927633999817772,168.70137394291586,2,0.3356068730354309
9,72,5.888642001082189,169.81844028151554,2,0.3637605458498001
9,73,5.946548000792973,168.16479070994632,2,0.4894057810306549
9,74,5.7385229993087705,174.2608681921209,1,0.7124332785606384
9,75,5.926637000811752,168.72975346103252,2,0.3031025379896164
9,76,5.784293000033358,172.88197537611475,1,0.6753979921340942
9,77,5.2496249991236255,190.48979692205452,0,0.0
9,78,5.715537001378834,174.96168772221347,1,0.7744308114051819
9,79,5.852993999724276,170.85272939748583,1,0.7071205377578735
9,80,5.683800998667721,175.9386016917903,1,0.8410516381263733
9,81,6.306677001703065,158.5621080213809,2,0.5297685712575912
9,82,6.2134910003806,160.94012205678678,2,0.5169326961040497
9,83,6.1577209999086335,162.39774423278314,3,0.638612707455953
9,84,6.1029719981888775,163.8545941709647,3,0.4248223602771759
9,85,6.094334999943385,164.08681177015865,3,0.5160598754882812
9,86,6.02202900336124,166.05698834094665,2,0.800643801689148
9,87,6.069213999580825,164.76598124058006,3,0.6232795516649882
9,88,6.00413099891739,166.55199564771505,3,0.588761955499649
9,89,5.95782600066741,167.84645941119757,2,0.8175267577171326
9,90,6.033604000549531,165.73842100159735,3,0.6646879812081655
9,91,5.989515000692336,166.9584264977062,2,0.8534848093986511
9,92,5.961771003057947,167.73539263535517,2,0.8123889565467834
9,93,6.1375149998639245,162.93239202220624,3,0.6369605163733164
9,94,6.036578000930604,165.6567677657506,3,0.512668381134669
9,95,6.617114999244222,151.12326143859002,2,0.4844465106725693
9,96,6.1614540027221665,162.29935329521152,3,0.4206607937812805
9,97,6.023571997502586,166.01445129478105,1,0.5643620491027832
9,98,6.197894999786513,161.34510185061947,2,0.4987199604511261
9,99,6.22655500046676,160.60245190559422,1,0.7731679081916809
9,100,5.83642499987036,171.33776241829756,1,0.6737096905708313
9,101,6.0726979972969275,164.67145253149735,3,0.5050060848395029
9,102,6.037490002199775,165.6317442572406,2,0.5248691141605377
9,103,6.362146999890683,157.1796439185046,3,0.6118405858675638
9,104,5.9500389979803,168.0661253379084,2,0.5343817919492722
9,105,5.811105002067052,172.08431092611352,1,0.28194260597229004
9,106,7.011331999819959,142.6262513350785,1,0.381613552570343
9,107,6.0021159988536965,166.60790964236332,1,0.3360656797885895
9,108,5.286999999952968,189.14318138999352,0,0.0
10,0,7.437132997438312,134.46041644602101,0,0.0
10,1,5.962017999991076,167.7284436245407,0,0.0
10,2,5.436533003376098,183.94075771801585,0,0.0
10,3,5.282162001094548,189.316420017558,0,0.0
10,4,5.273983999359189,189.60997987887416,0,0.0
10,5,5.155273000127636,193.9761483000496,0,0.0
10,6,5.19291999808047,192.5698836819446,0,0.0
10,7,5.211163999774726,191.89570699429706,0,0.0
10,8,5.152606001502136,194.0765507218038,0,0.0
10,9,5.302130000927718,188.60344801523712,0,0.0
10,10,6.028832998708822,165.8695804335876,1,0.38380345702171326
10,11,5.259109999315115,190.14624149908033,0,0.0
10,12,5.165861002751626,193.57857276209023,0,0.0
10,13,5.793165000795852,172.61721353743977,1,0.3511411249637604
10,14,5.2893949978169985,189.0575387946472,0,0.0
10,15,5.167979998077499,193.49920092028268,0,0.0
10,16,5.7593819983594585,173.629740184771,1,0.2570783495903015
10,17,5.808563000755385,172.15962017971628,1,0.27198129892349243
10,18,5.971894999674987,167.45103523327583,2,0.3446725457906723
10,19,5.803984000522178,172.29544394161513,1,0.38984933495521545
10,20,6.0760070009564515,164.58177218074067,1,0.29369163513183594
10,21,6.546716998855118,152.74831647295565,3,0.3563806613286336
10,22,6.098911002482055,163.9636977147286,2,0.38036981225013733
10,23,6.034739999449812,165.70722186725033,2,0.5228343307971954
10,24,5.855750998307485,170.772288693463,1,0.32862791419029236
10,25,6.04544599991641,165.4137676548309,2,0.3081522285938263
10,26,6.287996002356522,159.0331799869521,3,0.48426181077957153
10,27,5.307177001668606,188.42409056370164,0,0.0
10,28,5.797383000754053,172.491622490688,1,0.5184987783432007
10,29,5.95572200109018,167.90575514051068,2,0.3196580111980438
10,30,5.333691002306296,187.48742654338216,0,0.0
10,31,5.863700996997068,170.54075583187517,2,0.29369862377643585
10,32,5.964527998003177,167.65785999072904,2,0.4062577337026596
10,33,5.227376001130324,191.30056835088357,0,0.0
10,34,5.739919000916416,174.21848633061606,1,0.2834146022796631
10,35,5.7894230012607295,172.7287848516572,1,0.41018369793891907
10,36,6.218892998731462,160.80032253392707,3,0.29778314630190533
10,37,6.039760999556165,165.5694654264441,2,0.39166148006916046
10,38,6.252052000490949,159.94748602882285,3,0.28456318378448486
10,39,5.728033000195865,174.5799997950092,1,0.3225332796573639
10,40,6.021746001351858,166.06479246642155,3,0.43762420614560443
10,41,6.063448996428633,164.92263736183799,3,0.3481095830599467
10,42,6.271313999604899,159.45621604387873,4,0.43878690898418427
10,43,6.071969997719862,164.69119583520978,2,0.5218701213598251
10,44,6.060544001229573,165.00168958382588,3,0.4409303367137909
10,45,5.945532000623643,168.19352749175468,2,0.49735619127750397
10,46,6.856893000076525,145.8386473274178,2,0.5677721202373505
10,47,6.02504900234635,165.9737538417642,1,0.8760225772857666
10,48,6.195797999680508,161.39970994076404,3,0.4206458032131195
10,49,6.050762000086252,165.26844056760874,2,0.8195538222789764
10,50,6.076820001908345,164.55975324034006,3,0.574217160542806
10,51,6.058161998225842,165.06656644257023,3,0.5235989987850189
10,52,6.012719000864308,166.31410845180912,2,0.7501011192798615
10,53,5.981629998132121,167.17851159504505,2,0.8184562027454376
10,54,6.077335001464235,164.5458082792978,3,0.6754522124926249
10,55,6.038699000782799,165.59858338201153,3,0.5331426958243052
10,56,5.890732998523163,169.7581608690642,2,0.39933742582798004
10,57,5.94292499954463,168.26730946068207,1,0.3771384656429291
10,58,6.214443998032948,160.9154415610679,2,0.32596099376678467
10,59,5.968494002445368,167.54645302320606,1,0.7084221839904785
10,60,6.06652999704238,164.83887831882984,2,0.5689139664173126
10,61,6.1583700007759035,162.38062991895717,2,0.6360212564468384
10,62,7.824803000403335,127.79874457522499,3,0.3250205119450887
10,63,6.025517999660224,165.96083524377315,1,0.7987427711486816
10,64,5.761337000876665,173.5708221629522,1,0.5951830744743347
10,65,5.9901040003751405,166.94200967752369,3,0.49615971247355145
10,66,6.028301999322139,165.88419095666515,3,0.54397780696551
10,67,6.045524001820013,165.41163341654897,3,0.5519640644391378
10,68,6.133407998277107,163.0414934537052,3,0.48064784208933514
10,69,5.760997002653312,173.5810658362494,1,0.33107346296310425
10,70,7.0284920002450235,142.27803061668683,1,0.5211824774742126
10,71,5.5004780006129295,181.8023815182186,0,0.0
10,72,5.261769001663197,190.0501522746265,0,0.0
10,73,5.192685999645619,192.57856147439807,0,0.0
11,0,9.285560001444537,107.69409705439757,0,0.0
11,1,5.692219001502963,175.67841288888602,0,0.0
11,2,5.2594580010918435,190.13366012094855,0,0.0
11,3,5.204735000006622,192.13274066762818,0,0.0
11,4,5.192939999687951,192.56914196198898,0,0.0
11,5,5.224955999437952,191.38917152748652,0,0.0
11,6,5.210549999901559,191.91831956681975,0,0.0
11,7,5.214883000007831,191.75885633455218,0,0.0
11,8,5.219360002229223,191.594371641905,0,0.0
11,9,5.232220999459969,191.12342542549572,0,0.0
11,10,5.286579998937668,189.15820818013702,0,0.0
11,11,5.986272000882309,167.0488744668821,1,0.37245237827301025
11,12,6.074741999327671,164.6160446173148,1,0.5221936106681824
11,13,6.610042000829708,151.2849691234152,1,0.47242462635040283
11,14,5.91776099827257,168.98282987297156,0,0.0
11,15,5.936305999057367,168.45492805775024,0,0.0
11,16,6.532199000503169,153.08780395743776,1,0.26314711570739746
11,17,5.956990000413498,167.8700148784178,0,0.0
11,18,5.936738001764752,168.44266998185543,0,0.0
11,19,6.081256000470603,164.43971441468904,0,0.0
11,20,6.0197689999768045,166.11933115769943,0,0.0
11,21,5.95306900140713,167.98058274876865,0,0.0
11,22,5.979620997095481,167.2346793359874,0,0.0
11,23,5.904872999963118,169.3516524413389,0,0.0
11,24,5.905966998398071,169.3202823976563,0,0.0
11,25,5.945065000560135,168.20673952358496,0,0.0
11,26,6.4884200000960846,154.12072584468814,1,0.3768540024757385
11,27,6.707664997520624,149.0831757950991,1,0.3529517352581024
11,28,6.601508001040202,151.4805404829366,1,0.31515955924987793
11,29,5.942649000644451,168.2751244254128,0,0.0
11,30,6.595856997591909,151.61032150410347,1,0.6153833270072937
11,31,6.499073999293614,153.8680741454383,1,0.40677568316459656
11,32,6.569070999830728,152.22852668600598,1,0.321321576833725
11,33,5.905892001464963,169.3224325388864,0,0.0
11,34,5.962102997727925,167.7260524316816,1,0.8164634108543396
11,35,5.900550000660587,169.47572682005008,1,0.5710451602935791
11,36,5.919125000218628,168.94388950445617,1,0.49682289361953735
11,37,5.862426998646697,170.57781704247122,1,0.280269980430603
11,38,5.3057129989610985,188.47608232782437,0,0.0
11,39,6.343087999994168,157.6519196960407,4,0.3720039501786232
11,40,6.017957999574719,166.16932189800406,0,0.0
11,41,5.963853000139352,167.6768357598073,1,0.3687261939048767
11,42,5.876736999198329,170.16245582138768,1,0.5324856638908386
11,43,5.844595998496516,171.09822479727316,1,0.31636348366737366
11,44,5.29491599809262,188.86040880728393,0,0.0
11,45,5.256004998955177,190.25857094861715,0,0.0
11,46,5.204985998716438,192.1234754995695,0,0.0
11,47,5.215547000261722,191.73444318492747,0,0.0
11,48,5.219795002631145,191.57840480247395,0,0.0
11,49,5.147340001713019,194.27510124981117,0,0.0
11,50,5.39339099850622,185.41210905661484,0,0.0
11,51,5.197279999265447,192.40833669560502,0,0.0
11,52,5.227230998571031,191.30587499832515,0,0.0
11,53,5.771475996880326,173.26590295801856,1,0.309490442276001
11,54,5.292580000968883,188.94376652160867,0,0.0
11,55,6.143179001810495,162.78216859793338,2,0.31725236773490906
11,56,6.270117999520153,159.48663168325209,1,0.3363874554634094
11,57,5.667622001055861,176.4408423521722,0,0.0
11,58,5.58326499958639,179.10666967698654,0,0.0
11,59,5.470497999340296,182.79871414276965,0,0.0
11,60,5.402612998295808,185.09561952992718,0,0.0
11,61,5.968118999589933,167.55698069504137,2,0.31730177998542786
11,62,5.809815000247909,172.12252024502146,1,0.31250235438346863
11,63,5.296071998600382,188.81918528756304,0,0.0
11,64,5.822578001243528,171.74523034065496,1,0.39317795634269714
11,65,5.3470829989237245,187.017856315543,0,0.0
11,66,5.473345001519192,182.70362999636203,0,0.0
11,67,5.336272002750775,187.39674429723854,0,0.0
11,68,5.252504000964109,190.38538567823036,0,0.0
11,69,5.184253001061734,192.89182063359954,0,0.0
11,70,5.879095999262063,170.0941777656835,1,0.3191593289375305
11,71,5.199426002945984,192.32892235285243,0,0.0
11,72,5.885007998585934,169.923303458599,1,0.33908772468566895
11,73,5.822667000757065,171.7426052133807,1,0.410131573677063
11,74,5.2826380015176255,189.29936136315123,0,0.0
11,75,5.836612002894981,171.33227281580417,1,0.3786163926124573
11,76,6.392552000761498,156.43204777698756,2,0.25634045898914337
11,77,5.844878000061726,171.08996971184672,1,0.2932901978492737
11,78,5.30797100145719,188.39590489953153,0,0.0
11,79,5.977311000606278,167.29930898669488,2,0.3967713713645935
11,80,5.220559000008507,191.55036845639913,0,0.0
11,81,5.8982050031772815,169.54310666742066,1,0.35341575741767883
11,82,5.96927199876518,167.5246161017395,1,0.25863417983055115
11,83,5.208229002164444,192.00384614125423,0,0.0
11,84,6.129533001512755,163.14456578555044,1,0.2710731029510498
11,85,5.238454999926034,190.89597982880827,0,0.0
11,86,5.9048849980172236,169.35130833806005,2,0.34624096751213074
11,87,5.988715998682892,166.98070174306673,1,0.3370138704776764
11,88,5.807287998322863,172.19741819052174,1,0.4956423044204712
11,89,5.185391997656552,192.8494510061983,0,0.0
11,90,5.898706996958936,169.52867815193187,1,0.44248661398887634
11,91,6.058973998733563,165.0444448530425,1,0.4103318750858307
11,92,5.347298003471224,187.01033668795816,0,0.0
11,93,5.3254930026014335,187.77604242677873,0,0.0
11,94,5.843126000399934,171.14126923354976,1,0.4251105487346649
11,95,5.2551089975168,190.29101022881366,0,0.0
11,96,5.749637999542756,173.92399314174662,1,0.707645833492279
11,97,5.8126109979639295,172.0397254091638,1,0.7622935771942139
11,98,5.765117002738407,173.45701735541604,1,0.8236934542655945
11,99,5.943396001384826,168.25397462443988,2,0.5258807241916656
11,100,5.905327998334542,169.33860410158866,2,0.5138078480958939
11,101,6.153199999971548,162.5170642925021,4,0.5643752217292786
11,102,5.954645999736385,167.93609562084302,2,0.5161132365465164
11,103,6.280950998188928,159.21155893245205,4,0.46458208560943604
11,104,5.932088999543339,168.5746791858621,2,0.7922940254211426
11,105,6.044521000148961,165.43908110756104,3,0.6208933194478353
11,106,6.030412998370593,165.82612173829523,3,0.6118569374084473
11,107,6.1694309988524765,162.08950228732627,3,0.5982710421085358
11,108,5.968058001599275,167.5586932519804,2,0.8453318774700165
11,109,5.9819449998030905,167.1697081857017,2,0.8640640377998352
11,110,6.066203000955284,164.84776388830437,2,0.7903369963169098
11,111,6.031788001564564,165.7883201035271,3,0.5647714336713155
11,112,5.872857000213116,170.27487642960006,2,0.7174383997917175
11,113,5.928571998083498,168.67468259190667,1,0.7123076915740967
11,114,5.860214998392621,170.64220344719206,1,0.6204071640968323
11,115,6.0532450006576255,165.20064855979888,1,0.7653233408927917
11,116,5.7684880011947826,173.3556522598084,1,0.7427545785903931
11,117,6.200678002642235,161.2726865632887,1,0.5882484912872314
11,118,6.002632002491737,166.59358754374625,1,0.776346743106842
11,119,5.962510000244947,167.7146034067731,1,0.8073045015335083
11,120,5.926166999415727,168.74313533496306,1,0.7001904249191284
11,121,5.843564998940565,171.12841222460938,1,0.350471556186676
11,122,6.243946001632139,160.15513262584344,1,0.398404598236084
11,123,5.780368999694474,172.999336210691,1,0.5197543501853943
11,124,5.80100800289074,172.38383389605448,1,0.2569630742073059
11,125,5.1607019995572045,193.77208761246075,0,0.0
11,126,5.172891000256641,193.31549803589277,0,0.0
11,127,5.1107470026181545,195.66611289655228,0,0.0
11,128,5.19193800209905,192.60630608372244,0,0.0
11,129,5.197894999582786,192.38557148235313,0,0.0
11,130,5.238185000052908,190.9058194756198,0,0.0
11,131,5.347437996533699,187.0054408575129,0,0.0
11,132,5.261656999209663,190.0541977841214,0,0.0
11,133,5.335372999979882,187.42832038243077,0,0.0
11,134,5.745264999859501,174.0563751235939,1,0.623127818107605
11,135,5.812665000121342,172.03812708613424,1,0.8452260494232178
11,136,6.151284000225132,162.56768504972308,2,0.41313977539539337
11,137,6.047672999557108,165.3528555649807,2,0.5659874677658081
11,138,5.903421999391867,169.39327734033137,2,0.5299071669578552
11,139,6.086720000894275,164.29209818310645,3,0.43648311495780945
11,140,5.824874999234453,171.6775038316577,1,0.7054837346076965
11,141,5.845620002219221,171.0682527465627,1,0.5476604104042053
11,142,5.335881000064546,187.41047635580767,0,0.0
11,143,5.19205199816497,192.60207724295336,0,0.0
11,144,5.9066009998787194,169.3021079332315,0,0.0
11,145,5.391793998569483,185.46702642298902,0,0.0
11,146,5.330298998160288,187.60673657240287,0,0.0
12,0,8.367611000721809,119.50842360068337,1,0.8384343981742859
12,1,6.428097000025446,155.56703640222628,1,0.8302986025810242
12,2,6.5683459979481995,152.24532938922172,1,0.8305362462997437
12,3,6.743654001184041,148.28756039743757,2,0.529787078499794
12,4,6.615760001295712,151.15421354525373,2,0.5238276422023773
12,5,6.662239000434056,150.09968869847634,2,0.4889281392097473
12,6,6.465647002187325,154.66356261975028,1,0.8304678201675415
12,7,6.4909809989330824,154.05991793295485,1,0.7253839373588562
12,8,6.481788997916738,154.2783944866768,1,0.5664560794830322
12,9,5.902980999962892,169.4059323596478,0,0.0
12,10,5.847639000421623,171.009188482377,0,0.0
12,11,5.862856000021566,170.5653353922255,0,0.0
12,12,5.869070999324322,170.38471678313743,0,0.0
12,13,5.8353339991299435,171.36979651020857,0,0.0
12,14,5.934445998718729,168.50772594710676,0,0.0
12,15,6.635989000642439,150.69343844650567,0,0.0
12,16,5.938674999924842,168.3877295882761,0,0.0
12,17,6.003565002174582,166.56769763262076,0,0.0
12,18,6.455216000176733,154.91348391326048,1,0.3248075544834137
12,19,5.960397000308149,167.774059336702,0,0.0
12,20,5.893554000067525,169.67690462979428,0,0.0
12,21,5.909391002205666,169.22217528451787,0,0.0
12,22,7.11654000042472,140.51772349207891,1,0.3608444333076477
12,23,5.921795996982837,168.86768819957683,0,0.0
12,24,5.450894001114648,183.45614495448103,0,0.0
12,25,5.244102001597639,190.69041748145736,0,0.0
12,26,5.185088000871474,192.86075758635667,0,0.0
12,27,5.16833399888128,193.48594735101418,0,0.0
12,28,5.17491799837444,193.23977700016172,0,0.0
12,29,5.099596997752087,196.09392672417096,0,0.0
12,30,5.272698999760905,189.65618937196032,0,0.0
12,31,5.196969999815337,192.41981385990928,0,0.0
12,32,5.215408000367461,191.73955324867072,0,0.0
12,33,5.143038997630356,194.43756900555252,0,0.0
12,34,5.17916500029969,193.08131715095683,0,0.0
12,35,5.138836000696756,194.59659733535253,0,0.0
12,36,5.2429139977903105,190.7336264568639,0,0.0
12,37,5.1676809998753015,193.51039664099437,0,0.0
12,38,5.206639001698932,192.06248016689827,0,0.0
12,39,5.310818996804301,188.29487515988285,0,0.0
12,40,5.2427970003918745,190.73788283720592,0,0.0
12,41,5.227965000813128,191.2790158014573,0,0.0
12,42,5.2266689999669325,191.32644519986377,0,0.0
12,43,6.193167999299476,161.46825019329563,0,0.0
12,44,6.003121998219285,166.57998959485272,1,0.46130022406578064
12,45,5.966750999505166,167.59539657058454,1,0.35358139872550964
12,46,5.8958090012311,169.61200740919364,1,0.5679197311401367
12,47,5.757992999861017,173.6716248220756,1,0.3127259314060211
12,48,5.865769999218173,170.48060188743955,2,0.47672465443611145
12,49,5.9824730014952365,167.15495410511068,2,0.47298917174339294
12,50,5.820839000080014,171.7965399809639,2,0.5648218095302582
12,51,5.850153997016605,170.9356711823259,1,0.44788336753845215
12,52,5.397786997491494,185.2611080179208,0,0.0
12,53,5.162277997442288,193.71293070529364,0,0.0
12,54,5.141953999554971,194.47859706379103,0,0.0
12,55,5.268312997941393,189.8140828744899,0,0.0
12,56,5.2690270022139885,189.7883612249113,0,0.0
12,57,5.24408300043433,190.69110842013316,0,0.0
12,58,5.773336000856943,173.2100816324511,1,0.3458630442619324
12,59,5.7064520005951636,175.24023682240792,1,0.4175896644592285
12,60,5.184141999052372,192.89595080204086,0,0.0
12,61,5.155875001946697,193.9534995752285,0,0.0
12,62,5.15819499923964,193.86626526283092,0,0.0
12,63,5.156613999133697,193.92570399258088,0,0.0
12,64,5.1721439995162655,193.34341814410558,0,0.0
12,65,5.183609999221517,192.91574793438969,0,0.0
12,66,6.061231000785483,164.9829877578348,4,0.41551557928323746
12,67,6.283787999564083,159.13967817968583,5,0.4248999834060669
12,68,5.9438880016386975,168.2400475453618,3,0.3813132544358571
12,69,6.885491999128135,145.2329042175379,2,0.39841383695602417
12,70,5.2701710010296665,189.74716376463377,0,0.0
12,71,5.152408000867581,194.084008842393,0,0.0
12,72,5.194308003410697,192.51842581213475,0,0.0
12,73,5.333729000994936,187.48609084066015,0,0.0
12,74,6.27933500072686,159.2525322958953,5,0.42112762331962583
12,75,6.693618997815065,149.3960143722582,7,0.5429225478853498
12,76,6.5270470004179515,153.20864089625312,6,0.5885515858729681
12,77,6.618686002184404,151.0873910123496,6,0.441951185464859
12,78,6.901110002218047,144.90422550554848,6,0.5382118672132492
12,79,6.499753999378299,153.85197656644388,5,0.601608681678772
12,80,6.365897999785375,157.08702841825533,5,0.6117509245872498
12,81,6.590870001673466,151.72503777894167,6,0.4677789956331253
12,82,6.337904000247363,157.78086887415316,4,0.5888207778334618
12,83,6.1941359999764245,161.44301642776426,4,0.516920655965805
12,84,6.20337600048515,161.20254518213832,4,0.5431752949953079
12,85,6.229017999430653,160.53894852951177,4,0.35548100620508194
12,86,5.793194999569096,172.61631967754946,2,0.29166358709335327
12,87,10.631738001393387,94.05799878335422,0,0.0
12,88,5.432367001048988,184.08181917880373,0,0.0
12,89,5.267027001536917,189.860427848234,0,0.0
12,90,5.295107002893928,188.85359624526401,0,0.0
12,91,5.416654999862658,184.6157822540582,0,0.0
12,92,5.282475001877174,189.30520251295866,0,0.0
12,93,5.775236997578759,173.1530672107907,0,0.0
12,94,5.912639997404767,169.12918771292175,0,0.0
12,95,5.355385997972917,186.72790353085904,0,0.0
12,96,5.2929799967387225,188.92948785299615,0,0.0
12,97,5.181528002140112,192.99326368341013,0,0.0
12,98,5.327399001544109,187.70886124920568,0,0.0
12,99,5.206058998737717,192.08387769759509,0,0.0
12,100,5.152688998350641,194.07342463713545,0,0.0
12,101,5.2220870020391885,191.49432010793902,0,0.0
12,102,5.114840001624543,195.50953689311618,0,0.0
12,103,5.184363002626924,192.88772786421373,0,0.0
12,104,5.783343000075547,172.9103738074911,1,0.4701770842075348
12,105,5.724392001866363,174.69104136718155,1,0.6548904180526733
12,106,5.334659002983244,187.45340600791553,0,0.0
12,107,5.16659699860611,193.55099696566015,0,0.0
12,108,5.123589999129763,195.17564835786024,0,0.0
12,109,5.155704999197042,193.95989494273658,0,0.0
13,0,12.16711300003226,82.18876573245836,0,0.0
13,1,6.5807350001705345,151.95870977544087,1,0.35565611720085144
13,2,5.952190000243718,168.00538960601966,1,0.5862657427787781
13,3,5.947872003162047,168.1273570561662,2,0.4437389373779297
13,4,6.182594999700086,161.74438080587672,3,0.45757292707761127
13,5,6.285472001763992,159.09704151404287,2,0.5397212207317352
13,6,6.0751729979529046,164.60436605458986,3,0.5315378208955129
13,7,5.965492000541417,167.63076706988156,3,0.5140958726406097
13,8,6.686153999908129,149.5628129435458,3,0.4811765253543854
13,9,6.29507100165938,158.8544433790183,2,0.7397532761096954
13,10,7.6336880010785535,130.99828023606824,3,0.424433837334315
13,11,6.870932997117052,145.54064206703603,3,0.44112279017766315
13,12,6.825929998740321,146.50018388476636,3,0.3552942971388499
13,13,6.797166002797894,147.1201379499005,2,0.3805876672267914
13,14,6.452001998695778,154.99065254507707,1,0.3096208870410919
13,15,6.603398000152083,151.4371843067719,2,0.27232784032821655
13,16,6.664438998996047,150.05013927663578,2,0.40200890600681305
13,17,5.93944199863472,168.3659845874186,0,0.0
13,18,5.92303400117089,168.8323922844805,0,0.0
13,19,5.921316002059029,168.8813769865125,0,0.0
13,20,5.883955000172136,169.95371310126347,0,0.0
13,21,6.524931999592809,153.25830216505022,1,0.30337414145469666
13,22,5.929353999817977,168.6524366787172,0,0.0
13,23,5.925786001171218,168.75398467010996,0,0.0
13,24,5.871751000086078,170.3069493214784,0,0.0
13,25,5.915121000725776,169.05824916807308,0,0.0
13,26,5.9352389980631415,168.4852118552146,0,0.0
13,27,6.610975000512553,151.26361844092125,1,0.534523069858551
13,28,6.545903001097031,152.7673110695972,1,0.2858097553253174
13,29,6.529269001475768,153.15650186475338,1,0.38949868083000183
13,30,6.428611999581335,155.5545738434868,1,0.2796897292137146
13,31,5.163861998880748,193.65350976008793,0,0.0
13,32,5.67311299892026,176.27006551611538,1,0.2971659004688263
13,33,6.411854999896605,155.96110642179613,1,0.3342362642288208
13,34,5.959809997875709,167.79058398781774,1,0.35436609387397766
13,35,5.982653001410654,167.14992491862878,2,0.38125020265579224
13,36,5.2518709999276325,190.40833257591044,0,0.0
13,37,5.733349000365706,174.41812803236192,1,0.47775381803512573
13,38,5.176582999411039,193.177623176094,0,0.0
13,39,5.255395000858698,190.28065442019226,0,0.0
13,40,5.312211000273237,188.24553466505083,0,0.0
13,41,5.140598001162289,194.52989706137302,0,0.0
13,42,5.907686001592083,169.2710140197882,1,0.2849922478199005
13,43,5.612734999886015,178.16625941191026,1,0.2538433074951172
13,44,5.647298999974737,177.07580207891834,1,0.2745105028152466
13,45,6.047221002518199,165.36521479594964,2,0.3399982750415802
13,46,5.895783000596566,169.61275540480625,1,0.29872047901153564
13,47,5.277765001665102,189.47414287762078,0,0.0
13,48,5.8044460020028055,172.2817301866454,2,0.3587506413459778
13,49,5.790618997707497,172.69310938880616,1,0.6721301674842834
13,50,5.974929001240525,167.36600548598622,1,0.548173725605011
13,51,5.79830199785647,172.46428357296367,1,0.30687400698661804
13,52,6.143606999103213,162.77082830102427,2,0.4022587388753891
13,53,5.8430999997654,171.14203077820846,1,0.444231778383255
13,54,5.926589998125564,168.73109162541624,1,0.37430211901664734
13,55,6.151090001367265,162.5728122621714,1,0.5476958155632019
13,56,6.297140000242507,158.80224990416116,3,0.2641278604666392
13,57,5.8759439998539165,170.18542042348622,2,0.5074509531259537
13,58,6.650448998698266,150.36578736198658,3,0.2997499406337738
13,59,6.14978000157862,162.6074428261344,2,0.4806683361530304
13,60,5.781452000519494,172.9669293994216,1,0.33891186118125916
13,61,5.831467999087181,171.48340694942223,1,0.3348587155342102
13,62,6.044062000000849,165.45164493677586,2,0.3593909293413162
13,63,5.7133910013362765,175.02740487498843,1,0.32936665415763855
13,64,5.200234001677018,192.29903878892972,0,0.0
13,65,5.167975003132597,193.49938794089454,0,0.0
13,66,5.098261000966886,196.14531304112322,0,0.0
13,67,5.903708999539958,169.38504253477333,2,0.3846885859966278
13,68,5.877214000065578,170.14864525757307,2,0.3421691954135895
13,69,5.996821000735508,166.7550190137992,3,0.43106255928675336
13,70,5.856092997419182,170.7623154961348,2,0.478431299328804
13,71,5.7078669997281395,175.19679418732585,1,0.4376145899295807
13,72,5.824684998515295,171.68310393693372,2,0.5161684304475784
13,73,5.905957998038502,169.32054043258043,2,0.3174024224281311
13,74,5.190500000026077,192.6596666978087,0,0.0
13,75,5.916835998505121,169.00924755268667,2,0.3661010265350342
13,76,5.262487000436522,190.02422237186528,0,0.0
13,77,5.165679998754058,193.58535570170744,0,0.0
13,78,5.78382200183114,172.89605380030767,1,0.45972511172294617
13,79,5.705026997020468,175.28400838808727,1,0.3338738679885864
13,80,5.81020200115745,172.11105565706495,1,0.28572946786880493
13,81,5.2771880000364035,189.4948597611269,0,0.0
13,82,5.1500279987521935,194.17370162692148,0,0.0
13,83,5.168772997421911,193.46951404110447,0,0.0
13,84,5.30475000050501,188.51029735704802,0,0.0
13,85,5.21741599732195,191.66575954711882,0,0.0
13,86,5.275257000903366,189.5642240423081,0,0.0
13,87,5.80482000077609,172.27063024629575,0,0.0
13,88,5.292719000863144,188.93880439088466,0,0.0
13,89,5.275744999380549,189.54668963670815,0,0.0
13,90,5.189479001273867,192.69757132739701,0,0.0
13,91,5.260647001705365,190.09068650221656,0,0.0
13,92,5.144557999301469,194.38015863282726,0,0.0
13,93,5.152638997969916,194.0753078944574,0,0.0
13,94,5.229983002209337,191.20521033769387,0,0.0
13,95,6.037745999492472,165.62472155735918,2,0.3778800368309021
13,96,5.22513599935337,191.38257839102252,0,0.0
13,97,5.16978000086965,193.43182878803003,0,0.0
13,98,5.134102000738494,194.7760289640056,0,0.0
14,0,7.423363997077104,134.7098162495794,0,0.0
14,1,6.495077999716159,153.96273917629642,1,0.42679256200790405
14,2,5.334682002285263,187.45259784399926,0,0.0
14,3,5.161305001820438,193.7494489566672,0,0.0
14,4,5.769520998001099,173.32461400980407,1,0.35386723279953003
14,5,5.248231998848496,190.54035725162456,0,0.0
14,6,5.406730000686366,184.95467683295695,0,0.0
14,7,5.165341000974877,193.59806057552942,0,0.0
14,8,5.216382000071462,191.7037517548179,0,0.0
14,9,5.195729998376919,192.46573634742134,0,0.0
14,10,5.224999000347452,191.3875964250906,0,0.0
14,11,5.172539997147396,193.3286162217189,0,0.0
14,12,5.199082999752136,192.34161102018848,0,0.0
14,13,5.206055000599008,192.08402521389806,0,0.0
14,14,5.213950000324985,191.7931702332531,0,0.0
14,15,5.980886999168433,167.19927999626768,0,0.0
14,16,5.412923997937469,184.74303359534298,0,0.0
14,17,5.2845860009256285,189.22958200033904,0,0.0
14,18,5.1933020004071295,192.5557188704999,0,0.0
14,19,5.2617869987443555,190.04950223918883,0,0.0
14,20,5.291315999784274,188.98890182343482,0,0.0
14,21,5.271359001199016,189.70440066262634,0,0.0
14,22,5.264995001198258,189.93370359751725,0,0.0
14,23,5.237332999968203,190.93687569724347,0,0.0
14,24,5.281476998789003,189.34097416864475,0,0.0
14,25,5.189579998841509,192.69382112294906,0,0.0
14,26,5.1998630005982704,192.3127589871012,0,0.0
14,27,5.199414998060092,192.32932942900328,0,0.0
14,28,5.2486679996945895,190.5245292821318,0,0.0
14,29,5.133191996719688,194.81055854506113,0,0.0
14,30,5.259437999484362,190.13438319798436,0,0.0
14,31,5.1120509997417685,195.61620180442532,0,0.0
14,32,5.297732001054101,188.760020288121,0,0.0
14,33,5.192831999011105,192.57314702082306,0,0.0
14,34,5.148618001840077,194.22687790055653,0,0.0
14,35,5.103783001686679,195.93309505312504,0,0.0
14,36,5.2506460015138146,190.45275566314885,0,0.0
14,37,5.124630002683261,195.13603898747792,0,0.0
14,38,5.16084300033981,193.76679351302803,0,0.0
14,39,5.215167999267578,191.748377068666,0,0.0
14,40,5.135111998242792,194.73771951657426,0,0.0
14,41,5.200481002248125,192.289905408309,0,0.0
14,42,5.209860002651112,191.94373735400484,0,0.0
14,43,5.222332001721952,191.48533637276822,0,0.0
14,44,5.6508970010327175,176.96305556750497,0,0.0
14,45,5.332835000444902,187.51752115274016,0,0.0
14,46,5.205713001487311,192.0966445353965,0,0.0
14,47,5.182695000257809,192.94980699235742,0,0.0
14,48,5.27161799982423,189.69508034029454,0,0.0
14,49,5.234746000496671,191.03123626344438,0,0.0
14,50,5.7703999991645105,173.2982115875483,1,0.28480497002601624
14,51,5.193843000597553,192.53566191449178,0,0.0
14,52,5.088006000733003,196.5406487051971,0,0.0
14,53,5.304283000441501,188.52689419413807,0,0.0
14,54,5.251635000604438,190.41688919448987,0,0.0
14,55,5.2406239992706105,190.81697144064904,0,0.0
14,56,5.181094998988556,193.00939283977968,0,0.0
14,57,5.231626000750111,191.14516210765444,0,0.0
14,58,5.217652000283124,191.65709019032647,0,0.0
14,59,5.765961999713909,173.43159737258367,1,0.2808767259120941
14,60,6.024449001415633,165.99028388571614,1,0.3055325746536255
14,61,5.207587000768399,192.0275167467094,0,0.0
14,62,5.223516000114614,191.44193297733904,0,0.0
14,63,6.2825950008118525,159.16989713180263,2,0.3219696134328842
14,64,5.24032799876295,190.82774975842418,0,0.0
14,65,5.855451003299095,170.78103794849912,2,0.36061760783195496
14,66,5.2586560013878625,190.16265748055784,0,0.0
14,67,5.671807997714495,176.310622715536,1,0.4049605131149292
14,68,5.198124999878928,192.37705904019074,0,0.0
14,69,5.1806770024995785,193.02496556290208,0,0.0
14,70,5.218817001150455,191.61430641840025,0,0.0
14,71,5.944478001765674,168.22334941822854,0,0.0
14,72,5.367931000364479,186.29151528439928,0,0.0
14,73,5.2170649978506844,191.67865464815523,0,0.0
14,74,5.179248000786174,193.07822290962065,0,0.0
14,75,5.263333001494175,189.99367885636653,0,0.0
14,76,5.833530998643255,171.42276268568332,1,0.4186145067214966
14,77,5.921902000409318,168.86466542858707,1,0.37980714440345764
14,78,5.8154670005023945,171.95523591030792,1,0.5805754661560059
14,79,5.9690910020435695,167.52969583771488,2,0.4317106157541275
14,80,6.204891000379575,161.1631856125799,3,0.360866238673528
14,81,6.130837999080541,163.10983916880087,3,0.33918775121370953
14,82,6.013453999912599,166.29378058176454,3,0.40117578705151874
14,83,6.071878997317981,164.69366409339045,3,0.3890170355637868
14,84,6.24673300262657,160.08367887334532,3,0.37906312942504883
14,85,6.0547700013557915,165.15903986048664,3,0.3551147480805715
14,86,6.009954999171896,166.39059695751277,2,0.47056056559085846
14,87,5.8324399979028385,171.45482857253026,1,0.2713846266269684
14,88,5.873376001545694,170.2598300767447,1,0.2569504976272583
14,89,5.166331000509672,193.5609622963274,0,0.0
14,90,6.046603000868345,165.38211618265518,2,0.47210653126239777
14,91,5.976136999379378,167.332174631179,3,0.3739704092343648
14,92,5.701212998246774,175.40126992405266,1,0.5307731032371521
14,93,6.0484040004666895,165.33287127031213,3,0.6215257247289022
14,94,6.019278000167105,166.13288171309554,3,0.6298819382985433
14,95,6.215418001374928,160.8902248857257,3,0.5909553170204163
14,96,7.02876699870103,142.2724640302926,3,0.7058096528053284
14,97,6.047456998203415,165.3587615913732,2,0.4825821667909622
14,98,6.057371003407752,165.0881214700933,3,0.429370254278183
14,99,5.890221000299789,169.77291683098204,2,0.3595772981643677
14,100,5.704114002583083,175.31206416056102,1,0.7454943060874939
14,101,5.86549700165051,170.4885365585571,2,0.4345237910747528
14,102,5.92459900144604,168.7877947108194,2,0.36255405843257904
14,103,5.83510400247178,171.37655122794638,1,0.33113452792167664
14,104,5.179971998586552,193.0512366230682,0,0.0
14,105,5.228609999903711,191.2554197039779,0,0.0
14,106,5.6213870011561085,177.89203977494122,1,0.2840328812599182
14,107,5.144552000274416,194.3803852982065,0,0.0
14,108,5.188930001168046,192.71795915051783,0,0.0
14,109,5.1905219988839235,192.6588501532258,0,0.0
14,110,5.202193999139126,192.22658750624888,0,0.0
14,111,5.107881999720121,195.77586170839373,0,0.0
14,112,5.719550998037448,174.83889912741932,1,0.6040821671485901
14,113,5.438586002128432,183.87132236368836,0,0.0
14,114,5.772562999482034,173.2332761183774,1,0.613781750202179
14,115,5.720566001400584,174.80787735954218,1,0.46410807967185974
14,116,5.8242350023647305,171.6963686379386,2,0.41670578718185425
14,117,5.7400080004299525,174.21578505205838,1,0.3786322772502899
14,118,5.665870001394069,176.49540136889007,1,0.4092189073562622
14,119,5.840687997988425,171.21270650724833,2,0.3110719919204712
15,0,7.537568999396171,132.6687689466072,0,0.0
15,1,5.868486998224398,170.40167257805385,0,0.0
15,2,5.327275001036469,187.71323046124726,0,0.0
15,3,5.783302000054391,172.9115996347061,0,0.0
15,4,5.378006997489138,185.94248770350725,0,0.0
15,5,5.656309000187321,176.79373597992665,0,0.0
15,6,5.433514001197182,184.04296000335458,0,0.0
15,7,5.973488998279208,167.40635167957478,0,0.0
15,8,5.95849900128087,167.82750148737705,0,0.0
15,9,5.9500679999473505,168.0653061458875,0,0.0
15,10,5.989365999994334,166.96258001280037,0,0.0
15,11,6.94531199769699,143.9820126628713,2,0.303607776761055
15,12,6.635632002144121,150.70154578748154,2,0.3491264283657074
15,13,5.939332000707509,168.36910276793373,0,0.0
15,14,6.679553000140004,149.71061685999646,2,0.35979245603084564
15,15,6.499876999441767,153.84906515706123,1,0.45138201117515564
15,16,6.449878001149045,155.04169223384537,1,0.3736521601676941
15,17,5.904412999370834,169.3648462779549,0,0.0
15,18,5.929298000410199,168.65402952100203,0,0.0
15,19,5.906201997277094,169.31354539872237,0,0.0
15,20,5.888731997401919,169.815844980073,0,0.0
15,21,5.89565100017353,169.61655294225633,0,0.0
15,22,5.888835999940056,169.8128458680424,0,0.0
15,23,6.541978000313975,152.85896711239417,1,0.3686698079109192
15,24,5.912569002248347,169.13121853118912,0,0.0
15,25,5.925972000113688,168.74868797571355,0,0.0
15,26,6.472122000559466,154.5088303208063,0,0.0
15,27,6.68069599851151,149.68500291328996,1,0.26593539118766785
15,28,6.573735001438763,152.12052201391364,1,0.3739171326160431
15,29,5.38794699969003,185.59945004238725,0,0.0
15,30,6.107069999416126,163.7446435190044,2,0.3226480036973953
15,31,5.964924999716459,167.64670134956177,2,0.5081848502159119
15,32,6.238578000193229,160.29293854609605,2,0.2984808534383774
15,33,6.0822259983979166,164.41348944669338,1,0.8344587087631226
15,34,5.76026600174373,173.60309397123032,1,0.6587074398994446
15,35,5.8037630005856045,172.30200473367006,1,0.5057408809661865
15,36,5.252406001091003,190.38893790622527,0,0.0
15,37,5.77422200149158,173.1835041572151,1,0.6343061923980713
15,38,5.312562996550696,188.2330620171983,0,0.0
15,39,5.200532003073022,192.2880196505078,0,0.0
15,40,5.127453998284182,195.02856589930082,0,0.0
15,41,5.7745510021049995,173.17363715992283,1,0.3191918432712555
15,42,5.1377499985392205,194.63773057940205,0,0.0
15,43,5.739768999774242,174.22303929641285,1,0.6629598736763
15,44,5.213415999605786,191.81281525886584,0,0.0
15,45,5.157038998731878,193.90972227394465,0,0.0
15,46,5.193649001739686,192.54285371711407,0,0.0
15,47,5.215984998358181,191.7183428086482,0,0.0
15,48,5.949155001871986,168.0910985989331,1,0.28004688024520874
15,49,5.802993000543211,172.3248675134351,1,0.5317165851593018
15,50,5.867025000043213,170.44413480301083,1,0.27283188700675964
15,51,5.2303299999039154,191.19252514054958,0,0.0
15,52,5.9070540009997785,169.28912446555395,0,0.0
15,53,5.890754997381009,169.7575269120161,1,0.31034889817237854
15,54,5.2761180013476405,189.5332893890124,0,0.0
15,55,5.137077998369932,194.663191860687,0,0.0
15,56,5.281222001940478,189.3501162482036,0,0.0
15,57,5.24361999850953,190.70794609148726,0,0.0
15,58,5.918097001995193,168.97323576529175,2,0.3222026824951172
15,59,5.229793998296373,191.21212046320642,0,0.0
15,60,5.778970000392292,173.04121667565627,1,0.551990270614624
15,61,6.032175002474105,165.7776837690963,2,0.49310822784900665
15,62,5.870805998711148,170.3343629851737,2,0.5065993219614029
15,63,6.128678996901726,163.16729926718907,2,0.459743395447731
15,64,5.907454000407597,169.2776617356653,2,0.3260049968957901
15,65,5.36816600288148,186.2833599898416,0,0.0
15,66,5.35232000038377,186.83486785698508,0,0.0
15,67,5.149446998984786,194.195609780458,0,0.0
15,68,5.745349000790156,174.05383030038215,1,0.3698059320449829
15,69,6.10508699901402,163.79782960693294,2,0.3590540438890457
15,70,5.811060000269208,172.08564357512626,1,0.45592668652534485
15,71,6.030608001310611,165.82075966182407,2,0.517125129699707
15,72,5.728497999371029,174.56582861856577,1,0.36051496863365173
15,73,5.955839998932788,167.90242857081242,2,0.5206132382154465
15,74,5.9722550031438,167.44094139878473,1,0.3157573938369751
15,75,6.102534996898612,163.86632776513582,3,0.47764426469802856
15,76,6.45233699833625,154.98260556723127,5,0.3863024890422821
15,77,6.555577998369699,152.54185065736218,4,0.47497761249542236
15,78,6.2027929998293985,161.21769661304253,2,0.5023449510335922
15,79,5.259211997326929,190.14255377198418,0,0.0
15,80,5.998973996611312,166.6951716351626,1,0.33254489302635193
15,81,5.254004998278106,190.33099517943546,0,0.0
15,82,5.886574999749428,169.87807002247771,1,0.4230957627296448
15,83,6.614045996684581,151.193384579011,6,0.4439122329155604
15,84,6.330149000859819,157.97416456771725,4,0.5665850788354874
15,85,6.0064210010750685,166.4884961978212,2,0.5714303255081177
15,86,6.406494001566898,156.09161575042768,4,0.539642259478569
15,87,6.277889999182662,159.2891879485294,4,0.6387420669198036
15,88,6.7506039995350875,148.13489282868167,3,0.6900114019711813
15,89,5.989544999465579,166.95759028260505,2,0.6783262491226196
15,90,6.12066600297112,163.3809130435439,2,0.6494280397891998
15,91,5.708803997549694,175.16803877470926,1,0.754274308681488
15,92,5.807319001178257,172.1964989002857,1,0.7533392310142517
15,93,5.824288000439992,171.69480628781676,2,0.4596983939409256
15,94,5.9978039971611,166.72768907975708,2,0.30522333085536957
15,95,5.236036999122007,190.98413555283943,0,0.0
15,96,5.136058000061894,194.7018511060329,0,0.0
15,97,5.2439419996517245,190.6962357833887,0,0.0
15,98,5.124607003381243,195.13691476052597,0,0.0
15,99,5.1694729991140775,193.4433162087075,0,0.0
15,100,5.1536070022848435,194.0388546423217,0,0.0
15,101,5.18987200121046,192.68297941967833,0,0.0
15,102,5.233518000750337,191.0760600912481,0,0.0
15,103,5.761991000326816,173.55112146882576,1,0.28619223833084106
16,0,7.566093001514673,132.16861064221754,0,0.0
16,1,5.982699000014691,167.1486397690314,0,0.0
16,2,5.3422029995999765,187.18869351742714,0,0.0
16,3,6.388859001162928,156.52247135489696,1,0.28571146726608276
16,4,5.8950489983544685,169.6338741678208,1,0.31274622678756714
16,5,5.759695999586256,173.62027441584317,1,0.5151950120925903
16,6,5.202336000365904,192.22134055348704,0,0.0
16,7,6.248974001209717,160.0262698814899,3,0.48167770107587177
16,8,6.050826999853598,165.26666520530094,3,0.5342817505200704
16,9,5.993090999254491,166.85880460089706,2,0.6771768927574158
16,10,5.875146998732816,170.20850716002263,2,0.8173871636390686
16,11,5.859712997335009,170.65682234860287,2,0.7873627543449402
16,12,6.184042998938821,161.70650821341306,5,0.5668946743011475
16,13,6.078204001823906,164.52228317771613,4,0.5483969375491142
16,14,5.896278002182953,169.5985161537116,2,0.8110982477664948
16,15,5.992384998535272,166.878463290398,2,0.871731162071228
16,16,5.977068998618051,167.3060826688145,2,0.8612566590309143
16,17,6.30033799825469,158.72164323200096,2,0.7857153117656708
16,18,6.045705998985795,165.40665394045894,2,0.6646522581577301
16,19,6.055308997019893,165.14433871040237,2,0.4579729735851288
16,20,6.276055999478558,159.33573570457057,3,0.4320542812347412
16,21,5.804923999676248,172.26754390854592,1,0.7202844619750977
16,22,5.228714002441848,191.25161550870686,0,0.0
16,23,5.212584001128562,191.84343116264273,0,0.0
16,24,5.1650420027726796,193.6092677393879,0,0.0
16,25,5.159162999916589,193.82989062686477,0,0.0
16,26,5.1762969997071195,193.18829658664893,0,0.0
16,27,5.298759999277536,188.72339946258103,0,0.0
16,28,5.592395002167905,178.81426465983674,0,0.0
16,29,5.910632000450278,169.1866453407722,1,0.335824579000473
16,30,5.26724299925263,189.852642101739,0,0.0
16,31,5.1592540003184695,193.8264717996579,0,0.0
16,32,5.123662002006313,195.17290555240024,0,0.0
16,33,5.152652996912366,194.07478062257093,0,0.0
16,34,5.766861999290995,173.40453094298852,1,0.2802826762199402
16,35,5.235343000094872,191.00945248131376,0,0.0
16,36,5.179478997888509,193.069611906461,0,0.0
16,37,5.210456001805142,191.92178182745502,0,0.0
16,38,5.759656000009272,173.62148017145296,1,0.3987793028354645
16,39,5.170945998543175,193.38821180529303,0,0.0
16,40,5.09606299965526,196.22991318350034,0,0.0
16,41,5.240213999059051,190.83190117418164,0,0.0
16,42,5.290639001032105,189.01308515000147,0,0.0
16,43,5.745360002038069,174.05349702112085,1,0.3496897518634796
16,44,5.307698000251548,188.40559503434577,0,0.0
16,45,5.690947000402957,175.717679312282,1,0.3118002116680145
16,46,5.193233999307267,192.55824022822605,0,0.0
16,47,5.835938998643542,171.3520309640714,2,0.3944442719221115
16,48,5.919774997892091,168.92533928334763,1,0.6122349500656128
16,49,5.740110998885939,174.2126589876195,1,0.3621065318584442
16,50,5.166063998331083,193.57096627588314,0,0.0
16,51,5.277477997879032,189.48444700326377,0,0.0
16,52,5.779382001492195,173.02888089795886,1,0.4519859552383423
16,53,5.327642000338528,187.70029967037163,0,0.0
16,54,5.167803999938769,193.50579085658987,0,0.0
16,55,5.203983000683365,192.16050472660731,0,0.0
16,56,5.301809000229696,188.61486710605303,0,0.0
16,57,5.152576999535086,194.0776431075614,0,0.0
16,58,5.726019000576343,174.6414044206536,0,0.0
16,59,5.291784000291955,188.9721878188582,0,0.0
16,60,5.166969000129029,193.53706205224535,0,0.0
16,61,5.162274999747751,193.71304319294572,0,0.0
16,62,5.1811789999192115,193.00626363528315,0,0.0
16,63,5.2298709997558035,191.20930517152195,0,0.0
16,64,5.718944001273485,174.8574561627674,1,0.38623046875
16,65,5.203348999202717,192.18391850195422,0,0.0
17,0,8.447549000266008,118.37753175134121,2,0.54283307492733
17,1,6.594630001927726,151.63853009307306,2,0.5221160501241684
17,2,6.066188998374855,164.84814440629893,2,0.5321988165378571
17,3,6.251729999348754,159.95572427218875,3,0.505579431851705
17,4,6.541103000927251,152.87941496384363,4,0.5068550854921341
17,5,6.422254999051802,155.7085478772865,4,0.5369409769773483
17,6,6.633721000980586,150.74495895323025,4,0.5722744166851044
17,7,6.286992000241298,159.05857681409796,3,0.43924547235171
17,8,5.408902998169651,184.88037229330894,0,0.0
17,9,5.179610998311546,193.06469160058177,0,0.0
17,10,5.987177999486448,167.02359610584074,2,0.3589632958173752
17,11,6.307185998593923,158.5493118837676,2,0.49569129943847656
17,12,6.240891998459119,160.23350512184808,1,0.3233337998390198
17,13,6.21152999883634,160.99093141099513,2,0.46881602704524994
17,14,5.717583000659943,174.89907883883393,1,0.47084498405456543
17,15,5.749525000283029,173.92741138629253,0,0.0
17,16,5.491654999786988,182.09446879652643,0,0.0
17,17,5.202479998843046,192.2160200947212,0,0.0
17,18,5.1725619996432215,193.32779386094845,0,0.0
17,19,5.152126999746542,194.09459433923013,0,0.0
17,20,5.113054998219013,195.57779064538158,0,0.0
17,21,5.132743001013296,194.82759994072995,0,0.0
17,22,5.156668001291109,193.92367314506643,0,0.0
17,23,5.107197001052555,195.80211998752105,0,0.0
17,24,5.702803002350265,175.3523661237948,1,0.7218818664550781
17,25,5.211837000388186,191.87092764518889,0,0.0
17,26,5.792158997792285,172.6471943158252,1,0.7838068604469299
17,27,5.8830310008488595,169.98040633403266,2,0.3194529861211777
17,28,5.144634000316728,194.37728707978746,0,0.0
17,29,6.161321001854958,162.30285675733094,3,0.4271061023076375
17,30,5.223280000791419,191.45058274656583,0,0.0
17,31,5.12017300206935,195.30590071777723,0,0.0
17,32,5.7182419986929744,174.87892261792544,1,0.7793274521827698
17,33,6.753046000085305,148.08132507721226,2,0.5213858634233475
17,34,5.250792000879301,190.44746008460046,0,0.0
17,35,5.116643002111232,195.44064332559051,0,0.0
17,36,5.114041003253078,195.54008256169493,0,0.0
17,37,5.172481000045082,193.3308213198433,0,0.0
17,38,5.127148997416953,195.04016764556638,0,0.0
17,39,5.194015997403767,192.5292491397506,0,0.0
17,40,5.261207999865292,190.0704172930635,0,0.0
17,41,5.690317000698997,175.7371337795698,0,0.0
17,42,5.400716003350681,185.16063414176674,0,0.0
17,43,5.371800001739757,186.15734012363293,0,0.0
17,44,5.173909001314314,193.27746192404481,0,0.0
17,45,5.259443001705222,190.1342023624515,0,0.0
17,46,5.279041000903817,189.42834500220616,0,0.0
17,47,6.2486220012942795,160.03528454639593,2,0.347250759601593
17,48,5.577285002800636,179.2987088696112,0,0.0
17,49,5.415690000518225,184.6486781747682,0,0.0
17,50,5.279152999719372,189.42432622300544,0,0.0
17,51,6.124838000687305,163.26962441909222,2,0.3711041361093521
17,52,6.082510000851471,164.4058127089003,3,0.3547722399234772
17,53,6.4059139986056834,156.1057485657255,5,0.45815101861953733
17,54,5.845484000019496,171.07223285474132,2,0.40941791236400604
17,55,5.226203000347596,191.3435050137719,0,0.0
17,56,5.771520001871977,173.26458189101876,1,0.6485041975975037
17,57,5.174764999537729,193.2454903921882,0,0.0
17,58,6.132123999122996,163.0756325447786,3,0.33620142936706543
17,59,6.056833000911865,165.10278553981072,3,0.38563843568166095
17,60,6.047917999239871,165.34615716113947,2,0.5340752899646759
17,61,6.096201999753248,164.03655916265183,3,0.6481739977995554
17,62,6.050018000678392,165.28876441158843,3,0.4440367917219798
17,63,6.000187997415196,166.66144467986456,3,0.7305423319339752
17,64,5.834535997564672,171.39323511199498,2,0.8319459855556488
17,65,6.213235999894096,160.94672727980154,3,0.7159433563550314
17,66,6.688367000606377,149.51332663254553,4,0.6304066330194473
17,67,6.17249599963543,162.00901548726213,3,0.7168712317943573
17,68,6.108179997681873,163.7148873116889,3,0.8021333813667297
17,69,5.852231002791086,170.8750046816459,2,0.8628263771533966
17,70,6.146662999526598,162.68990183405498,3,0.6927774647871653
17,71,6.138379998446908,162.90943217151974,4,0.5979241207242012
17,72,6.136628999229288,162.9559160453715,4,0.46476811170578003
17,73,5.878157000552164,170.12134924366006,2,0.38765446841716766
17,74,5.791035000584088,172.68070386366844,1,0.4915533661842346
17,75,5.898981999052921,169.52077496770622,2,0.37284477055072784
17,76,6.162530000437982,162.27101530198283,4,0.35911596566438675
17,77,5.71924199903151,174.84834531732332,1,0.37723255157470703
18,0,14.790508997975849,67.6109253668589,1,0.6708565950393677
18,1,6.242842002393445,160.18345484582338,1,0.7474591732025146
18,2,5.844781000632793,171.0928091046925,1,0.8235450983047485
18,3,5.772855001850985,173.22451363828887,1,0.6603055000305176
18,4,5.954741998721147,167.93338825003033,2,0.4357823580503464
18,5,6.079296999814687,164.4927036844034,3,0.3580315609773
18,6,5.790470000647474,172.69755302906032,1,0.4136071503162384
18,7,5.734597001719521,174.38016999279105,1,0.38866788148880005
18,8,6.118356002843939,163.4425979029627,2,0.33878831565380096
18,9,5.819501999212662,171.83600935875492,1,0.6854802370071411
18,10,5.745657999796094,174.0444697605546,1,0.8254956007003784
18,11,5.930709998210659,168.61387596117626,0,0.0
18,12,5.445255002996419,183.64612850081755,0,0.0
18,13,5.438353997305967,183.87916647121105,0,0.0
18,14,5.357359998015454,186.65910082026102,0,0.0
18,15,5.375955999625148,186.01342720619877,0,0.0
18,16,5.422648999228841,184.41171466975103,0,0.0
18,17,5.434489998151548,184.00990715598584,0,0.0
18,18,5.361573999834945,186.51239356778154,0,0.0
18,19,5.361856001400156,186.50258413110447,0,0.0
18,20,5.936780999036273,168.44145003198392,1,0.31354373693466187
18,21,5.3866580019530375,185.64386297355998,0,0.0
18,22,5.381308998039458,185.82839237894058,0,0.0
18,23,5.404674000601517,185.02503571699316,0,0.0
18,24,5.363880998629611,186.43217481064264,0,0.0
18,25,5.967430999589851,167.57629875715887,1,0.2532272934913635
18,26,5.381279999710387,185.82939376018692,0,0.0
18,27,5.339130002539605,187.296432101174,0,0.0
18,28,5.397592001827434,185.26780083812102,0,0.0
18,29,5.313436002325034,188.20213503322967,0,0.0
18,30,5.87595499746385,170.18510189945547,1,0.33256056904792786
18,31,5.354239001462702,186.76790478101822,0,0.0
18,32,5.3645430016331375,186.40916844092186,0,0.0
18,33,5.3193960011412855,187.99126814124165,0,0.0
18,34,5.3592069998558145,186.5947704626644,0,0.0
18,35,5.3627540000888985,186.4713540810231,0,0.0
18,36,5.356935002055252,186.67390954274003,0,0.0
18,37,5.3942470003676135,185.3826863938286,0,0.0
18,38,5.933968001045287,168.5212997144317,0,0.0
18,39,5.503539003257174,181.7012652055645,0,0.0
18,40,5.816442997456761,171.92638188618884,1,0.30149057507514954
18,41,5.748350999056129,173.96293305057375,1,0.37683427333831787
18,42,5.759413001214853,173.62880553783287,1,0.35235127806663513
18,43,5.910839001444401,169.18072032678188,2,0.31004205346107483
18,44,5.991344001813559,166.90745844293093,2,0.4200238734483719
18,45,5.296497001836542,188.80403399704625,0,0.0
18,46,5.125676001625834,195.0962174906892,0,0.0
18,47,5.838354001753032,171.2811521363279,1,0.3788124620914459
18,48,5.165176000446081,193.60424502739826,0,0.0
18,49,5.9060630010208115,169.31753010883202,1,0.2738931179046631
18,50,5.360700997698586,186.54276752784983,0,0.0
18,51,5.161611999938032,193.73792528613262,0,0.0
18,52,5.383177998737665,185.76387409714044,0,0.0
18,53,5.188611998164561,192.72977057327543,0,0.0
18,54,5.117457996675512,195.4095178992454,0,0.0
18,55,5.160689001058927,193.77257567638915,0,0.0
18,56,5.197110000153771,192.41463043314693,0,0.0
18,57,5.174456997337984,193.25699305539754,0,0.0
19,0,8.387496000068495,119.22509411531567,1,0.8272327780723572
19,1,6.537098000990227,152.97307763299892,1,0.8193578720092773
19,2,6.05491199894459,165.15516661089484,1,0.8536543846130371
19,3,6.0059919997002,166.50038828721665,1,0.8788682818412781
19,4,5.902029999560909,169.43322891859182,1,0.9079892039299011
19,5,6.811365998146357,146.81342924049886,1,0.8898196220397949
19,6,6.009761997120222,166.39594055125366,1,0.878845751285553
19,7,6.158313000923954,162.38213287469577,3,0.6047353744506836
19,8,6.150703997263918,162.583014959725,2,0.6991264522075653
19,9,6.276651001826394,159.3206312903199,2,0.6130668222904205
19,10,6.0215280027478,166.07080454390822,2,0.717162549495697
19,11,5.9749220017693006,167.36620155106274,2,0.6175011396408081
19,12,5.909208000957733,169.22741589700775,2,0.6404131650924683
19,13,6.088812002417399,164.235650501769,3,0.4750654399394989
19,14,6.11439099884592,163.54858565452358,3,0.42661503950754803
19,15,5.960561997198965,167.76941511050936,2,0.4905024617910385
19,16,6.172882996906992,161.99885863721437,3,0.3320506711800893
19,17,5.245577998721274,190.63676114315186,0,0.0
19,18,5.21329900220735,191.8171199420161,0,0.0
19,19,5.737337996833958,174.29686041711875,1,0.4281059205532074
19,20,5.2726520007126965,189.6578799178917,0,0.0
19,21,5.854873001226224,170.797897715384,1,0.5727556347846985
19,22,5.996091997076292,166.7752930554772,2,0.5236908346414566
19,23,5.782049000117695,172.94907047305284,1,0.7611768245697021
19,24,5.997681000735611,166.731108219552,2,0.6744009852409363
19,25,6.066824000299675,164.83089009185107,3,0.443516343832016
19,26,6.027185001585167,165.91493371067872,2,0.5485546737909317
19,27,5.951415998424636,168.02723927628384,2,0.5276474505662918
19,28,5.726974999561207,174.61225168201688,1,0.5676136016845703
19,29,5.961072001809953,167.7550614547805,1,0.38881221413612366
19,30,5.830537000292679,171.51078879180466,1,0.2540968060493469
19,31,6.270911999308737,159.46643807315957,1,0.7614225745201111
19,32,5.911567001021467,169.15988600437223,1,0.7857667803764343
19,33,5.815136999444803,171.96499413435563,1,0.612193763256073
19,34,5.9443420032039285,168.22719814253824,1,0.8019983768463135
19,35,5.445857997983694,183.62579420363986,0,0.0
19,36,5.9933099983027205,166.85270748270918,2,0.32346849143505096
19,37,5.80771599925356,172.1847280632396,1,0.38941818475723267
19,38,6.2056120004854165,161.14446083992647,4,0.4235249385237694
19,39,5.723507998482091,174.718022629689,1,0.2631113529205322
19,40,5.857947002368746,170.70827025161466,1,0.32786625623703003
19,41,5.779424998763716,173.027593612498,1,0.3173665404319763
19,42,5.705610001314199,175.26609771254354,1,0.5214404463768005
19,43,5.799080998258432,172.44111615276935,1,0.5268446207046509
19,44,5.861989000550238,170.5905623340703,1,0.6468304395675659
19,45,6.0623210010817274,164.95332395324587,2,0.36533892154693604
19,46,5.307784998876741,188.40250692362724,0,0.0
19,47,5.7412679998378735,174.17755102674857,1,0.7425380349159241
19,48,5.872183999599656,170.29439133177303,1,0.8967841863632202
19,49,5.735430000640918,174.3548434708911,1,0.8787925839424133
19,50,5.2183560001139995,191.6312340473042,0,0.0
19,51,5.242472001555143,190.74970733336428,0,0.0
19,52,5.184906000067713,192.86752739334915,0,0.0
19,53,5.2141190026304685,191.78695374913968,0,0.0
19,54,5.8045250007126015,172.27938545828184,1,0.3980862498283386
19,55,5.348332000721712,186.9741818318419,0,0.0
19,56,5.233662999671651,191.07076631849202,0,0.0
19,57,5.1984080018883105,192.3665860080148,0,0.0
19,58,5.852893002156634,170.85567763352702,0,0.0
19,59,5.3306859990698285,187.593116565953,0,0.0
19,60,5.284085997118382,189.2474877481818,0,0.0
19,61,5.207287998928223,192.0385429432408,0,0.0
19,62,5.200912000873359,192.27397037905578,0,0.0
19,63,5.193588000111049,192.5451152418363,0,0.0
19,64,5.210990999330534,191.90207776763998,0,0.0
19,65,5.261335001705447,190.06582923836874,0,0.0
19,66,5.2593380023608916,190.1379982710951,0,0.0
19,67,5.167782997887116,193.50657727092198,0,0.0
19,68,5.135718998644734,194.71470309491042,0,0.0
19,69,5.194835001020692,192.49889549976425,0,0.0
19,70,5.241957001999253,190.76844766536726,0,0.0
19,71,5.266162999760127,189.8915776145839,0,0.0
19,72,5.195320998609532,192.4808881429345,0,0.0
19,73,5.199530001846142,192.3250754673866,0,0.0
19,74,5.198046997975325,192.37994585072178,0,0.0
19,75,5.144366998138139,194.38737562112544,0,0.0
19,76,5.188981001992943,192.71606498769756,0,0.0
19,77,5.156043996976223,193.94714253533385,0,0.0
19,78,5.183831999602262,192.9074862141996,0,0.0
19,79,5.301804998453008,188.61500947163955,0,0.0
19,80,5.18090599871357,193.01643385313344,0,0.0
19,81,5.790866001916584,172.685743318708,1,0.2706786096096039
19,82,5.831813999975566,171.47323285759626,1,0.3625847399234772
19,83,5.737436000345042,174.29388318054637,1,0.2683996856212616
19,84,5.266119002044434,189.89316413316448,0,0.0
19,85,6.295512001088355,158.8433156552036,4,0.3303592801094055
19,86,7.039793999865651,142.04961111349056,9,0.33692774838871425
19,87,7.3106189993268345,136.78732267296115,7,0.3737865005220686
19,88,5.364141998143168,186.42310370347323,0,0.0
19,89,5.234766998910345,191.03046997281012,0,0.0
19,90,5.259678000584245,190.12570729404348,0,0.0
19,91,5.24375399982091,190.70307265256017,0,0.0
19,92,5.275047002214706,189.57177056055696,0,0.0
19,93,5.202945998462383,192.1988043495989,0,0.0
19,94,5.2497350006888155,190.48580544899704,0,0.0
19,95,5.151769000804052,194.1080820673301,0,0.0
19,96,5.324264002410928,187.81938678231978,0,0.0
19,97,5.167570001503918,193.51455320565952,0,0.0
19,98,5.742184002883732,174.14976592491615,1,0.4223889708518982
19,99,5.440961998829152,183.7910281702374,0,0.0
19,100,5.882492998352973,169.99595244397025,1,0.31684303283691406
19,101,5.3547440002148505,186.75029094946026,0,0.0
19,102,5.195196001295699,192.48551926637546,0,0.0
19,103,5.937374000495765,168.42462676538497,2,0.2816110998392105
19,104,6.017109000822529,166.19276796602847,2,0.30854202806949615
20,0,7.63848600035999,130.91599565056106,0,0.0
20,1,6.029970998497447,165.83827687549092,0,0.0
20,2,5.281678000756074,189.33376852145278,0,0.0
20,3,5.19322999753058,192.55838860892115,0,0.0
20,4,6.0148759985168,166.254466467237,0,0.0
20,5,5.3571410026052035,186.66673128702328,0,0.0
20,6,5.3367119980975986,187.38129401707914,0,0.0
20,7,5.2720400017278735,189.67989614499456,0,0.0
20,8,5.929295999521855,168.65408643465278,1,0.27211445569992065
20,9,5.845882998983143,171.06055666422748,0,0.0
20,10,5.933929001912475,168.522407274793,0,0.0
20,11,6.715044997690711,148.9193297057425,2,0.38831727206707
20,12,6.472402998042526,154.5021223651299,1,0.43106696009635925
20,13,6.5056500025093555,153.71254211558886,1,0.41590720415115356
20,14,5.967762001091614,167.56700414947537,0,0.0
20,15,5.925711997406324,168.75609216878894,0,0.0
20,16,6.0497690028569195,165.2955674055925,0,0.0
20,17,5.942191997746704,168.288066151212,0,0.0
20,18,5.942697000136832,168.27376525792494,0,0.0
20,19,5.934621000051266,168.50275695640238,0,0.0
20,20,5.963126001006458,167.6972782113307,0,0.0
20,21,5.998501997964922,166.70828822583778,0,0.0
20,22,6.727314001182094,148.64773664857688,2,0.39963625371456146
20,23,6.801630999689223,147.0235595029621,1,0.5842190384864807
20,24,5.916059999435674,169.03141619513474,0,0.0
20,25,5.961144001048524,167.75303529391454,0,0.0
20,26,6.0789859999204054,164.50111910326711,0,0.0
20,27,6.004266000672942,166.54825084163872,0,0.0
20,28,5.94148399977712,168.30811966126856,0,0.0
20,29,5.895368998608319,169.6246664519326,0,0.0
20,30,6.228512997040525,160.55196488714876,2,0.2678225636482239
20,31,5.789222999737831,172.73475214986289,1,0.36230021715164185
20,32,5.709334000130184,175.15177776903542,1,0.289425253868103
20,33,5.311979999532923,188.25372085134526,0,0.0
20,34,5.831843001942616,171.47238011498166,1,0.29744184017181396
20,35,5.279789998894557,189.40147244670194,0,0.0
20,36,5.821691000164719,171.7713976869789,1,0.5508768558502197
20,37,5.946310000581434,168.17152148176254,2,0.40016989409923553
20,38,5.841464997502044,171.18993273564507,1,0.3929131329059601
20,39,5.78178900104831,172.95684775398888,1,0.26719728112220764
20,40,6.184036999911768,161.70666508209243,3,0.42181673645973206
20,41,5.906955000682501,169.2919617441572,2,0.37287214398384094
20,42,5.2811919995292556,189.35119194476096,0,0.0
20,43,5.202478998398874,192.2160570581375,0,0.0
20,44,5.244935000519035,190.66013208953794,0,0.0
20,45,5.874212998605799,170.23557032020165,2,0.3441469520330429
20,46,6.3174889983201865,158.29073865675096,5,0.36051151156425476
20,47,6.20151499970234,161.25092014580275,4,0.3915437310934067
20,48,6.488479000836378,154.11932440115748,5,0.6264620065689087
20,49,7.075822999468073,141.32631639813138,5,0.5632248640060424
20,50,7.213925000542076,138.62079241534352,6,0.5161746889352798
20,51,6.538877001730725,152.9314589852841,4,0.5218274816870689
20,52,6.3468769985775,157.55780366062334,5,0.5523107528686524
20,53,6.479078998381738,154.34292439554562,5,0.5262826144695282
20,54,6.667076999292476,149.99076808414273,7,0.5163196793624333
20,55,6.399137000698829,156.27107216032306,6,0.4226154734690984
20,56,6.097831999795744,163.99271085748123,2,0.45360657572746277
20,57,5.9484729972609784,168.11037058762105,1,0.2945762872695923
20,58,5.206640002143104,192.06244326252445,0,0.0
20,59,5.845216001034714,171.08007639460732,1,0.32712796330451965
20,60,5.322735996742267,187.87330437054197,0,0.0
20,61,5.307306000759127,188.41951073802147,0,0.0
20,62,5.79044400001294,172.6983284870323,1,0.33107706904411316
20,63,5.294342998240609,188.88084892352373,0,0.0
20,64,5.8233330018993,171.722963408386,1,0.339480459690094
20,65,5.87558800179977,170.19573184738053,2,0.3374696224927902
20,66,5.902601998968748,169.41680976876154,2,0.2943821847438812
20,67,5.158713000128046,193.8467986056171,0,0.0
20,68,5.236753000644967,190.9580230109838,0,0.0
20,69,5.158791998837842,193.8438301496314,0,0.0
20,70,5.213357999309665,191.81494923855539,0,0.0
20,71,5.259767996903975,190.12245418212817,0,0.0
20,72,5.145489001733949,194.34498833114125,0,0.0
20,73,5.155441001988947,193.96982714266426,0,0.0
20,74,5.250250997050898,190.46708444257368,0,0.0
20,75,5.248011002549902,190.54838099884324,0,0.0
20,76,5.741337001381908,174.17545769553428,0,0.0
20,77,5.331921001925366,187.5496654280696,0,0.0
20,78,5.9445000006235205,168.22272687275796,1,0.2995152175426483
20,79,5.312362998665776,188.2401485461657,0,0.0
20,80,5.253995997918537,190.33132122600924,0,0.0
20,81,5.299918000673642,188.6821644925253,0,0.0
20,82,5.29782699959469,188.75663551801614,0,0.0
