true_distance_m,base_quantized_y_px,pixel_offset_px,observed_y_px,estimated_distance_m,signed_error_m,absolute_error_m,relative_error_pct
1.2,475.0,-5,470.0,1.2274432635605295,0.027443263560529507,0.027443263560529507,2.286938630044126
1.2,475.0,-2,473.0,1.212107743143963,0.012107743143963123,0.012107743143963123,1.0089785953302604
1.2,475.0,-1,474.0,1.2070598522178566,0.007059852217856655,0.007059852217856655,0.5883210181547213
1.2,475.0,0,475.0,1.2020434374533817,0.002043437453381758,0.002043437453381758,0.17028645444847984
1.2,475.0,1,476.0,1.1970582053608054,-0.002941794639194528,0.002941794639194528,0.24514955326621068
1.2,475.0,2,477.0,1.1921038660878276,-0.007896133912172365,0.007896133912172365,0.6580111593476972
1.25,466.0,-5,461.0,1.2752496292077253,0.025249629207725333,0.025249629207725333,2.0199703366180266
1.25,466.0,-2,464.0,1.259005490656513,0.009005490656512904,0.009005490656512904,0.7204392525210324
1.25,466.0,-1,465.0,1.2536604778467009,0.0036604778467008714,0.0036604778467008714,0.2928382277360697
1.25,466.0,0,466.0,1.2483497561041785,-0.0016502438958214682,0.0016502438958214682,0.13201951166571746
1.25,466.0,1,467.0,1.2430729964912626,-0.006927003508737428,0.006927003508737428,0.5541602806989943
1.25,466.0,2,468.0,1.2378298742639806,-0.012170125736019388,0.012170125736019388,0.9736100588815512
1.25,466.0,5,471.0,1.222299145971686,-0.027700854028313904,0.027700854028313904,2.2160683222651123
1.3,457.0,-5,452.0,1.325946112971558,0.02594611297155791,0.02594611297155791,1.9958548439659929
1.3,457.0,-2,455.0,1.308710144310474,0.00871014431047401,0.00871014431047401,0.670011100805693
1.3,457.0,-1,456.0,1.3030409830413408,0.0030409830413407057,0.0030409830413407057,0.2339217724108235
1.3,457.0,0,457.0,1.2974092736530591,-0.002590726346940908,0.002590726346940908,0.19928664207237756
1.3,457.0,1,458.0,1.2918146462428892,-0.008185353757110825,0.008185353757110825,0.6296425967008327
1.3,457.0,2,459.0,1.2862567357633519,-0.013743264236648178,0.013743264236648178,1.05717417204986
1.3,457.0,5,462.0,1.2697997266061174,-0.03020027339388265,0.03020027339388265,2.323097953375588
1.35,448.0,-5,443.0,1.3798029655203963,0.029802965520396185,0.029802965520396185,2.2076270755849023
1.35,448.0,-2,446.0,1.3614814747710466,0.011481474771046551,0.011481474771046551,0.8504796126701148
1.35,448.0,-1,447.0,1.3554577584179235,0.005457758417923397,0.005457758417923397,0.4042784013276591
1.35,448.0,0,448.0,1.3494750554754738,-0.0005249445245263384,0.0005249445245263384,0.03888477959454359
1.35,448.0,1,449.0,1.3435329484955398,-0.006467051504460253,0.006467051504460253,0.47904085218224096
1.35,448.0,2,450.0,1.3376310256760438,-0.012368974323956339,0.012368974323956339,0.9162203202930621
1.35,448.0,5,453.0,1.3201623268661429,-0.029837673133857212,0.029837673133857212,2.2101980099153486
1.4000000000000001,440.0,-5,435.0,1.4305745836274326,0.030574583627432483,0.030574583627432483,2.1838988305308913
1.4000000000000001,440.0,-2,438.0,1.4111997241635743,0.011199724163574176,0.011199724163574176,0.7999802973981553
1.4000000000000001,440.0,-1,439.0,1.4048321618678679,0.004832161867867724,0.004832161867867724,0.3451544191334088
1.4000000000000001,440.0,0,440.0,1.3985091679134343,-0.001490832086565863,0.001490832086565863,0.10648800618327592
1.4000000000000001,440.0,1,441.0,1.3922302760127698,-0.007769723987230304,0.007769723987230304,0.5549802848021644
1.4000000000000001,440.0,2,442.0,1.385995026360352,-0.014004973639648144,0.014004973639648144,1.0003552599748673
1.4000000000000001,440.0,5,445.0,1.367546627726179,-0.03245337227382117,0.03245337227382117,2.3180980195586547
1.4500000000000002,432.0,-5,427.0,1.4843246234757443,0.034324623475744165,0.034324623475744165,2.3672154121202866
1.4500000000000002,432.0,-2,430.0,1.4638028694588276,0.013802869458827471,0.013802869458827471,0.9519220316432738
1.4500000000000002,432.0,-1,431.0,1.457061157261589,0.007061157261588846,0.007061157261588846,0.48697636286819623
1.4500000000000002,432.0,0,432.0,1.4503679913405616,0.00036799134056142435,0.00036799134056142435,0.025378713142167195
1.4500000000000002,432.0,1,433.0,1.4437228492128802,-0.006277150787119989,0.006277150787119989,0.4329069508358613
1.4500000000000002,432.0,2,434.0,1.4371252158665577,-0.012874784133442452,0.012874784133442452,0.887916147133962
1.4500000000000002,432.0,5,437.0,1.417612327684669,-0.03238767231533113,0.03238767231533113,2.233632573471112
1.5000000000000002,425.0,-5,420.0,1.5340106059431189,0.034010605943118666,0.034010605943118666,2.267373729541244
1.5000000000000002,425.0,-2,423.0,1.512399672234791,0.01239967223479077,0.01239967223479077,0.826644815652718
1.5000000000000002,425.0,-1,424.0,1.505302849711002,0.0053028497110017,0.0053028497110017,0.35352331406677995
1.5000000000000002,425.0,0,425.0,1.498258451834095,-0.0017415481659053267,0.0017415481659053267,0.11610321106035511
1.5000000000000002,425.0,1,426.0,1.4912658998457882,-0.008734100154212054,0.008734100154212054,0.5822733436141369
1.5000000000000002,425.0,2,427.0,1.4843246234757443,-0.01567537652425588,0.01567537652425588,1.0450251016170584
1.5000000000000002,425.0,5,430.0,1.4638028694588276,-0.03619713054117257,0.03619713054117257,2.4131420360781712
1.5500000000000003,418.0,-5,413.0,1.5863849771239793,0.036384977123979034,0.036384977123979034,2.3474178789663886
1.5500000000000003,418.0,-2,416.0,1.5635957930871363,0.013595793087135988,0.013595793087135988,0.8771479411055475
1.5500000000000003,418.0,-1,417.0,1.5561150456107948,0.006115045610794567,0.006115045610794567,0.3945190716641655
1.5500000000000003,418.0,0,418.0,1.5486910255277297,-0.0013089744722705188,0.0013089744722705188,0.08444996595293669
1.5500000000000003,418.0,1,419.0,1.5413230900194224,-0.008676909980577907,0.008676909980577907,0.5598006439082519
1.5500000000000003,418.0,2,420.0,1.5340106059431189,-0.01598939405688138,0.01598939405688138,1.031573810121379
1.5500000000000003,418.0,5,423.0,1.512399672234791,-0.037600327765209274,0.037600327765209274,2.4258275977554367
1.6000000000000003,411.0,-5,406.0,1.641671997461224,0.04167199746122363,0.04167199746122363,2.6044998413264766
1.6000000000000003,411.0,-2,409.0,1.617605508838784,0.017605508838783646,0.017605508838783646,1.1003443024239776
1.6000000000000003,411.0,-1,410.0,1.6097088178580983,0.009708817858097962,0.009708817858097962,0.6068011161311225
1.6000000000000003,411.0,0,411.0,1.6018736410621959,0.0018736410621955635,0.0018736410621955635,0.11710256638722269
1.6000000000000003,411.0,1,412.0,1.5940992624586994,-0.005900737541300938,0.005900737541300938,0.3687960963313085
1.6000000000000003,411.0,2,413.0,1.5863849771239793,-0.01361502287602101,0.01361502287602101,0.8509389297513129
1.6000000000000003,411.0,5,416.0,1.5635957930871363,-0.03640420691286406,0.03640420691286406,2.275262932054003
1.6500000000000004,405.0,-5,400.0,1.6915677735974293,0.041567773597428914,0.041567773597428914,2.5192590059047824
1.6500000000000004,405.0,-2,403.0,1.6663189989070966,0.016318998907096205,0.016318998907096205,0.9890302367937093
1.6500000000000004,405.0,-1,404.0,1.6580375389814705,0.008037538981470194,0.008037538981470194,0.48712357463455713
1.6500000000000004,405.0,0,405.0,1.6498221342233514,-0.00017786577664891112,0.00017786577664891112,0.010779744039327945
1.6500000000000004,405.0,1,406.0,1.641671997461224,-0.008328002538776413,0.008328002538776413,0.5047274265925098
1.6500000000000004,405.0,2,407.0,1.633586353981591,-0.016413646018409445,0.016413646018409445,0.9947664253581479
1.6500000000000004,405.0,5,410.0,1.6097088178580983,-0.04029118214190208,0.04029118214190208,2.441889826781944
1.7000000000000004,399.0,-5,394.0,1.7439610051820804,0.043961005182080015,0.043961005182080015,2.5859414812988235
1.7000000000000004,399.0,-2,397.0,1.7174406329589356,0.017440632958935165,0.017440632958935165,1.0259195858197152
1.7000000000000004,399.0,-1,398.0,1.7087455813121315,0.008745581312131101,0.008745581312131101,0.5144459595371235
1.7000000000000004,399.0,0,399.0,1.7001215839982453,0.00012158399824491184,0.00012158399824491184,0.007151999896759518
1.7000000000000004,399.0,1,400.0,1.6915677735974293,-0.00843222640257113,0.00843222640257113,0.49601331779830166
1.7000000000000004,399.0,2,401.0,1.6830832967517113,-0.01691670324828909,0.01691670324828909,0.9951001910758286
1.7000000000000004,399.0,5,404.0,1.6580375389814705,-0.04196246101852985,0.04196246101852985,2.46838005991352
1.7500000000000004,393.0,-5,388.0,1.7990440147893272,0.04904401478932674,0.04904401478932674,2.80251513081867
1.7500000000000004,393.0,-2,391.0,1.771153505978839,0.021153505978838583,0.021153505978838583,1.2087717702193472
1.7500000000000004,393.0,-1,392.0,1.762013087475276,0.012013087475275519,0.012013087475275519,0.6864621414443152
1.7500000000000004,393.0,0,393.0,1.7529492399297044,0.002949239929703973,0.002949239929703973,0.1685279959830841
1.7500000000000004,393.0,1,394.0,1.7439610051820804,-0.006038994817920029,0.006038994817920029,0.3450854181668587
1.7500000000000004,393.0,2,395.0,1.7350474409923593,-0.014952559007641142,0.014952559007641142,0.8544319432937794
1.7500000000000004,393.0,5,398.0,1.7087455813121315,-0.04125441868786894,0.04125441868786894,2.3573953535925103
1.8000000000000005,388.0,-5,383.0,1.8471539169062756,0.04715391690627513,0.04715391690627513,2.6196620503486177
1.8000000000000005,388.0,-2,386.0,1.8180388561468501,0.018038856146849636,0.018038856146849636,1.0021586748249796
1.8000000000000005,388.0,-1,387.0,1.8085006291262538,0.008500629126253267,0.008500629126253267,0.47225717368073694
1.8000000000000005,388.0,0,388.0,1.7990440147893272,-0.0009559852106733047,0.0009559852106733047,0.053110289481850245
1.8000000000000005,388.0,1,389.0,1.7896679701346712,-0.010332029865329329,0.010332029865329329,0.5740016591849626
1.8000000000000005,388.0,2,390.0,1.7803714698580917,-0.019628530141908795,0.019628530141908795,1.0904738967727106
1.8000000000000005,388.0,5,393.0,1.7529492399297044,-0.04705076007029607,0.04705076007029607,2.6139311150164475
1.8500000000000005,383.0,-5,378.0,1.8974140423893675,0.04741404238936697,0.04741404238936697,2.562921210236052
1.8500000000000005,383.0,-2,381.0,1.8669919745293975,0.016991974529396936,0.016991974529396936,0.9184851096971314
1.8500000000000005,383.0,-1,382.0,1.8570293922540053,0.007029392254004785,0.007029392254004785,0.3799671488651234
1.8500000000000005,383.0,0,383.0,1.8471539169062756,-0.002846083093724916,0.002846083093724916,0.15384232939053596
1.8500000000000005,383.0,1,384.0,1.8373644110415865,-0.01263558895841399,0.01263558895841399,0.6830048085629181
1.8500000000000005,383.0,2,385.0,1.8276597569332034,-0.02234024306679716,0.02234024306679716,1.2075807063133597
1.8500000000000005,383.0,5,388.0,1.7990440147893272,-0.05095598521067335,0.05095598521067335,2.7543775789553155
1.9000000000000006,378.0,-5,373.0,1.949971839345048,0.04997183934504745,0.04997183934504745,2.6300968076340756
1.9000000000000006,378.0,-2,376.0,1.9181527366557638,0.018152736655763224,0.018152736655763224,0.9554071924085904
1.9000000000000006,378.0,-1,377.0,1.9077368367123282,0.0077368367123276105,0.0077368367123276105,0.40720193222776885
1.9000000000000006,378.0,0,378.0,1.8974140423893675,-0.0025859576106330717,0.0025859576106330717,0.13610303213858269
1.9000000000000006,378.0,1,379.0,1.887183110863123,-0.012816889136877618,0.012816889136877618,0.6745731124672428
1.9000000000000006,378.0,2,380.0,1.877042821331689,-0.022957178668311595,0.022957178668311595,1.2082725614900836
1.9000000000000006,378.0,5,383.0,1.8471539169062756,-0.05284608309372496,0.05284608309372496,2.781372794406576
1.9500000000000006,373.0,-5,368.0,2.0049885525977706,0.054988552597770024,0.054988552597770024,2.819925774244616
1.9500000000000006,373.0,-2,371.0,1.971673925051138,0.0216739250511373,0.0216739250511373,1.1114833359557585
1.9500000000000006,373.0,-1,372.0,1.9607730481924197,0.010773048192419088,0.010773048192419088,0.5524640098676453
1.9500000000000006,373.0,0,373.0,1.949971839345048,-2.8160654952591457e-05,2.8160654952591457e-05,0.001444136151414946
1.9500000000000006,373.0,1,374.0,1.939268937814825,-0.010731062185175722,0.010731062185175722,0.5503108812910624
1.9500000000000006,373.0,2,375.0,1.9286630075640927,-0.02133699243590792,0.02133699243590792,1.09420474030297
1.9500000000000006,373.0,5,378.0,1.8974140423893675,-0.052585957610633116,0.052585957610633116,2.6967157749042614
2.000000000000001,368.0,-5,363.0,2.0626408760410953,0.06264087604109436,0.06264087604109436,3.1320438020547168
2.000000000000001,368.0,-2,366.0,2.027722753130053,0.027722753130051903,0.027722753130051903,1.3861376565025945
2.000000000000001,368.0,-1,367.0,2.01630222191369,0.01630222191368924,0.01630222191368924,0.8151110956844617
2.000000000000001,368.0,0,368.0,2.0049885525977706,0.004988552597769758,0.004988552597769758,0.24942762988848774
2.000000000000001,368.0,1,369.0,1.9937802523066508,-0.006219747693350097,0.006219747693350097,0.31098738466750475
2.000000000000001,368.0,2,370.0,1.98267585584337,-0.017324144156630972,0.017324144156630972,0.8662072078315483
2.000000000000001,368.0,5,373.0,1.949971839345048,-0.05002816065495286,0.05002816065495286,2.501408032747642
2.0500000000000007,364.0,-5,359.0,2.1107901312162407,0.060790131216239995,0.060790131216239995,2.9653722544507306
2.0500000000000007,364.0,-2,362.0,2.074504360572411,0.024504360572410455,0.024504360572410455,1.1953346620688021
2.0500000000000007,364.0,-1,363.0,2.0626408760410953,0.01264087604109454,0.01264087604109454,0.6166280995655871
2.0500000000000007,364.0,0,364.0,2.050890515119019,0.0008905151190181648,0.0008905151190181648,0.043439761903325096
2.0500000000000007,364.0,1,365.0,2.039251667457873,-0.010748332542127592,0.010748332542127592,0.5243089044940287
2.0500000000000007,364.0,2,366.0,2.027722753130053,-0.02227724686994792,0.02227724686994792,1.086694969265752
2.0500000000000007,364.0,5,369.0,1.9937802523066508,-0.05621974769334992,0.05621974769334992,2.7424267167487755
2.1000000000000005,360.0,-5,355.0,2.1608582210129446,0.060858221012944025,0.060858221012944025,2.898010524425905
2.1000000000000005,360.0,-2,358.0,2.1231228482872155,0.023122848287215003,0.023122848287215003,1.1010880136769046
2.1000000000000005,360.0,-1,359.0,2.1107901312162407,0.010790131216240173,0.010790131216240173,0.5138157722019129
2.1000000000000005,360.0,0,360.0,2.09857729839522,-0.0014227016047807517,0.0014227016047807517,0.06774769546575006
2.1000000000000005,360.0,1,361.0,2.0864826102176868,-0.01351738978231376,0.01351738978231376,0.6436852277292265
2.1000000000000005,360.0,2,362.0,2.074504360572411,-0.025495639427589367,0.025495639427589367,1.2140780679804457
2.1000000000000005,360.0,5,365.0,2.039251667457873,-0.060748332542127415,0.060748332542127415,2.892777740101305
2.150000000000001,356.0,-5,351.0,2.212962180998765,0.06296218099876416,0.06296218099876416,2.928473534826239
2.150000000000001,356.0,-2,354.0,2.1736885704867954,0.023688570486794625,0.023688570486794625,1.1017939761299822
2.150000000000001,356.0,-1,355.0,2.1608582210129446,0.010858221012943758,0.010858221012943758,0.505033535485756
2.150000000000001,356.0,0,356.0,2.1481550660619435,-0.0018449339380572916,0.0018449339380572916,0.085810880839874
2.150000000000001,356.0,1,357.0,2.1355772235358987,-0.01442277646410206,0.01442277646410206,0.6708268122838165
2.150000000000001,356.0,2,358.0,2.1231228482872155,-0.026877151712785263,0.026877151712785263,1.2501000796644304
2.150000000000001,356.0,5,361.0,2.0864826102176868,-0.06351738978231403,0.06351738978231403,2.9542971991773954
2.200000000000001,352.0,-5,347.0,2.2672287620713916,0.0672287620713905,0.0672287620713905,3.0558528214268397
2.200000000000001,352.0,-2,350.0,2.2263209016841157,0.026320901684114606,0.026320901684114606,1.196404622005209
2.200000000000001,352.0,-1,351.0,2.212962180998765,0.012962180998763895,0.012962180998763895,0.5891900453983585
2.200000000000001,352.0,0,352.0,2.1997385717518725,-0.00026142824812858123,0.00026142824812858123,0.011883102187662777
2.200000000000001,352.0,1,353.0,2.1866480344612778,-0.01335196553872331,0.01335196553872331,0.6069075244874229
2.200000000000001,352.0,2,354.0,2.1736885704867954,-0.026311429513205642,0.026311429513205642,1.1959740687820741
2.200000000000001,352.0,5,357.0,2.1355772235358987,-0.06442277646410233,0.06442277646410233,2.928308021095559
2.250000000000001,348.0,-5,343.0,2.323795459931741,0.0737954599317403,0.0737954599317403,3.2797982191884567
2.250000000000001,348.0,-2,346.0,2.2811491775631945,0.031149177563193575,0.031149177563193575,1.3844078916974918
2.250000000000001,348.0,-1,347.0,2.2672287620713916,0.01722876207139068,0.01722876207139068,0.7657227587284743
2.250000000000001,348.0,0,348.0,2.253452045832824,0.003452045832823103,0.003452045832823103,0.1534242592365823
2.250000000000001,348.0,1,349.0,2.2398168151806668,-0.010183184819334112,0.010183184819334112,0.45258599197040483
2.250000000000001,348.0,2,350.0,2.2263209016841157,-0.023679098315885216,0.023679098315885216,1.0524043695948981
2.250000000000001,348.0,5,353.0,2.1866480344612778,-0.06335196553872313,0.06335196553872313,2.8156429128321383
2.3000000000000007,345.0,-5,340.0,2.3678193267725156,0.0678193267725149,0.0678193267725149,2.94866638141369
2.3000000000000007,345.0,-2,343.0,2.323795459931741,0.02379545993174048,0.02379545993174048,1.034585214423499
2.3000000000000007,345.0,-1,344.0,2.3094301943060587,0.00943019430605796,0.00943019430605796,0.41000844808947634
2.3000000000000007,345.0,0,345.0,2.2952155523968525,-0.004784447603148223,0.004784447603148223,0.20801946100644444
2.3000000000000007,345.0,1,346.0,2.2811491775631945,-0.018850822436806247,0.018850822436806247,0.8196009755133148
2.3000000000000007,345.0,2,347.0,2.2672287620713916,-0.03277123792860914,0.03277123792860914,1.424836431678658
2.3000000000000007,345.0,5,350.0,2.2263209016841157,-0.07367909831588504,0.07367909831588504,3.203439057212392
2.350000000000001,341.0,-5,336.0,2.4287786333515786,0.07877863335157764,0.07877863335157764,3.3522822702798987
2.350000000000001,341.0,-2,339.0,2.38281167829556,0.03281167829555898,0.03281167829555898,1.3962416295982538
2.350000000000001,341.0,-1,340.0,2.3678193267725156,0.017819326772514632,0.017819326772514632,0.7582692243623245
2.350000000000001,341.0,0,341.0,2.3529875412892904,0.0029875412892894637,0.0029875412892894637,0.12712941656550905
2.350000000000001,341.0,1,342.0,2.3383137561245686,-0.011686243875432378,0.011686243875432378,0.4972869734226542
2.350000000000001,341.0,2,343.0,2.323795459931741,-0.026204540068259785,0.026204540068259785,1.1150868114153096
2.350000000000001,341.0,5,346.0,2.2811491775631945,-0.06885082243680651,0.06885082243680651,2.9298222313534676
2.4000000000000012,338.0,-5,333.0,2.476288589174513,0.07628858917451176,0.07628858917451176,3.178691215604655
2.4000000000000012,338.0,-2,336.0,2.4287786333515786,0.028778633351577376,0.028778633351577376,1.19910972298239
2.4000000000000012,338.0,-1,337.0,2.4132886231462733,0.013288623146272105,0.013288623146272105,0.5536926310946708
2.4000000000000012,338.0,0,338.0,2.3979672174340765,-0.0020327825659247623,0.0020327825659247623,0.08469927358019838
2.4000000000000012,338.0,1,339.0,2.38281167829556,-0.01718832170444129,0.01718832170444129,0.7161800710183867
2.4000000000000012,338.0,2,340.0,2.3678193267725156,-0.032180673227485634,0.032180673227485634,1.3408613844785673
2.4000000000000012,338.0,5,343.0,2.323795459931741,-0.07620454006826005,0.07620454006826005,3.1751891695108334
2.450000000000001,335.0,-5,330.0,2.525420564264694,0.07542056426469301,0.07542056426469301,3.078390378150734
2.450000000000001,335.0,-2,333.0,2.476288589174513,0.026288589174511934,0.026288589174511934,1.073003639775997
2.450000000000001,335.0,-1,334.0,2.4602757235662116,0.010275723566210537,0.010275723566210537,0.4194172884167564
2.450000000000001,335.0,0,335.0,2.4444400465617138,-0.005559953438287302,0.005559953438287302,0.22693687503213467
2.450000000000001,335.0,1,336.0,2.4287786333515786,-0.021221366648422446,0.021221366648422446,0.8661782305478545
2.450000000000001,335.0,2,337.0,2.4132886231462733,-0.03671137685372772,0.03671137685372772,1.4984235450501102
2.450000000000001,335.0,5,340.0,2.3678193267725156,-0.08218067322748546,0.08218067322748546,3.3543131929585885
2.500000000000001,332.0,-5,327.0,2.576259066305423,0.0762590663054219,0.0762590663054219,3.050362652216875
2.500000000000001,332.0,-2,330.0,2.525420564264694,0.02542056426469319,0.02542056426469319,1.0168225705877272
2.500000000000001,332.0,-1,331.0,2.5088579164064098,0.008857916406408872,0.008857916406408872,0.3543166562563548
2.500000000000001,332.0,0,332.0,2.492481634016876,-0.007518365983124831,0.007518365983124831,0.3007346393249931
2.500000000000001,332.0,1,333.0,2.476288589174513,-0.02371141082548789,0.02371141082548789,0.9484564330195152
2.500000000000001,332.0,2,334.0,2.4602757235662116,-0.039724276433789285,0.039724276433789285,1.588971057351571
2.500000000000001,332.0,5,337.0,2.4132886231462733,-0.08671137685372754,0.08671137685372754,3.4684550741491003
2.550000000000001,329.0,-5,324.0,2.6288945772338357,0.07889457723383453,0.07889457723383453,3.093904989562137
2.550000000000001,329.0,-2,327.0,2.576259066305423,0.02625906630542163,0.02625906630542163,1.0297673060949653
2.550000000000001,329.0,-1,328.0,2.559117828135323,0.009117828135321915,0.009117828135321915,0.3575618876596828
2.550000000000001,329.0,0,329.0,2.542172777113504,-0.007827222886497065,0.007827222886497065,0.30694991711753183
2.550000000000001,329.0,1,330.0,2.525420564264694,-0.024579435735307076,0.024579435735307076,0.9638994406002771
2.550000000000001,329.0,2,331.0,2.5088579164064098,-0.041142083593591394,0.041142083593591394,1.6134150428859364
2.550000000000001,329.0,5,334.0,2.4602757235662116,-0.08972427643378955,0.08972427643378955,3.518599075834883
2.6000000000000014,326.0,-5,321.0,2.6834240906752167,0.08342409067521528,0.08342409067521528,3.2086188721236626
2.6000000000000014,326.0,-2,324.0,2.6288945772338357,0.028894577233834262,0.028894577233834262,1.1113298936090095
2.6000000000000014,326.0,-1,325.0,2.611143892272438,0.011143892272436506,0.011143892272436506,0.42861124124755773
2.6000000000000014,326.0,0,326.0,2.5935999185984318,-0.006400081401569668,0.006400081401569668,0.24615697698344863
2.6000000000000014,326.0,1,327.0,2.576259066305423,-0.023740933694578636,0.023740933694578636,0.9131128344068701
2.6000000000000014,326.0,2,328.0,2.559117828135323,-0.04088217186467835,0.04088217186467835,1.5723912255645511
2.6000000000000014,326.0,5,331.0,2.5088579164064098,-0.09114208359359166,0.09114208359359166,3.5054647535996777
2.6500000000000012,323.0,-5,318.0,2.7399517084563145,0.08995170845631328,0.08995170845631328,3.3944040926910652
2.6500000000000012,323.0,-2,321.0,2.6834240906752167,0.033424090675215457,0.033424090675215457,1.2612864405741675
2.6500000000000012,323.0,-1,322.0,2.665030868667062,0.015030868667060826,0.015030868667060826,0.5672025912098423
2.6500000000000012,323.0,0,323.0,2.646855648486248,-0.00314435151375303,0.00314435151375303,0.11865477410388785
2.6500000000000012,323.0,1,324.0,2.6288945772338357,-0.02110542276616556,0.02110542276616556,0.7964310477798321
2.6500000000000012,323.0,2,325.0,2.611143892272438,-0.038856107727563316,0.038856107727563316,1.466268216134464
2.6500000000000012,323.0,5,328.0,2.559117828135323,-0.09088217186467817,0.09088217186467817,3.4295159194218163
2.700000000000001,320.0,-5,315.0,2.798589303915903,0.09858930391590182,0.09858930391590182,3.6514557005889547
2.700000000000001,320.0,-2,318.0,2.7399517084563145,0.03995170845631346,0.03995170845631346,1.4796929057893868
2.700000000000001,320.0,-1,319.0,2.720880419513807,0.020880419513805926,0.020880419513805926,0.7733488708817006
2.700000000000001,320.0,0,320.0,2.702039260394133,0.0020392603941319365,0.0020392603941319365,0.07552816274562725
2.700000000000001,320.0,1,321.0,2.6834240906752167,-0.016575909324784366,0.016575909324784366,0.6139225675846058
2.700000000000001,320.0,2,322.0,2.665030868667062,-0.034969131332938996,0.034969131332938996,1.2951530123310735
2.700000000000001,320.0,5,325.0,2.611143892272438,-0.08885610772756314,0.08885610772756314,3.290966952872708
2.7500000000000013,317.0,-5,312.0,2.859457260905135,0.10945726090513386,0.10945726090513386,3.9802640329139565
2.7500000000000013,317.0,-2,315.0,2.798589303915903,0.04858930391590155,0.04858930391590155,1.7668837787600553
2.7500000000000013,317.0,-1,316.0,2.7788017494712074,0.028801749471206062,0.028801749471206062,1.0473363444074928
2.7500000000000013,317.0,0,317.0,2.7592573694091684,0.009257369409167104,0.009257369409167104,0.33663161487880366
2.7500000000000013,317.0,1,318.0,2.7399517084563145,-0.010048291543686805,0.010048291543686805,0.3653924197704291
2.7500000000000013,317.0,2,319.0,2.720880419513807,-0.02911958048619434,0.02911958048619434,1.0588938358616118
2.7500000000000013,317.0,5,322.0,2.665030868667062,-0.08496913133293926,0.08496913133293926,3.0897865939250626
2.8000000000000016,315.0,-5,310.0,2.901338636252975,0.10133863625297357,0.10133863625297357,3.619237009034768
2.8000000000000016,315.0,-2,313.0,2.8389123183635725,0.0389123183635709,0.0389123183635709,1.389725655841817
2.8000000000000016,315.0,-1,314.0,2.818624599577239,0.01862459957723761,0.01862459957723761,0.6651642706156286
2.8000000000000016,315.0,0,315.0,2.798589303915903,-0.001410696084098717,0.001410696084098717,0.050382003003525584
2.8000000000000016,315.0,1,316.0,2.7788017494712074,-0.021198250528794205,0.021198250528794205,0.757080376028364
2.8000000000000016,315.0,2,317.0,2.7592573694091684,-0.04074263059083316,0.04074263059083316,1.455093949672612
2.8000000000000016,315.0,5,320.0,2.702039260394133,-0.0979607396058686,0.0979607396058686,3.4985978430667335
2.8500000000000014,312.0,-5,307.0,2.966217152206057,0.11621715220605555,0.11621715220605555,4.077794814247561
2.8500000000000014,312.0,-2,310.0,2.901338636252975,0.051338636252973746,0.051338636252973746,1.8013556579990777
2.8500000000000014,312.0,-1,311.0,2.880264350341173,0.030264350341171475,0.030264350341171475,1.061907029514788
2.8500000000000014,312.0,0,312.0,2.859457260905135,0.009457260905133769,0.009457260905133769,0.33183371596960576
2.8500000000000014,312.0,1,313.0,2.8389123183635725,-0.011087681636428925,0.011087681636428925,0.38904146092733055
2.8500000000000014,312.0,2,314.0,2.818624599577239,-0.03137540042276221,0.03137540042276221,1.1008912429039368
2.8500000000000014,312.0,5,317.0,2.7592573694091684,-0.09074263059083298,0.09074263059083298,3.1839519505555423
2.9000000000000012,310.0,-5,305.0,3.010904127673106,0.11090412767310465,0.11090412767310465,3.824280264589814
2.9000000000000012,310.0,-2,308.0,2.9443096527118753,0.04430965271187404,0.04430965271187404,1.5279190590301386
2.9000000000000012,310.0,-1,309.0,2.922685298749407,0.022685298749405725,0.022685298749405725,0.7822516810139901
2.9000000000000012,310.0,0,310.0,2.901338636252975,0.0013386362529739237,0.0013386362529739237,0.046159870792204245
2.9000000000000012,310.0,1,311.0,2.880264350341173,-0.019735649658828347,0.019735649658828347,0.6805396434078738
2.9000000000000012,310.0,2,312.0,2.859457260905135,-0.040542739094866054,0.040542739094866054,1.3980254860298633
2.9000000000000012,310.0,5,315.0,2.798589303915903,-0.10141069608409836,0.10141069608409836,3.49692055462408
2.9500000000000015,308.0,-5,303.0,3.056792820267693,0.10679282026769155,0.10679282026769155,3.620095602294627
2.9500000000000015,308.0,-2,306.0,2.9884133950680556,0.03841339506805408,0.03841339506805408,1.3021489853577646
2.9500000000000015,308.0,-1,307.0,2.966217152206057,0.016217152206055463,0.016217152206055463,0.5497339730866256
2.9500000000000015,308.0,0,308.0,2.9443096527118753,-0.00569034728812623,0.00569034728812623,0.19289312841105855
2.9500000000000015,308.0,1,309.0,2.922685298749407,-0.027314701250594542,0.027314701250594542,0.9259220762913399
2.9500000000000015,308.0,2,310.0,2.901338636252975,-0.04866136374702634,0.04866136374702634,1.6495377541364855
2.9500000000000015,308.0,5,313.0,2.8389123183635725,-0.11108768163642901,0.11108768163642901,3.765684123268778
3.0000000000000018,305.0,-5,300.0,3.127987299800063,0.1279872998000613,0.1279872998000613,4.266243326668707
3.0000000000000018,305.0,-2,303.0,3.056792820267693,0.05679282026769128,0.05679282026769128,1.8930940089230415
3.0000000000000018,305.0,-1,304.0,3.0336952498953527,0.03369524989535089,0.03369524989535089,1.1231749965116955
3.0000000000000018,305.0,0,305.0,3.010904127673106,0.010904127673104114,0.010904127673104114,0.36347092243680357
3.0000000000000018,305.0,1,306.0,2.9884133950680556,-0.011586604931946187,0.011586604931946187,0.386220164398206
3.0000000000000018,305.0,2,307.0,2.966217152206057,-0.033782847793944804,0.033782847793944804,1.1260949264648261
3.0000000000000018,305.0,5,310.0,2.901338636252975,-0.09866136374702661,0.09866136374702661,3.2887121249008855
3.0500000000000016,303.0,-5,298.0,3.1771012445144122,0.12710124451441063,0.12710124451441063,4.167253918505264
3.0500000000000016,303.0,-2,301.0,3.103932365323887,0.053932365323885456,0.053932365323885456,1.7682742729142764
3.0500000000000016,303.0,-1,302.0,3.080203061351166,0.03020306135116435,0.03020306135116435,0.990264306595552
3.0500000000000016,303.0,0,303.0,3.056792820267693,0.006792820267691457,0.006792820267691457,0.22271541861283456
3.0500000000000016,303.0,1,304.0,3.0336952498953527,-0.016304750104648935,0.016304750104648935,0.5345819706442271
3.0500000000000016,303.0,2,305.0,3.010904127673106,-0.03909587232689571,0.03909587232689571,1.2818318795703503
3.0500000000000016,303.0,5,308.0,2.9443096527118753,-0.10569034728812632,0.10569034728812632,3.4652572881352874
3.1000000000000014,301.0,-5,296.0,3.227601181842405,0.12760118184240365,0.12760118184240365,4.116167156206568
3.1000000000000014,301.0,-2,299.0,3.1523746138902244,0.05237461389022302,0.05237461389022302,1.689503673878161
3.1000000000000014,301.0,-1,300.0,3.127987299800063,0.02798729980006165,0.02798729980006165,0.9028161225826334
3.1000000000000014,301.0,0,301.0,3.103932365323887,0.003932365323885634,0.003932365323885634,0.12685049431889137
3.1000000000000014,301.0,1,302.0,3.080203061351166,-0.01979693864883547,0.01979693864883547,0.6386109241559826
3.1000000000000014,301.0,2,303.0,3.056792820267693,-0.043207179732308365,0.043207179732308365,1.3937799913647853
3.1000000000000014,301.0,5,306.0,2.9884133950680556,-0.11158660493194583,0.11158660493194583,3.5995679010305093
3.1500000000000017,299.0,-5,294.0,3.2795466203930723,0.12954662039307063,0.12954662039307063,4.112591123589541
3.1500000000000017,299.0,-2,297.0,3.202174322980737,0.05217432298073543,0.05217432298073543,1.6563277136741397
3.1500000000000017,299.0,-1,298.0,3.1771012445144122,0.02710124451441054,0.02710124451441054,0.8603569687114452
3.1500000000000017,299.0,0,299.0,3.1523746138902244,0.0023746138902227543,0.0023746138902227543,0.07538456794357946
3.1500000000000017,299.0,1,300.0,3.127987299800063,-0.022012700199938617,0.022012700199938617,0.6988158793631304
3.1500000000000017,299.0,2,301.0,3.103932365323887,-0.04606763467611463,0.04606763467611463,1.4624645928925273
3.1500000000000017,299.0,5,304.0,3.0336952498953527,-0.11630475010464902,0.11630475010464902,3.692214289036475
3.200000000000002,297.0,-5,292.0,3.3330005249678387,0.13300052496783676,0.13300052496783676,4.156266405244896
3.200000000000002,297.0,-2,295.0,3.253389362047055,0.05338936204705291,0.05338936204705291,1.6684175639704024
3.200000000000002,297.0,-1,296.0,3.227601181842405,0.027601181842403122,0.027601181842403122,0.862536932575097
3.200000000000002,297.0,0,297.0,3.202174322980737,0.002174322980735166,0.002174322980735166,0.0679475931479739
3.200000000000002,297.0,1,298.0,3.1771012445144122,-0.022898755485589728,0.022898755485589728,0.7155861089246786
3.200000000000002,297.0,2,299.0,3.1523746138902244,-0.04762538610977751,0.04762538610977751,1.4882933159305465
3.200000000000002,297.0,5,302.0,3.080203061351166,-0.119796938648836,0.119796938648836,3.743654332776123
3.2500000000000018,295.0,-5,290.0,3.388029571172072,0.13802957117207004,0.13802957117207004,4.2470637283713835
3.2500000000000018,295.0,-2,293.0,3.3060809373083413,0.05608093730833952,0.05608093730833952,1.7255673017950612
3.2500000000000018,295.0,-1,294.0,3.2795466203930723,0.029546620393070544,0.029546620393070544,0.909126781325247
3.2500000000000018,295.0,0,295.0,3.253389362047055,0.0033893620470530905,0.0033893620470530905,0.10428806298624889
3.2500000000000018,295.0,1,296.0,3.227601181842405,-0.0223988181575967,0.0223988181575967,0.6891944048491289
3.2500000000000018,295.0,2,297.0,3.202174322980737,-0.047825677019264656,0.047825677019264656,1.4715592929004502
3.2500000000000018,295.0,5,300.0,3.127987299800063,-0.1220127001999387,0.1220127001999387,3.754236929228881
3.3000000000000016,293.0,-5,288.0,3.444704422871351,0.14470442287134944,0.14470442287134944,4.384982511253011
3.3000000000000016,293.0,-2,291.0,3.360313835767405,0.06031383576740357,0.06031383576740357,1.8276919929516224
3.3000000000000016,293.0,-1,292.0,3.3330005249678387,0.03300052496783712,0.03300052496783712,1.0000159081162758
3.3000000000000016,293.0,0,293.0,3.3060809373083413,0.006080937308339696,0.006080937308339696,0.1842708275254452
3.3000000000000016,293.0,1,294.0,3.2795466203930723,-0.02045337960692928,0.02045337960692928,0.6197993820281597
3.3000000000000016,293.0,2,295.0,3.253389362047055,-0.04661063795294673,0.04661063795294673,1.4124435743317185
3.3000000000000016,293.0,5,298.0,3.1771012445144122,-0.12289875548558937,0.12289875548558937,3.724204711684525
3.3500000000000023,291.0,-5,286.0,3.503100034920091,0.15310003492008883,0.15310003492008883,4.570150296122052
3.3500000000000023,291.0,-2,289.0,3.416156690958381,0.06615669095837884,0.06615669095837884,1.974826595772501
3.3500000000000023,291.0,-1,290.0,3.388029571172072,0.03802957117206951,0.03802957117206951,1.1352110797632682
3.3500000000000023,291.0,0,291.0,3.360313835767405,0.010313835767402857,0.010313835767402857,0.30787569454933883
3.3500000000000023,291.0,1,292.0,3.3330005249678387,-0.01699947503216359,0.01699947503216359,0.50744701588548
3.3500000000000023,291.0,2,293.0,3.3060809373083413,-0.043919062691661015,0.043919062691661015,1.3110167967659996
3.3500000000000023,291.0,5,296.0,3.227601181842405,-0.12239881815759723,0.12239881815759723,3.6536960644058847
3.400000000000002,290.0,-5,285.0,3.5329678035523537,0.1329678035523516,0.1329678035523516,3.91081775153975
3.400000000000002,290.0,-2,288.0,3.444704422871351,0.0447044228713489,0.0447044228713489,1.3148359668043788
3.400000000000002,290.0,-1,289.0,3.416156690958381,0.016156690958379016,0.016156690958379016,0.4751967928935002
3.400000000000002,290.0,0,290.0,3.388029571172072,-0.011970428827930313,0.011970428827930313,0.3520714361155972
3.400000000000002,290.0,1,291.0,3.360313835767405,-0.039686164232596965,0.039686164232596965,1.1672401244881452
3.400000000000002,290.0,2,292.0,3.3330005249678387,-0.06699947503216341,0.06699947503216341,1.9705727950636285
3.400000000000002,290.0,5,295.0,3.253389362047055,-0.14661063795294726,0.14661063795294726,4.312077586851387
3.450000000000002,288.0,-5,283.0,3.594095304492915,0.1440953044929132,0.1440953044929132,4.176675492548206
3.450000000000002,288.0,-2,286.0,3.503100034920091,0.05310003492008919,0.05310003492008919,1.539131446959106
3.450000000000002,288.0,-1,287.0,3.4736822727179204,0.02368227271791845,0.02368227271791845,0.6864426874758968
3.450000000000002,288.0,0,288.0,3.444704422871351,-0.005295577128650919,0.005295577128650919,0.15349498923625843
3.450000000000002,288.0,1,289.0,3.416156690958381,-0.033843309041620806,0.033843309041620806,0.9809654794672692
3.450000000000002,288.0,2,290.0,3.388029571172072,-0.061970428827930135,0.061970428827930135,1.7962443138530464
3.450000000000002,288.0,5,293.0,3.3060809373083413,-0.14391906269166066,0.14391906269166066,4.171567034540886
3.5000000000000018,286.0,-5,281.0,3.6571519736962883,0.15715197369628653,0.15715197369628653,4.4900563913224705
3.5000000000000018,286.0,-2,284.0,3.5632959838895513,0.06329598388954949,0.06329598388954949,1.8084566825585557
3.5000000000000018,286.0,-1,285.0,3.5329678035523537,0.03296780355235196,0.03296780355235196,0.9419372443529127
3.5000000000000018,286.0,0,286.0,3.503100034920091,0.0031000349200893673,0.0031000349200893673,0.0885724262882676
3.5000000000000018,286.0,1,287.0,3.4736822727179204,-0.02631772728208137,0.02631772728208137,0.7519350652023246
3.5000000000000018,286.0,2,288.0,3.444704422871351,-0.05529557712865074,0.05529557712865074,1.5798736322471634
3.5000000000000018,286.0,5,291.0,3.360313835767405,-0.1396861642325966,0.1396861642325966,3.9910332637884722
3.5500000000000025,284.0,-5,279.0,3.7222306014654616,0.1722306014654591,0.1722306014654591,4.851566238463633
3.5500000000000025,284.0,-2,282.0,3.6253768298637756,0.07537682986377314,0.07537682986377314,2.123290982078115
3.5500000000000025,284.0,-1,283.0,3.594095304492915,0.04409530449291266,0.04409530449291266,1.2421212533214825
3.5500000000000025,284.0,0,284.0,3.5632959838895513,0.01329598388954878,0.01329598388954878,0.37453475745207804
3.5500000000000025,284.0,1,285.0,3.5329678035523537,-0.01703219644764875,0.01703219644764875,0.4797801816239082
3.5500000000000025,284.0,2,286.0,3.503100034920091,-0.04689996507991134,0.04689996507991134,1.3211257768989102
3.5500000000000025,284.0,5,289.0,3.416156690958381,-0.13384330904162134,0.13384330904162134,3.7702340575104576
3.6000000000000023,283.0,-5,278.0,3.7555587870974905,0.15555878709748816,0.15555878709748816,4.321077419374668
3.6000000000000023,283.0,-2,281.0,3.6571519736962883,0.057151973696285996,0.057151973696285996,1.587554824896832
3.6000000000000023,283.0,-1,282.0,3.6253768298637756,0.02537682986377332,0.02537682986377332,0.7049119406603696
3.6000000000000023,283.0,0,283.0,3.594095304492915,-0.005904695507087165,0.005904695507087165,0.16401931964131006
3.6000000000000023,283.0,1,284.0,3.5632959838895513,-0.03670401611045104,0.03670401611045104,1.019556003068084
3.6000000000000023,283.0,2,285.0,3.5329678035523537,-0.06703219644764857,0.06703219644764857,1.8620054568791258
3.6000000000000023,283.0,5,288.0,3.444704422871351,-0.15529557712865127,0.15529557712865127,4.313766031351421
3.650000000000002,281.0,-5,276.0,3.823857699581332,0.17385769958132968,0.17385769958132968,4.763224646063824
3.650000000000002,281.0,-2,279.0,3.7222306014654616,0.07223060146545945,0.07223060146545945,1.9789205880947784
3.650000000000002,281.0,-1,280.0,3.689432512762532,0.0394325127625299,0.0394325127625299,1.0803428154117776
3.650000000000002,281.0,0,281.0,3.6571519736962883,0.0071519736962861735,0.0071519736962861735,0.19594448482975804
3.650000000000002,281.0,1,282.0,3.6253768298637756,-0.024623170136226502,0.024623170136226502,0.6746074009925065
3.650000000000002,281.0,2,283.0,3.594095304492915,-0.05590469550708699,0.05590469550708699,1.5316354933448482
3.650000000000002,281.0,5,286.0,3.503100034920091,-0.146899965079911,0.146899965079911,4.024656577531806
3.700000000000002,280.0,-5,275.0,3.8588556334949464,0.15885563349494447,0.15885563349494447,4.293395499863362
3.700000000000002,280.0,-2,278.0,3.7555587870974905,0.055558787097488516,0.055558787097488516,1.5015888404726618
3.700000000000002,280.0,-1,279.0,3.7222306014654616,0.022230601465459632,0.022230601465459632,0.6008270666340438
3.700000000000002,280.0,0,280.0,3.689432512762532,-0.01056748723746992,0.01056748723746992,0.28560776317486253
3.700000000000002,280.0,1,281.0,3.6571519736962883,-0.04284802630371365,0.04284802630371365,1.1580547649652333
3.700000000000002,280.0,2,282.0,3.6253768298637756,-0.07462317013622632,0.07462317013622632,2.016842436114224
3.700000000000002,280.0,5,285.0,3.5329678035523537,-0.16703219644764822,0.16703219644764822,4.514383687774274
3.7500000000000027,278.0,-5,273.0,3.930619911182698,0.18061991118269516,0.18061991118269516,4.816530964871867
3.7500000000000027,278.0,-2,276.0,3.823857699581332,0.07385769958132915,0.07385769958132915,1.9695386555021095
3.7500000000000027,278.0,-1,277.0,3.789430025844956,0.03943002584495314,0.03943002584495314,1.0514673558654164
3.7500000000000027,278.0,0,278.0,3.7555587870974905,0.005558787097487805,0.005558787097487805,0.1482343225996747
3.7500000000000027,278.0,1,279.0,3.7222306014654616,-0.02776939853454108,0.02776939853454108,0.7405172942544282
3.7500000000000027,278.0,2,280.0,3.689432512762532,-0.06056748723747063,0.06056748723747063,1.6151329929992155
3.7500000000000027,278.0,5,283.0,3.594095304492915,-0.15590469550708752,0.15590469550708752,4.157458546855664
3.8000000000000025,277.0,-5,272.0,3.9674162932389003,0.16741629323889784,0.16741629323889784,4.405691927339414
3.8000000000000025,277.0,-2,275.0,3.8588556334949464,0.05885563349494394,0.05885563349494394,1.5488324603932604
3.8000000000000025,277.0,-1,276.0,3.823857699581332,0.023857699581329328,0.023857699581329328,0.6278341995086661
3.8000000000000025,277.0,0,277.0,3.789430025844956,-0.01056997415504668,0.01056997415504668,0.2781572146064914
3.8000000000000025,277.0,1,278.0,3.7555587870974905,-0.04444121290251202,0.04444121290251202,1.169505602697684
3.8000000000000025,277.0,2,279.0,3.7222306014654616,-0.0777693985345409,0.0777693985345409,2.0465631193300227
3.8000000000000025,277.0,5,282.0,3.6253768298637756,-0.17462317013622686,0.17462317013622686,4.595346582532283
3.8500000000000023,275.0,-5,270.0,4.04291653234155,0.19291653234154804,0.19291653234154804,5.010819021858388
3.8500000000000023,275.0,-2,273.0,3.930619911182698,0.08061991118269551,0.08061991118269551,2.094023667082999
3.8500000000000023,275.0,-1,274.0,3.8944381145999625,0.044438114599960166,0.044438114599960166,1.1542367428561076
3.8500000000000023,275.0,0,275.0,3.8588556334949464,0.008855633494944115,0.008855633494944115,0.23001645441413274
3.8500000000000023,275.0,1,276.0,3.823857699581332,-0.026142300418670494,0.026142300418670494,0.6790207900953371
3.8500000000000023,275.0,2,277.0,3.789430025844956,-0.0605699741550465,0.0605699741550465,1.5732460819492589
3.8500000000000023,275.0,5,280.0,3.689432512762532,-0.16056748723747027,0.16056748723747027,4.170584084090134
3.900000000000002,274.0,-5,269.0,4.08165363695277,0.1816536369527677,0.1816536369527677,4.657785562891477
3.900000000000002,274.0,-2,272.0,3.9674162932389003,0.0674162932388982,0.0674162932388982,1.7286229035614915
3.900000000000002,274.0,-1,273.0,3.930619911182698,0.03061991118269569,0.03061991118269569,0.7851259277614276
3.900000000000002,274.0,0,274.0,3.8944381145999625,-0.005561885400039657,0.005561885400039657,0.1426124461548629
3.900000000000002,274.0,1,275.0,3.8588556334949464,-0.04114436650505571,0.04114436650505571,1.0549837565398894
3.900000000000002,274.0,2,276.0,3.823857699581332,-0.07614230041867032,0.07614230041867032,1.9523666774018018
3.900000000000002,274.0,5,279.0,3.7222306014654616,-0.17776939853454055,0.17776939853454055,4.558189706013858
3.950000000000003,272.0,-5,267.0,4.161189358631817,0.2111893586318141,0.2111893586318141,5.346566041311745
3.950000000000003,272.0,-2,270.0,4.04291653234155,0.09291653234154751,0.09291653234154751,2.3523172744695553
3.950000000000003,272.0,-1,271.0,4.004843053961383,0.05484305396138023,0.05484305396138023,1.3884317458577262
3.950000000000003,272.0,0,272.0,3.9674162932389003,0.017416293238897484,0.017416293238897484,0.44091881617461953
3.950000000000003,272.0,1,273.0,3.930619911182698,-0.01938008881730502,0.01938008881730502,0.49063515993177226
3.950000000000003,272.0,2,274.0,3.8944381145999625,-0.05556188540004037,0.05556188540004037,1.4066300101276032
3.950000000000003,272.0,5,277.0,3.789430025844956,-0.16056997415504703,0.16056997415504703,4.065062636836632
4.000000000000003,271.0,-5,266.0,4.202024872843546,0.20202487284354298,0.20202487284354298,5.050621821088571
4.000000000000003,271.0,-2,269.0,4.08165363695277,0.08165363695276717,0.08165363695276717,2.041340923819178
4.000000000000003,271.0,-1,270.0,4.04291653234155,0.042916532341547686,0.042916532341547686,1.0729133085386915
4.000000000000003,271.0,0,271.0,4.004843053961383,0.004843053961380406,0.004843053961380406,0.12107634903451006
4.000000000000003,271.0,1,272.0,3.9674162932389003,-0.03258370676110234,0.03258370676110234,0.8145926690275579
4.000000000000003,271.0,2,273.0,3.930619911182698,-0.06938008881730484,0.06938008881730484,1.73450222043262
4.000000000000003,271.0,5,276.0,3.823857699581332,-0.17614230041867085,0.17614230041867085,4.403557510466769
4.0500000000000025,270.0,-5,265.0,4.24359786465229,0.19359786465228712,0.19359786465228712,4.780194188945358
4.0500000000000025,270.0,-2,268.0,4.121071870988323,0.07107187098832046,0.07107187098832046,1.7548610120572943
4.0500000000000025,270.0,-1,269.0,4.08165363695277,0.03165363695276735,0.03165363695276735,0.7815712827843786
4.0500000000000025,270.0,0,270.0,4.04291653234155,-0.007083467658452136,0.007083467658452136,0.17490043601116376
4.0500000000000025,270.0,1,271.0,4.004843053961383,-0.04515694603861942,0.04515694603861942,1.1149863219412195
4.0500000000000025,270.0,2,272.0,3.9674162932389003,-0.08258370676110216,0.08258370676110216,2.0391038706444964
4.0500000000000025,270.0,5,275.0,3.8588556334949464,-0.19114436650505606,0.19114436650505606,4.71961398777916
4.100000000000002,269.0,-5,264.0,4.285928494048581,0.18592849404857859,0.18592849404857859,4.534841318258011
4.100000000000002,269.0,-2,267.0,4.161189358631817,0.06118935863181463,0.06118935863181463,1.4924233812637706
4.100000000000002,269.0,-1,268.0,4.121071870988323,0.02107187098832064,0.02107187098832064,0.513948072885869
4.100000000000002,269.0,0,269.0,4.08165363695277,-0.018346363047232472,0.018346363047232472,0.4474722694446942
4.100000000000002,269.0,1,270.0,4.04291653234155,-0.05708346765845196,0.05708346765845196,1.3922796989866324
4.100000000000002,269.0,2,271.0,4.004843053961383,-0.09515694603861924,0.09515694603861924,2.320901122893151
4.100000000000002,269.0,5,274.0,3.8944381145999625,-0.20556188540003983,0.20556188540003983,5.013704521952189
4.150000000000003,267.0,-5,262.0,4.372947047776889,0.222947047776886,0.222947047776886,5.372218018720141
4.150000000000003,267.0,-2,265.0,4.24359786465229,0.09359786465228659,0.09359786465228659,2.2553702325852174
4.150000000000003,267.0,-1,266.0,4.202024872843546,0.052024872843542624,0.052024872843542624,1.2536113938203033
4.150000000000003,267.0,0,267.0,4.161189358631817,0.011189358631813917,0.011189358631813917,0.26962309956178093
4.150000000000003,267.0,1,268.0,4.121071870988323,-0.02892812901168007,0.02892812901168007,0.6970633496790373
4.150000000000003,267.0,2,269.0,4.08165363695277,-0.06834636304723318,0.06834636304723318,1.6469003143911598
4.150000000000003,267.0,5,272.0,3.9674162932389003,-0.1825837067611027,0.1825837067611027,4.399607391833796
4.200000000000003,266.0,-5,261.0,4.417679139474614,0.21767913947461093,0.21767913947461093,5.182836654157399
4.200000000000003,266.0,-2,264.0,4.285928494048581,0.08592849404857805,0.08592849404857805,2.0459165249661426
4.200000000000003,266.0,-1,265.0,4.24359786465229,0.043597864652286766,0.043597864652286766,1.0380443964830175
4.200000000000003,266.0,0,266.0,4.202024872843546,0.002024872843542802,0.002024872843542802,0.048211258179590495
4.200000000000003,266.0,1,267.0,4.161189358631817,-0.038810641368185905,0.038810641368185905,0.9240628897187113
4.200000000000003,266.0,2,268.0,4.121071870988323,-0.07892812901167989,0.07892812901167989,1.879241166944758
4.200000000000003,266.0,5,271.0,4.004843053961383,-0.19515694603861977,0.19515694603861977,4.646593953300467
4.250000000000003,265.0,-5,260.0,4.463257278248606,0.2132572782486033,0.2132572782486033,5.01781831173184
4.250000000000003,265.0,-2,263.0,4.329037662582519,0.07903766258251643,0.07903766258251643,1.8597097078239149
4.250000000000003,265.0,-1,264.0,4.285928494048581,0.03592849404857823,0.03592849404857823,0.8453763305547815
4.250000000000003,265.0,0,265.0,4.24359786465229,-0.006402135347713056,0.006402135347713056,0.15063847876971886
4.250000000000003,265.0,1,266.0,4.202024872843546,-0.04797512715645702,0.04797512715645702,1.1288265213284
4.250000000000003,265.0,2,267.0,4.161189358631817,-0.08881064136818573,0.08881064136818573,2.089662149839663
4.250000000000003,265.0,5,270.0,4.04291653234155,-0.2070834676584523,0.2070834676584523,4.872552180198875
4.3000000000000025,264.0,-5,259.0,4.509705696011821,0.20970569601181843,0.20970569601181843,4.876876651437636
4.3000000000000025,264.0,-2,262.0,4.372947047776889,0.07294704777688654,0.07294704777688654,1.6964429715555
4.3000000000000025,264.0,-1,263.0,4.329037662582519,0.02903766258251661,0.02903766258251661,0.6752944786631766
4.3000000000000025,264.0,0,264.0,4.285928494048581,-0.014071505951421592,0.014071505951421592,0.3272443244516648
4.3000000000000025,264.0,1,265.0,4.24359786465229,-0.05640213534771288,0.05640213534771288,1.31167756622588
4.3000000000000025,264.0,2,266.0,4.202024872843546,-0.09797512715645684,0.09797512715645684,2.278491329219925
4.3000000000000025,264.0,5,269.0,4.08165363695277,-0.21834636304723265,0.21834636304723265,5.077822396447268
4.350000000000003,263.0,-5,258.0,4.557049558976003,0.2070495589760002,0.2070495589760002,4.759759976459771
4.350000000000003,263.0,-2,261.0,4.417679139474614,0.06767913947461057,0.06767913947461057,1.5558422867726556
4.350000000000003,263.0,-1,262.0,4.372947047776889,0.02294704777688583,0.02294704777688583,0.5275183396985245
4.350000000000003,263.0,0,263.0,4.329037662582519,-0.0209623374174841,0.0209623374174841,0.4818928141950365
4.350000000000003,263.0,1,264.0,4.285928494048581,-0.0640715059514223,0.0640715059514223,1.4729081827913162
4.350000000000003,263.0,2,265.0,4.24359786465229,-0.10640213534771359,0.10640213534771359,2.446026099947437
4.350000000000003,263.0,5,268.0,4.121071870988323,-0.22892812901168025,0.22892812901168025,5.26271560946391
4.400000000000003,261.0,-5,256.0,4.654529232334054,0.25452923233405134,0.25452923233405134,5.784755280319344
4.400000000000003,261.0,-2,259.0,4.509705696011821,0.1097056960118179,0.1097056960118179,2.4933112729958595
4.400000000000003,261.0,-1,260.0,4.463257278248606,0.06325727824860294,0.06325727824860294,1.437665414740975
4.400000000000003,261.0,0,261.0,4.417679139474614,0.01767913947461075,0.01767913947461075,0.4017986244229713
4.400000000000003,261.0,1,262.0,4.372947047776889,-0.02705295222311399,0.02705295222311399,0.6148398232525902
4.400000000000003,261.0,2,263.0,4.329037662582519,-0.07096233741748392,0.07096233741748392,1.6127803958519062
4.400000000000003,261.0,5,266.0,4.202024872843546,-0.19797512715645738,0.19797512715645738,4.4994347081013
4.450000000000003,260.0,-5,255.0,4.704720469444975,0.2547204694449725,0.2547204694449725,5.724055493145446
4.450000000000003,260.0,-2,258.0,4.557049558976003,0.10704955897600055,0.10704955897600055,2.405608066876415
4.450000000000003,260.0,-1,259.0,4.509705696011821,0.05970569601181808,0.05970569601181808,1.341701033973439
4.450000000000003,260.0,0,260.0,4.463257278248606,0.013257278248603122,0.013257278248603122,0.29791636513714864
4.450000000000003,260.0,1,261.0,4.417679139474614,-0.03232086052538907,0.03232086052538907,0.7263114724806529
4.450000000000003,260.0,2,262.0,4.372947047776889,-0.07705295222311381,0.07705295222311381,1.7315270162497474
4.450000000000003,260.0,5,265.0,4.24359786465229,-0.20640213534771323,0.20640213534771323,4.6382502325328785
4.500000000000003,259.0,-5,254.0,4.75591811029245,0.2559181102924475,0.2559181102924475,5.687069117609941
4.500000000000003,259.0,-2,257.0,4.605315013119116,0.10531501311911295,0.10531501311911295,2.3403336248691753
4.500000000000003,259.0,-1,258.0,4.557049558976003,0.057049558976000725,0.057049558976000725,1.2677679772444599
4.500000000000003,259.0,0,259.0,4.509705696011821,0.009705696011818254,0.009705696011818254,0.2156821335959611
4.500000000000003,259.0,1,260.0,4.463257278248606,-0.0367427217513967,0.0367427217513967,0.816504927808815
4.500000000000003,259.0,2,261.0,4.417679139474614,-0.0823208605253889,0.0823208605253889,1.829352456119752
4.500000000000003,259.0,5,264.0,4.285928494048581,-0.21407150595142177,0.21407150595142177,4.757144576698258
4.550000000000003,258.0,-5,253.0,4.808152731105021,0.25815273110501735,0.25815273110501735,5.673686397912465
4.550000000000003,258.0,-2,256.0,4.654529232334054,0.10452923233405098,0.10452923233405098,2.2973457655835365
4.550000000000003,258.0,-1,257.0,4.605315013119116,0.055315013119112244,0.055315013119112244,1.2157145740464221
4.550000000000003,258.0,0,258.0,4.557049558976003,0.007049558976000014,0.007049558976000014,0.1549353621098903
4.550000000000003,258.0,1,259.0,4.509705696011821,-0.040294303988182456,0.040294303988182456,0.8855890986413719
4.550000000000003,258.0,2,260.0,4.463257278248606,-0.08674272175139741,0.08674272175139741,1.906433445085656
4.550000000000003,258.0,5,263.0,4.329037662582519,-0.22096233741748428,0.22096233741748428,4.856315108076574
4.600000000000003,257.0,-5,252.0,4.86145615939251,0.2614561593925071,0.2614561593925071,5.68382955201102
4.600000000000003,257.0,-2,255.0,4.704720469444975,0.10472046944497215,0.10472046944497215,2.276531944455915
4.600000000000003,257.0,-1,256.0,4.654529232334054,0.05452923233405116,0.05452923233405116,1.1854180942185026
4.600000000000003,257.0,0,257.0,4.605315013119116,0.005315013119112422,0.005315013119112422,0.11554376345896561
4.600000000000003,257.0,1,258.0,4.557049558976003,-0.04295044102399981,0.04295044102399981,0.9337052396521691
4.600000000000003,257.0,2,259.0,4.509705696011821,-0.09029430398818228,0.09029430398818228,1.9629196519170045
4.600000000000003,257.0,5,262.0,4.372947047776889,-0.22705295222311417,0.22705295222311417,4.93593374398074
4.650000000000003,256.0,-5,251.0,4.915861538615907,0.265861538615904,0.265861538615904,5.71745244335277
4.650000000000003,256.0,-2,254.0,4.75591811029245,0.10591811029244713,0.10591811029244713,2.2778088234934852
4.650000000000003,256.0,-1,255.0,4.704720469444975,0.05472046944497233,0.05472046944497233,1.176784289139189
4.650000000000003,256.0,0,256.0,4.654529232334054,0.004529232334051336,0.004529232334051336,0.09740284589357706
4.650000000000003,256.0,1,257.0,4.605315013119116,-0.0446849868808874,0.0446849868808874,0.9609674598040294
4.650000000000003,256.0,2,258.0,4.557049558976003,-0.09295044102399963,0.09295044102399963,1.9989342155698833
4.650000000000003,256.0,5,261.0,4.417679139474614,-0.23232086052538925,0.23232086052538925,4.996147538180411
4.700000000000003,255.0,-5,250.0,4.97140339690993,0.27140339690992743,0.27140339690992743,5.774540359785687
4.700000000000003,255.0,-2,253.0,4.808152731105021,0.10815273110501789,0.10815273110501789,2.3011219384046346
4.700000000000003,255.0,-1,254.0,4.75591811029245,0.05591811029244731,0.05591811029244731,1.1897470274988782
4.700000000000003,255.0,0,255.0,4.704720469444975,0.004720469444972508,0.004720469444972508,0.100435520105798
4.700000000000003,255.0,1,256.0,4.654529232334054,-0.045470767665948486,0.045470767665948486,0.9674631418286906
4.700000000000003,255.0,2,257.0,4.605315013119116,-0.09468498688088722,0.09468498688088722,2.014574188955046
4.700000000000003,255.0,5,260.0,4.463257278248606,-0.23674272175139688,0.23674272175139688,5.0370791861999304
4.7500000000000036,254.0,-5,249.0,5.028117720157712,0.2781177201577085,0.2781177201577085,5.855109898057017
4.7500000000000036,254.0,-2,252.0,4.86145615939251,0.11145615939250675,0.11145615939250675,2.346445460894877
4.7500000000000036,254.0,-1,253.0,4.808152731105021,0.058152731105017175,0.058152731105017175,1.2242680232635186
4.7500000000000036,254.0,0,254.0,4.75591811029245,0.005918110292446599,0.005918110292446599,0.12459179563045462
4.7500000000000036,254.0,1,255.0,4.704720469444975,-0.0452795305550282,0.0452795305550282,0.9532532748426983
4.7500000000000036,254.0,2,256.0,4.654529232334054,-0.0954707676659492,0.0954707676659492,2.009910898230508
4.7500000000000036,254.0,5,259.0,4.509705696011821,-0.24029430398818263,0.24029430398818263,5.058827452382789
4.800000000000003,253.0,-5,248.0,5.0860420297425675,0.2860420297425641,0.2860420297425641,5.959208952970081
4.800000000000003,253.0,-2,251.0,4.915861538615907,0.11586153861590365,0.11586153861590365,2.413782054497991
4.800000000000003,253.0,-1,252.0,4.86145615939251,0.061456159392506926,0.061456159392506926,1.28033665401056
4.800000000000003,253.0,0,253.0,4.808152731105021,0.008152731105017352,0.008152731105017352,0.1698485646878614
4.800000000000003,253.0,1,254.0,4.75591811029245,-0.04408188970755322,0.04408188970755322,0.9183727022406916
4.800000000000003,253.0,2,255.0,4.704720469444975,-0.09527953055502802,0.09527953055502802,1.9849902198964158
4.800000000000003,253.0,5,258.0,4.557049558976003,-0.24295044102399999,0.24295044102399999,5.061467521333329
4.850000000000003,252.0,-5,247.0,5.145215465329874,0.2952154653298704,0.2952154653298704,6.0869168109251595
4.850000000000003,252.0,-2,250.0,4.97140339690993,0.12140339690992707,0.12140339690992707,2.5031628228850926
4.850000000000003,252.0,-1,251.0,4.915861538615907,0.06586153861590383,0.06586153861590383,1.3579698683691501
4.850000000000003,252.0,0,252.0,4.86145615939251,0.011456159392507104,0.011456159392507104,0.23620947201045558
4.850000000000003,252.0,1,253.0,4.808152731105021,-0.04184726889498247,0.04184726889498247,0.8628302864944833
4.850000000000003,252.0,2,254.0,4.75591811029245,-0.09408188970755305,0.09408188970755305,1.9398327774753192
4.850000000000003,252.0,5,257.0,4.605315013119116,-0.24468498688088758,0.24468498688088758,5.045051275894586
4.900000000000003,251.0,-5,246.0,5.205678873062847,0.3056788730628437,0.3056788730628437,6.238344348221296
4.900000000000003,251.0,-2,249.0,5.028117720157712,0.12811772015770906,0.12811772015770906,2.6146473501573264
4.900000000000003,251.0,-1,250.0,4.97140339690993,0.07140339690992725,0.07140339690992725,1.4572121818352493
4.900000000000003,251.0,0,251.0,4.915861538615907,0.015861538615904003,0.015861538615904003,0.32370486971232637
4.900000000000003,251.0,1,252.0,4.86145615939251,-0.03854384060749272,0.03854384060749272,0.7866089919896467
4.900000000000003,251.0,2,253.0,4.808152731105021,-0.09184726889498229,0.09184726889498229,1.8744340590812703
4.900000000000003,251.0,5,256.0,4.654529232334054,-0.24547076766594866,0.24547076766594866,5.009607503386705
4.950000000000004,250.0,-5,245.0,5.267474899589832,0.3174748995898282,0.3174748995898282,6.41363433514804
4.950000000000004,250.0,-2,248.0,5.0860420297425675,0.13604202974256374,0.13604202974256374,2.748323833183104
4.950000000000004,250.0,-1,249.0,5.028117720157712,0.07811772015770835,0.07811772015770835,1.5781357607617836
4.950000000000004,250.0,0,250.0,4.97140339690993,0.021403396909926542,0.021403396909926542,0.43239185676619246
4.950000000000004,250.0,1,251.0,4.915861538615907,-0.03413846138409671,0.03413846138409671,0.6896658865474077
4.950000000000004,250.0,2,252.0,4.86145615939251,-0.08854384060749343,0.08854384060749343,1.7887644567170378
4.950000000000004,250.0,5,255.0,4.704720469444975,-0.24527953055502838,0.24527953055502838,4.955142031414711
5.0000000000000036,249.0,-5,244.0,5.330648092378006,0.3306480923780022,0.3306480923780022,6.612961847560039
5.0000000000000036,249.0,-2,247.0,5.145215465329874,0.14521546532987006,0.14521546532987006,2.904309306597399
5.0000000000000036,249.0,-1,248.0,5.0860420297425675,0.08604202974256392,0.08604202974256392,1.720840594851277
5.0000000000000036,249.0,0,249.0,5.028117720157712,0.028117720157708526,0.028117720157708526,0.5623544031541701
5.0000000000000036,249.0,1,250.0,4.97140339690993,-0.02859660309007328,0.02859660309007328,0.5719320618014653
5.0000000000000036,249.0,2,251.0,4.915861538615907,-0.08413846138409653,0.08413846138409653,1.6827692276819295
5.0000000000000036,249.0,5,254.0,4.75591811029245,-0.2440818897075534,0.2440818897075534,4.8816377941510645
5.050000000000003,249.0,-5,244.0,5.330648092378006,0.28064809237800237,0.28064809237800237,5.5573879678812315
5.050000000000003,249.0,-2,247.0,5.145215465329874,0.09521546532987024,0.09521546532987024,1.8854547590073303
5.050000000000003,249.0,-1,248.0,5.0860420297425675,0.0360420297425641,0.0360420297425641,0.7137035592586944
5.050000000000003,249.0,0,249.0,5.028117720157712,-0.021882279842291297,0.021882279842291297,0.4333124721245798
5.050000000000003,249.0,1,250.0,4.97140339690993,-0.0785966030900731,0.0785966030900731,1.5563683780212485
5.050000000000003,249.0,2,251.0,4.915861538615907,-0.13413846138409635,0.13413846138409635,2.656207156120718
5.050000000000003,249.0,5,254.0,4.75591811029245,-0.2940818897075532,0.2940818897075532,5.823403756585209
5.100000000000003,248.0,-5,243.0,5.395245006809305,0.295245006809302,0.295245006809302,5.7891177805745455
5.100000000000003,248.0,-2,246.0,5.205678873062847,0.10567887306284351,0.10567887306284351,2.072134765938107
5.100000000000003,248.0,-1,247.0,5.145215465329874,0.04521546532987042,0.04521546532987042,0.8865777515660861
5.100000000000003,248.0,0,248.0,5.0860420297425675,-0.013957970257435726,0.013957970257435726,0.27368569132226894
5.100000000000003,248.0,1,249.0,5.028117720157712,-0.07188227984229112,0.07188227984229112,1.4094564674959034
5.100000000000003,248.0,2,250.0,4.97140339690993,-0.12859660309007293,0.12859660309007293,2.521502021373977
5.100000000000003,248.0,5,253.0,4.808152731105021,-0.29184726889498247,0.29184726889498247,5.722495468529065
5.150000000000004,247.0,-5,242.0,5.461314320599683,0.3113143205996787,0.3113143205996787,6.044938264071426
5.150000000000004,247.0,-2,245.0,5.267474899589832,0.11747489958982804,0.11747489958982804,2.2810660114529697
5.150000000000004,247.0,-1,246.0,5.205678873062847,0.055678873062842804,0.055678873062842804,1.0811431662687916
5.150000000000004,247.0,0,247.0,5.145215465329874,-0.0047845346701302915,0.0047845346701302915,0.09290358582777258
5.150000000000004,247.0,1,248.0,5.0860420297425675,-0.06395797025743644,0.06395797025743644,1.2419023350958522
5.150000000000004,247.0,2,249.0,5.028117720157712,-0.12188227984229183,0.12188227984229183,2.3666462105299364
5.150000000000004,247.0,5,252.0,4.86145615939251,-0.2885438406074936,0.2885438406074936,5.602793021504726
5.200000000000004,246.0,-5,241.0,5.5289069561326665,0.32890695613266274,0.32890695613266274,6.325133771781971
5.200000000000004,246.0,-2,244.0,5.330648092378006,0.130648092378002,0.130648092378002,2.5124633149615754
5.200000000000004,246.0,-1,245.0,5.267474899589832,0.06747489958982822,0.06747489958982822,1.2975942228813109
5.200000000000004,246.0,0,246.0,5.205678873062847,0.005678873062842982,0.005678873062842982,0.10920909736236496
5.200000000000004,246.0,1,247.0,5.145215465329874,-0.054784534670130114,0.054784534670130114,1.0535487436563475
5.200000000000004,246.0,2,248.0,5.0860420297425675,-0.11395797025743626,0.11395797025743626,2.191499428027619
5.200000000000004,246.0,5,251.0,4.915861538615907,-0.2841384613840967,0.2841384613840967,5.464201180463394
5.2500000000000036,245.0,-5,240.0,5.598076211353316,0.34807621135331246,0.34807621135331246,6.630023073396424
5.2500000000000036,245.0,-2,243.0,5.395245006809305,0.14524500680930164,0.14524500680930164,2.7665715582724104
5.2500000000000036,245.0,-1,244.0,5.330648092378006,0.08064809237800219,0.08064809237800219,1.536154140533374
5.2500000000000036,245.0,0,245.0,5.267474899589832,0.017474899589828397,0.017474899589828397,0.3328552302824454
5.2500000000000036,245.0,1,246.0,5.205678873062847,-0.04432112693715684,0.04432112693715684,0.8442119416601297
5.2500000000000036,245.0,2,247.0,5.145215465329874,-0.10478453467012994,0.10478453467012994,1.9958958984786639
5.2500000000000036,245.0,5,250.0,4.97140339690993,-0.2785966030900733,0.2785966030900733,5.30660196362044
5.300000000000003,244.0,-5,239.0,5.668877899929698,0.36887789992969466,0.36887789992969466,6.959960376031971
5.300000000000003,244.0,-2,242.0,5.461314320599683,0.1613143205996792,0.1613143205996792,3.0436664264090396
5.300000000000003,244.0,-1,243.0,5.395245006809305,0.09524500680930181,0.09524500680930181,1.7970756001755048
5.300000000000003,244.0,0,244.0,5.330648092378006,0.030648092378002367,0.030648092378002367,0.5782658939245726
5.300000000000003,244.0,1,245.0,5.267474899589832,-0.032525100410171426,0.032525100410171426,0.6136811398145549
5.300000000000003,244.0,2,246.0,5.205678873062847,-0.09432112693715666,0.09432112693715666,1.779643904474653
5.300000000000003,244.0,5,249.0,5.028117720157712,-0.2718822798422913,0.2718822798422913,5.129854336647003
5.350000000000004,244.0,-5,239.0,5.668877899929698,0.31887789992969395,0.31887789992969395,5.960334578125116
5.350000000000004,244.0,-2,242.0,5.461314320599683,0.1113143205996785,0.1113143205996785,2.080641506536045
5.350000000000004,244.0,-1,243.0,5.395245006809305,0.0452450068093011,0.0452450068093011,0.8457010618560948
5.350000000000004,244.0,0,244.0,5.330648092378006,-0.019351907621998343,0.019351907621998343,0.36171789947660427
5.350000000000004,244.0,1,245.0,5.267474899589832,-0.08252510041017214,0.08252510041017214,1.5425252413116275
5.350000000000004,244.0,2,246.0,5.205678873062847,-0.14432112693715737,0.14432112693715737,2.697591157703874
5.350000000000004,244.0,5,249.0,5.028117720157712,-0.321882279842292,0.321882279842292,6.0164912120054534
5.400000000000004,243.0,-5,238.0,5.741370501456522,0.3413705014565185,0.3413705014565185,6.321675952898485
5.400000000000004,243.0,-2,241.0,5.5289069561326665,0.12890695613266256,0.12890695613266256,2.3871658543085643
5.400000000000004,243.0,-1,242.0,5.461314320599683,0.06131432059967867,0.06131432059967867,1.1354503814755301
5.400000000000004,243.0,0,243.0,5.395245006809305,-0.00475499319069872,0.00475499319069872,0.08805542945738364
5.400000000000004,243.0,1,244.0,5.330648092378006,-0.06935190762199817,0.06935190762199817,1.2842945855925576
5.400000000000004,243.0,2,245.0,5.267474899589832,-0.13252510041017196,0.13252510041017196,2.4541685261142936
5.400000000000004,243.0,5,248.0,5.0860420297425675,-0.31395797025743644,0.31395797025743644,5.814036486248819
5.450000000000004,242.0,-5,237.0,5.815615322550515,0.36561532255051166,0.36561532255051166,6.708538028449751
5.450000000000004,242.0,-2,240.0,5.598076211353316,0.14807621135331228,0.14807621135331228,2.716994703730499
5.450000000000004,242.0,-1,241.0,5.5289069561326665,0.07890695613266274,0.07890695613266274,1.4478340574800492
5.450000000000004,242.0,0,242.0,5.461314320599683,0.011314320599678851,0.011314320599678851,0.2076022128381439
5.450000000000004,242.0,1,243.0,5.395245006809305,-0.05475499319069854,0.05475499319069854,1.004678774141257
5.450000000000004,242.0,2,244.0,5.330648092378006,-0.11935190762199799,0.11935190762199799,2.1899432591192274
5.450000000000004,242.0,5,247.0,5.145215465329874,-0.3047845346701301,0.3047845346701301,5.592376782938163
5.500000000000004,241.0,-5,236.0,5.8916766697702,0.3916766697701952,0.3916766697701952,7.121393995821726
5.500000000000004,241.0,-2,239.0,5.668877899929698,0.1688778999296936,0.1688778999296936,3.0705072714489723
5.500000000000004,241.0,-1,240.0,5.598076211353316,0.09807621135331157,0.09807621135331157,1.7832038427874817
5.500000000000004,241.0,0,241.0,5.5289069561326665,0.02890695613266203,0.02890695613266203,0.5255810205938547
5.500000000000004,241.0,1,242.0,5.461314320599683,-0.03868567940032186,0.03868567940032186,0.7033759890967605
5.500000000000004,241.0,2,243.0,5.395245006809305,-0.10475499319069925,0.10475499319069925,1.9046362398308938
5.500000000000004,241.0,5,246.0,5.205678873062847,-0.29432112693715773,0.29432112693715773,5.351293217039227
5.550000000000004,241.0,-5,236.0,5.8916766697702,0.3416766697701954,0.3416766697701954,6.156336392255768
5.550000000000004,241.0,-2,239.0,5.668877899929698,0.11887789992969378,0.11887789992969378,2.1419441428773633
5.550000000000004,241.0,-1,240.0,5.598076211353316,0.04807621135331175,0.04807621135331175,0.8662380424020129
5.550000000000004,241.0,0,241.0,5.5289069561326665,-0.02109304386733779,0.02109304386733779,0.3800548444565365
5.550000000000004,241.0,1,242.0,5.461314320599683,-0.08868567940032168,0.08868567940032168,1.5979401693751645
5.550000000000004,241.0,2,243.0,5.395245006809305,-0.15475499319069908,0.15475499319069908,2.7883782556882695
5.550000000000004,241.0,5,246.0,5.205678873062847,-0.34432112693715755,0.34432112693715755,6.20398426913797
5.600000000000004,240.0,-5,235.0,5.969622035385196,0.3696220353851922,0.3696220353851922,6.600393489021285
5.600000000000004,240.0,-2,238.0,5.741370501456522,0.1413705014565183,0.1413705014565183,2.524473240294968
5.600000000000004,240.0,-1,239.0,5.668877899929698,0.06887789992969395,0.06887789992969395,1.229962498744534
5.600000000000004,240.0,0,240.0,5.598076211353316,-0.0019237886466880738,0.0019237886466880738,0.034353368690858435
5.600000000000004,240.0,1,241.0,5.5289069561326665,-0.07109304386733761,0.07109304386733761,1.2695186404881706
5.600000000000004,240.0,2,242.0,5.461314320599683,-0.1386856794003215,0.1386856794003215,2.4765299892914534
5.600000000000004,240.0,5,245.0,5.267474899589832,-0.33252510041017214,0.33252510041017214,5.937948221610212
5.650000000000004,239.0,-5,234.0,6.049522297123014,0.3995222971230099,0.3995222971230099,7.071191099522295
5.650000000000004,239.0,-2,237.0,5.815615322550515,0.16561532255051148,0.16561532255051148,2.9312446469117055
5.650000000000004,239.0,-1,238.0,5.741370501456522,0.09137050145651848,0.09137050145651848,1.6171770169295294
5.650000000000004,239.0,0,239.0,5.668877899929698,0.01887789992969413,0.01887789992969413,0.3341221226494534
5.650000000000004,239.0,1,240.0,5.598076211353316,-0.051923788646687896,0.051923788646687896,0.9190051087909357
5.650000000000004,239.0,2,241.0,5.5289069561326665,-0.12109304386733744,0.12109304386733744,2.143239714466148
5.650000000000004,239.0,5,244.0,5.330648092378006,-0.31935190762199817,0.31935190762199817,5.652246152601734
5.700000000000004,239.0,-5,234.0,6.049522297123014,0.3495222971230101,0.3495222971230101,6.131970124965085
5.700000000000004,239.0,-2,237.0,5.815615322550515,0.11561532255051166,0.11561532255051166,2.0283389921142385
5.700000000000004,239.0,-1,238.0,5.741370501456522,0.04137050145651866,0.04137050145651866,0.7257982711669936
5.700000000000004,239.0,0,239.0,5.668877899929698,-0.03112210007030569,0.03112210007030569,0.5460017556193977
5.700000000000004,239.0,1,240.0,5.598076211353316,-0.10192378864668772,0.10192378864668772,1.7881366429243448
5.700000000000004,239.0,2,241.0,5.5289069561326665,-0.17109304386733726,0.17109304386733726,3.0016323485497742
5.700000000000004,239.0,5,244.0,5.330648092378006,-0.369351907621998,0.369351907621998,6.479858028456101
5.750000000000004,238.0,-5,233.0,6.131451933135833,0.38145193313582837,0.38145193313582837,6.633946663231792
5.750000000000004,238.0,-2,236.0,5.8916766697702,0.14167666977019522,0.14167666977019522,2.463942082959915
5.750000000000004,238.0,-1,237.0,5.815615322550515,0.06561532255051095,0.06561532255051095,1.1411360443567113
5.750000000000004,238.0,0,238.0,5.741370501456522,-0.00862949854348205,0.00862949854348205,0.15007823553881816
5.750000000000004,238.0,1,239.0,5.668877899929698,-0.0811221000703064,0.0811221000703064,1.4108191316575016
5.750000000000004,238.0,2,240.0,5.598076211353316,-0.15192378864668843,0.15192378864668843,2.642152846029362
5.750000000000004,238.0,5,243.0,5.395245006809305,-0.35475499319069925,0.35475499319069925,6.169652055490417
5.800000000000004,237.0,-5,232.0,6.21548925355771,0.4154892535577055,0.4154892535577055,7.163607819960434
5.800000000000004,237.0,-2,235.0,5.969622035385196,0.16962203538519205,0.16962203538519205,2.9245178514688264
5.800000000000004,237.0,-1,236.0,5.8916766697702,0.0916766697701954,0.0916766697701954,1.5806322374171609
5.800000000000004,237.0,0,237.0,5.815615322550515,0.015615322550511124,0.015615322550511124,0.26922969914674333
5.800000000000004,237.0,1,238.0,5.741370501456522,-0.05862949854348187,0.05862949854348187,1.0108534231634798
5.800000000000004,237.0,2,239.0,5.668877899929698,-0.13112210007030622,0.13112210007030622,2.2607258632811402
5.800000000000004,237.0,5,242.0,5.461314320599683,-0.3386856794003217,0.3386856794003217,5.839408265522783
5.850000000000004,237.0,-5,232.0,6.21548925355771,0.3654892535577057,0.3654892535577057,6.247679547994965
5.850000000000004,237.0,-2,235.0,5.969622035385196,0.11962203538519223,0.11962203538519223,2.044821117695592
5.850000000000004,237.0,-1,236.0,5.8916766697702,0.041676669770195574,0.041676669770195574,0.7124217054734281
5.850000000000004,237.0,0,237.0,5.815615322550515,-0.0343846774494887,0.0343846774494887,0.5877722640938234
5.850000000000004,237.0,1,238.0,5.741370501456522,-0.1086294985434817,0.1086294985434817,1.85691450501678
5.850000000000004,237.0,2,239.0,5.668877899929698,-0.18112210007030605,0.18112210007030605,3.096104274706084
5.850000000000004,237.0,5,242.0,5.461314320599683,-0.3886856794003215,0.3886856794003215,6.644199647868739
5.900000000000005,236.0,-5,231.0,6.301716650165448,0.4017166501654428,0.4017166501654428,6.808756782465126
5.900000000000005,236.0,-2,234.0,6.049522297123014,0.14952229712300902,0.14952229712300902,2.5342762224238795
5.900000000000005,236.0,-1,235.0,5.969622035385196,0.06962203538519152,0.06962203538519152,1.1800344980540924
5.900000000000005,236.0,0,236.0,5.8916766697702,-0.008323330229805137,0.008323330229805137,0.14107339372551067
5.900000000000005,236.0,1,237.0,5.815615322550515,-0.08438467744948941,0.08438467744948941,1.4302487703303277
5.900000000000005,236.0,2,238.0,5.741370501456522,-0.1586294985434824,0.1586294985434824,2.688635568533598
5.900000000000005,236.0,5,241.0,5.5289069561326665,-0.3710930438673383,0.3710930438673383,6.289712607920983
5.950000000000005,235.0,-5,230.0,6.39022086581622,0.4402208658162152,0.4402208658162152,7.398670013717896
5.950000000000005,235.0,-2,233.0,6.131451933135833,0.1814519331358282,0.1814519331358282,3.0496123216105553
5.950000000000005,235.0,-1,234.0,6.049522297123014,0.0995222971230092,0.0995222971230092,1.6726436491262036
5.950000000000005,235.0,0,235.0,5.969622035385196,0.019622035385191694,0.019622035385191694,0.32978210731414587
5.950000000000005,235.0,1,236.0,5.8916766697702,-0.05832333022980496,0.05832333022980496,0.9802240374757129
5.950000000000005,235.0,2,237.0,5.815615322550515,-0.13438467744948923,0.13438467744948923,2.258566007554439
5.950000000000005,235.0,5,240.0,5.598076211353316,-0.3519237886466886,0.3519237886466886,5.914685523473754
6.000000000000004,235.0,-5,230.0,6.39022086581622,0.3902208658162154,0.3902208658162154,6.503681096936918
6.000000000000004,235.0,-2,233.0,6.131451933135833,0.13145193313582837,0.13145193313582837,2.1908655522638045
6.000000000000004,235.0,-1,234.0,6.049522297123014,0.04952229712300937,0.04952229712300937,0.8253716187168223
6.000000000000004,235.0,0,235.0,5.969622035385196,-0.03037796461480813,0.03037796461480813,0.5062994102468018
6.000000000000004,235.0,1,236.0,5.8916766697702,-0.10832333022980478,0.10832333022980478,1.8053888371634117
6.000000000000004,235.0,2,237.0,5.815615322550515,-0.18438467744948905,0.18438467744948905,3.073077957491482
6.000000000000004,235.0,5,240.0,5.598076211353316,-0.40192378864668843,0.40192378864668843,6.6987298107781355
6.050000000000004,234.0,-5,229.0,6.48109328551411,0.4310932855141054,0.4310932855141054,7.125508851472811
6.050000000000004,234.0,-2,232.0,6.21548925355771,0.1654892535577055,0.1654892535577055,2.7353595629372793
6.050000000000004,234.0,-1,233.0,6.131451933135833,0.08145193313582855,0.08145193313582855,1.3463129443938593
6.050000000000004,234.0,0,234.0,6.049522297123014,-0.000477702876990449,0.000477702876990449,0.007895915322156177
6.050000000000004,234.0,1,235.0,5.969622035385196,-0.08037796461480795,0.08037796461480795,1.328561398591866
6.050000000000004,234.0,2,236.0,5.8916766697702,-0.1583233302298046,0.1583233302298046,2.6169145492529666
6.050000000000004,234.0,5,239.0,5.668877899929698,-0.3811221000703062,0.3811221000703062,6.299538844137288
6.100000000000004,233.0,-5,228.0,6.574430251158636,0.4744302511586316,0.4744302511586316,7.777545100961168
6.100000000000004,233.0,-2,231.0,6.301716650165448,0.2017166501654435,0.2017166501654435,3.3068303305810383
6.100000000000004,233.0,-1,232.0,6.21548925355771,0.11548925355770567,0.11548925355770567,1.8932664517656654
6.100000000000004,233.0,0,233.0,6.131451933135833,0.031451933135828725,0.031451933135828725,0.5156054612430935
6.100000000000004,233.0,1,234.0,6.049522297123014,-0.05047770287699027,0.05047770287699027,0.827503325852299
6.100000000000004,233.0,2,235.0,5.969622035385196,-0.13037796461480777,0.13037796461480777,2.137343682209962
6.100000000000004,233.0,5,238.0,5.741370501456522,-0.3586294985434817,0.3586294985434817,5.879172107270188
6.150000000000005,233.0,-5,228.0,6.574430251158636,0.42443025115863087,0.42443025115863087,6.901304896888301
6.150000000000005,233.0,-2,231.0,6.301716650165448,0.15171665016544278,0.15171665016544278,2.4669374010641083
6.150000000000005,233.0,-1,232.0,6.21548925355771,0.06548925355770496,0.06548925355770496,1.0648659115073968
6.150000000000005,233.0,0,233.0,6.131451933135833,-0.018548066864171986,0.018548066864171986,0.30159458315726784
6.150000000000005,233.0,1,234.0,6.049522297123014,-0.10047770287699098,0.10047770287699098,1.6337837866177385
6.150000000000005,233.0,2,235.0,5.969622035385196,-0.18037796461480848,0.18037796461480848,2.9329750343871277
6.150000000000005,233.0,5,238.0,5.741370501456522,-0.4086294985434824,0.4086294985434824,6.6443820901379205
6.200000000000005,232.0,-5,227.0,6.670333402254167,0.47033340225416254,0.47033340225416254,7.586022617002616
6.200000000000005,232.0,-2,230.0,6.39022086581622,0.19022086581621522,0.19022086581621522,3.0680784809066948
6.200000000000005,232.0,-1,231.0,6.301716650165448,0.10171665016544296,0.10171665016544296,1.6405911317006916
6.200000000000005,232.0,0,232.0,6.21548925355771,0.01548925355770514,0.01548925355770514,0.2498266702855666
6.200000000000005,232.0,1,233.0,6.131451933135833,-0.06854806686417181,0.06854806686417181,1.1056139816801895
6.200000000000005,232.0,2,234.0,6.049522297123014,-0.1504777028769908,0.1504777028769908,2.4270597238224307
6.200000000000005,232.0,5,237.0,5.815615322550515,-0.38438467744948923,0.38438467744948923,6.199752862088531
6.250000000000004,232.0,-5,227.0,6.670333402254167,0.4203334022541627,0.4203334022541627,6.725334436066599
6.250000000000004,232.0,-2,230.0,6.39022086581622,0.1402208658162154,0.1402208658162154,2.243533853059445
6.250000000000004,232.0,-1,231.0,6.301716650165448,0.051716650165443134,0.051716650165443134,0.8274664026470896
6.250000000000004,232.0,0,232.0,6.21548925355771,-0.03451074644229468,0.03451074644229468,0.5521719430767146
6.250000000000004,232.0,1,233.0,6.131451933135833,-0.11854806686417163,0.11854806686417163,1.8967690698267445
6.250000000000004,232.0,2,234.0,6.049522297123014,-0.20047770287699063,0.20047770287699063,3.207643246031848
6.250000000000004,232.0,5,237.0,5.815615322550515,-0.43438467744948905,0.43438467744948905,6.95015483919182
6.300000000000005,231.0,-5,226.0,6.768910045113195,0.4689100451131898,0.4689100451131898,7.443016589098245
6.300000000000005,231.0,-2,229.0,6.48109328551411,0.18109328551410453,0.18109328551410453,2.874496595461974
6.300000000000005,231.0,-1,230.0,6.39022086581622,0.09022086581621469,0.09022086581621469,1.4320772351780098
6.300000000000005,231.0,0,231.0,6.301716650165448,0.0017166501654424238,0.0017166501654424238,0.027248415324482897
6.300000000000005,231.0,1,232.0,6.21548925355771,-0.08451074644229539,0.08451074644229539,1.3414404197189735
6.300000000000005,231.0,2,233.0,6.131451933135833,-0.16854806686417234,0.16854806686417234,2.675366140701146
6.300000000000005,231.0,5,236.0,5.8916766697702,-0.4083233302298055,0.4083233302298055,6.4813227020604
6.350000000000005,230.0,-5,225.0,6.870273553372899,0.5202735533728937,0.5202735533728937,8.193284305084934
6.350000000000005,230.0,-2,228.0,6.574430251158636,0.2244302511586307,0.2244302511586307,3.5343346639154416
6.350000000000005,230.0,-1,229.0,6.48109328551411,0.1310932855141047,0.1310932855141047,2.0644611891984974
6.350000000000005,230.0,0,230.0,6.39022086581622,0.04022086581621487,0.04022086581621487,0.6333994616726746
6.350000000000005,230.0,1,231.0,6.301716650165448,-0.0482833498345574,0.0482833498345574,0.7603677139300372
6.350000000000005,230.0,2,232.0,6.21548925355771,-0.13451074644229521,0.13451074644229521,2.1182794715322064
6.350000000000005,230.0,5,235.0,5.969622035385196,-0.38037796461480866,0.38037796461480866,5.990204167162337
6.400000000000005,230.0,-5,225.0,6.870273553372899,0.4702735533728939,0.4702735533728939,7.348024271451462
6.400000000000005,230.0,-2,228.0,6.574430251158636,0.17443025115863087,0.17443025115863087,2.7254726743536053
6.400000000000005,230.0,-1,229.0,6.48109328551411,0.08109328551410488,0.08109328551410488,1.267082586157888
6.400000000000005,230.0,0,230.0,6.39022086581622,-0.009779134183784954,0.009779134183784954,0.1527989716216398
6.400000000000005,230.0,1,231.0,6.301716650165448,-0.09828334983455722,0.09828334983455722,1.5356773411649554
6.400000000000005,230.0,2,232.0,6.21548925355771,-0.18451074644229504,0.18451074644229504,2.882980413160858
6.400000000000005,230.0,5,235.0,5.969622035385196,-0.4303779646148085,0.4303779646148085,6.724655697106377
6.450000000000005,229.0,-5,224.0,6.974543802967849,0.5245438029678446,0.5245438029678446,8.132462061516964
6.450000000000005,229.0,-2,227.0,6.670333402254167,0.22033340225416254,0.22033340225416254,3.4160217403746107
6.450000000000005,229.0,-1,228.0,6.574430251158636,0.12443025115863104,0.12443025115863104,1.929151180753968
6.450000000000005,229.0,0,229.0,6.48109328551411,0.031093285514105062,0.031093285514105062,0.48206644207914795
6.450000000000005,229.0,1,230.0,6.39022086581622,-0.05977913418378478,0.05977913418378478,0.9268082819191432
6.450000000000005,229.0,2,231.0,6.301716650165448,-0.14828334983455704,0.14828334983455704,2.2989666641016577
6.450000000000005,229.0,5,234.0,6.049522297123014,-0.4004777028769908,0.4004777028769908,6.208956633751791
6.500000000000004,229.0,-5,224.0,6.974543802967849,0.4745438029678448,0.4745438029678448,7.300673891812992
6.500000000000004,229.0,-2,227.0,6.670333402254167,0.1703334022541627,0.1703334022541627,2.6205138808332706
6.500000000000004,229.0,-1,228.0,6.574430251158636,0.07443025115863122,0.07443025115863122,1.1450807870558641
6.500000000000004,229.0,0,229.0,6.48109328551411,-0.01890671448589476,0.01890671448589476,0.2908725305522269
6.500000000000004,229.0,1,230.0,6.39022086581622,-0.1097791341837846,0.1097791341837846,1.688909756673608
6.500000000000004,229.0,2,231.0,6.301716650165448,-0.19828334983455687,0.19828334983455687,3.050513074377796
6.500000000000004,229.0,5,234.0,6.049522297123014,-0.4504777028769906,0.4504777028769906,6.9304261981075435
6.550000000000005,228.0,-5,223.0,7.0818476450674135,0.5318476450674083,0.5318476450674083,8.11981137507493
6.550000000000005,228.0,-2,226.0,6.768910045113195,0.2189100451131898,0.2189100451131898,3.3421380933311395
6.550000000000005,228.0,-1,227.0,6.670333402254167,0.120333402254162,0.120333402254162,1.8371511794528537
6.550000000000005,228.0,0,228.0,6.574430251158636,0.02443025115863051,0.02443025115863051,0.37298093371954955
6.550000000000005,228.0,1,229.0,6.48109328551411,-0.06890671448589547,0.06890671448589547,1.0520109081816094
6.550000000000005,228.0,2,230.0,6.39022086581622,-0.1597791341837853,0.1597791341837853,2.439376094408934
6.550000000000005,228.0,5,233.0,6.131451933135833,-0.41854806686417234,0.41854806686417234,6.390046822353772
6.600000000000005,228.0,-5,223.0,7.0818476450674135,0.4818476450674085,0.4818476450674085,7.30072189496073
6.600000000000005,228.0,-2,226.0,6.768910045113195,0.16891004511318997,0.16891004511318997,2.5592431077756035
6.600000000000005,228.0,-1,227.0,6.670333402254167,0.07033340225416218,0.07033340225416218,1.0656576099115473
6.600000000000005,228.0,0,228.0,6.574430251158636,-0.02556974884136931,0.02556974884136931,0.3874204369904438
6.600000000000005,228.0,1,229.0,6.48109328551411,-0.11890671448589529,0.11890671448589529,1.8016168861499273
6.600000000000005,228.0,2,230.0,6.39022086581622,-0.20977913418378513,0.20977913418378513,3.178471730057348
6.600000000000005,228.0,5,233.0,6.131451933135833,-0.46854806686417216,0.46854806686417216,7.099213134305633
6.650000000000005,227.0,-5,222.0,7.192319420900784,0.5423194209007791,0.5423194209007791,8.155179261665847
6.650000000000005,227.0,-2,225.0,6.870273553372899,0.2202735533728939,0.2202735533728939,3.3123842612465224
6.650000000000005,227.0,-1,226.0,6.768910045113195,0.11891004511319014,0.11891004511319014,1.788120979145715
6.650000000000005,227.0,0,227.0,6.670333402254167,0.020333402254162358,0.020333402254162358,0.3057654474310127
6.650000000000005,227.0,1,228.0,6.574430251158636,-0.07556974884136913,0.07556974884136913,1.1363872006220914
6.650000000000005,227.0,2,229.0,6.48109328551411,-0.16890671448589512,0.16890671448589512,2.5399505937728573
6.650000000000005,227.0,5,232.0,6.21548925355771,-0.43451074644229504,0.43451074644229504,6.533996187102176
6.7000000000000055,227.0,-5,222.0,7.192319420900784,0.4923194209007784,0.4923194209007784,7.348051058220567
6.7000000000000055,227.0,-2,225.0,6.870273553372899,0.17027355337289318,0.17027355337289318,2.5413963189984035
6.7000000000000055,227.0,-1,226.0,6.768910045113195,0.06891004511318943,0.06891004511318943,1.028508136017752
6.7000000000000055,227.0,0,227.0,6.670333402254167,-0.029666597745838352,0.029666597745838352,0.4427850409826616
6.7000000000000055,227.0,1,228.0,6.574430251158636,-0.12556974884136984,0.12556974884136984,1.8741753558413394
6.7000000000000055,227.0,2,229.0,6.48109328551411,-0.21890671448589583,0.21890671448589583,3.267264395311875
6.7000000000000055,227.0,5,232.0,6.21548925355771,-0.48451074644229575,0.48451074644229575,7.2315036782432145
6.750000000000005,226.0,-5,221.0,7.306101522862765,0.5561015228627593,0.5561015228627593,8.238541079448279
6.750000000000005,226.0,-2,224.0,6.974543802967849,0.22454380296784393,0.22454380296784393,3.3265748587828705
6.750000000000005,226.0,-1,225.0,6.870273553372899,0.12027355337289336,0.12027355337289336,1.7818304203391595
6.750000000000005,226.0,0,226.0,6.768910045113195,0.01891004511318961,0.01891004511318961,0.2801488164916977
6.750000000000005,226.0,1,227.0,6.670333402254167,-0.07966659774583817,0.07966659774583817,1.180245892530935
6.750000000000005,226.0,2,228.0,6.574430251158636,-0.17556974884136967,0.17556974884136967,2.6010333161684374
6.750000000000005,226.0,5,231.0,6.301716650165448,-0.44828334983455775,0.44828334983455775,6.641234812363813
6.800000000000005,226.0,-5,221.0,7.306101522862765,0.5061015228627594,0.5061015228627594,7.442669453864104
6.800000000000005,226.0,-2,224.0,6.974543802967849,0.1745438029678441,0.1745438029678441,2.5668206318800584
6.800000000000005,226.0,-1,225.0,6.870273553372899,0.07027355337289354,0.07027355337289354,1.0334346084249042
6.800000000000005,226.0,0,226.0,6.768910045113195,-0.03108995488681021,0.03108995488681021,0.4572052189236792
6.800000000000005,226.0,1,227.0,6.670333402254167,-0.129666597745838,0.129666597745838,1.9068617315564398
6.800000000000005,226.0,2,228.0,6.574430251158636,-0.2255697488413695,0.2255697488413695,3.317202188843667
6.800000000000005,226.0,5,231.0,6.301716650165448,-0.4982833498345576,0.4982833498345576,7.327696321096429
6.850000000000005,225.0,-5,220.0,7.423345006827991,0.573345006827986,0.573345006827986,8.37000009967862
6.850000000000005,225.0,-2,223.0,7.0818476450674135,0.23184764506740851,0.23184764506740851,3.384637154268735
6.850000000000005,225.0,-1,224.0,6.974543802967849,0.12454380296784429,0.12454380296784429,1.8181577075597692
6.850000000000005,225.0,0,225.0,6.870273553372899,0.020273553372893716,0.020273553372893716,0.29596428281596643
6.850000000000005,225.0,1,226.0,6.768910045113195,-0.08108995488681003,0.08108995488681003,1.1837949618512404
6.850000000000005,225.0,2,227.0,6.670333402254167,-0.17966659774583782,0.17966659774583782,2.6228700400852216
6.850000000000005,225.0,5,230.0,6.39022086581622,-0.45977913418378513,0.45977913418378513,6.712104148668391
6.900000000000005,225.0,-5,220.0,7.423345006827991,0.5233450068279861,0.5233450068279861,7.584710243883852
6.900000000000005,225.0,-2,223.0,7.0818476450674135,0.1818476450674087,0.1818476450674087,2.635473116918965
6.900000000000005,225.0,-1,224.0,6.974543802967849,0.07454380296784446,0.07454380296784446,1.0803449705484698
6.900000000000005,225.0,0,225.0,6.870273553372899,-0.029726446627106107,0.029726446627106107,0.4308180670595085
6.900000000000005,225.0,1,226.0,6.768910045113195,-0.13108995488680986,0.13108995488680986,1.899854418649417
6.900000000000005,225.0,2,227.0,6.670333402254167,-0.22966659774583764,0.22966659774583764,3.3285014166063402
6.900000000000005,225.0,5,230.0,6.39022086581622,-0.509779134183785,0.509779134183785,7.388103393967893
6.9500000000000055,224.0,-5,219.0,7.544210261210179,0.5942102612101738,0.5942102612101738,8.549787931081632
6.9500000000000055,224.0,-2,222.0,7.192319420900784,0.2423194209007784,0.2423194209007784,3.4866103726730677
6.9500000000000055,224.0,-1,223.0,7.0818476450674135,0.13184764506740798,0.13184764506740798,1.8970884182360845
6.9500000000000055,224.0,0,224.0,6.974543802967849,0.024543802967843753,0.024543802967843753,0.3531482441416365
6.9500000000000055,224.0,1,225.0,6.870273553372899,-0.07972644662710682,0.07972644662710682,1.1471431169367878
6.9500000000000055,224.0,2,226.0,6.768910045113195,-0.18108995488681057,0.18108995488681057,2.6056108616807254
6.9500000000000055,224.0,5,229.0,6.48109328551411,-0.4689067144858958,0.4689067144858958,6.746859201235905
7.000000000000005,224.0,-5,219.0,7.544210261210179,0.544210261210174,0.544210261210174,7.774432303002481
7.000000000000005,224.0,-2,222.0,7.192319420900784,0.19231942090077858,0.19231942090077858,2.747420298582549
7.000000000000005,224.0,-1,223.0,7.0818476450674135,0.08184764506740816,0.08184764506740816,1.1692520723915443
7.000000000000005,224.0,0,224.0,6.974543802967849,-0.02545619703215607,0.02545619703215607,0.36365995760222924
7.000000000000005,224.0,1,225.0,6.870273553372899,-0.12972644662710664,0.12972644662710664,1.853234951815808
7.000000000000005,224.0,2,226.0,6.768910045113195,-0.2310899548868104,0.2310899548868104,3.3012850698115743
7.000000000000005,224.0,5,229.0,6.48109328551411,-0.5189067144858956,0.5189067144858956,7.412953064084219
7.050000000000005,223.0,-5,218.0,7.6688677389978395,0.6188677389978343,0.6188677389978343,8.778265801387715
7.050000000000005,223.0,-2,221.0,7.306101522862765,0.25610152286275945,0.25610152286275945,3.63264571436538
7.050000000000005,223.0,-1,222.0,7.192319420900784,0.14231942090077876,0.14231942090077876,2.0187151900819664
7.050000000000005,223.0,0,223.0,7.0818476450674135,0.03184764506740834,0.03184764506740834,0.4517396463462172
7.050000000000005,223.0,1,224.0,6.974543802967849,-0.07545619703215589,0.07545619703215589,1.0703006671227777
7.050000000000005,223.0,2,225.0,6.870273553372899,-0.17972644662710646,0.17972644662710646,2.549311299675267
7.050000000000005,223.0,5,228.0,6.574430251158636,-0.4755697488413695,0.4755697488413695,6.745670196331477
7.100000000000006,223.0,-5,218.0,7.6688677389978395,0.5688677389978336,0.5688677389978336,8.012221676025819
7.100000000000006,223.0,-2,221.0,7.306101522862765,0.20610152286275873,0.20610152286275873,2.902838350179698
7.100000000000006,223.0,-1,222.0,7.192319420900784,0.09231942090077805,0.09231942090077805,1.3002735338137743
7.100000000000006,223.0,0,223.0,7.0818476450674135,-0.018152354932592374,0.018152354932592374,0.2556669708815825
7.100000000000006,223.0,1,224.0,6.974543802967849,-0.1254561970321566,0.1254561970321566,1.7669886905937535
7.100000000000006,223.0,2,225.0,6.870273553372899,-0.22972644662710717,0.22972644662710717,3.2355837553113656
7.100000000000006,223.0,5,228.0,6.574430251158636,-0.5255697488413702,0.5255697488413702,7.402390828751687
7.150000000000006,222.0,-5,217.0,7.7974987597924255,0.6474987597924198,0.6474987597924198,9.055926710383485
7.150000000000006,222.0,-2,220.0,7.423345006827991,0.27334500682798524,0.27334500682798524,3.823007088503287
7.150000000000006,222.0,-1,221.0,7.306101522862765,0.1561015228627589,0.1561015228627589,2.183238081996626
7.150000000000006,222.0,0,222.0,7.192319420900784,0.042319420900778226,0.042319420900778226,0.5918800125982964
7.150000000000006,222.0,1,223.0,7.0818476450674135,-0.0681523549325922,0.0681523549325922,0.953179789267023
7.150000000000006,222.0,2,224.0,6.974543802967849,-0.17545619703215642,0.17545619703215642,2.4539328256245634
7.150000000000006,222.0,5,227.0,6.670333402254167,-0.47966659774583853,0.47966659774583853,6.708623744697037
7.2000000000000055,222.0,-5,217.0,7.7974987597924255,0.59749875979242,0.59749875979242,8.298593886005827
7.2000000000000055,222.0,-2,220.0,7.423345006827991,0.22334500682798542,0.22334500682798542,3.1020139837220175
7.2000000000000055,222.0,-1,221.0,7.306101522862765,0.10610152286275909,0.10610152286275909,1.473632261982764
7.2000000000000055,222.0,0,222.0,7.192319420900784,-0.007680579099221596,0.007680579099221596,0.10667470971141098
7.2000000000000055,222.0,1,223.0,7.0818476450674135,-0.11815235493259202,0.11815235493259202,1.6410049296193323
7.2000000000000055,222.0,2,224.0,6.974543802967849,-0.22545619703215625,0.22545619703215625,3.1313360698910566
7.2000000000000055,222.0,5,227.0,6.670333402254167,-0.5296665977458384,0.5296665977458384,7.35648052424775
7.250000000000005,221.0,-5,216.0,7.930296389785197,0.6802963897851919,0.6802963897851919,9.383398479795742
7.250000000000005,221.0,-2,219.0,7.544210261210179,0.294210261210174,0.294210261210174,4.058072568416191
7.250000000000005,221.0,-1,220.0,7.423345006827991,0.1733450068279856,0.1733450068279856,2.3909656114204894
7.250000000000005,221.0,0,221.0,7.306101522862765,0.05610152286275927,0.05610152286275927,0.7738141084518514
7.250000000000005,221.0,1,222.0,7.192319420900784,-0.05768057909922142,0.05768057909922142,0.7955941944720191
7.250000000000005,221.0,2,223.0,7.0818476450674135,-0.16815235493259184,0.16815235493259184,2.3193428266564373
7.250000000000005,221.0,5,226.0,6.768910045113195,-0.4810899548868104,0.4810899548868104,6.635723515680138
7.300000000000005,221.0,-5,216.0,7.930296389785197,0.6302963897851921,0.6302963897851921,8.63419712034509
7.300000000000005,221.0,-2,219.0,7.544210261210179,0.2442102612101742,0.2442102612101742,3.3453460439749865
7.300000000000005,221.0,-1,220.0,7.423345006827991,0.12334500682798577,0.12334500682798577,1.6896576277806257
7.300000000000005,221.0,0,221.0,7.306101522862765,0.006101522862759445,0.006101522862759445,0.08358250496930741
7.300000000000005,221.0,1,222.0,7.192319420900784,-0.10768057909922124,0.10768057909922124,1.4750764260167284
7.300000000000005,221.0,2,223.0,7.0818476450674135,-0.21815235493259166,0.21815235493259166,2.98838842373413
7.300000000000005,221.0,5,226.0,6.768910045113195,-0.5310899548868102,0.5310899548868102,7.275204861463148
7.350000000000006,221.0,-5,216.0,7.930296389785197,0.5802963897851914,0.5802963897851914,7.895188976669264
7.350000000000006,221.0,-2,219.0,7.544210261210179,0.19421026121017348,0.19421026121017348,2.642316479049977
7.350000000000006,221.0,-1,220.0,7.423345006827991,0.07334500682798506,0.07334500682798506,0.99789124936034
7.350000000000006,221.0,0,221.0,7.306101522862765,-0.043898477137241265,0.043898477137241265,0.5972581923434181
7.350000000000006,221.0,1,222.0,7.192319420900784,-0.15768057909922195,0.15768057909922195,2.145314001349957
7.350000000000006,221.0,2,223.0,7.0818476450674135,-0.2681523549325924,0.2681523549325924,3.6483313596271043
7.350000000000006,221.0,5,226.0,6.768910045113195,-0.5810899548868109,0.5810899548868109,7.905985780772931
7.400000000000006,220.0,-5,215.0,8.067466408654353,0.6674664086543469,0.6674664086543469,9.019816333166842
7.400000000000006,220.0,-2,218.0,7.6688677389978395,0.2688677389978338,0.2688677389978338,3.6333478242950483
7.400000000000006,220.0,-1,219.0,7.544210261210179,0.14421026121017366,0.14421026121017366,1.948787313650994
7.400000000000006,220.0,0,220.0,7.423345006827991,0.023345006827985237,0.023345006827985237,0.31547306524304347
7.400000000000006,220.0,1,221.0,7.306101522862765,-0.09389847713724109,0.09389847713724109,1.268898339692446
7.400000000000006,220.0,2,222.0,7.192319420900784,-0.20768057909922177,0.20768057909922177,2.8064943121516435
7.400000000000006,220.0,5,225.0,6.870273553372899,-0.529726446627107,0.529726446627107,7.1584654949609
7.4500000000000055,220.0,-5,215.0,8.067466408654353,0.6174664086543471,0.6174664086543471,8.288139713481163
7.4500000000000055,220.0,-2,218.0,7.6688677389978395,0.21886773899783396,0.21886773899783396,2.9378219999709234
7.4500000000000055,220.0,-1,219.0,7.544210261210179,0.09421026121017384,0.09421026121017384,1.2645672645660908
7.4500000000000055,220.0,0,220.0,7.423345006827991,-0.026654993172014585,0.026654993172014585,0.3577851432485177
7.4500000000000055,220.0,1,221.0,7.306101522862765,-0.1438984771372409,0.1438984771372409,1.931523183050212
7.4500000000000055,220.0,2,222.0,7.192319420900784,-0.2576805790992216,0.2576805790992216,3.458799719452636
7.4500000000000055,220.0,5,225.0,6.870273553372899,-0.5797264466271068,0.5797264466271068,7.781563041974582
7.500000000000006,219.0,-5,214.0,8.2092283735666,0.7092283735665932,0.7092283735665932,9.456378314221235
7.500000000000006,219.0,-2,217.0,7.7974987597924255,0.29749875979241924,0.29749875979241924,3.966650130565587
7.500000000000006,219.0,-1,218.0,7.6688677389978395,0.16886773899783325,0.16886773899783325,2.2515698533044413
7.500000000000006,219.0,0,219.0,7.544210261210179,0.04421026121017313,0.04421026121017313,0.5894701494689746
7.500000000000006,219.0,1,220.0,7.423345006827991,-0.0766549931720153,0.0766549931720153,1.0220665756268696
7.500000000000006,219.0,2,221.0,7.306101522862765,-0.19389847713724162,0.19389847713724162,2.585313028496553
7.500000000000006,219.0,5,224.0,6.974543802967849,-0.525456197032157,0.525456197032157,7.006082627095419
7.550000000000006,219.0,-5,214.0,8.2092283735666,0.6592283735665934,0.6592283735665934,8.731501636643614
7.550000000000006,219.0,-2,217.0,7.7974987597924255,0.24749875979241942,0.24749875979241942,3.278129268773765
7.550000000000006,219.0,-1,218.0,7.6688677389978395,0.11886773899783343,0.11886773899783343,1.57440713904415
7.550000000000006,219.0,0,219.0,7.544210261210179,-0.005789738789826693,0.005789738789826693,0.07668528198445945
7.550000000000006,219.0,1,220.0,7.423345006827991,-0.12665499317201512,0.12665499317201512,1.677549578437285
7.550000000000006,219.0,2,221.0,7.306101522862765,-0.24389847713724144,0.24389847713724144,3.230443405791275
7.550000000000006,219.0,5,224.0,6.974543802967849,-0.5754561970321568,0.5754561970321568,7.621936384531872
7.600000000000006,219.0,-5,214.0,8.2092283735666,0.6092283735665935,0.6092283735665935,8.016162810086751
7.600000000000006,219.0,-2,217.0,7.7974987597924255,0.1974987597924196,0.1974987597924196,2.598667892005519
7.600000000000006,219.0,-1,218.0,7.6688677389978395,0.0688677389978336,0.0688677389978336,0.9061544604978098
7.600000000000006,219.0,0,219.0,7.544210261210179,-0.055789738789826515,0.055789738789826515,0.7340755103924536
7.600000000000006,219.0,1,220.0,7.423345006827991,-0.17665499317201494,0.17665499317201494,2.3244078048949315
7.600000000000006,219.0,2,221.0,7.306101522862765,-0.29389847713724127,0.29389847713724127,3.8670852254900137
7.600000000000006,219.0,5,224.0,6.974543802967849,-0.6254561970321566,0.6254561970321566,8.229686803054685
7.650000000000006,218.0,-5,213.0,8.35581679185428,0.705816791854275,0.705816791854275,9.226363292212739
7.650000000000006,218.0,-2,216.0,7.930296389785197,0.28029638978519156,0.28029638978519156,3.6640050952312597
7.650000000000006,218.0,-1,217.0,7.7974987597924255,0.14749875979241978,0.14749875979241978,1.9280883632996035
7.650000000000006,218.0,0,218.0,7.6688677389978395,0.018867738997833783,0.018867738997833783,0.24663711108279437
7.650000000000006,218.0,1,219.0,7.544210261210179,-0.10578973878982634,0.10578973878982634,1.382872402481389
7.650000000000006,218.0,2,220.0,7.423345006827991,-0.22665499317201476,0.22665499317201476,2.9628103682616285
7.650000000000006,218.0,5,223.0,7.0818476450674135,-0.5681523549325922,0.5681523549325922,7.426828169053487
7.7000000000000055,218.0,-5,213.0,8.35581679185428,0.6558167918542752,0.6558167918542752,8.517101192912659
7.7000000000000055,218.0,-2,216.0,7.930296389785197,0.23029638978519174,0.23029638978519174,2.990862205002488
7.7000000000000055,218.0,-1,217.0,7.7974987597924255,0.09749875979241995,0.09749875979241995,1.2662176596418167
7.7000000000000055,218.0,0,218.0,7.6688677389978395,-0.03113226100216604,0.03113226100216604,0.404315077950208
7.7000000000000055,218.0,1,219.0,7.544210261210179,-0.15578973878982616,0.15578973878982616,2.023243360906832
7.7000000000000055,218.0,2,220.0,7.423345006827991,-0.2766549931720146,0.2766549931720146,3.5929219892469404
7.7000000000000055,218.0,5,223.0,7.0818476450674135,-0.618152354932592,0.618152354932592,8.027952661462228
7.750000000000006,217.0,-5,212.0,8.5074824155423,0.7574824155422943,0.7574824155422943,9.773966652158629
7.750000000000006,217.0,-2,215.0,8.067466408654353,0.3174664086543464,0.3174664086543464,4.096340756830273
7.750000000000006,217.0,-1,216.0,7.930296389785197,0.18029638978519102,0.18029638978519102,2.326405029486334
7.750000000000006,217.0,0,217.0,7.7974987597924255,0.04749875979241924,0.04749875979241924,0.6128872231279897
7.750000000000006,217.0,1,218.0,7.6688677389978395,-0.08113226100216675,0.08113226100216675,1.046867883898925
7.750000000000006,217.0,2,219.0,7.544210261210179,-0.20578973878982687,0.20578973878982687,2.6553514682558284
7.750000000000006,217.0,5,222.0,7.192319420900784,-0.5576805790992223,0.5576805790992223,7.19587843998996
7.800000000000006,217.0,-5,212.0,8.5074824155423,0.7074824155422945,0.7074824155422945,9.07028737874736
7.800000000000006,217.0,-2,215.0,8.067466408654353,0.26746640865434657,0.26746640865434657,3.429056521209569
7.800000000000006,217.0,-1,216.0,7.930296389785197,0.1302963897851912,0.1302963897851912,1.6704665357075783
7.800000000000006,217.0,0,217.0,7.7974987597924255,-0.0025012402075805795,0.0025012402075805795,0.032067182148468945
7.800000000000006,217.0,1,218.0,7.6688677389978395,-0.13113226100216657,0.13113226100216657,1.6811828333611087
7.800000000000006,217.0,2,219.0,7.544210261210179,-0.2557897387898267,0.2557897387898267,3.279355625510596
7.800000000000006,217.0,5,222.0,7.192319420900784,-0.6076805790992221,0.6076805790992221,7.790776655118227
7.850000000000006,217.0,-5,212.0,8.5074824155423,0.6574824155422947,0.6574824155422947,8.375572172513301
7.850000000000006,217.0,-2,215.0,8.067466408654353,0.21746640865434674,0.21746640865434674,2.7702727217114216
7.850000000000006,217.0,-1,216.0,7.930296389785197,0.08029638978519138,0.08029638978519138,1.0228839463081696
7.850000000000006,217.0,0,217.0,7.7974987597924255,-0.0525012402075804,0.0525012402075804,0.6688056077398773
7.850000000000006,217.0,1,218.0,7.6688677389978395,-0.1811322610021664,0.1811322610021664,2.3074173376072133
7.850000000000006,217.0,2,219.0,7.544210261210179,-0.3057897387898265,0.3057897387898265,3.8954106852207167
7.850000000000006,217.0,5,222.0,7.192319420900784,-0.657680579099222,0.657680579099222,8.378096549034668
7.900000000000007,216.0,-5,211.0,8.664493672756427,0.7644936727564202,0.7644936727564202,9.677135098182527
7.900000000000007,216.0,-2,214.0,8.2092283735666,0.30922837356659283,0.30922837356659283,3.9142832097037035
7.900000000000007,216.0,-1,215.0,8.067466408654353,0.16746640865434603,0.16746640865434603,2.119827957649948
7.900000000000007,216.0,0,216.0,7.930296389785197,0.03029638978519067,0.03029638978519067,0.38349860487583093
7.900000000000007,216.0,1,217.0,7.7974987597924255,-0.10250124020758111,0.10250124020758111,1.2974840532605194
7.900000000000007,216.0,2,218.0,7.6688677389978395,-0.2311322610021671,0.2311322610021671,2.9257248228122394
7.900000000000007,216.0,5,221.0,7.306101522862765,-0.593898477137242,0.593898477137242,7.517702242243562
7.950000000000006,216.0,-5,211.0,8.664493672756427,0.7144936727564204,0.7144936727564204,8.987341795678237
7.950000000000006,216.0,-2,214.0,8.2092283735666,0.259228373566593,0.259228373566593,3.2607342586992805
7.950000000000006,216.0,-1,215.0,8.067466408654353,0.11746640865434621,0.11746640865434621,1.4775648887339132
7.950000000000006,216.0,0,216.0,7.930296389785197,-0.019703610214809153,0.019703610214809153,0.24784415364539794
7.950000000000006,216.0,1,217.0,7.7974987597924255,-0.15250124020758093,0.15250124020758093,1.9182545938060478
7.950000000000006,216.0,2,218.0,7.6688677389978395,-0.2811322610021669,0.2811322610021669,3.5362548553731656
7.950000000000006,216.0,5,221.0,7.306101522862765,-0.6438984771372418,0.6438984771372418,8.09935191367599
8.000000000000005,215.0,-5,210.0,8.827138253201811,0.8271382532018059,0.8271382532018059,10.339228165022567
8.000000000000005,215.0,-2,213.0,8.35581679185428,0.3558167918542754,0.3558167918542754,4.44770989817844
8.000000000000005,215.0,-1,214.0,8.2092283735666,0.20922837356659407,0.20922837356659407,2.615354669582424
8.000000000000005,215.0,0,215.0,8.067466408654353,0.06746640865434728,0.06746640865434728,0.8433301081793404
8.000000000000005,215.0,1,216.0,7.930296389785197,-0.06970361021480809,0.06970361021480809,0.8712951276851005
8.000000000000005,215.0,2,217.0,7.7974987597924255,-0.20250124020757987,0.20250124020757987,2.5312655025947466
8.000000000000005,215.0,5,220.0,7.423345006827991,-0.5766549931720144,0.5766549931720144,7.208187414650176
8.050000000000006,215.0,-5,210.0,8.827138253201811,0.7771382532018052,0.7771382532018052,9.653891344121798
8.050000000000006,215.0,-2,213.0,8.35581679185428,0.3058167918542747,0.3058167918542747,3.7989663584381916
8.050000000000006,215.0,-1,214.0,8.2092283735666,0.15922837356659336,0.15922837356659336,1.9779922182185494
8.050000000000006,215.0,0,215.0,8.067466408654353,0.017466408654346566,0.017466408654346566,0.21697402055088885
8.050000000000006,215.0,1,216.0,7.930296389785197,-0.1197036102148088,0.1197036102148088,1.4870013691280584
8.050000000000006,215.0,2,217.0,7.7974987597924255,-0.2525012402075806,0.2525012402075806,3.1366613690382654
8.050000000000006,215.0,5,220.0,7.423345006827991,-0.6266549931720151,0.6266549931720151,7.7845340766709885
8.100000000000005,215.0,-5,210.0,8.827138253201811,0.7271382532018063,0.7271382532018063,8.977015471627233
8.100000000000005,215.0,-2,213.0,8.35581679185428,0.25581679185427575,0.25581679185427575,3.1582319982009333
8.100000000000005,215.0,-1,214.0,8.2092283735666,0.10922837356659443,0.10922837356659443,1.3484984390937576
8.100000000000005,215.0,0,215.0,8.067466408654353,-0.03253359134565237,0.03253359134565237,0.4016492758722512
8.100000000000005,215.0,1,216.0,7.930296389785197,-0.16970361021480773,0.16970361021480773,2.095106298948242
8.100000000000005,215.0,2,217.0,7.7974987597924255,-0.3025012402075795,0.3025012402075795,3.7345832124392513
8.100000000000005,215.0,5,220.0,7.423345006827991,-0.676654993172014,0.676654993172014,8.353765347802637
8.150000000000006,214.0,-5,209.0,8.995724867412417,0.8457248674124109,0.8457248674124109,10.376992238189084
8.150000000000006,214.0,-2,212.0,8.5074824155423,0.3574824155422949,0.3574824155422949,4.386287307267419
8.150000000000006,214.0,-1,213.0,8.35581679185428,0.20581679185427504,0.20581679185427504,2.5253594092549068
8.150000000000006,214.0,0,214.0,8.2092283735666,0.05922837356659372,0.05922837356659372,0.7267285100195543
8.150000000000006,214.0,1,215.0,8.067466408654353,-0.08253359134565308,0.08253359134565308,1.0126821024006507
8.150000000000006,214.0,2,216.0,7.930296389785197,-0.21970361021480844,0.21970361021480844,2.695749818586605
8.150000000000006,214.0,5,219.0,7.544210261210179,-0.6057897387898263,0.6057897387898263,7.433002929936515
8.200000000000006,214.0,-5,209.0,8.995724867412417,0.7957248674124102,0.7957248674124102,9.703961797712314
8.200000000000006,214.0,-2,212.0,8.5074824155423,0.30748241554229416,0.30748241554229416,3.749785555393828
8.200000000000006,214.0,-1,213.0,8.35581679185428,0.15581679185427433,0.15581679185427433,1.900204778710661
8.200000000000006,214.0,0,214.0,8.2092283735666,0.009228373566593007,0.009228373566593007,0.11254114105601219
8.200000000000006,214.0,1,215.0,8.067466408654353,-0.1325335913456538,0.1325335913456538,1.6162633090933378
8.200000000000006,214.0,2,216.0,7.930296389785197,-0.26970361021480915,0.26970361021480915,3.2890684172537674
8.200000000000006,214.0,5,219.0,7.544210261210179,-0.655789738789827,0.655789738789827,7.997435838900325
8.250000000000005,214.0,-5,209.0,8.995724867412417,0.7457248674124113,0.7457248674124113,9.039089301968616
8.250000000000005,214.0,-2,212.0,8.5074824155423,0.25748241554229523,0.25748241554229523,3.1209989762702435
8.250000000000005,214.0,-1,213.0,8.35581679185428,0.1058167918542754,0.1058167918542754,1.2826277800518222
8.250000000000005,214.0,0,214.0,8.2092283735666,-0.04077162643340593,0.04077162643340593,0.49420153252613214
8.250000000000005,214.0,1,215.0,8.067466408654353,-0.18253359134565272,0.18253359134565272,2.212528379947304
8.250000000000005,214.0,2,216.0,7.930296389785197,-0.3197036102148081,0.3197036102148081,3.8751952753310044
8.250000000000005,214.0,5,219.0,7.544210261210179,-0.705789738789826,0.705789738789826,8.55502713684637
8.300000000000006,213.0,-5,208.0,9.170585202404672,0.8705852024046656,0.8705852024046656,10.488978342224879
8.300000000000006,213.0,-2,211.0,8.664493672756427,0.36449367275642075,0.36449367275642075,4.391490033209886
8.300000000000006,213.0,-1,212.0,8.5074824155423,0.20748241554229452,0.20748241554229452,2.4997881390637877
8.300000000000006,213.0,0,213.0,8.35581679185428,0.05581679185427468,0.05581679185427468,0.6724914681237908
8.300000000000006,213.0,1,214.0,8.2092283735666,-0.09077162643340664,0.09077162643340664,1.093634053414537
8.300000000000006,213.0,2,215.0,8.067466408654353,-0.23253359134565343,0.23253359134565343,2.801609534284979
8.300000000000006,213.0,5,218.0,7.6688677389978395,-0.6311322610021666,0.6311322610021666,7.604003144604412
8.350000000000007,213.0,-5,208.0,9.170585202404672,0.8205852024046649,0.8205852024046649,9.827367693469032
8.350000000000007,213.0,-2,211.0,8.664493672756427,0.31449367275642004,0.31449367275642004,3.7663912904960455
8.350000000000007,213.0,-1,212.0,8.5074824155423,0.1574824155422938,0.1574824155422938,1.8860169526023196
8.350000000000007,213.0,0,213.0,8.35581679185428,0.005816791854273973,0.005816791854273973,0.06966217789549661
8.350000000000007,213.0,1,214.0,8.2092283735666,-0.14077162643340735,0.14077162643340735,1.6858877417174518
8.350000000000007,213.0,2,215.0,8.067466408654353,-0.28253359134565414,0.28253359134565414,3.383635824498849
8.350000000000007,213.0,5,218.0,7.6688677389978395,-0.6811322610021673,0.6811322610021673,8.157272586852296
8.400000000000006,213.0,-5,208.0,9.170585202404672,0.770585202404666,0.770585202404666,9.173633361960304
8.400000000000006,213.0,-2,211.0,8.664493672756427,0.2644936727564211,0.2644936727564211,3.1487341994812015
8.400000000000006,213.0,-1,212.0,8.5074824155423,0.10748241554229487,0.10748241554229487,1.2795525659797
8.400000000000006,213.0,0,213.0,8.35581679185428,-0.04418320814572496,0.04418320814572496,0.525990573163392
8.400000000000006,213.0,1,214.0,8.2092283735666,-0.19077162643340628,0.19077162643340628,2.2710907908738824
8.400000000000006,213.0,2,215.0,8.067466408654353,-0.3325335913456531,0.3325335913456531,3.9587332303053913
8.400000000000006,213.0,5,218.0,7.6688677389978395,-0.7311322610021662,0.7311322610021662,8.703955488121021
8.450000000000006,212.0,-5,207.0,9.352076099801522,0.9020760998015156,0.9020760998015156,10.675456802384792
8.450000000000006,212.0,-2,210.0,8.827138253201811,0.37713825320180483,0.37713825320180483,4.463174594104196
8.450000000000006,212.0,-1,211.0,8.664493672756427,0.2144936727564204,0.2144936727564204,2.5383866598392926
8.450000000000006,212.0,0,212.0,8.5074824155423,0.05748241554229416,0.05748241554229416,0.6802652726898712
8.450000000000006,212.0,1,213.0,8.35581679185428,-0.09418320814572567,0.09418320814572567,1.114594179239356
8.450000000000006,212.0,2,214.0,8.2092283735666,-0.240771626433407,0.240771626433407,2.8493683601586604
8.450000000000006,212.0,5,217.0,7.7974987597924255,-0.6525012402075809,0.6525012402075809,7.7219081681370465
8.500000000000005,212.0,-5,207.0,9.352076099801522,0.8520760998015167,0.8520760998015167,10.024424703547249
8.500000000000005,212.0,-2,210.0,8.827138253201811,0.3271382532018059,0.3271382532018059,3.848685331785949
8.500000000000005,212.0,-1,211.0,8.664493672756427,0.16449367275642146,0.16449367275642146,1.93521967948731
8.500000000000005,212.0,0,212.0,8.5074824155423,0.007482415542295229,0.007482415542295229,0.0880284181446497
8.500000000000005,212.0,1,213.0,8.35581679185428,-0.1441832081457246,0.1441832081457246,1.6962730370085235
8.500000000000005,212.0,2,214.0,8.2092283735666,-0.2907716264334059,0.2907716264334059,3.420842663922421
8.500000000000005,212.0,5,217.0,7.7974987597924255,-0.7025012402075799,0.7025012402075799,8.264720473030346
8.550000000000006,212.0,-5,207.0,9.352076099801522,0.802076099801516,0.802076099801516,9.381007015222401
8.550000000000006,212.0,-2,210.0,8.827138253201811,0.2771382532018052,0.2771382532018052,3.241383078383684
8.550000000000006,212.0,-1,211.0,8.664493672756427,0.11449367275642075,0.11449367275642075,1.3391072837008264
8.550000000000006,212.0,0,212.0,8.5074824155423,-0.04251758445770548,0.04251758445770548,0.4972816895638064
8.550000000000006,212.0,1,213.0,8.35581679185428,-0.19418320814572532,0.19418320814572532,2.2711486332833353
8.550000000000006,212.0,2,214.0,8.2092283735666,-0.34077162643340664,0.34077162643340664,3.98563305770066
8.550000000000006,212.0,5,217.0,7.7974987597924255,-0.7525012402075806,0.7525012402075806,8.801184095995088
8.600000000000007,211.0,-5,206.0,9.540581986523152,0.9405819865231457,0.9405819865231457,10.936999843292384
8.600000000000007,211.0,-2,209.0,8.995724867412417,0.39572486741240986,0.39572486741240986,4.601451946655925
8.600000000000007,211.0,-1,210.0,8.827138253201811,0.22713825320180447,0.22713825320180447,2.641142479090748
8.600000000000007,211.0,0,211.0,8.664493672756427,0.06449367275642004,0.06449367275642004,0.7499264274002324
8.600000000000007,211.0,1,212.0,8.5074824155423,-0.09251758445770619,0.09251758445770619,1.0757858657872805
8.600000000000007,211.0,2,213.0,8.35581679185428,-0.24418320814572603,0.24418320814572603,2.8393396296014632
8.600000000000007,211.0,5,216.0,7.930296389785197,-0.6697036102148095,0.6697036102148095,7.7872512815675465
8.650000000000006,211.0,-5,206.0,9.540581986523152,0.8905819865231468,0.8905819865231468,10.295745508938106
8.650000000000006,211.0,-2,209.0,8.995724867412417,0.34572486741241093,0.34572486741241093,3.9968192764440547
8.650000000000006,211.0,-1,210.0,8.827138253201811,0.17713825320180554,0.17713825320180554,2.0478410774775195
8.650000000000006,211.0,0,211.0,8.664493672756427,0.014493672756421105,0.014493672756421105,0.1675569104788566
8.650000000000006,211.0,1,212.0,8.5074824155423,-0.14251758445770513,0.14251758445770513,1.6476021324590178
8.650000000000006,211.0,2,213.0,8.35581679185428,-0.29418320814572496,0.29418320814572496,3.400961943881211
8.650000000000006,211.0,5,216.0,7.930296389785197,-0.7197036102148084,0.7197036102148084,8.320272950460208
8.700000000000006,211.0,-5,206.0,9.540581986523152,0.8405819865231461,0.8405819865231461,9.661861914059143
8.700000000000006,211.0,-2,209.0,8.995724867412417,0.2957248674124102,0.2957248674124102,3.399136407039195
8.700000000000006,211.0,-1,210.0,8.827138253201811,0.12713825320180483,0.12713825320180483,1.461359232204652
8.700000000000006,211.0,0,211.0,8.664493672756427,-0.035506327243579605,0.035506327243579605,0.40811870394919053
8.700000000000006,211.0,1,212.0,8.5074824155423,-0.19251758445770584,0.19251758445770584,2.2128457983644334
8.700000000000006,211.0,2,213.0,8.35581679185428,-0.34418320814572567,0.34418320814572567,3.9561288292612113
8.700000000000006,211.0,5,216.0,7.930296389785197,-0.7697036102148092,0.7697036102148092,8.847167933503547
8.750000000000007,210.0,-5,205.0,9.736517592885464,0.9865175928854573,0.9865175928854573,11.274486775833788
8.750000000000007,210.0,-2,208.0,9.170585202404672,0.42058520240466457,0.42058520240466457,4.8066880274818775
8.750000000000007,210.0,-1,209.0,8.995724867412417,0.2457248674124095,0.2457248674124095,2.8082841989989635
8.750000000000007,210.0,0,210.0,8.827138253201811,0.07713825320180412,0.07713825320180412,0.8815800365920464
8.750000000000007,210.0,1,211.0,8.664493672756427,-0.08550632724358032,0.08550632724358032,0.97721516849806
8.750000000000007,210.0,2,212.0,8.5074824155423,-0.24251758445770655,0.24251758445770655,2.771629536659501
8.750000000000007,210.0,5,215.0,8.067466408654353,-0.6825335913456545,0.6825335913456545,7.800383901093189
8.800000000000006,210.0,-5,205.0,9.736517592885464,0.9365175928854583,0.9365175928854583,10.642245373698382
8.800000000000006,210.0,-2,208.0,9.170585202404672,0.37058520240466564,0.37058520240466564,4.211195481871197
8.800000000000006,210.0,-1,209.0,8.995724867412417,0.19572486741241057,0.19572486741241057,2.224146220595573
8.800000000000006,210.0,0,210.0,8.827138253201811,0.027138253201805185,0.027138253201805185,0.3083892409296041
8.800000000000006,210.0,1,211.0,8.664493672756427,-0.13550632724357925,0.13550632724357925,1.539844627767945
8.800000000000006,210.0,2,212.0,8.5074824155423,-0.2925175844577055,0.2925175844577055,3.324063459746651
8.800000000000006,210.0,5,215.0,8.067466408654353,-0.7325335913456534,0.7325335913456534,8.324245356200603
8.850000000000007,210.0,-5,205.0,9.736517592885464,0.8865175928854576,0.8865175928854576,10.017147942208553
8.850000000000007,210.0,-2,208.0,9.170585202404672,0.3205852024046649,0.3205852024046649,3.6224316655894317
8.850000000000007,210.0,-1,209.0,8.995724867412417,0.14572486741240986,0.14572486741240986,1.6466086713266639
8.850000000000007,210.0,0,210.0,8.827138253201811,-0.022861746798195526,0.022861746798195526,0.25832482257848033
8.850000000000007,210.0,1,211.0,8.664493672756427,-0.18550632724357996,0.18550632724357996,2.096116692017851
8.850000000000007,210.0,2,212.0,8.5074824155423,-0.3425175844577062,0.3425175844577062,3.8702551916124963
8.850000000000007,210.0,5,215.0,8.067466408654353,-0.7825335913456541,0.7825335913456541,8.842187472832244
8.900000000000006,210.0,-5,205.0,9.736517592885464,0.8365175928854587,0.8365175928854587,9.399074077364698
8.900000000000006,210.0,-2,208.0,9.170585202404672,0.270585202404666,0.270585202404666,3.0402831730861326
8.900000000000006,210.0,-1,209.0,8.995724867412417,0.09572486741241093,0.09572486741241093,1.0755603080046165
8.900000000000006,210.0,0,210.0,8.827138253201811,-0.07286174679819446,0.07286174679819446,0.8186713123392632
8.900000000000006,210.0,1,211.0,8.664493672756427,-0.2355063272435789,0.2355063272435789,2.6461385083548175
8.900000000000006,210.0,2,212.0,8.5074824155423,-0.3925175844577051,0.3925175844577051,4.410309937727021
8.900000000000006,210.0,5,215.0,8.067466408654353,-0.8325335913456531,0.8325335913456531,9.354310015119692
8.950000000000006,209.0,-5,204.0,9.940330998550637,0.9903309985506308,0.9903309985506308,11.065150821794749
8.950000000000006,209.0,-2,207.0,9.352076099801522,0.4020760998015156,0.4020760998015156,4.4924703888437465
8.950000000000006,209.0,-1,208.0,9.170585202404672,0.22058520240466528,0.22058520240466528,2.464639133013018
8.950000000000006,209.0,0,209.0,8.995724867412417,0.04572486741241022,0.04572486741241022,0.5108923733230188
8.950000000000006,209.0,1,210.0,8.827138253201811,-0.12286174679819517,0.12286174679819517,1.372756947465867
8.950000000000006,209.0,2,211.0,8.664493672756427,-0.2855063272435796,0.2855063272435796,3.1900148295372
8.950000000000006,209.0,5,214.0,8.2092283735666,-0.740771626433407,0.740771626433407,8.276777948976608
9.000000000000007,209.0,-5,204.0,9.940330998550637,0.9403309985506301,0.9403309985506301,10.448122206118104
9.000000000000007,209.0,-2,207.0,9.352076099801522,0.3520760998015149,0.3520760998015149,3.911956664461273
9.000000000000007,209.0,-1,208.0,9.170585202404672,0.17058520240466457,0.17058520240466457,1.8953911378296047
9.000000000000007,209.0,0,209.0,8.995724867412417,-0.004275132587590491,0.004275132587590491,0.04750147319544987
9.000000000000007,209.0,1,210.0,8.827138253201811,-0.17286174679819588,0.17286174679819588,1.9206860755355084
9.000000000000007,209.0,2,211.0,8.664493672756427,-0.3355063272435803,0.3355063272435803,3.727848080484223
9.000000000000007,209.0,5,214.0,8.2092283735666,-0.7907716264334077,0.7907716264334077,8.786351404815635
9.050000000000006,209.0,-5,204.0,9.940330998550637,0.8903309985506311,0.8903309985506311,9.837911586194812
9.050000000000006,209.0,-2,207.0,9.352076099801522,0.30207609980151595,0.30207609980151595,3.33785745637034
9.050000000000006,209.0,-1,208.0,9.170585202404672,0.12058520240466564,0.12058520240466564,1.3324331757421608
9.050000000000006,209.0,0,209.0,8.995724867412417,-0.054275132587589425,0.054275132587589425,0.5997252219623137
9.050000000000006,209.0,1,210.0,8.827138253201811,-0.22286174679819482,0.22286174679819482,2.462560738101599
9.050000000000006,209.0,2,211.0,8.664493672756427,-0.38550632724357925,0.38550632724357925,4.259738422580983
9.050000000000006,209.0,5,214.0,8.2092283735666,-0.8407716264334066,0.8407716264334066,9.290294214733768
9.100000000000007,208.0,-5,203.0,10.152507053412087,1.0525070534120804,1.0525070534120804,11.566011575956919
9.100000000000007,208.0,-2,206.0,9.540581986523152,0.44058198652314573,0.44058198652314573,4.841560291463137
9.100000000000007,208.0,-1,207.0,9.352076099801522,0.25207609980151524,0.25207609980151524,2.7700670307858797
9.100000000000007,208.0,0,208.0,9.170585202404672,0.07058520240466493,0.07058520240466493,0.7756615648864272
9.100000000000007,208.0,1,209.0,8.995724867412417,-0.10427513258759014,0.10427513258759014,1.145880577885605
9.100000000000007,208.0,2,210.0,8.827138253201811,-0.2728617467981955,0.2728617467981955,2.998480734046103
9.100000000000007,208.0,5,213.0,8.35581679185428,-0.744183208145726,0.744183208145726,8.177837452150829
9.150000000000007,208.0,-5,203.0,10.152507053412087,1.0025070534120797,1.0025070534120797,10.956361239476271
9.150000000000007,208.0,-2,206.0,9.540581986523152,0.390581986523145,0.390581986523145,4.2686555904168815
9.150000000000007,208.0,-1,207.0,9.352076099801522,0.20207609980151453,0.20207609980151453,2.2084819650438727
9.150000000000007,208.0,0,208.0,9.170585202404672,0.020585202404664216,0.020585202404664216,0.2249748896684612
9.150000000000007,208.0,1,209.0,8.995724867412417,-0.15427513258759085,0.15427513258759085,1.686067022815199
9.150000000000007,208.0,2,210.0,8.827138253201811,-0.32286174679819624,0.32286174679819624,3.528543680854601
9.150000000000007,208.0,5,213.0,8.35581679185428,-0.7941832081457267,0.7941832081457267,8.67959790323198
9.200000000000006,208.0,-5,203.0,10.152507053412087,0.9525070534120808,0.9525070534120808,10.353337537087826
9.200000000000006,208.0,-2,206.0,9.540581986523152,0.3405819865231461,0.3405819865231461,3.70197811438202
9.200000000000006,208.0,-1,207.0,9.352076099801522,0.1520760998015156,0.1520760998015156,1.6530010847990815
9.200000000000006,208.0,0,208.0,9.170585202404672,-0.02941479759533472,0.02941479759533472,0.3197260608188554
9.200000000000006,208.0,1,209.0,8.995724867412417,-0.20427513258758978,0.20427513258758978,2.2203818759520613
9.200000000000006,208.0,2,210.0,8.827138253201811,-0.37286174679819517,0.37286174679819517,4.0528450738934225
9.200000000000006,208.0,5,213.0,8.35581679185428,-0.8441832081457257,0.8441832081457257,9.175904436366578
9.250000000000007,208.0,-5,203.0,10.152507053412087,0.90250705341208,0.90250705341208,9.756833009860317
9.250000000000007,208.0,-2,206.0,9.540581986523152,0.2905819865231454,0.2905819865231454,3.1414268813312987
9.250000000000007,208.0,-1,207.0,9.352076099801522,0.10207609980151489,0.10207609980151489,1.1035254032596196
9.250000000000007,208.0,0,208.0,9.170585202404672,-0.07941479759533543,0.07941479759533543,0.8585383523820039
9.250000000000007,208.0,1,209.0,8.995724867412417,-0.2542751325875905,0.2542751325875905,2.7489203522982733
9.250000000000007,208.0,2,210.0,8.827138253201811,-0.4228617467981959,0.4228617467981959,4.5714783437642765
9.250000000000007,208.0,5,213.0,8.35581679185428,-0.8941832081457264,0.8941832081457264,9.666845493467305
9.300000000000006,207.0,-5,202.0,10.37357122838515,1.073571228385143,1.073571228385143,11.543776649302606
9.300000000000006,207.0,-2,205.0,9.736517592885464,0.4365175928854583,0.4365175928854583,4.69373755790815
9.300000000000006,207.0,-1,206.0,9.540581986523152,0.24058198652314644,0.24058198652314644,2.586903080894046
9.300000000000006,207.0,0,207.0,9.352076099801522,0.05207609980151595,0.05207609980151595,0.5599580623818916
9.300000000000006,207.0,1,208.0,9.170585202404672,-0.12941479759533436,0.12941479759533436,1.3915569633906912
9.300000000000006,207.0,2,209.0,8.995724867412417,-0.3042751325875894,0.3042751325875894,3.2717756192213896
9.300000000000006,207.0,5,212.0,8.5074824155423,-0.7925175844577055,0.7925175844577055,8.521694456534462
9.350000000000007,207.0,-5,202.0,10.37357122838515,1.0235712283851424,1.0235712283851424,10.947285865081728
9.350000000000007,207.0,-2,205.0,9.736517592885464,0.3865175928854576,0.3865175928854576,4.133877998774945
9.350000000000007,207.0,-1,206.0,9.540581986523152,0.19058198652314573,0.19058198652314573,2.0383100162903274
9.350000000000007,207.0,0,207.0,9.352076099801522,0.002076099801515241,0.002076099801515241,0.022204275952034648
9.350000000000007,207.0,1,208.0,9.170585202404672,-0.17941479759533507,0.17941479759533507,1.9188748405918177
9.350000000000007,207.0,2,209.0,8.995724867412417,-0.35427513258759014,0.35427513258759014,3.78903885120417
9.350000000000007,207.0,5,212.0,8.5074824155423,-0.8425175844577062,0.8425175844577062,9.010883256232145
9.400000000000006,207.0,-5,202.0,10.37357122838515,0.9735712283851434,0.9735712283851434,10.35714072750152
9.400000000000006,207.0,-2,205.0,9.736517592885464,0.3365175928854587,0.3365175928854587,3.5799743923984946
9.400000000000006,207.0,-1,206.0,9.540581986523152,0.1405819865231468,0.1405819865231468,1.495553048118582
9.400000000000006,207.0,0,207.0,9.352076099801522,-0.04792390019848369,0.04792390019848369,0.5098287255157836
9.400000000000006,207.0,1,208.0,9.170585202404672,-0.229414797595334,0.229414797595334,2.4405829531418495
9.400000000000006,207.0,2,209.0,8.995724867412417,-0.40427513258758907,0.40427513258758907,4.30079928284669
9.400000000000006,207.0,5,212.0,8.5074824155423,-0.8925175844577051,0.8925175844577051,9.494867919762815
9.450000000000006,206.0,-5,201.0,10.604093960483102,1.1540939604830953,1.1540939604830953,12.212634502466608
9.450000000000006,206.0,-2,204.0,9.940330998550637,0.4903309985506308,0.4903309985506308,5.188687815350587
9.450000000000006,206.0,-1,205.0,9.736517592885464,0.286517592885458,0.286517592885458,3.031932199846114
9.450000000000006,206.0,0,206.0,9.540581986523152,0.09058198652314609,0.09058198652314609,0.9585395399274712
9.450000000000006,206.0,1,207.0,9.352076099801522,-0.0979239001984844,0.0979239001984844,1.0362317481321093
9.450000000000006,206.0,2,208.0,9.170585202404672,-0.2794147975953347,0.2794147975953347,2.9567703449241747
9.450000000000006,206.0,5,211.0,8.664493672756427,-0.7855063272435796,0.7855063272435796,8.31223626712782
9.500000000000007,206.0,-5,201.0,10.604093960483102,1.1040939604830946,1.1040939604830946,11.622041689295724
9.500000000000007,206.0,-2,204.0,9.940330998550637,0.44033099855063007,0.44033099855063007,4.635063142638208
9.500000000000007,206.0,-1,205.0,9.736517592885464,0.23651759288545726,0.23651759288545726,2.4896588724784956
9.500000000000007,206.0,0,206.0,9.540581986523152,0.040581986523145375,0.040581986523145375,0.42717880550679305
9.500000000000007,206.0,1,207.0,9.352076099801522,-0.14792390019848511,0.14792390019848511,1.5570936862998421
9.500000000000007,206.0,2,208.0,9.170585202404672,-0.32941479759533543,0.32941479759533543,3.467524185214055
9.500000000000007,206.0,5,211.0,8.664493672756427,-0.8355063272435803,0.8355063272435803,8.79480344466926
9.550000000000006,206.0,-5,201.0,10.604093960483102,1.0540939604830957,1.0540939604830957,11.037633094063821
9.550000000000006,206.0,-2,204.0,9.940330998550637,0.39033099855063114,0.39033099855063114,4.0872355869176005
9.550000000000006,206.0,-1,205.0,9.736517592885464,0.18651759288545833,0.18651759288545833,1.95306379984773
9.550000000000006,206.0,0,206.0,9.540581986523152,-0.00941801347685356,0.00941801347685356,0.0986179421660058
9.550000000000006,206.0,1,207.0,9.352076099801522,-0.19792390019848405,0.19792390019848405,2.072501572758994
9.550000000000006,206.0,2,208.0,9.170585202404672,-0.37941479759533436,0.37941479759533436,3.9729298177521897
9.550000000000006,206.0,5,211.0,8.664493672756427,-0.8855063272435792,0.8855063272435792,9.272317562759987
9.600000000000007,206.0,-5,201.0,10.604093960483102,1.004093960483095,1.004093960483095,10.459312088365564
9.600000000000007,206.0,-2,204.0,9.940330998550637,0.3403309985506304,0.3403309985506304,3.5451145682357312
9.600000000000007,206.0,-1,205.0,9.736517592885464,0.13651759288545762,0.13651759288545762,1.4220582592235158
9.600000000000007,206.0,0,206.0,9.540581986523152,-0.05941801347685427,0.05941801347685427,0.6189376403838982
9.600000000000007,206.0,1,207.0,9.352076099801522,-0.24792390019848476,0.24792390019848476,2.582540627067548
9.600000000000007,206.0,2,208.0,9.170585202404672,-0.4294147975953351,0.4294147975953351,4.473070808284737
9.600000000000007,206.0,5,211.0,8.664493672756427,-0.93550632724358,0.93550632724358,9.74485757545395
9.650000000000007,205.0,-5,200.0,10.844695567817139,1.1946955678171314,1.1946955678171314,12.380264951472855
9.650000000000007,205.0,-2,203.0,10.152507053412087,0.5025070534120797,0.5025070534120797,5.2073269783635165
9.650000000000007,205.0,-1,204.0,9.940330998550637,0.2903309985506297,0.2903309985506297,3.008611383944347
9.650000000000007,205.0,0,205.0,9.736517592885464,0.0865175928854569,0.0865175928854569,0.8965553666886719
9.650000000000007,205.0,1,206.0,9.540581986523152,-0.10941801347685498,0.10941801347685498,1.1338654246306206
9.650000000000007,205.0,2,207.0,9.352076099801522,-0.29792390019848547,0.29792390019848547,3.0872943025749766
9.650000000000007,205.0,5,210.0,8.827138253201811,-0.8228617467981962,0.8228617467981962,8.527064733660058
9.700000000000006,205.0,-5,200.0,10.844695567817139,1.1446955678171324,1.1446955678171324,11.800985235228161
9.700000000000006,205.0,-2,203.0,10.152507053412087,0.45250705341208075,0.45250705341208075,4.665021169196706
9.700000000000006,205.0,-1,204.0,9.940330998550637,0.24033099855063078,0.24033099855063078,2.4776391603157797
9.700000000000006,205.0,0,205.0,9.736517592885464,0.03651759288545797,0.03651759288545797,0.3764700297469892
9.700000000000006,205.0,1,206.0,9.540581986523152,-0.15941801347685391,0.15941801347685391,1.6434846750191114
9.700000000000006,205.0,2,207.0,9.352076099801522,-0.3479239001984844,0.3479239001984844,3.586844331943136
9.700000000000006,205.0,5,210.0,8.827138253201811,-0.8728617467981952,0.8728617467981952,8.998574709259739
9.750000000000007,205.0,-5,200.0,10.844695567817139,1.0946955678171317,1.0946955678171317,11.22764684940647
9.750000000000007,205.0,-2,203.0,10.152507053412087,0.40250705341208004,0.40250705341208004,4.128277470893125
9.750000000000007,205.0,-1,204.0,9.940330998550637,0.19033099855063007,0.19033099855063007,1.9521128056474866
9.750000000000007,205.0,0,205.0,9.736517592885464,-0.013482407114542738,0.013482407114542738,0.13828109861069465
9.750000000000007,205.0,1,206.0,9.540581986523152,-0.20941801347685463,0.20941801347685463,2.1478770613010716
9.750000000000007,205.0,2,207.0,9.352076099801522,-0.3979239001984851,0.3979239001984851,4.081270771266511
9.750000000000007,205.0,5,210.0,8.827138253201811,-0.9228617467981959,0.9228617467981959,9.465248685109696
9.800000000000008,205.0,-5,200.0,10.844695567817139,1.044695567817131,1.044695567817131,10.660158855276839
9.800000000000008,205.0,-2,203.0,10.152507053412087,0.35250705341207933,0.35250705341207933,3.597010749102848
9.800000000000008,205.0,-1,204.0,9.940330998550637,0.14033099855062936,0.14033099855062936,1.4319489648023394
9.800000000000008,205.0,0,205.0,9.736517592885464,-0.06348240711454345,0.06348240711454345,0.6477796644341163
9.800000000000008,205.0,1,206.0,9.540581986523152,-0.25941801347685534,0.25941801347685534,2.6471225864985217
9.800000000000008,205.0,2,207.0,9.352076099801522,-0.4479239001984858,0.4479239001984858,4.570652042841688
9.800000000000008,205.0,5,210.0,8.827138253201811,-0.9728617467981966,0.9728617467981966,9.927160681614243
9.850000000000007,204.0,-5,199.0,11.096051823682963,1.246051823682956,1.246051823682956,12.650272321654368
9.850000000000007,204.0,-2,202.0,10.37357122838515,0.5235712283851424,0.5235712283851424,5.315443942996366
9.850000000000007,204.0,-1,203.0,10.152507053412087,0.3025070534120804,0.3025070534120804,3.0711375980921845
9.850000000000007,204.0,0,204.0,9.940330998550637,0.09033099855063043,0.09033099855063043,0.9170659751333031
9.850000000000007,204.0,1,205.0,9.736517592885464,-0.11348240711454238,0.11348240711454238,1.152105655985201
9.850000000000007,204.0,2,206.0,9.540581986523152,-0.30941801347685427,0.30941801347685427,3.1412996292066406
9.850000000000007,204.0,5,209.0,8.995724867412417,-0.8542751325875901,0.8542751325875901,8.672843985660808
9.900000000000007,204.0,-5,199.0,11.096051823682963,1.1960518236829554,1.1960518236829554,12.081331552353076
9.900000000000007,204.0,-2,202.0,10.37357122838515,0.47357122838514165,0.47357122838514165,4.783547761466074
9.900000000000007,204.0,-1,203.0,10.152507053412087,0.2525070534120797,0.2525070534120797,2.550576297091712
9.900000000000007,204.0,0,204.0,9.940330998550637,0.040330998550629715,0.040330998550629715,0.4073838237437342
9.900000000000007,204.0,1,205.0,9.736517592885464,-0.1634824071145431,0.1634824071145431,1.6513374456014442
9.900000000000007,204.0,2,206.0,9.540581986523152,-0.359418013476855,0.359418013476855,3.630484984614694
9.900000000000007,204.0,5,209.0,8.995724867412417,-0.9042751325875908,0.9042751325875908,9.134092248359496
9.950000000000006,204.0,-5,199.0,11.096051823682963,1.1460518236829564,1.1460518236829564,11.518108780733224
9.950000000000006,204.0,-2,202.0,10.37357122838515,0.4235712283851427,0.4235712283851427,4.256997270202437
9.950000000000006,204.0,-1,203.0,10.152507053412087,0.20250705341208075,0.20250705341208075,2.035246767960609
9.950000000000006,204.0,0,204.0,9.940330998550637,-0.009669001449369219,0.009669001449369219,0.09717589396350967
9.950000000000006,204.0,1,205.0,9.736517592885464,-0.21348240711454203,0.21348240711454203,2.1455518302969034
9.950000000000006,204.0,2,206.0,9.540581986523152,-0.4094180134768539,0.4094180134768539,4.114753904289986
9.950000000000006,204.0,5,209.0,8.995724867412417,-0.9542751325875898,0.9542751325875898,9.590704850126524
10.000000000000007,204.0,-5,199.0,11.096051823682963,1.0960518236829557,1.0960518236829557,10.96051823682955
10.000000000000007,204.0,-2,202.0,10.37357122838515,0.373571228385142,0.373571228385142,3.7357122838514174
10.000000000000007,204.0,-1,203.0,10.152507053412087,0.15250705341208004,0.15250705341208004,1.5250705341207993
10.000000000000007,204.0,0,204.0,9.940330998550637,-0.05966900144936993,0.05966900144936993,0.5966900144936989
10.000000000000007,204.0,1,205.0,9.736517592885464,-0.26348240711454274,0.26348240711454274,2.6348240711454256
10.000000000000007,204.0,2,206.0,9.540581986523152,-0.4594180134768546,0.4594180134768546,4.594180134768543
10.000000000000007,204.0,5,209.0,8.995724867412417,-1.0042751325875905,1.0042751325875905,10.042751325875898
