episode,step,latency_ms,fps,detections,avg_confidence
1,0,7.5559819997579325,132.34547144660172,0,0.0
1,1,6.00789099917165,166.44776014376376,0,0.0
1,2,5.932383000981645,168.56632483683669,0,0.0
1,3,6.477111001004232,154.38981975837018,0,0.0
1,4,5.997461999868392,166.73719650444536,0,0.0
1,5,5.914915998801007,169.06410846793204,0,0.0
1,6,5.867333999049151,170.43515848289155,0,0.0
1,7,5.903962999582291,169.37775525875597,0,0.0
1,8,5.868255000677891,170.40840929449755,0,0.0
1,9,5.914019000556436,169.08975096392356,0,0.0
1,10,5.861015000846237,170.61891154614278,0,0.0
1,11,5.9298570013197605,168.6381306964802,0,0.0
1,12,5.966693001028034,167.5970256602283,0,0.0
1,13,5.840916999659385,171.20599386334635,0,0.0
1,14,5.886496001039632,169.8803498419751,0,0.0
1,15,5.9122239999851445,169.14108802415348,0,0.0
1,16,5.84785199862381,171.0029597594694,0,0.0
1,17,5.876287001228775,170.17548662801744,0,0.0
1,18,5.90794700110564,169.26353601561684,0,0.0
1,19,5.902635000893497,169.415862550984,0,0.0
1,20,5.850722998729907,170.919047136069,0,0.0
1,21,5.854070999703254,170.82129684636394,0,0.0
1,22,5.925344999923254,168.76654439749115,0,0.0
1,23,5.845928999406169,171.05921062359468,0,0.0
1,24,5.920589999732329,168.9020857794933,0,0.0
1,25,5.878108000615612,170.12276737604523,0,0.0
1,26,6.103252999309916,163.84705010804373,0,0.0
1,27,5.956045000857557,167.8966495142362,0,0.0
1,28,5.858223999894108,170.7001985615565,0,0.0
1,29,5.89013100034208,169.77551092529575,0,0.0
1,30,5.918474998907186,168.96244390398616,0,0.0
1,31,5.912816999625647,169.12412477222145,0,0.0
1,32,5.878522000784869,170.11078632800647,0,0.0
1,33,5.9469039988471195,168.1547239023637,0,0.0
1,34,5.86456599921803,170.51560168874187,0,0.0
1,35,5.883549998543458,169.96541208072708,0,0.0
1,36,5.034042000261252,198.64752815890353,0,0.0
1,37,12.753622000673204,78.40909821125439,1,0.6190735101699829
1,38,6.620942000154173,151.03590999237184,1,0.7601032853126526
1,39,5.265555000733002,189.9135038682139,0,0.0
1,40,5.070225999588729,197.22986708701248,0,0.0
1,41,6.18155700067291,161.7715407123387,2,0.31601476669311523
1,42,5.8364199994684896,171.33790921336504,1,0.4334181547164917
1,43,5.188314999031718,192.7408031676233,0,0.0
1,44,5.0339619992882945,198.65068511470304,0,0.0
1,45,5.9407250009826384,168.32962304004863,1,0.5440506339073181
1,46,5.833866998727899,171.41288963530613,1,0.6231327652931213
1,47,5.9883289995923406,166.9914929637426,1,0.5902206897735596
1,48,5.949582000539522,168.07903478081616,2,0.5673651844263077
1,49,5.89198200032115,169.7221749736326,2,0.5867854952812195
1,50,6.061459000193281,164.97678198732567,2,0.4818171262741089
1,51,6.086536999646341,164.29703788182098,3,0.7076273163159689
1,52,6.911731999935,144.68153568590395,3,0.6686420738697052
1,53,5.919720000747475,168.9269086838113,1,0.7990573644638062
1,54,6.267347000175505,159.55714594580402,3,0.6355838676293691
1,55,6.096188000810798,164.03693584695864,2,0.7315780818462372
1,56,6.0120489997643745,166.33264300393964,2,0.7473853826522827
1,57,5.899900999793317,169.49436948773067,2,0.7116242051124573
1,58,6.6704529999697115,149.9148558582964,4,0.5879604667425156
1,59,6.764326999473269,147.8343669780998,4,0.5586267933249474
1,60,6.072201000279165,164.6849305472638,4,0.46069011837244034
1,61,6.105782998929499,163.77915824642406,4,0.5089839696884155
1,62,6.053996999980882,165.1801281043182,4,0.46729863435029984
1,63,6.326234000880504,158.0719271308676,3,0.7072815497716268
1,64,6.256845999814686,159.82493416485204,5,0.5452895641326905
1,65,6.154085000162013,162.49369320925433,3,0.4581270217895508
1,66,6.189428000652697,161.56581834291416,5,0.47933596968650816
1,67,5.902899998545763,169.40825700017953,3,0.4942913254102071
1,68,6.259690000661067,159.75231998619628,4,0.4109768941998482
1,69,5.953965001026518,167.95530370561315,2,0.7594408094882965
1,70,5.804014999739593,172.2945237124416,2,0.7092515528202057
1,71,5.873624000741984,170.25264127797,2,0.7834683954715729
1,72,6.38879799953429,156.52396586539356,2,0.6669128984212875
1,73,6.292842999755521,158.9106863207695,3,0.6204347709814707
1,74,5.948406000243267,168.11226401814264,2,0.38711823523044586
1,75,5.677580000337912,176.1313799084263,1,0.3995487093925476
1,76,5.8988210003008135,169.52540176231904,2,0.3242364078760147
1,77,5.276588000924676,189.51640716022527,0,0.0
1,78,6.083734000640106,164.37273554280708,1,0.29859283566474915
1,79,5.567576001340058,179.61137840943894,0,0.0
1,80,5.216735000431072,191.6907797534986,0,0.0
1,81,5.703011000150582,175.3459707466102,1,0.28005993366241455
1,82,5.177887000172632,193.1289732600692,0,0.0
1,83,5.252905000816099,190.37085190854174,0,0.0
1,84,5.168150999452337,193.4927985087837,0,0.0
1,85,5.6867619987315265,175.84699346008455,1,0.3036065697669983
1,86,5.944714001088869,168.2166711160258,2,0.34511250257492065
1,87,5.624115001410246,177.80575250492748,1,0.2834167182445526
1,88,5.60346200109052,178.4611013343866,1,0.2616357207298279
1,89,5.101857999761705,196.00702333281473,0,0.0
1,90,5.094390999147436,196.2943166646128,0,0.0
1,91,5.071740000857972,197.17099059313625,0,0.0
1,92,5.071538998890901,197.17880513561875,0,0.0
1,93,5.08029900083784,196.83880807706015,0,0.0
1,94,5.022457000450231,199.10573647725732,0,0.0
1,95,5.128877000970533,194.97445538482808,0,0.0
1,96,5.033340999943903,198.6751940731107,0,0.0
1,97,5.0332539994997205,198.67862819945006,0,0.0
1,98,5.107918999783578,195.77444357327707,0,0.0
1,99,5.073871001513908,197.08817975498917,0,0.0
2,0,7.2497260007367,137.9362475076137,0,0.0
2,1,5.377868999858038,185.94725904003937,0,0.0
2,2,5.382493000070099,185.7875151880321,0,0.0
2,3,5.869382001037593,170.37568858582034,0,0.0
2,4,5.915490000916179,169.04770354528907,0,0.0
2,5,5.458220000946312,183.20991089157752,0,0.0
2,6,5.232592000538716,191.1098743982038,0,0.0
2,7,5.14613300038036,194.32066756263166,0,0.0
2,8,5.0768749988492345,196.9715622753501,0,0.0
2,9,5.135297000379069,194.73070397411945,0,0.0
2,10,5.890746999284602,169.75775739841558,1,0.42866894602775574
2,11,5.19722399985767,192.410409870228,0,0.0
2,12,5.192448001253069,192.5873884069084,0,0.0
2,13,5.046745000072406,198.14751884346308,0,0.0
2,14,5.31527100065432,188.13716175090565,0,0.0
2,15,6.0252980001678225,165.96689491078234,1,0.7556788921356201
2,16,6.70911399902252,149.05097754274175,1,0.4321930706501007
2,17,5.8153769987256965,171.95789717831303,1,0.5800317525863647
2,18,5.753244000516133,173.8149815843528,1,0.5191982388496399
2,19,5.262922999463626,190.00848009783073,0,0.0
2,20,5.165745998965576,193.58288235624568,0,0.0
2,21,5.121591999341035,195.25178892201177,0,0.0
2,22,5.150359000253957,194.16122253821365,0,0.0
2,23,5.1051869995717425,195.87921070939942,0,0.0
2,24,5.193590000999393,192.54504106168793,0,0.0
2,25,5.1247869996586815,195.13006102821473,0,0.0
2,26,5.15536100101599,193.97283716948735,0,0.0
2,27,5.086856999696465,196.5850426028627,0,0.0
2,28,5.116616999657708,195.44163654752703,0,0.0
2,29,5.49701899944921,181.91678073155612,0,0.0
2,30,5.2156849997118115,191.7293701700264,0,0.0
2,31,5.306006998580415,188.4656390893459,0,0.0
2,32,5.130032999659306,194.93051995307079,0,0.0
2,33,5.166049999388633,193.5714908137442,0,0.0
2,34,5.054360999565688,197.848946698886,0,0.0
2,35,5.097990999274771,196.15570136201845,0,0.0
2,36,5.105461999846739,195.86865988426104,0,0.0
2,37,5.0760700014507165,197.00279935347714,0,0.0
2,38,5.151330999069614,194.12458647689513,0,0.0
2,39,5.128972999955295,194.97080604805606,0,0.0
2,40,5.19837899992126,192.36765922899176,0,0.0
2,41,5.106892000185326,195.81381395253916,0,0.0
2,42,5.103297000459861,195.9517543090064,0,0.0
2,43,5.066764000730473,197.36462954576737,0,0.0
2,44,5.089157999464078,196.49615911027064,0,0.0
2,45,5.161280001630075,193.75038743958325,0,0.0
2,46,5.195032999836258,192.49155876998645,0,0.0
2,47,5.184502000702196,192.88255648557154,0,0.0
2,48,5.081706000055419,196.7843082596857,0,0.0
2,49,5.100971000501886,196.04110666412527,0,0.0
2,50,5.081115999928443,196.80715811528077,0,0.0
2,51,5.0538460000097984,197.86910800172012,0,0.0
2,52,5.752994999056682,173.82250465435305,1,0.411475270986557
2,53,5.101729000671185,196.0119794423498,0,0.0
2,54,5.17229900106031,193.33762410003794,0,0.0
2,55,5.051927000749856,197.94426955329527,0,0.0
2,56,5.063029000666575,197.5102255721515,0,0.0
2,57,5.692515000191634,175.66927798457024,1,0.27427732944488525
2,58,5.13109399980749,194.89021250390624,0,0.0
2,59,5.167773000721354,193.50695161347315,0,0.0
2,60,5.703924000044935,175.31790395386088,0,0.0
2,61,5.342573000234552,187.1757297384795,0,0.0
2,62,5.144036000274355,194.39988366074138,0,0.0
2,63,5.0832220003940165,196.725620073742,0,0.0
2,64,5.180807000215282,193.0201221466938,0,0.0
2,65,5.102819000967429,195.97010981781105,0,0.0
2,66,5.080733999420772,196.82195527536075,0,0.0
2,67,5.141217998243519,194.50643803504283,0,0.0
2,68,5.153448000783101,194.04484140483098,0,0.0
2,69,5.19735800116905,192.40544903296413,0,0.0
2,70,5.07545599975856,197.02663170512562,0,0.0
2,71,5.079086000478128,196.88581762660908,0,0.0
2,72,5.087937999633141,196.54327550219827,0,0.0
2,73,5.148668999026995,194.22495409764772,0,0.0
2,74,5.193151000639773,192.56131775810186,0,0.0
2,75,5.928798000240931,168.66825281606197,1,0.5925005674362183
2,76,5.975849999231286,167.34021103753219,1,0.5205960869789124
2,77,5.662610999934259,176.59697973454468,1,0.697315514087677
2,78,5.86235700029647,170.57985379420398,1,0.6032084822654724
2,79,6.604058999073459,151.42202698981018,6,0.4052765965461731
2,80,5.967753999357228,167.567228828083,2,0.3649371564388275
2,81,5.946928999037482,168.1540169996735,2,0.6167579144239426
2,82,6.029147998560802,165.86091438437182,2,0.6753486096858978
2,83,6.110892998549389,163.64220421424187,2,0.7842125296592712
2,84,6.414292000044952,155.90185167638018,2,0.701387345790863
2,85,6.141173000287381,162.83534105832945,2,0.778185248374939
2,86,6.354810000630096,157.36111699655024,3,0.530491828918457
2,87,6.792059999497724,147.2307370774037,3,0.7037875056266785
2,88,6.324006999420817,158.12759221986707,4,0.48010338097810745
2,89,6.20299399997748,161.21247255819216,4,0.3876236155629158
2,90,6.332286999167991,157.92082704580378,6,0.47298534711201984
2,91,6.115567000961164,163.51713583431155,3,0.5458148022492727
2,92,6.576850000783452,152.04847303509695,5,0.42038965225219727
2,93,6.074338998587336,164.62696603409236,3,0.6819390853246053
2,94,6.239570000616368,160.2674543119504,3,0.5243069728215536
2,95,6.181758000820992,161.76628070319015,4,0.49615316092967987
2,96,6.1851399987062905,161.6778278598648,3,0.5895125567913055
2,97,5.932321999353007,168.56805819189557,3,0.5481226046880087
2,98,5.897019998883479,169.57717630079878,2,0.6335003525018692
2,99,6.509629998618038,153.61856207070062,3,0.5566898385683695
2,100,5.843316999744275,171.13567517281086,2,0.6891673803329468
2,101,6.18606100033503,161.65375671947643,2,0.3712459057569504
2,102,6.247524001082638,160.06341069305364,2,0.37817874550819397
2,103,5.6004369998845505,178.55749471346869,1,0.3300948739051819
2,104,5.968154000584036,167.55599803593225,3,0.2965041697025299
2,105,5.822076000185916,171.7600388535064,1,0.31300434470176697
2,106,5.2014410011906875,192.25441560734518,0,0.0
2,107,5.220998000368127,191.53426220992444,0,0.0
2,108,5.153199999767821,194.0541799357788,0,0.0
2,109,5.100600999867311,196.05532760276964,0,0.0
2,110,5.089848998977686,196.46948272941955,0,0.0
2,111,5.037738001192338,198.50178785862204,0,0.0
2,112,5.703356000594795,175.3353639323429,1,0.26322415471076965
3,0,7.539021000411594,132.64321719562855,0,0.0
3,1,5.765980000433046,173.43105593930196,0,0.0
3,2,5.3840319997107144,185.73440872077475,0,0.0
3,3,5.240579001110746,190.8186098879626,0,0.0
3,4,5.1071879988739965,195.8024651178837,0,0.0
3,5,5.3086280004208675,188.3725889101139,0,0.0
3,6,5.172344999664347,193.33590471341216,0,0.0
3,7,5.13147099991329,194.8758942644122,0,0.0
3,8,5.1711480009544175,193.38065741213248,0,0.0
3,9,5.82962099906581,171.53773807255203,1,0.2872120141983032
3,10,5.199522000111756,192.3253714434724,0,0.0
3,11,5.993521999698714,166.84680560950116,1,0.3016825020313263
3,12,5.18321100025787,192.93059841674378,0,0.0
3,13,6.098563000705326,163.97305396112912,2,0.4512041360139847
3,14,6.160528999316739,162.32372254248125,4,0.43294645845890045
3,15,5.90919199930795,169.22787415218767,3,0.5464443961779276
3,16,5.675999000231968,176.18043977089,1,0.37800225615501404
3,17,5.231559000094421,191.14761010665302,0,0.0
3,18,5.10307700096746,195.9602020134943,0,0.0
3,19,5.120254998473683,195.3027730646411,0,0.0
3,20,5.840083000293816,171.23044312036143,1,0.29518923163414
3,21,5.119285999171552,195.3397407688941,0,0.0
3,22,5.249818999800482,190.48275760326305,0,0.0
3,23,5.121796000821632,195.2440120300733,0,0.0
3,24,5.129287999807275,194.95883250025608,0,0.0
3,25,5.097172999739996,196.18718062953906,0,0.0
3,26,6.4798439998412505,154.32470288243036,1,0.28294816613197327
3,27,5.486266998559586,182.27330173003776,0,0.0
3,28,6.668191999779083,149.96568785558813,1,0.26935824751853943
3,29,5.698532999304007,175.4837604910133,1,0.44740673899650574
3,30,5.215639001107775,191.73106110058714,0,0.0
3,31,5.139992999829701,194.55279414449242,0,0.0
3,32,5.862526000782964,170.57493644658393,2,0.30499492585659027
3,33,5.793071999505628,172.6199847136957,1,0.3260578513145447
3,34,6.097147999753361,164.01110815096692,3,0.4838851988315582
3,35,6.805511000493425,146.93973750501561,6,0.4911962300539017
3,36,6.647838999924716,150.42482226349415,5,0.4445692837238312
3,37,6.387301998984185,156.56062609205523,5,0.5629808068275451
3,38,6.373468999299803,156.9004258293029,5,0.4929316580295563
3,39,6.413126000552438,155.93019689833915,5,0.5604156076908111
3,40,6.390316999386414,156.48675959205437,4,0.5634735748171806
3,41,6.334714000331587,157.86032328336458,5,0.466198718547821
3,42,6.466932998591801,154.63280665158487,5,0.5313579976558686
3,43,6.231074999959674,160.48595146206262,3,0.7427546977996826
3,44,6.340054000247619,157.72736319926355,4,0.6476017311215401
3,45,6.085282000640291,164.33092170498927,3,0.6681344310442606
3,46,6.599067999559338,151.5365503229814,5,0.6013474583625793
3,47,5.925903999013826,168.75062440539324,2,0.8016581535339355
3,48,6.0287300002528355,165.87241424944582,3,0.6397747000058492
3,49,5.978164001135156,167.27543771133017,1,0.6454041600227356
3,50,6.84632699994836,146.06372146810148,4,0.3620462194085121
3,51,5.21047400070529,191.92111885879098,0,0.0
3,52,6.459853000706062,154.80228418366485,2,0.26126764714717865
3,53,5.961749000562122,167.736011681423,2,0.385126531124115
3,54,5.28856100027042,189.0873528638257,0,0.0
3,55,5.647517000397784,177.0689667564639,1,0.2618583142757416
3,56,5.209666000155266,191.95088513739586,0,0.0
3,57,5.165243999726954,193.60169627085617,0,0.0
3,58,5.1510939993022475,194.1335180712014,0,0.0
3,59,5.058763999841176,197.67674476045843,0,0.0
3,60,5.147731999386451,194.26030728079633,0,0.0
3,61,5.1928040011262055,192.57418531165857,0,0.0
3,62,5.235602000539075,191.00000341833407,0,0.0
3,63,5.3026560017315205,188.5847393595703,0,0.0
3,64,5.256705000647344,190.2332354349072,0,0.0
3,65,5.797297999379225,172.49415160426116,1,0.4482269585132599
3,66,6.091617999118171,164.1599982377032,3,0.5227427979310354
3,67,5.187976999877719,192.75336032206195,0,0.0
3,68,5.672780000168132,176.2804127729899,1,0.41463589668273926
3,69,5.129393999595777,194.9548036432384,0,0.0
3,70,5.198154000026989,192.37598578164634,0,0.0
3,71,5.1044249994447455,195.9084520017003,0,0.0
3,72,5.132439999215421,194.83910189946042,0,0.0
3,73,5.218254000283196,191.6349798123529,0,0.0
3,74,5.143997999766725,194.40131976049543,0,0.0
3,75,5.759431000115001,173.62826292736776,1,0.3180255889892578
3,76,5.102569999507978,195.97967300721527,0,0.0
3,77,5.565879000641871,179.66614076315304,1,0.4045448899269104
3,78,5.769510000391165,173.3249443942729,1,0.49174100160598755
3,79,5.217416999585112,191.66572272822353,0,0.0
3,80,5.255866000879905,190.26360257902047,0,0.0
3,81,5.247441000392428,190.56907927601577,0,0.0
3,82,5.280484998365864,189.3765440692412,0,0.0
3,83,5.398399000114296,185.2401054421557,0,0.0
3,84,5.18056300097669,193.0292131977683,0,0.0
3,85,5.1545259993872605,194.00425958058491,0,0.0
3,86,5.04463799916266,198.23027939090696,0,0.0
3,87,5.152521000127308,194.07975241154614,0,0.0
3,88,5.263090000880766,190.00245099982183,0,0.0
3,89,5.229413998677046,191.22601504738068,0,0.0
3,90,5.170485001144698,193.40545418439646,0,0.0
3,91,5.1267450016894145,195.05553712354921,0,0.0
3,92,5.161985998711316,193.72388848974967,0,0.0
3,93,5.0710579998849425,197.19750790124843,0,0.0
3,94,5.144271999597549,194.3909653451903,0,0.0
3,95,5.050460000347812,198.00176616211843,0,0.0
3,96,5.156625999006792,193.92525271225955,0,0.0
3,97,5.132158999913372,194.84976985648328,0,0.0
3,98,5.120585001350264,195.29018651898303,0,0.0
3,99,5.261192000034498,190.07099531692492,0,0.0
3,100,5.131775000336347,194.86435004154663,0,0.0
3,101,5.167956000150298,193.50009945342362,0,0.0
3,102,5.789070999526302,172.7392875440336,1,0.5471826791763306
3,103,5.760816999099916,173.5864895823357,1,0.48731979727745056
3,104,5.654978000166011,176.8353475416957,1,0.3421991765499115
3,105,5.087326000648318,196.56691941357053,0,0.0
3,106,5.306966000716784,188.43158216294117,0,0.0
3,107,5.1625310006784275,193.70343730015108,0,0.0
3,108,5.832971999552683,171.43919087502695,1,0.3423112630844116
3,109,5.148230999111547,194.24147831994608,0,0.0
3,110,5.138300999533385,194.6168587809105,0,0.0
3,111,5.13050199879217,194.91270059643705,0,0.0
3,112,5.137924001246574,194.63113891084762,0,0.0
3,113,5.663470001309179,176.57019455719515,0,0.0
3,114,5.207436999626225,192.03304813323277,0,0.0
3,115,5.219219001446618,191.5995476953216,0,0.0
3,116,5.140695000591222,194.52622648980181,0,0.0
3,117,5.071325000244542,197.18712564305767,0,0.0
3,118,5.084061000161455,196.69315532764907,0,0.0
3,119,5.052356998930918,197.9274228269302,0,0.0
4,0,7.517428000937798,133.02422050138028,0,0.0
4,1,5.653221000102349,176.89030731009728,0,0.0
4,2,5.190646999835735,192.65421055056265,0,0.0
4,3,5.0968929990631295,196.19795828239126,0,0.0
4,4,5.822335000630119,171.75239828896406,1,0.3826353847980499
4,5,5.767478000052506,173.38601031350206,1,0.42878714203834534
4,6,5.801371999041294,172.3730179973384,1,0.3694017231464386
4,7,6.144069999209023,162.75856234202055,2,0.3400133550167084
4,8,6.346226000459865,157.57396599609552,1,0.33109185099601746
4,9,5.287130999931833,189.13849496312707,0,0.0
4,10,5.205625999224139,192.09985507008048,0,0.0
4,11,5.135393999808002,194.72702582068428,0,0.0
4,12,5.892662000405835,169.70258941224336,1,0.2831839621067047
4,13,5.10393100012152,195.92741359085593,0,0.0
4,14,5.742059998738114,174.1535268213432,1,0.278910368680954
4,15,5.117606999192503,195.40382842171897,0,0.0
4,16,5.046148999099387,198.17092205927239,0,0.0
4,17,5.336227999578114,187.3982895931472,0,0.0
4,18,5.155049999302719,193.98453945844594,0,0.0
4,19,5.08189699939976,196.77691226683922,0,0.0
4,20,5.200699999477365,192.2818082374475,0,0.0
4,21,5.122329001096659,195.22369605425698,0,0.0
4,22,5.082671999844024,196.74690793163276,0,0.0
4,23,5.140225001014187,194.54401311279096,0,0.0
4,24,5.132883001351729,194.82228598170911,0,0.0
4,25,5.169095000383095,193.45746207525445,0,0.0
4,26,5.316885000866023,188.08005060051485,0,0.0
4,27,5.077189000076032,196.95938047313675,0,0.0
4,28,5.12258200069482,195.2140541360512,0,0.0
4,29,5.091438000818016,196.40816599148118,0,0.0
4,30,5.168985000636894,193.46157899022447,0,0.0
4,31,5.22564200036868,191.36404673903186,0,0.0
4,32,5.166896000446286,193.5397964103837,0,0.0
4,33,5.19750600142288,192.39997024077277,0,0.0
4,34,5.714335999073228,174.99846004193378,1,0.25572264194488525
4,35,5.711278001399478,175.0921597153846,1,0.5799060463905334
4,36,5.709294999178383,175.15297425407317,1,0.5347781181335449
4,37,6.507674999738811,153.664711289383,1,0.2813604772090912
4,38,5.861940000613686,170.5919883000014,1,0.2607060372829437
4,39,5.200400999456178,192.292863589668,0,0.0
4,40,5.622366999887163,177.8610325544507,1,0.6021445393562317
4,41,5.651540999679128,176.94289045355524,1,0.3677386939525604
4,42,5.181753000215394,192.9848836790237,0,0.0
4,43,5.810609000036493,172.09900029303634,2,0.4411579668521881
4,44,5.190210000364459,192.67043143336772,0,0.0
4,45,5.185701000300469,192.83795960123004,0,0.0
4,46,5.054846000348334,197.82996355004465,0,0.0
4,47,5.706638999981806,175.2344944201286,1,0.43475985527038574
4,48,5.910221998419729,169.19838210263157,1,0.39416930079460144
4,49,5.155925000508432,193.95161874957233,0,0.0
4,50,5.198519000259694,192.3624786117055,0,0.0
4,51,5.233878999206354,191.06288092476657,0,0.0
4,52,5.206822001127875,192.05572992189576,0,0.0
4,53,5.559589999393211,179.86937887670544,0,0.0
4,54,5.218916998273926,191.6106349901204,0,0.0
4,55,5.16616800086922,193.56706940845663,0,0.0
4,56,5.119974999615806,195.31345369362901,0,0.0
4,57,5.048024000643636,198.09731488449688,0,0.0
4,58,5.2049130008526845,192.126169992885,0,0.0
4,59,5.503099000634393,181.71579320755828,0,0.0
4,60,5.2870250001433305,189.1422870088358,0,0.0
4,61,5.178411998713273,193.10939342958403,0,0.0
4,62,5.292392001138069,188.95047830639933,0,0.0
4,63,5.145133998667006,194.35839771307775,0,0.0
4,64,5.158813999514678,193.8430034682538,0,0.0
4,65,5.530653999812785,180.81044303871667,0,0.0
4,66,5.202923000979354,192.19965388912513,0,0.0
4,67,5.123208000441082,195.1902011227936,0,0.0
4,68,5.059928000264335,197.63127063226176,0,0.0
4,69,5.259509000097751,190.1318164835186,0,0.0
4,70,5.730834000132745,174.49467215013325,0,0.0
4,71,5.330848000085098,187.58741573273835,0,0.0
4,72,5.187819000639138,192.75923078210715,0,0.0
4,73,5.678043000443722,176.11701776859616,1,0.5629739761352539
4,74,5.18352099970798,192.91906024039184,0,0.0
4,75,5.126033000124153,195.08263016952483,0,0.0
4,76,5.179871999644092,193.05496353359885,0,0.0
4,77,5.098801000713138,196.12453983988317,0,0.0
4,78,5.113334000270697,195.56711921166513,0,0.0
4,79,5.170267999346834,193.41357162265695,0,0.0
4,80,5.161502000191831,193.74205414680344,0,0.0
4,81,5.1680649994523264,193.496018356188,0,0.0
4,82,5.048017999797594,198.09755037325465,0,0.0
4,83,5.146908999449806,194.29136985070028,0,0.0
4,84,5.12133200027165,195.26170143762545,0,0.0
4,85,5.1090369997837115,195.73160265669136,0,0.0
4,86,5.070519000582863,197.21847011815728,0,0.0
4,87,5.09777600018424,196.16397424364249,0,0.0
4,88,5.221357998379972,191.52105645892686,0,0.0
4,89,5.932666001172038,168.558283881554,2,0.3354973644018173
4,90,6.05283700133441,165.2117841236332,1,0.5842792987823486
4,91,5.892323999432847,169.71232405011213,1,0.6766459941864014
4,92,5.922705000557471,168.84177076283143,2,0.4696735143661499
4,93,6.64542199956486,150.47953313807304,2,0.5076849013566971
4,94,6.162069001220516,162.28315518731304,2,0.3415791839361191
4,95,5.922639000345953,168.84365228770284,1,0.4962719678878784
4,96,5.940203000136535,168.3444151617403,1,0.707761287689209
4,97,5.833948998770211,171.4104803128719,1,0.473539799451828
4,98,6.075711999073974,164.58976333183904,3,0.5481193860371908
4,99,5.91259400061972,169.13050344657293,2,0.7785593569278717
4,100,6.4794999998412095,154.33289606057667,4,0.6088946387171745
4,101,6.415506000848836,155.87235050013044,4,0.5829624831676483
4,102,6.3154479994409485,158.34189436577125,3,0.6185562709967295
4,103,6.335771999147255,157.8339624807509,3,0.50200883547465
4,104,6.059223000193015,165.0376624144953,3,0.5259275436401367
4,105,6.233668998902431,160.41916889973965,4,0.5215783715248108
4,106,6.046683000022313,165.37992813519577,3,0.47916821638743085
4,107,5.998612999974284,166.70520335355639,3,0.5560470422108968
4,108,5.882403998839436,169.9985244463478,3,0.6434834003448486
4,109,5.987434999042307,167.01642692738216,3,0.48155510425567627
4,110,5.9324460016796365,168.5645347158445,3,0.5955904026826223
4,111,5.7312019998789765,174.48346786958768,2,0.5705671310424805
4,112,6.592940000700764,151.67740035457777,3,0.5815056562423706
4,113,5.887036999411066,169.86473842444664,3,0.5747011105219523
4,114,5.790666000393685,172.69170764330283,1,0.3503636419773102
4,115,5.809583999507595,172.12936418248836,1,0.42183738946914673
4,116,5.744058998971013,174.092919341382,1,0.25981491804122925
4,117,5.0989510000363225,196.11877031037884,0,0.0
4,118,6.553698998686741,152.58558566702322,2,0.3230680823326111
4,119,6.204051000167965,161.18500637292095,1,0.27907514572143555
4,120,5.2094310012762435,191.95954409512532,0,0.0
4,121,5.164309999599936,193.63671043710912,0,0.0
4,122,5.130176999955438,194.92504839670954,0,0.0
4,123,5.274256000120658,189.60020142691656,0,0.0
4,124,5.806559000120615,172.21903712323044,1,0.28429940342903137
4,125,5.216871999436989,191.68574580858436,0,0.0
4,126,5.168035000679083,193.4971415380506,0,0.0
4,127,5.1550750013120705,193.9835986373583,0,0.0
4,128,5.066071998953703,197.391588632481,0,0.0
4,129,5.088023001007969,196.53999201691775,0,0.0
4,130,5.175538000912638,193.21662787978045,0,0.0
4,131,5.801254999823868,172.37649440170463,1,0.38820189237594604
4,132,5.876469998838729,170.1701872378509,1,0.8412812352180481
4,133,5.716628000300261,174.92829688191637,1,0.8107383847236633
4,134,5.634087001453736,177.4910468620692,1,0.8213592171669006
4,135,5.839470999490004,171.24838878167833,1,0.5832479000091553
4,136,5.746928000007756,174.00600807921214,1,0.7608675956726074
4,137,5.781023999588797,172.97973509038016,2,0.5168730765581131
4,138,5.711496000003535,175.0854767296311,1,0.8724496960639954
4,139,5.6589249998069135,176.7120080287547,1,0.8969506621360779
4,140,5.699368999557919,175.45802001547307,1,0.7574859857559204
4,141,5.695660000128555,175.57227783565546,1,0.7763569355010986
4,142,5.647116999170976,177.081509050867,1,0.7569538950920105
4,143,5.785274001027574,172.85266001616884,1,0.8741230368614197
4,144,5.613179000647506,178.1521665146694,1,0.7968771457672119
4,145,5.823329000122612,171.72308141596406,1,0.7783114910125732
4,146,6.048978999388055,165.31715519282923,1,0.6461995244026184
4,147,5.83872500101279,171.27026873616057,1,0.454751193523407
5,0,8.99440700050036,111.18020342468046,2,0.5342734456062317
5,1,6.423413999073091,155.68045281594829,2,0.5000985115766525
5,2,5.919342998822685,168.93766760920812,1,0.7737783193588257
5,3,5.723958000089624,174.7042867862312,1,0.7129888534545898
5,4,5.128574999616831,194.9859366538878,0,0.0
5,5,5.115215999467182,195.49516581590365,0,0.0
5,6,5.0567779999255436,197.75438036131388,0,0.0
5,7,5.142722999153193,194.44951636801383,0,0.0
5,8,5.027227000027779,198.91681835621793,0,0.0
5,9,5.037893000917393,198.49568059859578,0,0.0
5,10,5.804988000818412,172.26564462476335,0,0.0
5,11,5.22913899840205,191.23607161821204,0,0.0
5,12,5.2357580007083016,190.99431254552223,0,0.0
5,13,5.128890999912983,194.97392321594788,0,0.0
5,14,5.102168999655987,195.99507583293004,0,0.0
5,15,5.060759000116377,197.59881867067844,0,0.0
5,16,5.733841000619577,174.4031618407179,1,0.46767932176589966
5,17,5.240574999334058,190.81875559973366,0,0.0
5,18,5.728820000513224,174.55601675570426,1,0.49217429757118225
5,19,5.792452000605408,172.63846120701274,1,0.7965273857116699
5,20,5.701997000869596,175.3771529251055,1,0.4464530050754547
5,21,6.056246000298415,165.11878809921626,2,0.42348329722881317
5,22,5.976946000373573,167.30952562353713,1,0.4401804208755493
5,23,5.585974000496208,179.01980924207112,1,0.4970691204071045
5,24,5.752140001277439,173.84834162206053,1,0.29716750979423523
5,25,5.12500100012403,195.12191314222164,0,0.0
5,26,5.156754999916302,193.92040149594672,0,0.0
5,27,5.621289999908186,177.89510948845074,1,0.2509863078594208
5,28,5.15022699983092,194.16619889430692,0,0.0
5,29,5.109382000227924,195.71838628534547,0,0.0
5,30,5.098022000311175,196.15450854055976,0,0.0
5,31,5.09850599883066,196.13588769520905,0,0.0
5,32,5.622106000373606,177.86928953910635,1,0.5709549784660339
5,33,5.172619999939343,193.3256260873071,0,0.0
5,34,5.8314639991294825,171.4835245744944,3,0.31109584371248883
5,35,6.339645000480232,157.73753891964762,4,0.3354657292366028
5,36,5.098909001389984,196.1203856996459,0,0.0
5,37,5.852107000464457,170.8786254114346,0,0.0
5,38,6.098208001276362,163.9825994440824,1,0.3133588433265686
5,39,5.547788001422305,180.25202111970154,0,0.0
5,40,5.3850219992455095,185.7002627176099,0,0.0
5,41,5.932045000008657,168.5759295485015,1,0.4736127257347107
5,42,5.237418999968213,190.93374045614246,0,0.0
5,43,5.124209999848972,195.1520331972096,0,0.0
5,44,5.2207019998604665,191.54512171480522,0,0.0
5,45,5.296265999277239,188.81226889594785,0,0.0
5,46,5.2132639993942576,191.81840783743016,0,0.0
5,47,5.251155000223662,190.43429492319444,0,0.0
5,48,5.189139999856707,192.71016007038045,0,0.0
5,49,5.135363000590587,194.72820127515737,0,0.0
5,50,5.15455899949302,194.00301754201587,0,0.0
5,51,5.031705999499536,198.7397515076322,0,0.0
5,52,5.171499000425683,193.36753229918185,0,0.0
5,53,5.116902999361628,195.4307127035157,0,0.0
5,54,5.243301000518841,190.71954860135762,0,0.0
5,55,5.199164999794448,192.3385774522516,0,0.0
5,56,5.089686001156224,196.47577468881775,0,0.0
5,57,5.157581001185463,193.8893445919999,0,0.0
5,58,5.717310999898473,174.9073996530463,1,0.28103336691856384
5,59,5.264082999929087,189.96660957159511,0,0.0
5,60,5.071554000096512,197.17822189825247,0,0.0
5,61,5.098898000142071,196.12080884382016,0,0.0
5,62,5.696349000572809,175.55104153545417,1,0.7408086061477661
5,63,5.070434999652207,197.22173739897906,0,0.0
5,64,5.2771880000364035,189.4948597611269,0,0.0
5,65,5.315468000844703,188.13018907104433,0,0.0
5,66,5.241910001132055,190.77015816449304,0,0.0
5,67,6.0198679984750925,166.11659927648122,0,0.0
5,68,5.254789000900928,190.3025982258376,0,0.0
5,69,5.113224999149679,195.5712882117056,0,0.0
5,70,5.131592999532586,194.871261242091,0,0.0
5,71,5.135687000802136,194.7159162627729,0,0.0
5,72,5.107752000185428,195.78084448181838,0,0.0
5,73,5.746261000240338,174.02620590296453,1,0.2621784508228302
5,74,5.694760000551469,175.6000252693989,1,0.29243582487106323
5,75,5.63967099878937,177.31530797003288,1,0.4053565561771393
5,76,5.630603000099654,177.60087151985343,1,0.5935025215148926
5,77,5.815233000248554,171.96215524936974,1,0.6857458353042603
5,78,5.601292001301772,178.53023905334598,1,0.6342081427574158
5,79,5.625743999189581,177.75426683902705,1,0.6245042085647583
5,80,5.663810999976704,176.55956387035394,1,0.4734479784965515
5,81,5.700132000129088,175.43453379278822,1,0.3984622061252594
5,82,5.729077000069083,174.54818638114688,1,0.7489891648292542
5,83,5.664916001478559,176.5251240687412,1,0.42244666814804077
5,84,5.714263999834657,175.0006650075907,1,0.8104318976402283
5,85,5.894003001230885,169.66397875792785,2,0.5125211924314499
5,86,5.641755000397097,177.24980966554105,1,0.6979228258132935
5,87,6.1075200010236586,163.73257882616738,3,0.5885900259017944
5,88,5.990212999677169,166.93897196208098,2,0.5644430816173553
5,89,5.768336999608437,173.36019030578163,2,0.46194303035736084
5,90,5.128065000462811,195.00532850300246,0,0.0
5,91,5.5828940003266325,179.11857182699404,1,0.3075801730155945
5,92,5.870958000741666,170.32995294356934,0,0.0
5,93,5.311147999236709,188.28321111437955,0,0.0
5,94,5.160044998774538,193.7967595704089,0,0.0
5,95,5.071731999123585,197.17130167225,0,0.0
5,96,5.125352001414285,195.10855053936996,0,0.0
5,97,5.168513000171515,193.4792463454799,0,0.0
5,98,5.415027999333688,184.67125195346148,0,0.0
5,99,5.762212000263389,173.54446520785598,1,0.5764625668525696
5,100,5.787149000752834,172.7966568460416,1,0.8941681385040283
5,101,6.484253999587963,154.219745257287,6,0.4381827414035797
5,102,6.172176999825751,162.01738868283124,4,0.5480993539094925
5,103,6.16348299990932,162.24592491205257,5,0.6874853372573853
5,104,6.863767999675474,145.6925700354792,8,0.5712863132357597
5,105,6.490931000371347,154.06110463087495,7,0.651821609054293
5,106,6.810131000747788,146.84005342778204,7,0.6224576234817505
5,107,6.2438200002361555,160.15836458484995,4,0.641590803861618
5,108,6.208459999470506,161.07053924568828,4,0.6092626303434372
5,109,5.984157000057166,167.10791511493548,4,0.5560993328690529
5,110,5.2090520002820995,191.9735107166994,0,0.0
5,111,5.7737330007512355,173.1981717668426,1,0.2837042510509491
5,112,5.130929999722866,194.8964417861893,0,0.0
5,113,5.080580000139889,196.82792121617334,0,0.0
5,114,5.06874300117488,197.2875720406836,0,0.0
5,115,5.481918999066693,182.41787231264306,0,0.0
5,116,5.3093549995537614,188.3467954363661,0,0.0
5,117,5.667700999765657,176.43838304832013,0,0.0
5,118,5.285318999085575,189.20333856348353,0,0.0
5,119,5.2569819999916945,190.22321172139831,0,0.0
5,120,5.174517000341439,193.25475207328827,0,0.0
5,121,5.730185001084465,174.51443536478234,1,0.2760729491710663
5,122,6.18139000107476,161.77591121513603,1,0.41008588671684265
5,123,5.2518759985105135,190.4081513507955,0,0.0
5,124,5.730978000428877,174.4902876830386,1,0.4488876760005951
5,125,5.698560999007896,175.482898256963,1,0.6029233336448669
5,126,5.861693998667761,170.59914765719242,2,0.30051156878471375
5,127,5.255311998553225,190.28365970950873,0,0.0
5,128,5.209023000134039,191.9745794891418,0,0.0
5,129,5.145116998392041,194.35903990376144,0,0.0
5,130,5.0917689986818,196.3953981924334,0,0.0
5,131,5.193995999434264,192.52999041757465,0,0.0
5,132,5.065368999566999,197.41898370789622,0,0.0
5,133,5.281351999656181,189.34545549418038,0,0.0
5,134,5.753276998802903,173.81398465745212,1,0.27154475450515747
5,135,5.091490998893278,196.4061215501249,0,0.0
5,136,5.668519999744603,176.41289085070798,1,0.3657643496990204
5,137,5.644075999953202,177.1769196602405,1,0.5628430247306824
5,138,6.028280999089475,165.8847688339416,2,0.34673239290714264
5,139,5.752709001171752,173.8311462993023,1,0.3392040431499481
5,140,6.096687999161077,164.02348293657198,3,0.35808804631233215
5,141,5.216539999310044,191.697945406776,0,0.0
5,142,5.117679998875246,195.4010411396918,0,0.0
5,143,5.776963998869178,173.1013037636632,2,0.47911693155765533
5,144,5.60965499971644,178.264082203014,1,0.6932140588760376
5,145,5.6790180005918955,176.08678118219999,1,0.5319870710372925
5,146,5.710124001780059,175.1275453367147,1,0.28885090351104736
5,147,5.801630000860314,172.36535247020436,0,0.0
5,148,5.786223000541213,172.8243104191569,1,0.3660004138946533
5,149,5.230510998444515,191.18590904356893,0,0.0
5,150,5.112307999297627,195.60636803130575,0,0.0
5,151,5.082040001070709,196.77137523303932,0,0.0
5,152,5.161258000953239,193.75121333118955,0,0.0
6,0,8.055868000155897,124.13311637934584,1,0.33405032753944397
6,1,6.6207159998157294,151.04106565329678,4,0.6218486875295639
6,2,6.326570000965148,158.06353203196127,5,0.4494847059249878
6,3,6.32938099988678,157.99333300016036,4,0.7245951741933823
6,4,6.889673000841867,145.1447695526054,5,0.6641827523708344
6,5,6.690623999020318,149.46289017981374,5,0.611662620306015
6,6,6.762246001017047,147.8798611954666,5,0.5741438329219818
6,7,7.046358001389308,141.9172854690087,6,0.4913978974024455
6,8,6.1194789996079635,163.41260425341173,3,0.5096262792746226
6,9,6.313325000519399,158.3951404240602,4,0.38876011222600937
6,10,6.1560279991681455,162.44240606688737,2,0.2616495043039322
6,11,6.331812999633257,157.93264899925512,1,0.48008182644844055
6,12,6.42718800008879,155.58903831445184,2,0.5992994606494904
6,13,5.868791999091627,170.39281681047484,1,0.40931281447410583
6,14,5.875717999515473,170.1919663405328,0,0.0
6,15,5.82124300126452,171.7846170968597,1,0.47847291827201843
6,16,5.181069000173011,193.01036136878454,0,0.0
6,17,5.108380999445217,195.7567378213572,0,0.0
6,18,5.198111000936478,192.377577127507,0,0.0
6,19,5.118414999742527,195.3729816848191,0,0.0
6,20,5.257050999716739,190.2207150080686,0,0.0
6,21,5.078066998976283,196.9253261529625,0,0.0
6,22,5.666863999067573,176.46444314960448,1,0.3172248303890228
6,23,5.6395350002276246,177.31958396563505,1,0.42601490020751953
6,24,5.689063000318129,175.77587028726535,1,0.3463892638683319
6,25,5.706715999622247,175.23213001421385,1,0.3004806935787201
6,26,5.675226000676048,176.20443659527874,1,0.6945141553878784
6,27,5.65043999995396,176.97736813560502,1,0.3276844918727875
6,28,5.1987770002597244,192.35293222810697,0,0.0
6,29,5.074511998827802,197.06328416032855,0,0.0
6,30,5.683374000000185,175.95182016878837,1,0.39009416103363037
6,31,5.149783000888419,194.1829393253044,0,0.0
6,32,5.096075999972527,196.2294125922359,0,0.0
6,33,5.1188939996791305,195.35469967979085,0,0.0
6,34,5.046469999797409,198.15831661342384,0,0.0
6,35,5.183671000850154,192.91347769486023,0,0.0
6,36,5.088881000119727,196.5068548422478,0,0.0
6,37,5.266211999696679,189.88981075156062,0,0.0
6,38,5.175184998734039,193.2298072908739,0,0.0
6,39,5.162277000636095,193.71296811015375,0,0.0
6,40,5.108747000122094,195.7427134238789,0,0.0
6,41,5.151486999238841,194.1187078891503,0,0.0
6,42,5.841494001288083,171.18908275511268,0,0.0
6,43,5.282482001348399,189.30495167702256,0,0.0
6,44,5.215030001636478,191.75345102256355,0,0.0
6,45,5.182347000300069,192.96276377133717,0,0.0
6,46,5.19531099962478,192.48125859495664,0,0.0
6,47,5.0706589991023066,197.21302500859096,0,0.0
6,48,5.082259998744121,196.76285751754344,0,0.0
6,49,5.094828000437701,196.27747981170103,0,0.0
6,50,5.1090559991280315,195.73087477817256,0,0.0
6,51,5.1699470004678005,193.4255805542137,0,0.0
6,52,5.094506001114496,196.28988557109085,0,0.0
6,53,5.695498999557458,175.5772409191364,1,0.5436718463897705
6,54,5.123670998727903,195.17256284571715,0,0.0
6,55,5.08677799916768,196.58809567935228,0,0.0
6,56,5.138464999618009,194.61064735759408,0,0.0
6,57,5.132303000209504,194.84430283231123,0,0.0
6,58,5.125952999151195,195.08567483267788,0,0.0
6,59,5.067702999440371,197.32805969695352,0,0.0
6,60,5.666603999998188,176.47253981402613,1,0.5358205437660217
6,61,5.145872999491985,194.33048582790963,0,0.0
6,62,5.137900001500384,194.6320480562053,0,0.0
6,63,5.173981000552885,193.27477234515186,0,0.0
6,64,5.113506000270718,195.56054103526196,0,0.0
6,65,5.169220999960089,193.4527465565355,0,0.0
6,66,5.14302699957625,194.4380226046632,0,0.0
6,67,5.077412000900949,196.95072998262842,0,0.0
6,68,5.182848000913509,192.94411100301298,0,0.0
6,69,5.12160400103312,195.25133137944323,0,0.0
6,70,5.135026000061771,194.74098086124016,0,0.0
6,71,5.147936999492231,194.25257148613812,0,0.0
6,72,5.070633000286762,197.21403618511664,0,0.0
6,73,6.031103999703191,165.80712255156155,0,0.0
6,74,5.275397999866982,189.559157437072,0,0.0
6,75,5.280055998809985,189.39193073432918,0,0.0
6,76,5.127842001456884,195.01380887240433,0,0.0
6,77,5.129586999828462,194.94746848692517,0,0.0
6,78,5.970205000267015,167.49843597586272,1,0.4951592683792114
6,79,5.920966999838129,168.89133143747273,1,0.6176121830940247
6,80,5.777181999292225,173.0947718320995,1,0.7093835473060608
6,81,5.839991999891936,171.23311128140315,1,0.4742914140224457
6,82,6.090677001338918,164.185360638919,2,0.44884760677814484
6,83,5.873662001249613,170.25153980383132,2,0.6810927540063858
6,84,6.132296000942006,163.0710585148509,3,0.5708002845446268
6,85,6.077100999391405,164.55214420496642,3,0.6985580722490946
6,86,6.33050199940044,157.96535568501673,3,0.624699056148529
6,87,6.105749000198557,163.78007022029243,3,0.534694105386734
6,88,6.521265999253956,153.3444579801532,4,0.5855019837617874
6,89,6.111130000135745,163.6358578491682,2,0.7610949575901031
6,90,6.181914999615401,161.7621724113343,4,0.5790003761649132
6,91,6.646990001172526,150.44403554444952,5,0.5254726231098175
6,92,6.281242000113707,159.20418286413695,4,0.5568324625492096
6,93,5.967417000647401,167.5766918738058,3,0.6255625486373901
6,94,6.0593109992623795,165.03526558081165,3,0.7127975622812907
6,95,6.000332999974489,166.65741718072172,3,0.6010065873463949
6,96,5.967547000182094,167.5730413132039,3,0.46899011731147766
6,97,5.937911999353673,168.40936681258452,2,0.5927097946405411
6,98,5.981606998830102,167.17915439706795,1,0.360815167427063
6,99,6.1273680003068876,163.20221014143678,2,0.2855207324028015
6,100,5.282915999487159,189.28940003912146,0,0.0
6,101,5.889271000341978,169.80030294784058,0,0.0
6,102,5.910300000323332,169.19614908639045,1,0.2650904953479767
6,103,5.256586999166757,190.23750584904502,0,0.0
6,104,5.842260999997961,171.1666082703852,2,0.347899928689003
6,105,6.102098999690497,163.87803607426244,2,0.293398380279541
6,106,5.15629599976819,193.93766378907586,0,0.0
6,107,5.127884000103222,195.01221166076894,0,0.0
6,108,5.150737000803929,194.14697349989325,0,0.0
6,109,5.091379000077723,196.41044204030666,0,0.0
6,110,5.235730999629595,190.9952975182922,0,0.0
6,111,5.599154999799794,178.59837779732058,1,0.34175485372543335
6,112,5.217600000833045,191.65900027605403,0,0.0
7,0,7.344108000324923,136.16357493050992,0,0.0
7,1,5.645712999466923,177.12554642689446,0,0.0
7,2,5.182528000659659,192.95602452562048,0,0.0
7,3,5.130397999892011,194.91665169467336,0,0.0
7,4,5.951487999482197,168.02520648399258,0,0.0
7,5,5.303318001097068,188.5611988180108,0,0.0
7,6,5.16363899987482,193.6618729590203,0,0.0
7,7,5.145057999470737,194.36126863931725,0,0.0
7,8,5.125626999870292,195.0980826395104,0,0.0
7,9,5.09303800026828,196.34646353459846,0,0.0
7,10,5.876176999663585,170.17867229956664,1,0.5041254758834839
7,11,5.156822999197175,193.9178444084046,0,0.0
7,12,5.203552000239142,192.17642102049572,0,0.0
7,13,5.042622000473784,198.30953022178622,0,0.0
7,14,5.11480000022857,195.51106591759444,0,0.0
7,15,5.170741998881567,193.39584148973208,0,0.0
7,16,5.78416999996989,172.88565170200832,1,0.2798071503639221
7,17,5.12689499919361,195.0498303860887,0,0.0
7,18,5.119614999784972,195.32718769712193,0,0.0
7,19,5.070770999736851,197.2086690666755,0,0.0
7,20,5.241585000476334,190.78198672903787,0,0.0
7,21,5.121301999679417,195.26284528086762,0,0.0
7,22,5.12844600052631,194.99084126017402,0,0.0
7,23,5.138915001225541,194.59360580229824,0,0.0
7,24,5.252151000604499,190.39818159929226,0,0.0
7,25,5.179003999728593,193.08731950243816,0,0.0
7,26,5.118269999002223,195.37851660716302,0,0.0
7,27,5.170937000002596,193.388548342302,0,0.0
7,28,6.012146001012297,166.32995935754465,2,0.2848040461540222
7,29,5.856629999470897,170.7466580764608,1,0.7422086596488953
7,30,6.292866999501712,158.9100802669408,1,0.5973711609840393
7,31,5.2995130008639535,188.6965839761078,0,0.0
7,32,5.89031700110354,169.77014985995692,2,0.29701557755470276
7,33,6.061797001166269,164.96758301335453,1,0.5812338590621948
7,34,5.310530999850016,188.30508663413184,0,0.0
7,35,5.203697999604628,192.17102915580017,0,0.0
7,36,5.1917619985033525,192.6128355437467,0,0.0
7,37,5.933926999205141,168.52246415130344,1,0.5695508718490601
7,38,6.093222000345122,164.1167841814002,1,0.5090681910514832
7,39,6.132317999799852,163.07047351957908,3,0.44681737820307416
7,40,6.0345030015014345,165.713729821858,2,0.6771031618118286
7,41,6.157882999104913,162.3934719359488,3,0.6053592761357626
7,42,6.0177459999977145,166.17517588817802,2,0.7785308063030243
7,43,6.178027000714792,161.86397370621737,2,0.7405520975589752
7,44,6.138183998700697,162.9146340695677,2,0.7079385221004486
7,45,6.028199000866152,165.8870252717796,2,0.7845888733863831
7,46,6.282868000198505,159.16298097754168,3,0.5595506628354391
7,47,6.106388000262086,163.76293153286034,3,0.7535638411839803
7,48,6.526545001179329,153.22042517431547,3,0.6581802169481913
7,49,6.420058000003337,155.76183268118143,3,0.6951733430226644
7,50,6.241044000489637,160.22960259878727,5,0.4690762281417847
7,51,5.913782999414252,169.09649882301193,3,0.4469713767369588
7,52,6.253032999666175,159.92239286972995,5,0.5109921097755432
7,53,5.993073000354343,166.85930572527226,3,0.5928100148836771
7,54,5.8795650002139155,170.08060969878164,2,0.6401175409555435
7,55,6.9257329996617045,144.38904879077003,4,0.5739355236291885
7,56,6.425630999729037,155.6267392326402,3,0.575242280960083
7,57,5.958024999927147,167.84085330495049,3,0.6985702613989512
7,58,6.099428001107299,163.9497998531106,3,0.7424787779649099
7,59,5.963461999272113,167.68782967377973,3,0.6085995038350424
7,60,6.008914999256376,166.41939520258705,3,0.7364722092946371
7,61,5.990517998725409,166.93047249215647,3,0.7872207562128702
7,62,6.904544999997597,144.8321359336999,8,0.47447119280695915
7,63,6.523829000798287,153.28421389917412,7,0.5500961031232562
7,64,6.531209999593557,153.1109855696312,6,0.5713440378506979
7,65,6.017603000145755,166.17912480696694,4,0.475178524851799
7,66,5.769551000412321,173.32371269939983,2,0.5809676498174667
7,67,5.622316000881256,177.8626458995292,1,0.8193027973175049
7,68,5.736752998927841,174.3146341121699,1,0.5894191265106201
7,69,5.825929998536594,171.6464152935563,2,0.34913620352745056
7,70,5.720259001464001,174.81725910383906,1,0.6347011923789978
7,71,5.588945999988937,178.92461297747008,1,0.6532718539237976
7,72,5.125054000018281,195.11989532138256,0,0.0
7,73,5.0856279995059595,196.6325496275277,0,0.0
7,74,5.0789140004781075,196.89248526473656,0,0.0
7,75,5.087886000183062,196.5452842229602,0,0.0
7,76,5.020927999794367,199.1663692530455,0,0.0
7,77,5.064719000074547,197.44432020518437,0,0.0
7,78,5.0823099991248455,196.76092174074313,0,0.0
7,79,5.060654000772047,197.60291848591928,0,0.0
7,80,5.111140000735759,195.65106803101617,0,0.0
7,81,5.0471320009819465,198.1323254088549,0,0.0
7,82,5.864152999492944,170.5276107370437,0,0.0
7,83,5.238387999270344,190.89842144936384,0,0.0
7,84,5.365925000660354,186.36115858438865,0,0.0
7,85,5.116046000694041,195.46344967663316,0,0.0
7,86,5.066073999842047,197.3915106710203,0,0.0
7,87,5.093579000458703,196.3256091463281,0,0.0
7,88,5.131202000484336,194.8861104874861,0,0.0
7,89,5.104137999296654,195.9194677216406,0,0.0
7,90,5.113434001032147,195.56329460752792,0,0.0
7,91,5.778312999609625,173.06089165947893,1,0.32666271924972534
7,92,5.897043000004487,169.57651487351188,1,0.4489797353744507
7,93,5.701780000890722,175.38382747909984,1,0.6269474029541016
7,94,5.80065000031027,172.39447302397338,1,0.7727817893028259
7,95,5.677746999936062,176.12619935535366,1,0.7760739922523499
7,96,5.929765000473708,168.64074713249406,2,0.3424154371023178
7,97,5.711129999326658,175.09669717164553,1,0.8044489622116089
7,98,5.748116000177106,173.9700451363871,1,0.7563608884811401
7,99,5.763492999903974,173.50589304379497,2,0.317901074886322
7,100,5.7333579989062855,174.41785428203914,1,0.3339043855667114
7,101,5.131156998686492,194.88781969758216,0,0.0
7,102,5.21838500026206,191.63016909441933,0,0.0
7,103,5.137857999216067,194.63363918437992,0,0.0
7,104,5.185489999348647,192.84580630289724,0,0.0
7,105,5.15786600044521,193.87863118461846,0,0.0
7,106,5.1170459992135875,195.42525123942306,0,0.0
7,107,5.026053000619868,198.9632818986726,0,0.0
7,108,5.126350999489659,195.07052874443292,0,0.0
7,109,5.831522999869776,171.48178958092612,1,0.39986473321914673
8,0,8.576125999752549,116.60276446834544,1,0.6715543270111084
8,1,6.328294999548234,158.0204462768231,1,0.409195214509964
8,2,5.83717900008196,171.3156303731578,1,0.5187925696372986
8,3,6.038592999175307,165.6014903035476,2,0.6448199450969696
8,4,6.801470999562298,147.02701813539366,2,0.755170077085495
8,5,6.258306000745506,159.78764858747357,2,0.7312821447849274
8,6,6.428714001231128,155.5521057257323,4,0.5545173436403275
8,7,6.493177001175354,154.0078146366542,5,0.5244231224060059
8,8,6.4280040005542105,155.56928712455405,5,0.388915091753006
8,9,6.239891999939573,160.25918397460788,3,0.5328214565912882
8,10,5.728481999540236,174.56631618642763,1,0.4906448423862457
8,11,5.405627000072855,184.99241623340316,0,0.0
8,12,5.793551999886404,172.60568301097624,1,0.4184156656265259
8,13,6.506212999738636,153.69924102395225,1,0.5551856160163879
8,14,5.449299998872448,183.50980863724092,0,0.0
8,15,6.62942900089547,150.84255368975593,1,0.2592190206050873
8,16,5.314830999850528,188.1527371290119,0,0.0
8,17,5.270059000395122,189.75119631962852,0,0.0
8,18,5.2110140004515415,191.9012307227247,0,0.0
8,19,5.361408000680967,186.51816833805358,0,0.0
8,20,5.162260998986312,193.71356856934685,0,0.0
8,21,5.21433900030388,191.77886208428762,0,0.0
8,22,5.279936000079033,189.3962351030451,0,0.0
8,23,5.39621099960641,185.31521470767882,0,0.0
8,24,5.245984999419306,190.62197091884423,0,0.0
8,25,5.1669589993252885,193.53743664901967,0,0.0
8,26,5.170258000362082,193.41394567349795,0,0.0
8,27,5.079770999145694,196.85926790167863,0,0.0
8,28,5.338009001206956,187.3357650340968,0,0.0
8,29,5.142515001352876,194.45738121073506,0,0.0
8,30,5.220348000875674,191.55811065320884,0,0.0
8,31,5.778470998848206,173.05615970026068,1,0.35746607184410095
8,32,5.15206400086754,194.0969677068478,0,0.0
8,33,5.431077999674017,184.1255087958637,0,0.0
8,34,5.324873000063235,187.7979061637948,0,0.0
8,35,5.2607320012612035,190.08761513801898,0,0.0
8,36,5.103358000269509,195.94941212182056,0,0.0
8,37,5.145084000105271,194.36028643643903,0,0.0
8,38,5.782194000857999,172.94473340943136,1,0.6236410140991211
8,39,5.1304689986864105,194.91395431022718,0,0.0
8,40,5.262533999484731,190.02252528875115,0,0.0
8,41,5.452847000924521,183.39043802814413,0,0.0
8,42,5.31360100103484,188.1962909532061,0,0.0
8,43,5.117253998832894,195.41730784285338,0,0.0
8,44,5.127063999680104,195.0434010697728,0,0.0
8,45,5.152375999387004,194.08521430093094,0,0.0
8,46,5.1666689996636705,193.54829970046387,0,0.0
8,47,5.13904299987189,194.58875904033664,0,0.0
8,48,5.766468000729219,173.416378946964,1,0.5548235774040222
8,49,6.135655999969458,162.98175777862673,2,0.3471551090478897
8,50,5.78051499905996,172.99496673957634,1,0.7588196396827698
8,51,5.778525999630801,173.05451252860877,1,0.6364187002182007
8,52,5.62635899950692,177.73483705672487,1,0.572446882724762
8,53,5.777696000222932,173.07937280906006,1,0.5693801045417786
8,54,5.7071249993896345,175.2195720449347,1,0.4812774360179901
8,55,5.759391999163199,173.62943868819715,1,0.4420326352119446
8,56,5.6260429992107674,177.74481996321074,1,0.7402348518371582
8,57,5.70368300031987,175.32531172295492,1,0.6528578996658325
8,58,5.602733999694465,178.4842900010126,1,0.6934642195701599
8,59,5.707655000151135,175.2033015263748,1,0.7858608365058899
8,60,5.622241000310169,177.86501858330723,1,0.697873592376709
8,61,5.837602999235969,171.30318730665326,1,0.7313802242279053
8,62,5.146501000126591,194.30677269379768,0,0.0
8,63,5.129851999299717,194.93739783068037,0,0.0
8,64,5.61194500005513,178.19134007731301,1,0.7627195119857788
8,65,6.3921809996827506,156.44112706596243,3,0.4855404694875081
8,66,5.671799000992905,176.31090238298995,1,0.7095880508422852
8,67,5.611779999526334,178.1965793535038,1,0.3033876419067383
8,68,5.885959000806906,169.8958487245511,0,0.0
8,69,6.3532120002491865,157.40069746779704,2,0.5484892874956131
8,70,6.409450999854016,156.01960293054373,5,0.46403502821922304
8,71,6.355888999678427,157.33440279567412,5,0.6812561690807343
8,72,6.3103920001594815,158.46876073225357,5,0.6557838559150696
8,73,6.5561800001887605,152.52784395352305,6,0.4870891620715459
8,74,6.02802100002009,165.89192373362124,3,0.39663780728975934
8,75,6.009785000060219,166.39530365728223,3,0.46526434024175006
8,76,5.62711800012039,177.71086371009199,1,0.5270329117774963
8,77,5.1458349989843555,194.3319209025109,0,0.0
8,78,5.146903000422753,194.2915963090547,0,0.0
8,79,5.0343000002612825,198.6373477838229,0,0.0
8,80,5.195406998609542,192.4777019909378,0,0.0
8,81,5.134799999723327,194.7495520865237,0,0.0
8,82,5.055421001088689,197.80746248129466,0,0.0
8,83,5.136472998856334,194.68612026631035,0,0.0
8,84,5.1581879997684155,193.86652833221598,0,0.0
8,85,5.1600349997897865,193.79713510484692,0,0.0
8,86,5.049786999734351,198.02815446524892,0,0.0
8,87,5.081844999949681,196.77892576611484,0,0.0
8,88,5.2240189997974085,191.42349980709886,0,0.0
8,89,5.731081000703853,174.48715170439692,1,0.3804815113544464
8,90,5.92580100055784,168.75355752004876,1,0.4948844313621521
8,91,6.113989000368747,163.55933907301568,2,0.3491628170013428
8,92,5.77144500130089,173.2668334835728,1,0.25169602036476135
8,93,5.611937000139733,178.1915940922182,1,0.579898476600647
8,94,5.1966600003652275,192.43129239352177,0,0.0
8,95,5.1744289994530845,193.25803873349037,0,0.0
8,96,5.167633000382921,193.51219405981428,0,0.0
8,97,5.918527000176255,168.96095936881252,1,0.33474764227867126
8,98,6.127394999566604,163.20149102036524,1,0.3358767330646515
8,99,6.137696998848696,162.9275606449095,3,0.3381439248720805
8,100,5.909667001105845,169.21427210921956,2,0.4283253401517868
8,101,6.263081999350106,159.665800336602,3,0.42164002855618793
8,102,6.3899159995344235,156.49657993514487,5,0.4718474805355072
9,0,7.469264000974363,133.88199960123922,0,0.0
9,1,5.703600998458569,175.32783241153365,0,0.0
9,2,5.171343000256456,193.3733654778668,0,0.0
9,3,5.132145000970922,194.850301347841,0,0.0
9,4,5.1059689994872315,195.84921101174436,0,0.0
9,5,5.143754999153316,194.4105036426899,0,0.0
9,6,5.120996000187006,195.2745129977611,0,0.0
9,7,5.148378000740195,194.23593214333283,0,0.0
9,8,5.086761000711704,196.58875261882503,0,0.0
9,9,5.072103000202333,197.15687949556795,0,0.0
9,10,5.064247001428157,197.46272243790483,0,0.0
9,11,5.086072998892632,196.61534551661478,0,0.0
9,12,5.128393999257241,194.99281844273912,0,0.0
9,13,5.11228100003791,195.60740107841968,0,0.0
9,14,5.151695000677137,194.1108702802787,0,0.0
9,15,5.11880299927725,195.35817263160843,0,0.0
9,16,5.1471250008034986,194.283216328318,0,0.0
9,17,5.148398999153869,194.23513992686821,0,0.0
9,18,5.090512000606395,196.44389402890658,0,0.0
9,19,5.182088001674856,192.9724079708409,0,0.0
9,20,6.061181999029941,164.9843215663289,1,0.3873458206653595
9,21,5.87735800036171,170.14447647028769,1,0.37871307134628296
9,22,5.105271999127581,195.87594944419925,0,0.0
9,23,6.499641000118572,153.85465135409126,1,0.4347497522830963
9,24,5.900983000174165,169.46329111107175,1,0.42195743322372437
9,25,5.857842001205427,170.7113301782841,1,0.3330516219139099
9,26,5.795736000436591,172.54064020940055,1,0.4170182943344116
9,27,5.725009999878239,174.67218398243293,1,0.3819347620010376
9,28,5.2114320005784975,191.885838650297,0,0.0
9,29,5.123246999573894,195.18871529777329,0,0.0
9,30,5.074066000815947,197.08060554182637,0,0.0
9,31,5.229726999459672,191.21457011108203,0,0.0
9,32,5.102851999254199,195.96884255043136,0,0.0
9,33,5.181034000997897,193.01166520184856,0,0.0
9,34,5.08146299944201,196.79371868098005,0,0.0
9,35,5.212526999457623,191.8455290694998,0,0.0
9,36,5.134637000082876,194.75573443339022,0,0.0
9,37,5.154118000064045,194.01961693301823,0,0.0
9,38,5.124273000546964,195.14963388821403,0,0.0
9,39,5.079365000710823,196.8750030486206,0,0.0
9,40,5.163220999747864,193.67755128994733,0,0.0
9,41,5.119498999192729,195.33161353438797,0,0.0
9,42,5.2381380010047,190.90753237280026,0,0.0
9,43,5.089873999168049,196.46851772037033,0,0.0
9,44,5.343799999536714,187.13275199047422,0,0.0
9,45,5.180634001590079,193.02656773149243,0,0.0
9,46,5.204136999964248,192.15481836986032,0,0.0
9,47,5.119724999531172,195.32299099884716,0,0.0
9,48,5.6120259996532695,178.18876820274593,1,0.3481599688529968
9,49,5.650117998811766,176.98745410455192,1,0.7677354216575623
9,50,6.127860000560759,163.18910678580946,2,0.6355466544628143
9,51,6.003375001455424,166.57296933101225,2,0.5399956107139587
9,52,6.285151999691152,159.10514177686383,1,0.5051332116127014
9,53,5.881416000192985,170.02708190802815,1,0.5809081792831421
9,54,5.935016000876203,168.49154237366287,1,0.27123868465423584
9,55,6.179965999763226,161.81318797519486,2,0.5354060679674149
9,56,6.112499000664684,163.59920875099664,2,0.398006796836853
9,57,5.9942019997833995,166.82787801214155,2,0.49557821452617645
9,58,5.9897239989368245,166.95260085064018,2,0.6300428956747055
9,59,5.990431000100216,166.93289681214435,2,0.683690071105957
9,60,6.050035000953358,165.28829995899545,2,0.7697840631008148
9,61,6.315837001238833,158.33214185290927,4,0.4863486513495445
9,62,6.424937999327085,155.64352529234287,3,0.6119356254736582
9,63,6.490195999504067,154.0785517226926,4,0.6426249668002129
9,64,6.1014429993520025,163.89565552053898,2,0.7391939461231232
9,65,6.373676000293926,156.8953300974013,3,0.6342140833536783
9,66,6.787025999074103,147.33993948695962,4,0.4784545451402664
9,67,6.096188999435981,164.03690897584048,4,0.380996398627758
9,68,6.127759001174127,163.19179651294905,4,0.5403288826346397
9,69,6.181463000757503,161.77400073048332,4,0.41963276267051697
9,70,6.087911000577151,164.2599571355753,3,0.56712078054746
9,71,5.891793000046164,169.7276194177502,3,0.5743647913138071
9,72,6.522809000671259,153.3081836210581,3,0.5662993292013804
9,73,6.429854000089108,155.5245266822764,3,0.5385048687458038
9,74,5.87130799976876,170.31979927460537,2,0.6504237204790115
9,75,5.88599900038389,169.89469416063085,3,0.49192216992378235
9,76,6.984869998632348,143.16658723724308,3,0.42720988392829895
9,77,5.290130000503268,189.03127142525167,0,0.0
9,78,5.821098000524216,171.7888961687203,1,0.29814383387565613
9,79,5.882856999960495,169.98543394930647,2,0.3857429474592209
9,80,5.24965600016003,190.4886720138455,0,0.0
9,81,5.136113999469671,194.69972825822302,0,0.0
9,82,5.060049999883631,197.62650567148498,0,0.0
9,83,5.176050999580184,193.1974781703479,0,0.0
9,84,5.051611999078887,197.95661269755882,0,0.0
9,85,5.123241000546841,195.18894385278043,0,0.0
9,86,5.102246001115418,195.99211793813683,0,0.0
9,87,5.06226799916476,197.53991692359892,0,0.0
9,88,5.705318000764237,175.2750679043742,1,0.391421377658844
9,89,5.100383999888436,196.0636689358828,0,0.0
9,90,5.090644001029432,196.43880023780483,0,0.0
9,91,5.751646000135224,173.86327322239399,1,0.25664862990379333
9,92,5.757659999289899,173.6816693106803,1,0.6293825507164001
9,93,5.747410999902058,173.99138499352856,1,0.7565406560897827
10,0,7.40670099912677,135.01287551879,0,0.0
10,1,5.698322000171174,175.49025835499654,0,0.0
10,2,5.401657999755116,185.12834393538705,0,0.0
10,3,5.29348499912885,188.91146383990323,0,0.0
10,4,5.199334000280942,192.332325629776,0,0.0
10,5,5.098788999021053,196.12500148407707,0,0.0
10,6,5.27054000122007,189.73387921702738,0,0.0
10,7,5.096827000670601,196.20049883357387,0,0.0
10,8,5.211272000451572,191.8917300638591,0,0.0
10,9,5.170722999537247,193.39655210489806,0,0.0
10,10,5.124364999574027,195.14613031724457,0,0.0
10,11,5.655850000039209,176.8080836643595,0,0.0
10,12,5.26017199990747,190.10785198993315,0,0.0
10,13,5.162802999620908,193.6932321596287,0,0.0
10,14,5.158748001122149,193.84548339683903,0,0.0
10,15,5.206460000408697,192.0690833928431,0,0.0
10,16,5.1071520010737,195.8038452330703,0,0.0
10,17,6.087457999456092,164.27218061945544,1,0.28626275062561035
10,18,5.109919999085832,195.69778003939408,0,0.0
10,19,5.320603999280138,187.94858631375254,0,0.0
10,20,5.087757001092541,196.55026759046487,0,0.0
10,21,5.745246000515181,174.05695072244586,1,0.2958102524280548
10,22,5.15070900110004,194.14802889979407,0,0.0
10,23,5.79939499948523,172.43177953713493,1,0.33978357911109924
10,24,5.619084999125334,177.96491780346085,1,0.35203468799591064
10,25,5.806381999718724,172.22428700840604,1,0.279180109500885
10,26,5.194661000132328,192.50534346216745,0,0.0
10,27,5.6395749998046085,177.31832629846159,1,0.314983606338501
10,28,5.1816520008287625,192.988645289197,0,0.0
10,29,5.10647399823938,195.8298427339064,0,0.0
10,30,5.119113000546349,195.34634220679885,0,0.0
10,31,5.605476000710041,178.39698178590555,1,0.3629976511001587
10,32,5.215676999796415,191.72966424857853,0,0.0
10,33,5.118069999298314,195.38615144714703,0,0.0
10,34,5.236851000518072,190.95444951576278,0,0.0
10,35,5.130482000822667,194.91346034147494,0,0.0
10,36,5.67964500078233,176.06734221280684,1,0.26461437344551086
10,37,5.6166390004364075,178.042420017078,1,0.4214755594730377
10,38,5.19674700080941,192.42807083820838,0,0.0
10,39,5.578647000220371,179.25493402979205,0,0.0
10,40,5.330394000338856,187.60339290799695,0,0.0
10,41,5.356066998501774,186.70416189336785,0,0.0
10,42,5.082605999632506,196.74946278981773,0,0.0
10,43,5.160833999980241,193.76713143725,0,0.0
10,44,5.08306600022479,196.73165761683535,0,0.0
10,45,5.102904000523267,195.96684552510825,0,0.0
10,46,5.13158100147848,194.87171686696283,0,0.0
10,47,5.144174001543433,194.39466855125133,0,0.0
10,48,5.1261910011817235,195.0766172718639,0,0.0
10,49,5.684126999767614,175.928511104851,1,0.4397870898246765
10,50,5.884411999431904,169.94051403887804,1,0.365064412355423
10,51,6.036185999619192,165.6675258289071,2,0.39614927768707275
10,52,5.961266999293002,167.74957406178896,1,0.6765345335006714
10,53,5.942460000369465,168.28047642522225,1,0.5578530430793762
10,54,6.0305970000626985,165.82106215845684,1,0.5495468974113464
10,55,5.964121999568306,167.66927304176235,1,0.6903230547904968
10,56,6.038383000486647,165.60724947712123,1,0.5801715850830078
10,57,6.1152839989517815,163.52470305081656,2,0.6549552977085114
10,58,6.278214999838383,159.28094211901671,3,0.4047647813955943
10,59,6.042721999619971,165.48833457221602,2,0.6708661913871765
10,60,5.940140999882715,168.3461722574842,2,0.5601219534873962
10,61,6.198635999680846,161.32581426808864,3,0.5797417561213175
10,62,6.065171000955161,164.87581303849754,3,0.5454225639502207
10,63,6.4136290002352325,155.91796780938265,5,0.43873908519744875
10,64,6.144918999780202,162.73607512739696,3,0.5816839039325714
10,65,6.180710999615258,161.7936836170222,3,0.6060672501722971
10,66,6.39924699862604,156.26838598583655,3,0.6518786549568176
10,67,7.131246999051655,140.22792929945976,4,0.5706039220094681
10,68,6.6107050006394275,151.26979647454758,4,0.5764475390315056
10,69,6.168591999085038,162.11154833198984,3,0.5030008554458618
10,70,6.317814000794897,158.28259582731965,4,0.40818843990564346
10,71,6.179975000122795,161.8129523145531,4,0.5491693019866943
10,72,6.049485000403365,165.30332746230835,2,0.5631648600101471
10,73,6.423757999073132,155.67211593965519,6,0.4365416218837102
10,74,6.045277999874088,165.41836455177548,3,0.5252365668614706
10,75,6.106949000241002,163.74788785046943,2,0.7719552516937256
10,76,5.639405000692932,177.32367153576072,1,0.7969023585319519
10,77,5.860557001142297,170.63224533181528,1,0.7826293706893921
10,78,5.687787999704597,175.81527301157084,1,0.8466355204582214
10,79,5.841681999299908,171.1835735186962,1,0.6883718371391296
10,80,5.916938000154914,169.00633401496154,3,0.42434407273928326
10,81,5.854865001310827,170.79813108860975,2,0.5836105942726135
11,0,8.53392499993788,117.17937525901377,2,0.5197126716375351
11,1,6.22384500093176,160.67238175923274,1,0.862820565700531
11,2,5.813804998979322,172.0043930223943,1,0.7812591195106506
11,3,5.621395001071505,177.8917866133563,1,0.4048897624015808
11,4,5.24158299958799,190.78205955693232,0,0.0
11,5,5.0934020000568125,196.33243164172902,0,0.0
11,6,5.32249000025331,187.88198755702828,0,0.0
11,7,5.160005999641726,193.79822427908667,0,0.0
11,8,5.10946100075671,195.71536016262777,0,0.0
11,9,5.139881001014146,194.5570334804815,0,0.0
11,10,5.078889998912928,196.89341572942854,0,0.0
11,11,5.166050999832805,193.5714533271863,0,0.0
11,12,5.0678959996730555,197.32054487000383,0,0.0
11,13,5.035173000578652,198.60290796067542,0,0.0
11,14,5.182993998460006,192.93867604267425,0,0.0
11,15,5.115235000630491,195.4944396253041,0,0.0
11,16,5.668489999152371,176.41382451932233,1,0.3447954058647156
11,17,5.844106000949978,171.1125704833976,1,0.3610069751739502
11,18,6.121787999290973,163.35096872283395,2,0.37825751304626465
11,19,6.766024998796638,147.79726651584255,2,0.41776126623153687
11,20,6.078853000872186,164.50471821847333,2,0.5246418714523315
11,21,6.15311500041571,162.5193093144593,1,0.5761736035346985
11,22,5.647091000355431,177.08232432186048,1,0.5247272253036499
11,23,5.9592920006252825,167.80516878432445,2,0.4879661202430725
11,24,5.800031000035233,172.41287158532867,1,0.5428377389907837
11,25,6.165778999275062,162.18550812761444,2,0.35517464578151703
11,26,5.134914999871398,194.74519052896582,0,0.0
11,27,5.160794000403257,193.7686332610566,0,0.0
11,28,5.093409999972209,196.33212327408478,0,0.0
11,29,5.062637001174153,197.52551876977844,0,0.0
11,30,5.187119999391143,192.7852064570279,0,0.0
11,31,5.066325000370853,197.38173131940815,0,0.0
11,32,5.0700070005405,197.23838643484964,0,0.0
11,33,5.235807000644854,190.99252510202106,0,0.0
11,34,5.883906998860766,169.95509959515311,1,0.5579506754875183
11,35,5.7097739991149865,175.13828045645934,1,0.6049651503562927
11,36,5.804721999083995,172.27353870827983,1,0.5687003135681152
11,37,5.640787001539138,177.28022698377748,1,0.44032588601112366
11,38,5.180084999665269,193.04702530260002,0,0.0
11,39,5.03082999966864,198.77435732590166,0,0.0
11,40,5.640867000693106,177.27771278371353,1,0.43743714690208435
11,41,5.108623001433443,195.7474645749759,0,0.0
11,42,5.097686000226531,196.16743753058975,0,0.0
11,43,5.1763330011453945,193.18695296046926,0,0.0
11,44,5.102273000375135,195.99108082348337,0,0.0
11,45,5.274243001622381,189.60066870115685,0,0.0
11,46,5.0893440002255375,196.48897774559637,0,0.0
11,47,5.850595000083558,170.92278648337785,0,0.0
11,48,5.347473999790964,187.00418179482324,0,0.0
11,49,5.2064009996684035,192.0712599862535,0,0.0
11,50,5.138539001563913,194.6078446997581,0,0.0
11,51,5.083975000161445,196.69648256890414,0,0.0
11,52,5.118081000546226,195.38573146717982,0,0.0
11,53,5.043871999077965,198.2603841221195,0,0.0
11,54,5.192800001168507,192.57433364947147,0,0.0
11,55,6.137311998827499,162.9377812617388,1,0.3285228908061981
11,56,5.2685360005853,189.80604856622534,0,0.0
11,57,5.093563999253092,196.32618735067186,0,0.0
11,58,5.144982000274467,194.3641396503726,0,0.0
11,59,5.172852999749011,193.31691815880333,0,0.0
11,60,5.06856099855213,197.29465627140664,0,0.0
11,61,5.1231440011179075,195.19263947720242,0,0.0
11,62,5.6758009995974135,176.18658583536146,1,0.678851306438446
11,63,5.6445509999321075,177.162009876787,1,0.4730609357357025
11,64,5.198613000175101,192.35900036535088,0,0.0
11,65,5.112806000397541,195.5873154432705,0,0.0
11,66,5.209091999859083,191.97203659045607,0,0.0
11,67,5.113256000186084,195.57010248726203,0,0.0
11,68,5.103284998767776,195.95221514014148,0,0.0
11,69,5.122180000398657,195.22937497748427,0,0.0
11,70,5.095541999253328,196.24997696938507,0,0.0
11,71,5.207209000218427,192.04145636521466,0,0.0
11,72,5.0549730003695,197.8249933138918,0,0.0
11,73,5.144197999470634,194.39376169091963,0,0.0
11,74,5.154597000000649,194.00158732096304,0,0.0
11,75,5.086699999083066,196.59111018543672,0,0.0
11,76,5.21372799994424,191.8013367806481,0,0.0
11,77,5.157433999556815,193.89487099319763,0,0.0
11,78,5.327569000655785,187.70287158681703,0,0.0
11,79,5.379666999942856,185.8851114782053,0,0.0
11,80,5.2556820010067895,190.27026365149905,0,0.0
11,81,5.120597999848542,195.28969078017417,0,0.0
11,82,5.0437239988241345,198.26620176542855,0,0.0
11,83,5.236598999545095,190.96363882108795,0,0.0
11,84,5.08298499880766,196.73479269259593,0,0.0
11,85,5.159468000783818,193.81843241359024,0,0.0
11,86,5.116573000123026,195.4433172312709,0,0.0
11,87,5.112765999001567,195.58884568456338,0,0.0
11,88,5.223558000579942,191.4403936720863,0,0.0
12,0,7.714601999396109,129.62431504286013,0,0.0
12,1,5.639282000629464,177.32753919530512,0,0.0
12,2,5.223769998337957,191.43262439161165,0,0.0
12,3,5.141821999131935,194.48358970202088,0,0.0
12,4,5.086475001007784,196.5998063102384,0,0.0
12,5,5.056391999460175,197.76947675472175,0,0.0
12,6,5.021535000196309,199.14229413135757,0,0.0
12,7,5.042950999268214,198.29659263893515,0,0.0
12,8,5.07120500151359,197.1917916356236,0,0.0
12,9,5.097814000691869,196.16251198342687,0,0.0
12,10,5.0283189993933775,198.87361961733956,0,0.0
12,11,5.145516999618849,194.34393085749682,0,0.0
12,12,5.0371590004942846,198.52460482225644,0,0.0
12,13,5.14094199934334,194.51688039424124,0,0.0
12,14,5.768887000158429,173.34366229959736,0,0.0
12,15,5.2783529990847455,189.45303585671473,0,0.0
12,16,5.154594000487123,194.00170021256716,0,0.0
12,17,5.028810001022066,198.85420204715587,0,0.0
12,18,5.083328000182519,196.7215178646931,0,0.0
12,19,5.032355000366806,198.7141209090198,0,0.0
12,20,5.043103999923915,198.29057660026186,0,0.0
12,21,5.044621999331866,198.23090811015072,0,0.0
12,22,5.225500999586075,191.36921035499037,0,0.0
12,23,5.082401999970898,196.75736000531364,0,0.0
12,24,5.068796999694314,197.28547031185258,0,0.0
12,25,5.026134000218008,198.96007546886437,0,0.0
12,26,5.130823999934364,194.90046823137814,0,0.0
12,27,5.102413999338751,195.9856648499309,0,0.0
12,28,5.030230000556912,198.79806686558803,0,0.0
12,29,5.095676000564708,196.2448161714322,0,0.0
12,30,5.046153999501257,198.1707256851131,0,0.0
12,31,5.049859000791912,198.02533097323735,0,0.0
12,32,5.1089119988319,195.7363916678619,0,0.0
12,33,5.174284999156953,193.26341710263932,0,0.0
12,34,5.07535100041423,197.03070781082607,0,0.0
12,35,5.139548999068211,194.5696013757818,0,0.0
12,36,5.089260999739054,196.4921822738653,0,0.0
12,37,5.090233000373701,196.4546612947943,0,0.0
12,38,5.107496999698924,195.79061917392175,0,0.0
12,39,5.066458999863244,197.37651089784652,0,0.0
12,40,5.246796999927028,190.59247003722612,0,0.0
12,41,5.176517999643693,193.180048841486,0,0.0
12,42,5.099019001136185,196.11615484805526,0,0.0
12,43,5.5921580005815485,178.82184299799943,0,0.0
12,44,5.2097179996053455,191.94896922938122,0,0.0
12,45,5.800336999527644,172.4037758636155,1,0.3924213945865631
12,46,5.0855869994848035,196.63413487986838,0,0.0
12,47,5.711320998670999,175.0908415465872,1,0.3116784393787384
12,48,5.626507998385932,177.7301303556075,1,0.4410877227783203
12,49,6.334809999316349,157.8579310362773,2,0.4910404235124588
12,50,6.075754001358291,164.58862550663517,2,0.40189869701862335
12,51,5.823277999297716,171.7245853831123,1,0.6914833188056946
12,52,6.017805000738008,166.17354664655346,2,0.4353138506412506
12,53,5.991328000163776,166.90790421967625,1,0.34428712725639343
12,54,5.92223199964792,168.85525593381863,1,0.6881521344184875
12,55,5.871018998732325,170.32818327038643,1,0.48416903614997864
12,56,6.333412000458338,157.89277563620237,5,0.5105055212974549
12,57,6.207604999872274,161.09272416988125,3,0.45942654212315875
12,58,6.207926999195479,161.08436844208958,3,0.36617210507392883
12,59,6.258735000301385,159.7766960818513,3,0.5772560834884644
12,60,5.939925000348012,168.35229400058273,2,0.64345383644104
12,61,6.134653000117396,163.00840487324442,2,0.7139050960540771
12,62,6.42627200068091,155.61121594200225,4,0.5929886624217033
12,63,6.347137001284864,157.55134949782365,3,0.6050026814142863
12,64,6.171936000100686,162.0237150844867,3,0.7130300005276998
12,65,6.020545999490423,166.09789213214876,3,0.5069699386755625
12,66,6.147763000626583,162.66079220979722,4,0.45878420770168304
12,67,6.085712000640342,164.31931052517427,5,0.5367271840572357
12,68,5.885160000616452,169.9189146761096,3,0.6011659105618795
12,69,6.320406999293482,158.21765910198246,5,0.513801246881485
12,70,6.635462999838637,150.70538408914618,3,0.7500249942143759
12,71,6.230499000594136,160.5007881238149,3,0.6498214999834696
12,72,5.978639999739244,167.26211982049674,2,0.5655322670936584
12,73,6.156400999316247,162.4325641086511,3,0.5672475298245748
12,74,6.060239000362344,165.00999382041033,4,0.4935164079070091
12,75,6.532194998726482,153.08789774263633,5,0.49363515377044676
12,76,6.7377529994701035,148.4174323515044,8,0.4420897513628006
12,77,6.830860998888966,146.39442965720562,9,0.5406383706463708
12,78,6.518868998682592,153.4008430299936,7,0.5444406185831342
12,79,6.172462999529671,162.009881643065,5,0.5922945618629456
12,80,6.245973001568927,160.10315762633135,6,0.6168935398260752
12,81,5.97793700035254,167.28178967778123,4,0.5317482650279999
12,82,6.0541249986272305,165.17663580232477,3,0.43652479847272235
12,83,5.778332999398117,173.0602926664424,2,0.5772760361433029
12,84,5.614195999442018,178.11989465622287,1,0.6575945019721985
12,85,5.662294999638107,176.60683522563073,1,0.48566898703575134
12,86,5.6884370005718665,175.79521402794276,1,0.6866179704666138
12,87,5.7646219993330305,173.47191196850383,2,0.396809920668602
12,88,5.650379000144312,176.97927873058777,1,0.6780536770820618
12,89,5.674388999977964,176.23042762910393,1,0.2754570543766022
12,90,5.072860001746449,197.12745860436263,0,0.0
12,91,5.067720001534326,197.327397665466,0,0.0
12,92,5.022428998927353,199.10684655045822,0,0.0
12,93,5.026397999245091,198.94962558678975,0,0.0
12,94,5.031360999055323,198.75337909320316,0,0.0
12,95,5.072447000202374,197.1435088351053,0,0.0
12,96,5.658464000589447,176.72640488581868,0,0.0
12,97,5.343454000467318,187.14486920118406,0,0.0
12,98,5.177991999516962,193.12505698990782,0,0.0
12,99,5.118537001180812,195.36832492747573,0,0.0
12,100,5.0437409990991,198.2655334955973,0,0.0
12,101,5.053247999967425,197.89252378004133,0,0.0
12,102,5.056505999164074,197.7650180115117,0,0.0
12,103,5.117381000673049,195.41245802657215,0,0.0
12,104,5.1013159991271095,196.02784853381183,0,0.0
12,105,5.092495001008501,196.36739943818566,0,0.0
12,106,5.059817000073963,197.63560618603051,0,0.0
12,107,5.744730999140302,174.07255451119468,1,0.271378755569458
12,108,5.899870000575902,169.4952600485074,2,0.35933543741703033
12,109,5.717259999073576,174.90895991472135,1,0.6324861645698547
12,110,5.859793000126956,170.65449239902065,2,0.37686316668987274
12,111,5.749694000769523,173.92229914603504,2,0.4496080279350281
12,112,5.876643001101911,170.16517760437262,2,0.41409172117710114
12,113,5.829284998981166,171.54762551063786,2,0.42862382531166077
12,114,5.606615000942838,178.36073991737166,1,0.8016507625579834
12,115,5.591219000052661,178.8518746968383,1,0.7823489308357239
12,116,5.653100000927225,176.89409347720357,1,0.4491715431213379
12,117,5.156789000466233,193.91912290954477,0,0.0
12,118,5.128803000843618,194.97726854307206,0,0.0
12,119,5.121881000377471,195.24077188171734,0,0.0
13,0,12.209427000925643,81.903925542467,0,0.0
13,1,5.593117000898928,178.79118206168036,0,0.0
13,2,5.201127998589072,192.265985430713,0,0.0
13,3,5.209082999499515,191.97236828364595,0,0.0
13,4,5.501367999386275,181.77296994339565,0,0.0
13,5,6.313653000688646,158.38691164860145,0,0.0
13,6,6.8385100003069965,146.23068474786285,0,0.0
13,7,5.725422000978142,174.65961458022798,0,0.0
13,8,6.575282999619958,152.08470875820836,2,0.49211540818214417
13,9,6.044490999556729,165.43990223053268,2,0.5519153475761414
13,10,6.332572000246728,157.91371972731432,4,0.560899905860424
13,11,6.808555999668897,146.87402145897462,8,0.533836092799902
13,12,6.5276950008410495,153.19343196505915,6,0.7283600866794586
13,13,6.277100001170766,159.30923512664864,6,0.693863163391749
13,14,6.712983000397799,148.96507259749382,7,0.7168643474578857
13,15,6.548543000462814,152.7057239952957,8,0.6574141792953014
13,16,6.750062000719481,148.14678737668058,8,0.6459380239248276
13,17,6.630370000493713,150.82114571668515,6,0.6640267223119736
13,18,6.607959001485142,151.33265805300087,5,0.7732296705245971
13,19,6.396228998710285,156.34211973987124,5,0.723261046409607
13,20,6.567533000634285,152.26417589426975,6,0.6527253836393356
13,21,6.33282099988719,157.90751073144395,4,0.7207075655460358
13,22,6.1574730007123435,162.4042849857908,4,0.5278189107775688
13,23,6.6435120006644865,150.5227957592279,3,0.4701547821362813
13,24,6.342534999930649,157.66566522864034,3,0.3669685522715251
13,25,6.339051000395557,157.7523196985795,4,0.4358309283852577
13,26,6.077612000808585,164.5383087743931,2,0.35748961567878723
13,27,6.473299999925075,154.48071308475963,2,0.5292021930217743
13,28,7.4962670005334076,133.3997308165309,4,0.4078080505132675
13,29,6.534300999192055,153.03855762439574,3,0.33406036098798114
13,30,6.196018999617081,161.39395312729042,2,0.3474891036748886
13,31,5.154573000254459,194.00249059439733,0,0.0
13,32,5.74805100040976,173.972012414071,1,0.3030126690864563
13,33,5.081974999484373,196.77389205996917,0,0.0
13,34,5.6985240007634275,175.48403759746043,1,0.29171884059906006
13,35,5.6061949999275384,178.3741022231523,1,0.5989876985549927
13,36,5.104835001475294,195.89271733777892,0,0.0
13,37,5.01747999987856,199.30323589216167,0,0.0
13,38,5.024387000958086,199.0292546751102,0,0.0
13,39,5.100815000332659,196.04710226400744,0,0.0
13,40,5.078578000393463,196.90551172444825,0,0.0
13,41,5.0820570013456745,196.77071700203493,0,0.0
13,42,5.022369001380866,199.10922509378676,0,0.0
13,43,5.170374000954325,193.4096063099931,0,0.0
13,44,5.14819399904809,194.2428743331937,0,0.0
13,45,5.166840999663691,193.5418566325323,0,0.0
13,46,5.036913998992532,198.53426129570943,0,0.0
13,47,5.054171000665519,197.85638433450762,0,0.0
13,48,5.066274999990128,197.38367933085917,0,0.0
13,49,5.016388000512961,199.3466214929433,0,0.0
13,50,5.132557000251836,194.8346603751178,0,0.0
13,51,5.02012800097873,199.19810805721266,0,0.0
13,52,5.848693999723764,170.97834149764552,0,0.0
13,53,5.380594000598649,185.853086088402,0,0.0
13,54,5.190187001062441,192.67128521482908,0,0.0
13,55,5.2437470003496855,190.70332720730306,0,0.0
13,56,5.817471001137164,171.89600082312847,1,0.4503752291202545
13,57,5.090695998660522,196.43679376319523,0,0.0
13,58,5.10537199988903,195.87211275137952,0,0.0
13,59,5.115814001328545,195.47231383711494,0,0.0
13,60,5.1040420003118925,195.92315265800968,0,0.0
13,61,5.06358500024362,197.4885382494592,0,0.0
13,62,5.6140590004361,178.124241288223,1,0.3900832533836365
13,63,5.123283999637351,195.18730565605662,0,0.0
13,64,5.031791999499546,198.73635478164803,0,0.0
13,65,5.087770001409808,196.54976536339154,0,0.0
13,66,5.021083999963594,199.16018134873877,0,0.0
13,67,5.080136001197388,196.8451237849341,0,0.0
13,68,5.091490000268095,196.40616007246297,0,0.0
13,69,5.024415999287157,199.0281059812475,0,0.0
13,70,5.0870520008174935,196.577506941014,0,0.0
13,71,5.118094999488676,195.3851970508373,0,0.0
13,72,5.125526999108843,195.1018890689419,0,0.0
13,73,5.069078000815352,197.274533917046,0,0.0
13,74,5.065627001386019,197.40892879131988,0,0.0
13,75,5.166165999980876,193.56714437819105,0,0.0
13,76,5.1129220009897836,195.5828780111285,0,0.0
13,77,5.118375998790725,195.37447038597037,0,0.0
13,78,5.038707000494469,198.4636137608053,0,0.0
13,79,5.037388000346255,198.51557988609633,0,0.0
13,80,5.329669000275317,187.6289127802013,0,0.0
13,81,5.109192999952938,195.72562633848656,0,0.0
13,82,5.080356999314972,196.83656092176957,0,0.0
13,83,5.6674879997444805,176.44501409532498,0,0.0
13,84,5.175688000235823,193.21102816754728,0,0.0
13,85,5.1707719994738,193.39471941554652,0,0.0
13,86,6.317516999843065,158.2900370548811,3,0.32453521092732746
13,87,5.672021999998833,176.30397061228,1,0.3804462254047394
13,88,5.916123000133666,169.02961618232183,1,0.2523379921913147
13,89,6.250815000385046,159.97913871045625,2,0.405722513794899
13,90,5.979397999908542,167.24091622857276,1,0.6773775219917297
13,91,5.877223000425147,170.148384692509,1,0.5203085541725159
13,92,5.825745000038296,171.65186598339378,1,0.6176010966300964
13,93,5.749119998654351,173.93966385013042,1,0.6168657541275024
13,94,6.211288999111275,160.99717790350476,2,0.4415398836135864
13,95,5.841101999976672,171.20057139971084,2,0.3656868189573288
13,96,5.888387999220868,169.82576558003936,2,0.6401849985122681
13,97,6.100697999499971,163.91566999087033,3,0.4983971118927002
13,98,6.218835998879513,160.80179637800006,3,0.6080890496571859
13,99,6.315036998785217,158.35219970878453,3,0.6626655459403992
13,100,6.136986999990768,162.94641002197076,3,0.6931392749150594
13,101,6.2195090013119625,160.78439629061666,3,0.575947235027949
13,102,6.634854000367341,150.71921702340921,4,0.5685309171676636
13,103,6.748555999365635,148.17984767319115,5,0.4087290346622467
13,104,6.149078000817099,162.62600667402796,4,0.6001355051994324
13,105,6.059395000193035,165.03297770951437,4,0.5098999291658401
13,106,6.0405679996620165,165.54734588799468,2,0.659501314163208
13,107,5.8272019996366,171.6089471520573,2,0.6033727675676346
13,108,7.158776999858674,139.6886647006523,5,0.505830991268158
13,109,6.354913000905071,157.35856649140268,3,0.5391766130924225
13,110,6.356278001476312,157.3247739900205,3,0.6276344756285349
13,111,6.274997000218718,159.36262598454542,4,0.45558004826307297
13,112,5.8666579989221646,170.454797294085,2,0.6531717926263809
13,113,6.35493600020709,157.35799699122268,3,0.590352346499761
13,114,6.179639000038151,161.8217504281118,5,0.43128122091293336
13,115,5.8438109990675,171.12120843052085,2,0.6053392738103867
13,116,6.1162930014688754,163.49772644309914,2,0.5400119721889496
13,117,5.069348000688478,197.26402682636663,0,0.0
13,118,5.798181000500335,172.46788258485,1,0.8347769975662231
13,119,5.5744119999872055,179.3911178438722,1,0.7996155023574829
13,120,5.70384999991802,175.32017847846151,1,0.874133288860321
13,121,5.993717000819743,166.8413773728778,2,0.40544603765010834
13,122,5.673780000506667,176.24934345545654,1,0.829795777797699
13,123,5.777272001068923,173.09207525887268,1,0.722191572189331
13,124,5.923291000726749,168.825066990176,1,0.7041512131690979
13,125,5.8446080001886,171.09787345322917,1,0.4655618965625763
13,126,6.078768999941531,164.5069914664661,1,0.36714616417884827
13,127,6.110143000114476,163.66229071582524,1,0.7010583281517029
13,128,5.820450000101118,171.80802171354912,1,0.690022885799408
13,129,5.650836999848252,176.96493457993108,1,0.8297988772392273
13,130,6.891036000524764,145.11606091215432,2,0.4175081104040146
13,131,5.699661998733063,175.44900034814043,1,0.8272968530654907
13,132,5.812293000417412,172.0491379096313,1,0.7649434208869934
13,133,6.419952000214835,155.76440446385524,2,0.3599698841571808
13,134,6.1320249988057185,163.07826536825297,2,0.4801328182220459
13,135,6.549708999955328,152.67853884910312,2,0.682461142539978
14,0,10.521114998482517,95.04696034063235,1,0.582689106464386
14,1,6.401762999303173,156.20696987827404,1,0.544805645942688
14,2,6.335450001643039,157.8419843484929,3,0.4944811165332794
14,3,6.138189999546739,162.9144748002005,3,0.5275803109010061
14,4,6.163194000691874,162.2535328090826,4,0.4863044545054436
14,5,6.125019999672077,163.264773021727,4,0.4871576949954033
14,6,6.201103999046609,161.26160763530905,5,0.36573203802108767
14,7,6.025368000337039,165.96496677780732,3,0.373949537674586
14,8,5.046243999458966,198.16719130252426,0,0.0
14,9,5.688766001185286,175.78504719505855,1,0.3757341802120209
14,10,5.007457000829163,199.70216415925574,0,0.0
14,11,5.622255001071608,177.86457565681368,1,0.320401668548584
14,12,5.984217001241632,167.10623959534146,2,0.2986130118370056
14,13,5.765468000390683,173.44645741373247,1,0.2583974301815033
14,14,5.674833999364637,176.21660829408606,1,0.3063965141773224
14,15,5.861270999957924,170.61145952937147,2,0.31366734206676483
14,16,5.116311000165297,195.4533256417939,0,0.0
14,17,5.006286999559961,199.74883583140505,0,0.0
14,18,5.097011999168899,196.1933776422454,0,0.0
14,19,4.976255000656238,200.95433209675272,0,0.0
14,20,5.144946000655182,194.3654996325822,0,0.0
14,21,5.120550000356161,195.29152140501407,0,0.0
14,22,5.055505000200355,197.80417583611703,0,0.0
14,23,5.201884998314199,192.2380060928058,0,0.0
14,24,5.65342200025043,176.88401820272802,1,0.2883606255054474
14,25,5.581890000030398,179.15078942697798,1,0.34708333015441895
14,26,5.999752998832264,166.67352809267825,2,0.3541104942560196
14,27,6.066806001399527,164.83137910942165,0,0.0
14,28,5.287666999720386,189.11932238790385,0,0.0
14,29,5.087425000965595,196.56309425892266,0,0.0
14,30,5.060290999608696,197.6170935776872,0,0.0
14,31,5.13184299961722,194.86176799925275,0,0.0
14,32,5.0043120008922415,199.82766858295514,0,0.0
14,33,5.170007998458459,193.42329843554785,0,0.0
14,34,5.0784550003299955,196.91028077141976,0,0.0
14,35,5.0045600000885315,199.81776619369333,0,0.0
14,36,5.716616000427166,174.92866407771248,1,0.409633994102478
14,37,5.022560000725207,199.10165331138106,0,0.0
14,38,5.279693999909796,189.40491627300466,0,0.0
14,39,5.10102999942319,196.03883923699274,0,0.0
14,40,5.643222000799142,177.203732169032,1,0.6642943024635315
14,41,5.665339998813579,176.5119128259588,1,0.5088531970977783
14,42,5.637385998852551,177.38717912939487,1,0.5729241967201233
14,43,5.162236000614939,193.7145066364415,0,0.0
14,44,5.017378998672939,199.30724792057623,0,0.0
14,45,5.076462999568321,196.98754823684038,0,0.0
14,46,5.629188000966678,177.6455147400076,0,0.0
14,47,5.224783000812749,191.39550864494151,0,0.0
14,48,5.121309999594814,195.26254026393983,0,0.0
14,49,5.106885999339283,195.8140440435478,0,0.0
14,50,5.157665000297129,193.88618685827612,0,0.0
14,51,5.705182999008684,175.2792154386208,1,0.5202266573905945
14,52,5.958170000667451,167.83676865345856,2,0.31975382566452026
14,53,5.700375000742497,175.42705521474394,1,0.5079138875007629
14,54,5.369855000026291,186.2247677069686,0,0.0
14,55,5.405226000220864,185.00614034623877,0,0.0
14,56,5.302464000124019,188.59156799114734,0,0.0
14,57,5.22353300038958,191.44130991905638,0,0.0
14,58,5.1376920000620885,194.63992780959137,0,0.0
14,59,5.244191999736358,190.68714495012256,0,0.0
14,60,5.154681000931305,193.99842586172224,0,0.0
14,61,5.261465999865322,190.06109704511954,0,0.0
14,62,5.068645999926957,197.2913476329597,0,0.0
14,63,5.127636999532115,195.02160548635712,0,0.0
14,64,5.076563998954953,196.98362912510453,0,0.0
14,65,5.028689000027953,198.85898690383146,0,0.0
14,66,5.108014000143157,195.77080250210238,0,0.0
14,67,5.052094000348006,197.93772640238214,0,0.0
14,68,5.070375000286731,197.22407118673664,0,0.0
14,69,5.078639998828294,196.9031079640834,0,0.0
14,70,5.227566000030492,191.29361542143457,0,0.0
14,71,5.289503000312834,189.05367856693863,0,0.0
14,72,5.251716000202578,190.41395230843145,0,0.0
14,73,5.241102000582032,190.79956846650734,0,0.0
14,74,5.103355999381165,195.9494889483039,0,0.0
14,75,5.094844998893677,196.2768249509348,0,0.0
15,0,7.452238000041689,134.18787752006926,0,0.0
15,1,5.705044999558595,175.28345527114527,0,0.0
15,2,5.785694000223884,172.84011217345815,0,0.0
15,3,5.4980609984340845,181.88230364937974,0,0.0
15,4,5.325368998455815,187.7804148951871,0,0.0
15,5,5.1274710003781365,195.02791920739344,0,0.0
15,6,5.342047001249739,187.19415979793067,0,0.0
15,7,5.113565999636194,195.55824645093958,0,0.0
15,8,5.239565000010771,190.85553857962338,0,0.0
15,9,5.194061999645783,192.52754396620537,0,0.0
15,10,5.113445999086252,195.56283574299897,0,0.0
15,11,5.089042000690824,196.50063801089726,0,0.0
15,12,5.0627649998205015,197.52052485854165,0,0.0
15,13,5.074116999821854,197.07862472132763,0,0.0
15,14,5.055686000559945,197.7970941805414,0,0.0
15,15,5.127345000801142,195.03271183112332,0,0.0
15,16,5.20801200036658,192.01184634935794,0,0.0
15,17,5.161920000318787,193.72636537145917,0,0.0
15,18,5.030779999287915,198.77633292283613,0,0.0
15,19,5.017873998440336,199.28758679688283,0,0.0
15,20,5.025208000006387,198.99673804521703,0,0.0
15,21,5.059016999439336,197.66685901842683,0,0.0
15,22,5.2207759999873815,191.54240672314174,0,0.0
15,23,5.063316999439849,197.49899129575124,0,0.0
15,24,5.10566800039669,195.86075708845618,0,0.0
15,25,5.056046999015962,197.78297159710462,0,0.0
15,26,5.06093200056057,197.59206404852623,0,0.0
15,27,5.163528001503437,193.66603603366445,0,0.0
15,28,5.03256199954194,198.70594740631495,0,0.0
15,29,5.825894999361481,171.6474464626637,0,0.0
15,30,5.42041600056109,184.48768505894856,0,0.0
15,31,5.109310000989353,195.7211443044878,0,0.0
15,32,5.043360000854591,198.28051137149663,0,0.0
15,33,5.210244000409148,191.92959099832416,0,0.0
15,34,5.189727999095339,192.6883258957536,0,0.0
15,35,5.210104000070714,191.93474832487556,0,0.0
15,36,5.074292999779573,197.07178912282757,0,0.0
15,37,5.082374000267009,196.75844397666597,0,0.0
15,38,5.104128000311903,195.91985152780103,0,0.0
15,39,5.047718999776407,198.10928461831884,0,0.0
15,40,5.065537001428311,197.41243617765178,0,0.0
15,41,5.052959000749979,197.90384205602624,0,0.0
15,42,5.1170570004615,195.42483109135026,0,0.0
15,43,5.1800140008708695,193.04967126186898,0,0.0
15,44,5.068127000413369,197.31155117431695,0,0.0
15,45,5.078619999039802,196.90388337561518,0,0.0
15,46,5.119610999827273,195.32734030646827,0,0.0
15,47,5.769342000348843,173.32999152061623,1,0.39193058013916016
15,48,5.086166998808039,196.61171177319844,0,0.0
15,49,5.0233780002599815,199.0692318890288,0,0.0
15,50,5.09957500071323,196.09477257617337,0,0.0
15,51,5.048054999861051,198.09609840374662,0,0.0
15,52,5.195179999645916,192.48611214012917,0,0.0
15,53,5.078525000499212,196.90756664616228,0,0.0
15,54,5.020331000196165,199.19005339706203,0,0.0
15,55,5.122033999214182,195.23493989954366,0,0.0
15,56,5.35636099994008,186.6939140231935,0,0.0
15,57,6.0724839986505685,164.67725567036828,0,0.0
15,58,5.712971000320977,175.04027238083586,0,0.0
15,59,5.705737001335365,175.2621965866918,0,0.0
15,60,5.369405000237748,186.24037485638013,0,0.0
15,61,5.247387000054005,190.57104040348239,0,0.0
15,62,5.16214999879594,193.7177339351332,0,0.0
15,63,5.20897100068396,191.97649590844253,0,0.0
15,64,5.215189999944414,191.74756816351052,0,0.0
15,65,6.343220000417205,157.64863900893053,2,0.38196492195129395
15,66,5.698166000001947,175.49506279733833,1,0.6521085500717163
15,67,5.892449000384659,169.7087238149571,2,0.6958713233470917
15,68,6.184198000482866,161.70245518043237,3,0.5174782872200012
15,69,5.846086000019568,171.05461671221613,1,0.4568347632884979
15,70,5.920932999288198,168.89230128431075,3,0.5469180742899576
15,71,5.920867999520851,168.89415539764192,2,0.5427768975496292
15,72,5.971167000097921,167.47145072037023,2,0.46844127774238586
15,73,6.04949199987459,165.30313620064803,2,0.7043052017688751
15,74,5.994563000058406,166.81783142328422,2,0.7175263464450836
15,75,6.101857999965432,163.8845086210897,3,0.6001972953478495
15,76,6.40050199945108,156.23774511526784,4,0.5985570102930069
15,77,6.32975799999258,157.98392292425274,3,0.6815299391746521
15,78,6.1823369997000555,161.75113068868882,5,0.49433286786079406
15,79,5.995416999212466,166.79406955869058,4,0.528330110013485
15,80,6.395074000465684,156.37035629723454,5,0.4426363408565521
15,81,6.293041999015259,158.90566122973294,6,0.4450197716554006
15,82,6.021266000971082,166.07803073950308,3,0.5395496984322866
15,83,6.999187000474194,142.87373661144503,3,0.6395000020662943
15,84,6.257177999941632,159.81645400040213,3,0.5418606599171957
15,85,6.0791939995397115,164.4954906975687,3,0.5973191062609354
15,86,5.8607470000424655,170.62671362417697,2,0.7284698784351349
15,87,5.986244999803603,167.04962794419674,3,0.531528651714325
15,88,6.122265000158222,163.33824164327356,1,0.36203521490097046
15,89,6.0991379996266915,163.9575953292427,1,0.299041211605072
15,90,6.069472998206038,164.75895029034174,2,0.31955747306346893
15,91,5.102053000882734,195.99953191920676,0,0.0
15,92,5.109749999974156,195.704290817566,0,0.0
15,93,5.0808259984478354,196.81839140043263,0,0.0
15,94,5.582956999205635,179.11655062761255,1,0.2748057544231415
15,95,5.114391999086365,195.52666283277463,0,0.0
15,96,5.134779999934835,194.75031062921698,0,0.0
15,97,5.778650000138441,173.05079905791882,1,0.2893289625644684
15,98,5.701031999706174,175.406838630539,1,0.31236979365348816
15,99,5.625624000458629,177.7580584693316,1,0.2813180685043335
15,100,5.143727001268417,194.4115618409385,0,0.0
15,101,5.08632499986561,196.6056042479436,0,0.0
15,102,5.115509000461316,195.48396843986006,0,0.0
15,103,5.083082998680766,196.73099972192747,0,0.0
15,104,5.091810000521946,196.39381671694213,0,0.0
15,105,5.014796999603277,199.40986645702915,0,0.0
15,106,5.096025999591802,196.23133792490486,0,0.0
15,107,5.013728999983869,199.45234375516057,0,0.0
16,0,8.544149000954349,117.03915742671434,1,0.26089411973953247
16,1,6.055156000002171,165.14851145034768,1,0.26171568036079407
16,2,5.723530999603099,174.71732049137944,1,0.5665024518966675
16,3,6.188977000419982,161.57759189154206,5,0.4707692563533783
16,4,7.019958000455517,142.45099471180754,8,0.49615732207894325
16,5,6.365203000314068,157.1041803302516,6,0.6595202883084615
16,6,6.423163998988457,155.686512154677,6,0.6403841624657313
16,7,6.234378000954166,160.40092529630877,5,0.6017661154270172
16,8,6.644282999332063,150.50532918307786,6,0.5639536380767822
16,9,6.4264000011462485,155.60811649160252,6,0.4735517104466756
16,10,5.883735999304918,169.96003901570978,2,0.5244913399219513
16,11,5.850632000147016,170.9217055481992,2,0.43858641386032104
16,12,5.586675999438739,178.99731434227868,1,0.3324882686138153
16,13,5.150631001015427,194.1509690371634,0,0.0
16,14,5.561767000472173,179.79897394391094,1,0.45749029517173767
16,15,5.959338999673491,167.80384536855337,1,0.36923491954803467
16,16,5.196080001041992,192.4527720511358,0,0.0
16,17,5.709590999686043,175.14389385421612,1,0.48594555258750916
16,18,5.146011999386246,194.32523673074758,0,0.0
16,19,6.244344000151614,160.14492474721442,4,0.47960278391838074
16,20,5.6613870001456235,176.63516024858887,1,0.6440279483795166
16,21,6.231732999367523,160.4690059894243,4,0.6390436887741089
16,22,6.381991999660386,156.69088899723073,4,0.5336130633950233
16,23,7.035153001197614,142.1433193890406,4,0.5872277989983559
16,24,6.200916999659967,161.2664707582501,2,0.5442328900098801
16,25,6.053491000784561,165.19393518060824,2,0.3313455879688263
16,26,5.783978000181378,172.8913906603105,2,0.4245334565639496
16,27,5.7393600000068545,174.23545482402318,1,0.5743837952613831
16,28,5.064648001280148,197.4470880794161,0,0.0
16,29,5.801739000162343,172.36211418197516,2,0.4096260219812393
16,30,5.125360999954864,195.1082079894092,0,0.0
16,31,5.259854999167146,190.11930940270057,0,0.0
16,32,5.142518000866403,194.45726778817723,0,0.0
16,33,5.224267000812688,191.41441274813096,0,0.0
16,34,5.6275230017490685,177.69807421296971,1,0.3617343604564667
16,35,5.747413000790402,173.99132442065272,1,0.44451904296875
16,36,5.210261000684113,191.92896476178427,0,0.0
16,37,5.0611070000741165,197.58523184460546,0,0.0
16,38,5.070995999631123,197.19991892573816,0,0.0
16,39,5.070262999652186,197.22842780908974,0,0.0
16,40,5.143704000147409,194.4124311918691,0,0.0
16,41,5.05698599954485,197.74624649742046,0,0.0
16,42,5.196096999497968,192.45214246320214,0,0.0
16,43,5.083082000055583,196.73103837181165,0,0.0
16,44,5.137902999194921,194.63193449870386,0,0.0
16,45,5.015278000428225,199.39074163279003,0,0.0
16,46,5.079120001028059,196.88449963725824,0,0.0
16,47,5.176504000701243,193.18057126287036,0,0.0
16,48,5.067464999228832,197.33732747087157,0,0.0
16,49,5.783328000688925,172.91082226027598,0,0.0
16,50,5.164521000551758,193.62879924259457,0,0.0
16,51,5.243654999503633,190.7066731306046,0,0.0
16,52,5.066251000243938,197.3846143730049,0,0.0
16,53,5.061359001047094,197.57539423564302,0,0.0
16,54,5.0537499992060475,197.87286671424224,0,0.0
16,55,5.629446000966709,177.63737316749754,1,0.2999882400035858
16,56,5.151232999196509,194.12827960916937,0,0.0
16,57,5.051056999946013,197.97836373865672,0,0.0
16,58,5.145664999872679,194.33834111329506,0,0.0
16,59,5.0534430010884535,197.88488754787807,0,0.0
16,60,5.097249999380438,196.18421700358985,0,0.0
16,61,5.080427999928361,196.83381006759686,0,0.0
16,62,5.098117999295937,196.15081489641915,0,0.0
16,63,5.087387999083148,196.56452391290392,0,0.0
16,64,5.050285999459447,198.00858804967365,0,0.0
16,65,5.067314999905648,197.34316892054665,0,0.0
16,66,5.122413998833508,195.22045664948655,0,0.0
16,67,5.026683000323828,198.93834561192304,0,0.0
16,68,5.094558999189758,196.28784359137674,0,0.0
16,69,5.046644999310956,198.1514451950821,0,0.0
16,70,5.074159000287182,197.07699343741555,0,0.0
16,71,5.624023999189376,177.8086295762849,1,0.5375257730484009
16,72,6.113434999861056,163.57416084782577,3,0.33525367577870685
16,73,5.8550300000206335,170.7933178816293,1,0.6346943378448486
16,74,5.114039999170927,195.54012095371115,0,0.0
16,75,5.952872999841929,167.98611360036637,1,0.6266252398490906
16,76,5.897787999856519,169.55509421910858,1,0.6655920743942261
16,77,6.185863001519465,161.65893097767682,3,0.4211626847585042
16,78,6.549076000737841,152.6932959530988,2,0.504128634929657
16,79,6.328161000055843,158.02379237683357,3,0.45100658138593036
16,80,5.88893800158985,169.80990455834782,2,0.7105064988136292
16,81,6.029086000125972,165.86261996911406,2,0.7468568682670593
16,82,5.934288001299137,168.5122123801675,3,0.6110924184322357
16,83,6.314147998637054,158.3744948987347,3,0.6849301258722941
16,84,6.258596000407124,159.78024463233442,5,0.5060246586799622
16,85,6.4265750006597955,155.60387918873323,3,0.5582857429981232
16,86,6.7398120008874685,148.37209107143113,4,0.5050166174769402
16,87,6.521725001221057,153.33366552756684,4,0.41667789220809937
16,88,6.14834400039399,162.6454212607361,4,0.5409383103251457
16,89,6.003747999784537,166.56262055567424,4,0.5341356098651886
16,90,6.076241999835474,164.5754069747513,3,0.5462276935577393
16,91,5.969301999357413,167.52377415444028,3,0.4603025217851003
16,92,5.783009000879247,172.92036029132245,2,0.5489558577537537
16,93,5.959537000308046,167.79827022607805,3,0.6902072230974833
16,94,6.027239000104601,165.9134472654304,3,0.548088143269221
16,95,6.390575999830617,156.4804174187906,2,0.6129196733236313
16,96,5.824079000376514,171.70096764404332,2,0.7185306549072266
16,97,5.787989000964444,172.77157918464798,2,0.5452172011137009
16,98,5.838016000780044,171.2910687237557,2,0.6291976571083069
16,99,5.935897999734152,168.46650667595475,3,0.572717934846878
16,100,5.185264000829193,192.85421144228852,0,0.0
16,101,5.011490000470076,199.54145372059017,0,0.0
16,102,5.053323999163695,197.889547586004,0,0.0
16,103,5.106808999698842,195.81699649604516,0,0.0
16,104,5.605399999694782,178.39940058772802,1,0.2625291049480438
16,105,5.6292259996553184,177.64431558818757,0,0.0
16,106,5.276837000565138,189.50746439446627,0,0.0
16,107,5.192024000280071,192.60311584577758,0,0.0
16,108,5.072402000223519,197.14525780013773,0,0.0
16,109,5.099820999021176,196.08531362021,0,0.0
16,110,5.249059999187011,190.510300921476,0,0.0
16,111,5.124695000631618,195.13356402220035,0,0.0
16,112,5.130618001203402,194.90829365301548,0,0.0
16,113,5.0625920011952985,197.52727451943508,0,0.0
16,114,5.726358000174514,174.63106567377108,1,0.5961790084838867
16,115,5.798377000246546,172.46205273604667,1,0.827686071395874
16,116,5.628536000585882,177.66609290513708,1,0.8397461175918579
16,117,5.761012998846127,173.58058386611694,1,0.828804075717926
16,118,5.848598000739003,170.98114793898375,1,0.7637541890144348
16,119,6.1437919994205,162.76592698683856,3,0.5485319197177887
16,120,6.165785998746287,162.18532401275908,3,0.5680304567019144
16,121,5.904088999159285,169.37414055621375,2,0.46173353493213654
16,122,5.752039000071818,173.8513942599336,1,0.6936920881271362
16,123,6.039697000232991,165.57121987434525,2,0.44657909870147705
16,124,5.632955000692164,177.52671552979254,1,0.6749309301376343
16,125,5.936165000093752,168.45892928923078,2,0.5037994682788849
16,126,5.909444000280928,169.22065763758167,2,0.48196911811828613
16,127,5.59148600041226,178.8433342990164,1,0.7575311660766602
16,128,5.7691599995450815,173.33545959530565,2,0.48844917118549347
17,0,7.621254000696354,131.21200263219544,0,0.0
17,1,5.614970001261099,178.09534152015132,0,0.0
17,2,5.592380999587476,178.81471238704324,0,0.0
17,3,5.711218998840195,175.09396859113176,0,0.0
17,4,5.4733480010327185,182.70352987080645,0,0.0
17,5,5.273078000755049,189.64255788683772,0,0.0
17,6,6.197800001245923,161.3475749135134,1,0.6316442489624023
17,7,5.114562998642214,195.52012562275107,0,0.0
17,8,5.535150001378497,180.66357727450128,0,0.0
17,9,6.208139999216655,161.0788416701589,1,0.2901569604873657
17,10,6.134929000836564,163.00107138381537,1,0.25635573267936707
17,11,5.8727010000438895,170.27939954588638,1,0.3442246913909912
17,12,5.309939999278868,188.32604514096354,0,0.0
17,13,5.161628001587815,193.73732467593192,0,0.0
17,14,5.099473000882426,196.09869487042238,0,0.0
17,15,5.868989999726182,170.38706831101348,1,0.41566675901412964
17,16,6.311274999461602,158.44658964873298,3,0.36489956577618915
17,17,6.140773999504745,162.84592139047135,2,0.421349436044693
17,18,5.808177000290016,172.17106158267347,1,0.5140513181686401
17,19,5.136378000315744,194.68972103270588,0,0.0
17,20,5.812159999550204,172.05307494587018,1,0.7160491943359375
17,21,6.468180999945616,154.60297106843606,1,0.7878649234771729
17,22,5.996691001200816,166.7586340199543,1,0.7809698581695557
17,23,6.020001999786473,166.1129016295127,2,0.5410487800836563
17,24,5.622280999887153,177.86375316709916,1,0.44119396805763245
17,25,5.628336999507155,177.67237464415598,1,0.4983038902282715
17,26,6.0114759999123635,166.34849744298708,3,0.4025772114594777
17,27,6.024397000146564,165.99171667731585,3,0.47409090399742126
17,28,6.607036000787048,151.35379917422537,3,0.46076419949531555
17,29,6.185758998981328,161.66164898514157,2,0.3592371642589569
17,30,6.276219000937999,159.3315975510968,4,0.45292405039072037
17,31,6.088979000196559,164.23114613594805,3,0.7060279647509257
17,32,5.592784000327811,178.80182748723834,1,0.8974241018295288
17,33,6.263246999878902,159.66159406124885,3,0.6236697435379028
17,34,6.1685139990004245,162.11359821215365,3,0.6386466324329376
17,35,6.1291069996514125,163.1559051027946,3,0.5116302271684011
17,36,6.054554000002099,165.16493204943805,3,0.6690338055292765
17,37,6.541244001709856,152.87611954830058,4,0.5721257999539375
17,38,6.679525999061298,149.7112220448778,5,0.5780322909355163
17,39,5.932504000156769,168.56288676308935,2,0.5644514709711075
17,40,6.300828001258196,158.70929976192218,5,0.48265114426612854
17,41,6.3383629985764856,157.7694430288368,5,0.441772335767746
17,42,6.019433998517343,166.12857624924732,3,0.6189780036608378
17,43,5.731586999900173,174.4717475312539,2,0.7229287028312683
17,44,6.090171000323608,164.19900195690136,3,0.6691427032152811
17,45,5.955552000159514,167.91054800179998,3,0.7235657672087351
17,46,6.660410001131822,150.14090721593223,3,0.7496983607610067
17,47,6.21044199942844,161.01913520680688,3,0.6005744437376658
17,48,6.071923000490642,164.6924705598531,3,0.6274611353874207
17,49,6.627558001127909,150.8851374563324,4,0.6154516115784645
17,50,6.3115579996519955,158.4394851564602,4,0.6019158735871315
17,51,7.0931970003584865,140.9801532298427,8,0.4701891727745533
17,52,6.568934000824811,152.23170150201503,7,0.5338032288210732
17,53,6.838077999418601,146.23992298494164,6,0.5245124797026316
17,54,6.06673100082844,164.83341685389468,3,0.4992523392041524
17,55,5.91358200108516,169.1022462893889,2,0.6099168658256531
17,56,6.010168999637244,166.38467238780757,3,0.44888681173324585
17,57,5.825484000524739,171.6595565123728,2,0.5331215858459473
17,58,5.625122999845189,177.77389046026573,1,0.6548173427581787
17,59,5.620840998744825,177.90932001515563,1,0.7265195846557617
17,60,5.692210999768577,175.67865984599942,2,0.40500423312187195
17,61,5.750898999394849,173.88585682086006,1,0.36395347118377686
17,62,5.093073999887565,196.34507568947083,0,0.0
17,63,5.184048000955954,192.8994484263257,0,0.0
17,64,5.057289999967907,197.73435970773792,0,0.0
17,65,5.068252999990364,197.30664589985963,0,0.0
17,66,5.077931000414537,196.9306002618714,0,0.0
17,67,5.038523000621353,198.4708613767724,0,0.0
17,68,5.112501999974484,195.5989454879413,0,0.0
17,69,5.119694000313757,195.32417365934677,0,0.0
17,70,5.040312000346603,198.40041646851105,0,0.0
17,71,5.897700000787154,169.5576241359398,0,0.0
17,72,5.184204999750364,192.89360664714326,0,0.0
17,73,5.1789869994536275,193.08795332089034,0,0.0
17,74,5.087830999400467,196.54740892884152,0,0.0
17,75,5.056333999164053,197.7717453327503,0,0.0
17,76,5.051914000432589,197.94477893217723,0,0.0
17,77,5.3212889997666935,187.9243920117558,0,0.0
17,78,5.760764001024654,173.58808654930704,0,0.0
17,79,6.231004999790457,160.48775438851823,1,0.7176424264907837
17,80,6.1904760004836135,161.53846649625615,1,0.7623637914657593
17,81,5.980324000120163,167.21502045372574,1,0.6425133347511292
17,82,5.885831998966751,169.8995146608922,1,0.5003256797790527
17,83,5.736950000937213,174.30864829511074,1,0.6219655275344849
17,84,5.950794000455062,168.0448020757447,1,0.7794123888015747
17,85,5.598727000688086,178.61203089150436,1,0.46991053223609924
17,86,5.722811998566613,174.73927157671247,1,0.27829548716545105
17,87,5.096933000459103,196.19641849518635,0,0.0
17,88,5.043246999775874,198.28495412666496,0,0.0
17,89,5.172440000023926,193.33235378184656,0,0.0
18,0,7.437573000061093,134.45246184363984,0,0.0
18,1,5.767453001681133,173.3867618355128,0,0.0
18,2,5.586712999502197,178.99612886667077,0,0.0
18,3,5.181100999834598,193.00916929276696,0,0.0
18,4,5.121603000588948,195.2513695194663,0,0.0
18,5,5.074644001069828,197.05815812679307,0,0.0
18,6,5.043901999670197,198.2592048904571,0,0.0
18,7,5.100611000671051,196.0549431957146,0,0.0
18,8,5.141951000041445,194.478710511232,0,0.0
18,9,5.7454889993096,174.0495891855617,1,0.5751947164535522
18,10,5.7489139999233885,173.94589656643433,1,0.772361695766449
18,11,5.59736899958807,178.65536470323707,1,0.6829104423522949
18,12,5.726433000745601,174.6287784856291,1,0.8677473068237305
18,13,5.561653999393457,179.80262707983238,1,0.8650018572807312
18,14,5.853403001310653,170.84079120745437,1,0.3147219121456146
18,15,5.055948000517674,197.7868443064705,0,0.0
18,16,5.6376529992121505,177.37877803755353,1,0.2828315794467926
18,17,5.083209000076749,196.726123199912,0,0.0
18,18,5.097594999824651,196.17093943995127,0,0.0
18,19,5.058256001575501,197.69659734274597,0,0.0
18,20,5.017303999920841,199.31022716896905,0,0.0
18,21,5.135861998496694,194.70928157584993,0,0.0
18,22,5.730618000598042,174.5012492362326,1,0.5677498579025269
18,23,5.141460000231746,194.4972828641915,0,0.0
18,24,5.083102998469258,196.73022567143403,0,0.0
18,25,5.267946000458323,189.82730648966367,0,0.0
18,26,5.044466999606811,198.23699908790056,0,0.0
18,27,6.1638240003958344,162.23694900045507,1,0.3450997769832611
18,28,5.5352799990942,180.65933433604826,0,0.0
18,29,6.1490839998441515,162.6258480166062,1,0.4078204035758972
18,30,5.153314999915892,194.04984946899637,0,0.0
18,31,5.207101999985753,192.04540260642793,0,0.0
18,32,5.7757009999477305,173.13915661649554,1,0.26783332228660583
18,33,6.2678419999429025,159.54454499796097,4,0.45928288251161575
18,34,5.983827999443747,167.11710298039304,3,0.5749152998129526
18,35,5.82074200065108,171.79940287477865,1,0.6735977530479431
18,36,6.535470000017085,153.0111835870084,5,0.48907548785209654
18,37,6.111579999924288,163.62380922975535,4,0.5455965846776962
18,38,6.338867999147624,157.7568739614815,5,0.4799429774284363
18,39,6.45178400009172,154.99588950680675,5,0.5334094822406769
18,40,6.335022999337525,157.85262344028953,5,0.5011097073554993
18,41,6.253554000068107,159.90906930508783,4,0.5194551721215248
18,42,6.724131999362726,148.71807990901638,6,0.5091094374656677
18,43,6.632119000641978,150.78137167068348,6,0.5671462913354238
18,44,6.32239100013976,158.1680095359326,5,0.5700429916381836
18,45,6.070821000321303,164.72236620830597,2,0.8024487495422363
18,46,5.863000000317697,170.5611461616601,2,0.8088253438472748
18,47,5.84078599968052,171.2098337543437,2,0.8332165479660034
18,48,6.073010999898543,164.6629653752819,2,0.4940085858106613
18,49,6.008198000927223,166.43925513867447,1,0.7823395133018494
18,50,5.959897000138881,167.7881345896913,1,0.7086749076843262
18,51,5.976436999844736,167.32377502280696,1,0.2621780037879944
18,52,5.911981999815907,169.14801161964616,1,0.3600485920906067
18,53,5.268054999760352,189.82337884579619,0,0.0
18,54,5.055835001257947,197.79126489515363,0,0.0
18,55,5.060502000560518,197.60885380328605,0,0.0
18,56,5.067079999207635,197.3523212888636,0,0.0
18,57,5.081704999611247,196.78434700095744,0,0.0
18,58,5.1101079989166465,195.69058035798892,0,0.0
18,59,4.98680499913462,200.5291965844933,0,0.0
18,60,5.0451090010028565,198.21177298671287,0,0.0
18,61,5.1330779988347786,194.81488499239686,0,0.0
18,62,5.001378998713335,199.9448552603716,0,0.0
18,63,5.09623499965528,196.22329034427221,0,0.0
18,64,4.966825999872526,201.33582292306295,0,0.0
18,65,5.074742999568116,197.05431390025163,0,0.0
18,66,5.028012999900966,198.8857228530826,0,0.0
18,67,5.052467000496108,197.92311358031805,0,0.0
18,68,5.156784000064363,193.91931094797044,0,0.0
18,69,5.033977999119088,198.65005372987193,0,0.0
18,70,5.559609999181703,179.86873182600687,1,0.6053555607795715
18,71,5.095378999612876,196.25625494707566,0,0.0
18,72,5.048094000812853,198.09456793771636,0,0.0
18,73,5.709527000362868,175.1458570800077,1,0.285597026348114
18,74,5.033729999922798,198.65984071758655,0,0.0
18,75,5.433606998849427,184.03981005835556,0,0.0
18,76,5.143842001416488,194.40721540914836,0,0.0
18,77,5.1001349984289845,196.07324125891455,0,0.0
18,78,5.093166000733618,196.3415289931568,0,0.0
18,79,5.028542000218295,198.8648001660499,0,0.0
18,80,5.153236001206096,194.05282423819781,0,0.0
18,81,5.024304000471602,199.032542598166,0,0.0
18,82,5.899589001273853,169.50333316169613,1,0.6209570169448853
18,83,5.948976000581752,168.0961563640885,1,0.5624884366989136
18,84,5.855749999682303,170.7723178165485,1,0.6278308629989624
18,85,5.564150000282098,179.72197010312462,1,0.5948418378829956
18,86,5.614022998997825,178.12538355801405,1,0.6873638033866882
18,87,5.76814299893158,173.366020950803,1,0.6253069639205933
18,88,5.749903000833001,173.9159773399878,1,0.4805777072906494
18,89,5.625038000289351,177.77657678909196,1,0.5669848322868347
18,90,5.636943000354222,177.40111970923968,1,0.6991302371025085
18,91,5.603830999461934,178.44935011352368,1,0.6452600955963135
18,92,5.7162220000464,174.94072133515505,1,0.42996013164520264
18,93,5.599275000349735,178.59455017614587,1,0.7624330520629883
18,94,5.703605000235257,175.32770939760957,1,0.7994704246520996
18,95,5.581210998570896,179.1725846337034,1,0.7390637397766113
18,96,5.642193000312545,177.23604987362285,1,0.6479137539863586
18,97,5.74712999878102,173.9998921569727,2,0.3606889396905899
18,98,5.777254000349785,173.0926145776964,2,0.25686922669410706
18,99,5.165459999261657,193.59360059761156,0,0.0
18,100,5.123018998347106,195.19740221979276,0,0.0
18,101,5.118552999192616,195.36771430475306,0,0.0
18,102,5.081688001155271,196.78500525271522,0,0.0
18,103,5.12128900118114,195.2633408833922,0,0.0
18,104,5.0151839986938285,199.3944788985695,0,0.0
18,105,5.889969999770983,169.780151688189,1,0.6444618105888367
18,106,5.681296999682672,176.01614561883576,1,0.4618074297904968
18,107,5.77498500024376,173.1606229207159,1,0.769959568977356
18,108,6.605448999835062,151.39016288294255,4,0.5460698753595352
18,109,6.527255000037258,153.2037587001415,5,0.7195189476013184
18,110,6.0404490013752365,165.5506072102138,4,0.6880487501621246
18,111,6.335039999612491,157.8521998379125,5,0.8182742953300476
18,112,6.328005998511799,158.0276630956382,6,0.686632439494133
18,113,6.71703899934073,148.87512192472738,7,0.5668371192046574
18,114,6.582346000868711,151.92151853883465,5,0.5674905598163604
18,115,6.462581999585382,154.73691476010003,5,0.5823343575000763
18,116,6.072779000533046,164.66925602137403,4,0.5909998193383217
18,117,6.0832740000478225,164.3851649608646,4,0.5641689375042915
18,118,5.177019998882315,193.16131678376624,0,0.0
18,119,5.772161001004861,173.2453408395768,1,0.3455202877521515
18,120,5.097142000522581,196.1883737783793,0,0.0
18,121,5.129416998897796,194.95392950405068,0,0.0
18,122,5.130032001034124,194.9305578987456,0,0.0
18,123,4.998743999749422,200.05025263348716,0,0.0
18,124,5.106004999106517,195.84783018719855,0,0.0
18,125,5.039243000283022,198.44250415069016,0,0.0
18,126,5.022257000746322,199.11366540011736,0,0.0
18,127,5.108556999402936,195.74999361206605,0,0.0
18,128,5.0008239995804615,199.967045447689,0,0.0
18,129,5.05338900075003,197.88700213887725,0,0.0
18,130,5.615981001028558,178.06328045213323,1,0.3602881133556366
18,131,5.6278510000993265,177.68771774205658,1,0.3412006199359894
18,132,5.599547999736387,178.58584300859238,1,0.3217981457710266
18,133,5.545531001189374,180.32538268842526,1,0.4105437994003296
18,134,5.347799000446685,186.99281702929994,0,0.0
18,135,5.453711000882322,183.36138453948445,0,0.0
18,136,5.237474000750808,190.93173538554024,0,0.0
18,137,5.127059999722405,195.0435532359955,0,0.0
18,138,5.107177999889245,195.80284846576447,0,0.0
18,139,5.287880001560552,189.11170444580463,0,0.0
18,140,5.651573999784887,176.94185726632307,1,0.27727705240249634
18,141,5.103442999825347,195.94614851860254,0,0.0
18,142,5.100222999317339,196.0698581481338,0,0.0
18,143,5.734091999329394,174.3955276819679,1,0.2868616282939911
18,144,5.5791390004742425,179.2391263087364,1,0.5521199703216553
18,145,6.019610000294051,166.12371897035706,3,0.3320642312367757
18,146,6.102544999521342,163.8660591734163,2,0.3129778802394867
18,147,6.000711000524461,166.64691899219946,4,0.422030545771122
18,148,5.737202000091202,174.30099201389518,1,0.5606071949005127
18,149,5.632902999423095,177.5283544031234,1,0.28244951367378235
18,150,5.1269429986859905,195.04800428955323,0,0.0
18,151,5.013126001358614,199.47633467201675,0,0.0
18,152,5.06401900020137,197.47161295410527,0,0.0
18,153,5.171242999495007,193.3771049044986,0,0.0
18,154,5.062688998805243,197.5234900338521,0,0.0
18,155,5.1868570008082315,192.79498159370445,0,0.0
18,156,5.075332999695092,197.03140662101902,0,0.0
18,157,5.177688999538077,193.13635872861698,0,0.0
19,0,7.5366709988884395,132.68457653883087,0,0.0
19,1,5.681712000296102,176.00328914029524,0,0.0
19,2,6.219344999408349,160.78863611765075,3,0.6127849320570627
19,3,7.58620700071333,131.81818000826635,7,0.51002436876297
19,4,6.843937000667211,146.1147289787312,6,0.5642529428005219
19,5,6.6319100005785,150.78612344147768,6,0.5735880384842554
19,6,6.665704000624828,150.021663114093,7,0.5780404848711831
19,7,6.463101999543142,154.72446513619732,6,0.6891780893007914
19,8,6.660226999883889,150.14503259685193,6,0.5367891987164816
19,9,6.415174999347073,155.88039299033596,6,0.5903538962205251
19,10,6.406320000678534,156.09585532631584,4,0.6209461987018585
19,11,6.220586999916122,160.7565331074839,4,0.42203202843666077
19,12,6.287014999543317,159.05799494237553,4,0.38790521025657654
19,13,6.144406001112657,162.7496620208553,2,0.4784171134233475
19,14,6.098454001403297,163.9759846954479,3,0.46529723207155865
19,15,6.220990000656457,160.74611916985515,3,0.6212428410847982
19,16,6.110471998908906,163.65347884395203,2,0.7628353536128998
19,17,5.975332998787053,167.3546897223958,2,0.7127425372600555
19,18,5.737499999668216,174.29193900790017,1,0.6830248832702637
19,19,5.2197050008544466,191.5817081303069,0,0.0
19,20,5.616006999844103,178.06245612367638,1,0.4638855755329132
19,21,5.198773000302026,192.35308022525783,0,0.0
19,22,5.131899999469169,194.85960367572196,0,0.0
19,23,5.220132999966154,191.56600033111872,0,0.0
19,24,5.115420999572962,195.48733136206786,0,0.0
19,25,5.057738999312278,197.71680589606822,0,0.0
19,26,6.45832999907725,154.83878961633695,1,0.3478083610534668
19,27,6.097547000535997,164.0003758744453,1,0.38234275579452515
19,28,6.091735000154586,164.1568452952441,2,0.3546462059020996
19,29,6.461513999965973,154.7624906492915,2,0.2855144590139389
19,30,5.348241000319831,186.9773632003866,0,0.0
19,31,5.929150000156369,168.65823937219113,1,0.4394614100456238
19,32,5.43356999878597,184.04106328315112,0,0.0
19,33,5.203331000302569,192.18458328748468,0,0.0
19,34,5.643739999868558,177.18746788889814,1,0.26025742292404175
19,35,5.654328999298741,176.85564460858603,1,0.4530191421508789
19,36,5.802477999168332,172.34016227951744,1,0.4033116400241852
19,37,5.111985999974422,195.61868909754517,0,0.0
19,38,5.24193099954573,190.76939396696767,0,0.0
19,39,5.255804000626085,190.26584702947017,0,0.0
19,40,5.114833000334329,195.5098045106527,0,0.0
19,41,5.019623999032774,199.21810880509952,0,0.0
19,42,5.124539000462391,195.13950423828743,0,0.0
19,43,5.030480999266729,198.78814772300416,0,0.0
19,44,5.180840998946223,193.01885547219047,0,0.0
19,45,5.107431999931578,195.79311090454001,0,0.0
19,46,5.161895000128425,193.72730363076363,0,0.0
19,47,5.069053999250173,197.27546799618284,0,0.0
19,48,5.064684999524616,197.44564570034711,0,0.0
19,49,5.106638000142993,195.82355357321168,0,0.0
19,50,5.015695000111009,199.3741644932293,0,0.0
19,51,5.178519999390119,193.10536603465303,0,0.0
19,52,5.338168999514892,187.33015011155987,0,0.0
19,53,5.188467999687418,192.7351195112402,0,0.0
19,54,5.718590000469703,174.86828045337467,0,0.0
19,55,5.234424999798648,191.04295123885944,0,0.0
19,56,5.069200000434648,197.26978614263732,0,0.0
19,57,5.031112999859033,198.76317626497735,0,0.0
19,58,5.1050319998466875,195.88515802252203,0,0.0
19,59,5.080443999759154,196.83319017932416,0,0.0
19,60,5.683028999555972,175.96250170078883,1,0.4731396436691284
19,61,5.064149998361245,197.4665048080328,0,0.0
19,62,5.673789000866236,176.24906387025084,1,0.26316624879837036
19,63,5.646830999467056,177.09047784401184,1,0.43946775794029236
19,64,5.406315998698119,184.96884019373033,0,0.0
19,65,5.3450619998329785,187.0885688568716,0,0.0
19,66,5.111947999466793,195.62014326129807,0,0.0
19,67,5.128640001203166,194.98346535639126,0,0.0
19,68,5.039251998823602,198.442149793947,0,0.0
19,69,5.044939998697373,198.21841295599248,0,0.0
19,70,5.097687999295886,196.1673606031056,0,0.0
19,71,4.99206799941021,200.3177841564148,0,0.0
19,72,5.017862000386231,199.28806330724697,0,0.0
19,73,5.030800999520579,198.77550316446568,0,0.0
19,74,5.04506300057983,198.21358026353084,0,0.0
19,75,5.191698000999168,192.61520986150296,0,0.0
19,76,4.999258000680129,200.0296843779525,0,0.0
19,77,6.13852899914491,162.90547786599996,2,0.31185051798820496
19,78,5.823055000291788,171.73116172694418,2,0.34405000507831573
19,79,5.926898000325309,168.72232320264547,1,0.36623549461364746
19,80,6.100966998928925,163.90844273957853,2,0.4259776622056961
19,81,5.820521000714507,171.80592594326924,1,0.7051437497138977
19,82,6.630734998907428,150.81284354823015,1,0.608422040939331
19,83,6.058106999262236,165.06806501136103,1,0.7160466313362122
19,84,6.143720998807112,162.76780800986305,3,0.4409404496351878
19,85,5.892344999665511,169.71171919783495,2,0.5050898194313049
19,86,6.153395999717759,162.51188775204253,2,0.4003857523202896
19,87,5.9003639998991275,169.4810693064184,2,0.6568221151828766
19,88,5.976156000542687,167.33164259922117,3,0.7259833216667175
19,89,5.936573999861139,168.44732332543833,2,0.7423583269119263
19,90,7.103382000423153,140.77801249326438,3,0.6886474092801412
19,91,6.999666000410798,142.86395950054072,4,0.5786809772253036
19,92,7.287872998858802,137.21424620826798,6,0.4568455219268799
19,93,6.8671260014525615,145.6213268532536,4,0.4427224174141884
19,94,6.188946999827749,161.57837513034642,3,0.5865666766961416
19,95,6.218909000381245,160.79990878443402,4,0.5018543750047684
19,96,5.805062999570509,172.26341903162557,3,0.5861396193504333
19,97,5.900337999264593,169.48181614758985,3,0.6324441134929657
19,98,6.188933000885299,161.57874060956135,4,0.6099482774734497
19,99,6.170409000333166,162.0638113204499,3,0.5885446965694427
19,100,6.100617998527014,163.91781951294914,4,0.5200758874416351
19,101,6.474698000602075,154.4473579936873,4,0.4502764642238617
19,102,5.815249000079348,171.96168211994967,2,0.7290119230747223
19,103,6.17569300084142,161.92514748769943,5,0.45430973172187805
19,104,6.166121000205749,162.1765125865406,5,0.561044704914093
19,105,6.827282000813284,146.47117255166512,6,0.4739268869161606
19,106,6.494344999737223,153.98011655378062,5,0.5999127805233002
19,107,6.713572998705786,148.95198133583648,7,0.5643883049488068
19,108,6.253695000850712,159.90546386799588,5,0.5033439517021179
19,109,5.846623000252293,171.03890569938372,2,0.5641111582517624
19,110,5.760682999607525,173.5905273850566,2,0.5863155126571655
19,111,5.631296999126789,177.57898405199794,1,0.8060185313224792
19,112,5.567393000092125,179.61728226899967,1,0.5614604353904724
19,113,5.627325001114514,177.70432662089823,1,0.2979714274406433
19,114,5.111185999339796,195.64930725063977,0,0.0
19,115,5.72242899943376,174.7509667833277,1,0.26501840353012085
19,116,5.735766000725562,174.34462979722363,2,0.5342322587966919
19,117,5.722052999772131,174.76244977804694,1,0.8918116688728333
19,118,5.6655200005479855,176.50630478813545,1,0.887814462184906
19,119,5.689218998668366,175.77105051397436,1,0.9014832377433777
19,120,5.620289000944467,177.9267934143518,1,0.8891462087631226
19,121,5.713541000659461,175.02280982749213,2,0.5195010155439377
19,122,5.654704000335187,176.84391613437666,1,0.8499742150306702
19,123,5.663971000103629,176.5545762825593,2,0.4197014272212982
19,124,5.619297000521328,177.95820365202718,1,0.803963303565979
19,125,5.582404999586288,179.13426203833473,1,0.8645119071006775
19,126,5.641375999402953,177.26171772734764,1,0.46482256054878235
19,127,5.551815000217175,180.12127564785249,1,0.3212019205093384
19,128,5.084456000986393,196.6778746449961,0,0.0
19,129,5.11450900012278,195.52218990640037,0,0.0
19,130,4.9987469992629485,200.05013259271718,0,0.0
19,131,5.168670999410097,193.47333194821852,0,0.0
19,132,5.084653999801958,196.67021591615654,0,0.0
19,133,5.755459000283736,173.74808854527527,0,0.0
19,134,5.346048999854247,187.0540281294211,0,0.0
19,135,5.2498090008157305,190.48312040392653,0,0.0
19,136,5.042256001615897,198.32392478278155,0,0.0
19,137,5.081403998701717,196.79600367447597,0,0.0
19,138,5.083783000372932,196.70391122647106,0,0.0
19,139,5.068606000349973,197.2929045838151,0,0.0
19,140,5.131369998707669,194.87973002372644,0,0.0
19,141,5.047851998824626,198.1040649038138,0,0.0
19,142,5.231594999713707,191.14629478289584,0,0.0
19,143,5.094213000120362,196.30117546643078,0,0.0
19,144,5.029158999604988,198.84040255608232,0,0.0
19,145,5.143138001585612,194.43382613721494,0,0.0
19,146,5.086707000373281,196.59083959949265,0,0.0
19,147,5.074363998573972,197.06903176063562,0,0.0
19,148,5.0255530004506,198.98307706840188,0,0.0
19,149,5.113146000439883,195.5743098112141,0,0.0
19,150,5.095200998766813,196.2631111593103,0,0.0
19,151,5.088484000225435,196.5221861669796,0,0.0
19,152,4.992793999917922,200.28865601433574,0,0.0
19,153,5.031108999901335,198.76333429063274,0,0.0
19,154,5.587395000475226,178.97428048579826,1,0.4398375451564789
19,155,5.643756001518341,177.1869655121465,1,0.6428477168083191
19,156,5.742276000091806,174.14697586532105,2,0.39333005249500275
19,157,5.957666999165667,167.85093899005156,2,0.4115416258573532
19,158,5.54925500000536,180.20436977558865,1,0.580451250076294
20,0,7.549552999989828,132.45817335163383,0,0.0
20,1,5.705577999833622,175.26708074609803,0,0.0
20,2,5.506030000105966,181.6190612802245,0,0.0
20,3,5.213423999521183,191.81252092518145,0,0.0
20,4,5.177045000891667,193.16038393094232,0,0.0
20,5,5.075476999991224,197.02581649010114,0,0.0
20,6,5.204121998758637,192.15537226808567,0,0.0
20,7,5.82340900109557,171.7207223143468,1,0.3219159245491028
20,8,6.027991001246846,165.89274930788005,2,0.4397835284471512
20,9,6.218524998985231,160.80983837215175,4,0.599358581006527
20,10,6.491197000286775,154.05479142842546,6,0.5023811310529709
20,11,6.602370000109659,151.46076332943943,7,0.5869394966534206
20,12,6.724303999362746,148.71427587074717,7,0.6788722446986607
20,13,6.148251999547938,162.6478550445764,6,0.7648968001206716
20,14,6.385721000697231,156.59938789853393,6,0.7526845633983612
20,15,6.763530998796341,147.85176562034877,7,0.715266730104174
20,16,6.475999000031152,154.41633020560838,6,0.8039161264896393
20,17,6.711157999234274,149.00558146807114,7,0.7400935803140912
20,18,6.998901999395457,142.87955454818155,10,0.5482663542032242
20,19,7.083835000230465,141.16647267581277,8,0.5263532735407352
20,20,6.256067999856896,159.8448098746488,4,0.7446532994508743
20,21,7.0731239993619965,141.38024444222964,8,0.5250568576157093
20,22,6.87590899906354,145.43531628126468,7,0.6621663102081844
20,23,6.848400998933357,146.01948690734534,8,0.6562403962016106
20,24,7.430870999087347,134.57372629975936,7,0.6848883841718946
20,25,6.618239000090398,151.09759559700717,5,0.7611783981323242
20,26,6.466573000579956,154.64141515302074,5,0.6101392805576324
20,27,6.406300999515224,156.0963183084391,5,0.5214307725429534
20,28,6.433030999687617,155.44771975271988,3,0.4993466834227244
20,29,6.140695999420132,162.84798988493006,2,0.38231486082077026
20,30,5.901219001316349,169.45651394685336,2,0.34553226828575134
20,31,6.157681998956832,162.39877281246567,4,0.4130116403102875
20,32,5.539038000279106,180.53676467820063,1,0.6212158203125
20,33,5.182781000257819,192.94660529747537,0,0.0
20,34,5.964579999272246,167.65639829158343,1,0.26469045877456665
20,35,5.201912001211895,192.23700819372357,0,0.0
20,36,5.623927998385625,177.8116647807466,1,0.5692047476768494
20,37,5.641799998556962,177.248395947353,1,0.39890414476394653
20,38,5.5456580012105405,180.32125309236773,1,0.507785439491272
20,39,5.05926700134296,197.65709137994781,0,0.0
20,40,5.141445999470307,194.49781250314098,0,0.0
20,41,5.046423000749201,198.1601621290047,0,0.0
20,42,5.100252999909571,196.06870483047217,0,0.0
20,43,5.03688500066346,198.53540429616314,0,0.0
20,44,5.095373000585823,196.2564860089788,0,0.0
20,45,5.647547999615199,177.0679948303469,1,0.4195359945297241
20,46,5.124094999700901,195.15641299748953,0,0.0
20,47,5.066702000476653,197.367044658621,0,0.0
20,48,5.252159000519896,190.39789159106053,0,0.0
20,49,5.3785190011694795,185.92478706174782,0,0.0
20,50,5.22139100030472,191.5198459455804,0,0.0
20,51,5.056388999946648,197.7695940740618,0,0.0
20,52,5.128119999426417,195.0032370755463,0,0.0
20,53,5.107824999868171,195.77804643381657,0,0.0
20,54,5.162770999959321,193.69443270055544,0,0.0
20,55,5.080201000964735,196.84260520599463,0,0.0
20,56,5.017826000766945,199.2894930687425,0,0.0
20,57,5.116691001603613,195.43880990401647,0,0.0
20,58,5.059749999418273,197.6382232550959,0,0.0
20,59,5.62198400075431,177.87314938388806,1,0.46756964921951294
20,60,5.091840999739361,196.39262106793743,0,0.0
20,61,5.082498000774649,196.75364355236047,0,0.0
20,62,5.089529000542825,196.48183552807043,0,0.0
20,63,5.157474999577971,193.89332960059497,0,0.0
20,64,5.144415999893681,194.38552403628844,0,0.0
20,65,4.997152000214555,200.11398491722176,0,0.0
20,66,5.073043001175392,197.1203476430825,0,0.0
20,67,5.073989001175505,197.0835963121574,0,0.0
20,68,5.026291000831407,198.95386077618437,0,0.0
20,69,5.059690000052797,197.6405669101398,0,0.0
20,70,5.0103379999200115,199.58733323300038,0,0.0
20,71,5.108675000883522,195.74547212869373,0,0.0
20,72,5.0200599998788675,199.20080636967083,0,0.0
20,73,5.072439000286977,197.14381975681212,0,0.0
20,74,5.072989000836969,197.1224459258663,0,0.0
20,75,5.04334499964898,198.28110114806753,0,0.0
20,76,5.79101199946308,172.68138972820572,0,0.0
20,77,5.2639389996329555,189.97180629747572,0,0.0
20,78,5.7637469999463065,173.49824688858058,1,0.4716466963291168
20,79,5.110910000439617,195.65987268685706,0,0.0
20,80,5.078595000668429,196.90485259572444,0,0.0
20,81,5.076346000350895,196.9920883901287,0,0.0
20,82,5.098609999549808,196.13188694336242,0,0.0
20,83,5.135329000040656,194.72949055300703,0,0.0
20,84,4.986115000065183,200.5569466381997,0,0.0
20,85,5.1851640000677435,192.85793081702624,0,0.0
20,86,5.138935001014033,194.59284847982633,0,0.0
20,87,5.057686999862199,197.71883867610745,0,0.0
20,88,5.239787000391516,190.84745237264036,0,0.0
20,89,5.0467119999666465,198.14881451658206,0,0.0
20,90,5.0808010000764625,196.81935977908813,0,0.0
20,91,5.0656439998419955,197.408266358866,0,0.0
20,92,4.998641999918618,200.05433476057712,0,0.0
20,93,5.068356000265339,197.30263618965358,0,0.0
20,94,5.05826500011608,197.69624564491014,0,0.0
20,95,5.109918000016478,195.69785659902473,0,0.0
20,96,6.046550000974094,165.38356580841983,2,0.40860339999198914
20,97,5.67222100107756,176.29778526084027,1,0.6369968056678772
20,98,5.891972999961581,169.72243423493634,2,0.7025870978832245
20,99,6.14990900066914,162.60403200944845,3,0.5118629634380341
20,100,5.906566999328788,169.30308250353178,1,0.5134866833686829
20,101,6.09336399975291,164.1129596132039,4,0.4675435498356819
20,102,6.273191000218503,159.4085051714779,3,0.4593863586584727
20,103,5.900944999666535,169.46438240934467,2,0.3768007904291153
20,104,6.940879000467248,144.07397102480562,3,0.5601683656374613
20,105,6.23485199866991,160.38873099366776,2,0.783692330121994
20,106,6.058016000679345,165.07054452940702,2,0.7611685693264008
20,107,6.256272999962675,159.83957221910967,4,0.5847528204321861
20,108,6.308279000222683,158.5218408958608,3,0.6672302683194479
20,109,6.508992999442853,153.6335958704513,4,0.5642353072762489
20,110,6.201190999490791,161.25934519386917,4,0.51992167532444
20,111,6.015422000928083,166.23937603142656,4,0.45764389634132385
20,112,5.9836780001205625,167.12129228542236,4,0.5077798068523407
20,113,5.976430000373512,167.32397098895203,4,0.48766422271728516
20,114,5.823082999995677,171.7303359750741,2,0.5840128660202026
20,115,6.076107998524094,164.5790364889668,3,0.5097734530766805
20,116,6.148571001176606,162.63941650972845,4,0.5170066505670547
20,117,5.976655998892966,167.3176438773164,3,0.6266621549924215
20,118,5.772772001364501,173.22700424746233,2,0.725083738565445
20,119,5.708217000574223,175.1860519492171,2,0.7154486179351807
20,120,6.032878000041819,165.75836607222425,3,0.5650936563809713
20,121,5.890111000553588,169.77608739563888,3,0.5151051183541616
20,122,6.493122000392759,154.00911917864957,1,0.2718921899795532
20,123,5.56584500009194,179.667238304962,1,0.2882508337497711
20,124,6.113478999395738,163.57298358248076,2,0.33690670132637024
20,125,5.586324999967474,179.00856108547615,1,0.25849825143814087
20,126,5.575568999120151,179.3538919808551,1,0.470912903547287
20,127,5.626718999337754,177.7234655076425,1,0.3239232897758484
20,128,5.0693249995674705,197.26492187526404,0,0.0
20,129,5.654554999637185,176.84857607082492,0,0.0
20,130,5.1720289993681945,193.34771713812088,0,0.0
20,131,5.16764699932537,193.5116698432669,0,0.0
20,132,5.036619999373215,198.54585021789325,0,0.0
20,133,4.996850999305025,200.12603940743534,0,0.0
20,134,5.263304999971297,189.99468964946047,0,0.0
20,135,5.01641600021685,199.34550881680704,0,0.0
20,136,5.7537539996701526,173.7995750352426,1,0.2853665053844452
20,137,5.115673000545939,195.4777015445047,0,0.0
20,138,5.060073999629822,197.62556833618575,0,0.0
20,139,5.126547999680042,195.06303268055072,0,0.0
20,140,5.5397510004695505,180.51352848083602,1,0.6921534538269043
20,141,5.765676000009989,173.4402002468171,1,0.8282739520072937
20,142,5.604390998996678,178.43151917470146,1,0.8212887644767761
20,143,5.992267000692664,166.88174940876416,2,0.48818546533584595
20,144,5.908041001021047,169.2608429472945,2,0.43609675765037537
20,145,6.068655000490253,164.78115824992778,3,0.6406127611796061
20,146,5.653332998917904,176.88680291633423,1,0.8126143217086792
20,147,5.988597000396112,166.98401978524447,2,0.44229477643966675
20,148,5.923648001044057,168.8148924149017,1,0.7060185074806213
20,149,5.896045000554295,169.6052183974153,1,0.6919455528259277
20,150,5.669285999829299,176.38905499389338,1,0.7428492903709412
20,151,5.83098099923518,171.49772913531442,2,0.5200353860855103
20,152,5.816689001221675,171.91911064696268,1,0.8419791460037231
