episode,step,latency_ms,fps,detections,avg_confidence
1,0,15.861781999774394,63.04461882115284,3,0.4071301817893982
1,1,9.927179000442266,100.73355179305712,5,0.4323975920677185
1,2,9.196549000989762,108.73644014644806,4,0.4184233546257019
1,3,9.839962998739793,101.6263984049605,8,0.40630703419446945
1,4,9.13901999956579,109.42092259864971,5,0.32546899318695066
1,5,9.54125000134809,104.80807020659864,7,0.4403999447822571
1,6,9.531415000310517,104.91621652896467,6,0.4551291267077128
1,7,9.317755999290966,107.32197753151026,5,0.5777984857559204
1,8,9.131692999289953,109.50871870941745,4,0.5624411553144455
1,9,9.202171999277198,108.669996613685,4,0.5902705490589142
1,10,8.986159000414773,111.2822508430847,4,0.4667414575815201
1,11,8.87264400080312,112.70597579588267,3,0.6076888640721639
1,12,9.031043999129906,110.72916930715262,3,0.4983225067456563
1,13,8.969717999207205,111.48622510633955,3,0.4815932512283325
1,14,8.953018999818596,111.69416707596194,3,0.35196123520533246
1,15,9.03104600001825,110.72914477436824,4,0.4767370820045471
1,16,8.996440999908373,111.15506676586718,3,0.6090330282847086
1,17,8.66916199993284,115.3514030546144,1,0.8623428344726562
1,18,8.752388999710092,114.25451954125019,2,0.41028836369514465
1,19,8.006327001567115,124.9012187241747,0,0.0
1,20,8.56378799835511,116.7707561410996,1,0.5252929329872131
1,21,7.6274720013316255,131.10503713752306,2,0.3095344305038452
1,22,7.528367999839247,132.83091368824597,1,0.2636629343032837
1,23,8.095069000773947,123.5319921182133,2,0.3482072055339813
1,24,7.047368000712595,141.89694647688114,0,0.0
1,25,6.940356000995962,144.0848279045768,0,0.0
1,26,6.915048999871942,144.61213507214754,0,0.0
1,27,6.902783999976236,144.86908470603203,0,0.0
1,28,7.564888001070358,132.18966359561566,1,0.37376219034194946
1,29,6.865590999950655,145.65388471395795,0,0.0
1,30,6.80918699981703,146.86041079895017,0,0.0
1,31,6.844335999630857,146.10621104135362,0,0.0
1,32,6.817570001658169,146.6798287009565,0,0.0
1,33,6.863994000013918,145.68777303680224,0,0.0
1,34,7.2957270003826125,137.06653222462361,0,0.0
1,35,6.823368999903323,146.55516944989617,0,0.0
1,36,6.828057999882731,146.45452631145994,0,0.0
1,37,6.788806998883956,147.30128580240898,0,0.0
1,38,6.840194999313098,146.19466259374497,0,0.0
1,39,6.7688879989873385,147.73475350007348,0,0.0
1,40,6.866356001410168,145.637656974766,0,0.0
1,41,6.862535999971442,145.7187255562902,0,0.0
1,42,6.818785999712418,146.65367120220154,0,0.0
1,43,6.9018249996588565,144.8892140918421,0,0.0
1,44,6.816212000558153,146.70905187780454,0,0.0
1,45,6.920029001776129,144.50806488575915,0,0.0
1,46,6.80922499850567,146.85959124855717,0,0.0
1,47,6.864425999083323,145.6786044650405,0,0.0
1,48,7.06475700098963,141.5476852013339,0,0.0
1,49,7.026944000244839,142.30937374271903,0,0.0
1,50,6.863151998913963,145.7056466414035,0,0.0
1,51,6.878124000650132,145.38848091506904,0,0.0
2,0,8.283703999040881,120.71894409985966,0,0.0
2,1,7.341344999076682,136.2148216880925,0,0.0
2,2,6.994416999077657,142.971172598355,0,0.0
2,3,6.9447210007638205,143.99426555653054,0,0.0
2,4,6.775296000341768,147.59502757511356,0,0.0
2,5,6.836822998593561,146.2667675038121,0,0.0
2,6,6.838691000666586,146.22681444482976,0,0.0
2,7,6.7989480012329295,147.08157788802896,0,0.0
2,8,6.892045999848051,145.09479478547402,0,0.0
2,9,6.879599000967573,145.35730932273177,0,0.0
2,10,7.673571999475826,130.31740629635183,1,0.3602665662765503
2,11,6.9202790000417735,144.5028444653696,0,0.0
2,12,6.775611000193749,147.5881658453245,0,0.0
2,13,7.573045000754064,132.04728083623272,1,0.929180920124054
2,14,7.550413998615113,132.44306870900306,1,0.9168165922164917
2,15,7.425632000376936,134.6686719661355,1,0.863631546497345
2,16,7.510518000344746,133.14660852341987,1,0.3055269718170166
2,17,7.560592999652727,132.26475754559624,1,0.7471265196800232
2,18,7.477723000192782,133.73054872107716,1,0.3035331964492798
2,19,7.55476399899635,132.36680856382145,1,0.2797166109085083
2,20,7.696733000557288,129.9252552904712,2,0.47608569264411926
2,21,7.703899000262027,129.80440163688385,2,0.4837827980518341
2,22,7.820880999133806,127.86283285869636,2,0.4763346016407013
2,23,7.470537000699551,133.85918574613294,1,0.7148917317390442
2,24,7.441052999638487,134.3895816961099,1,0.41671597957611084
2,25,6.880644999910146,145.33521203507215,0,0.0
2,26,6.7944700003863545,147.1785142834006,0,0.0
2,27,7.497085000068182,133.38517570374427,1,0.27817612886428833
2,28,6.921676000274601,144.47367949039037,0,0.0
2,29,6.83919900075125,146.21595305095747,0,0.0
2,30,6.854985000245506,145.87923970135395,0,0.0
2,31,6.8065229988860665,146.91789040654925,0,0.0
2,32,6.841549000455416,146.16572941791893,0,0.0
2,33,7.292045998838148,137.13572297258293,0,0.0
2,34,7.4314309986220906,134.56358542324034,1,0.2522345185279846
2,35,7.565717000034056,132.17517916616478,2,0.33058762550354004
2,36,7.408518000374897,134.9797624773803,1,0.2737038731575012
2,37,7.945379999000579,125.85930441662782,4,0.5177209377288818
2,38,8.36628999968525,119.52729346432184,4,0.36112938821315765
2,39,8.01096699979098,124.82887521894568,2,0.4597032070159912
2,40,8.259046999228303,121.0793448800372,5,0.4920351028442383
2,41,8.11991000045964,123.15407436084801,5,0.392946195602417
2,42,7.951059000333771,125.76941008210628,4,0.3200175166130066
2,43,7.86686900028144,127.1153746127239,4,0.40971042215824127
2,44,7.562077000329737,132.23880158273926,2,0.36725690960884094
2,45,8.044972999414313,124.3012251343543,6,0.3624737660090129
2,46,7.895253000242519,126.65838573751631,4,0.4846053570508957
2,47,7.842028999220929,127.51801862749367,4,0.439344197511673
2,48,7.875076000345871,126.9829014927704,3,0.42764435211817425
2,49,8.354948000487639,119.68955401537326,5,0.45203170776367185
2,50,8.027730998946936,124.56819992239132,5,0.3522371530532837
2,51,7.527114999902551,132.85302536402676,2,0.6918095648288727
2,52,7.911545999377267,126.39754607743062,3,0.5887642900149027
2,53,7.678358000703156,130.23617808760983,2,0.6542486250400543
2,54,8.148945000357344,122.71527172611282,5,0.4105144739151001
2,55,7.906329999968875,126.48093363215762,3,0.3663943608601888
2,56,6.752290999429533,148.0978826422743,0,0.0
2,57,6.852054000773933,145.94164025663707,0,0.0
2,58,6.810710001445841,146.8275700753241,0,0.0
2,59,6.924046998392441,144.4242074370914,0,0.0
2,60,6.8948830012232065,145.03509339064811,0,0.0
2,61,7.579097000416368,131.9418395021285,1,0.253276526927948
2,62,7.512576999943121,133.11011654290812,1,0.42466896772384644
2,63,6.857856000351603,145.81816823635987,0,0.0
2,64,7.425202000376885,134.6764707477645,1,0.8585081696510315
2,65,7.405959000607254,135.02640237651931,1,0.8902872800827026
2,66,7.483384000806836,133.62938476659528,2,0.5633835792541504
2,67,7.365583000137121,135.76657814885576,1,0.8899241089820862
2,68,7.539559001088492,132.63375216715318,2,0.5779958069324493
2,69,7.386568000583793,135.3808696976682,1,0.8964152336120605
2,70,7.3058919988397975,136.87582572515495,1,0.8863291144371033
2,71,7.439777999024955,134.41261286708533,2,0.6843463480472565
2,72,7.55446799848869,132.3719949836382,2,0.6489256620407104
2,73,7.842692999474821,127.50722233637912,4,0.6255414038896561
2,74,7.913232000646531,126.37061568753418,3,0.6466056704521179
2,75,7.793430000674562,128.3132073956454,4,0.5476145446300507
2,76,7.66389799900935,130.4819036121386,3,0.680457592010498
2,77,7.555793999927118,132.348764406447,2,0.7126680612564087
2,78,7.952611000291654,125.74486542386218,4,0.6388298720121384
2,79,7.3067440007434925,136.859865337864,1,0.8410666584968567
2,80,7.554654001069139,132.3687358624868,2,0.57838174700737
2,81,7.556960001238622,132.32834365089866,2,0.5692684054374695
2,82,7.882908001192845,126.85673863613269,3,0.6724738876024882
2,83,7.576901998618268,131.98006258789687,2,0.6098693013191223
2,84,7.866780999393086,127.11679657500939,4,0.4839695692062378
2,85,7.755331000225851,128.94356152830588,3,0.5780324538548788
2,86,8.066448999670683,123.97028730248284,5,0.6418115854263305
2,87,7.9905109996616375,125.14844170070545,4,0.5923173427581787
2,88,7.954620999953477,125.71309179982913,4,0.4669544845819473
2,89,8.071366999502061,123.89475042600492,4,0.6472534835338593
2,90,7.72570999833988,129.43794165389104,3,0.5484035213788351
2,91,7.812231000571046,128.0044074384006,3,0.6166725158691406
2,92,7.672043000638951,130.34337788731332,2,0.6205606162548065
2,93,7.722935000856523,129.4844511690301,2,0.5366503894329071
2,94,7.599922999361297,131.5802804954788,2,0.5833107531070709
2,95,7.450786000845255,134.21402787391222,1,0.6262210607528687
2,96,7.970508999278536,125.4625018415407,3,0.6821516950925192
2,97,7.850836000216077,127.37496999968884,4,0.6723172664642334
2,98,7.736653999018017,129.25484326000955,3,0.4969522953033447
2,99,7.965881000927766,125.53539274356879,5,0.6161764740943909
2,100,7.973902000230737,125.40911588467772,4,0.611761674284935
2,101,7.759451000310946,128.87509695723662,3,0.6503252585728964
2,102,7.876828000007663,126.95465738226443,4,0.6224865913391113
2,103,7.9927209990273695,125.1138379685328,5,0.4365010142326355
2,104,7.947359001263976,125.82796370982568,4,0.5897205621004105
2,105,7.773725999868475,128.63844185104017,3,0.5362072189648946
2,106,7.60691899995436,131.4592675439294,2,0.6305175125598907
2,107,7.512731001042994,133.10738796067233,2,0.5662631094455719
2,108,7.606103001307929,131.47337076924177,2,0.5921800434589386
2,109,7.3875969992514,135.36201285767646,1,0.6660200953483582
2,110,7.445571000062046,134.30803359361784,1,0.6543229222297668
2,111,7.406992999676731,135.00755300344468,1,0.44814300537109375
2,112,7.426217000102042,134.6580634509144,1,0.7249754071235657
2,113,7.897200999650522,126.62714296422915,3,0.42589159806569415
2,114,7.494140001654159,133.43759254287656,1,0.6101776957511902
3,0,8.220076000725385,121.6533764300664,0,0.0
3,1,7.580489000247326,131.91761111550633,0,0.0
3,2,7.0128819988894975,142.59472783918963,0,0.0
3,3,6.940074001249741,144.09068258060705,0,0.0
3,4,7.737726999039296,129.23691933356636,1,0.5626714825630188
3,5,6.845402998806094,146.08343733369824,0,0.0
3,6,6.675685001027887,149.7973615960048,0,0.0
3,7,7.347364999077399,136.10321525139543,0,0.0
3,8,7.658865999474074,130.56763234513687,1,0.3777567744255066
3,9,6.892565999805811,145.08384831254045,0,0.0
3,10,6.717427999319625,148.8665007055208,0,0.0
3,11,7.513456001106533,133.09454395590078,1,0.37391597032546997
3,12,6.8997479993413435,144.93282944470738,0,0.0
3,13,6.837571998403291,146.250745181699,0,0.0
3,14,6.885037000756711,145.24250194880483,0,0.0
3,15,6.832521999967867,146.3588408503775,0,0.0
3,16,6.998386999839568,142.89006881484607,0,0.0
3,17,6.853234999653068,145.91649054068964,0,0.0
3,18,7.63643899881572,130.95108861016016,1,0.716499388217926
3,19,8.129449999614735,123.00955169751843,1,0.2907509207725525
3,20,7.449782000549021,134.2321157755091,1,0.27738773822784424
3,21,7.520332999774837,132.97283511646899,1,0.45471638441085815
3,22,7.565001000330085,132.18768906393626,1,0.4982149600982666
3,23,7.580455001516384,131.91820277278362,2,0.3473159074783325
3,24,7.474587999240612,133.78663815337995,1,0.343156635761261
3,25,6.785015000787098,147.38360930432648,0,0.0
3,26,6.676914999843575,149.76976643006952,0,0.0
3,27,7.80106799902569,128.18757638375854,3,0.3993765115737915
3,28,8.008827999219648,124.86221455841435,3,0.3324541052182515
3,29,8.602611000242177,116.2437776126165,3,0.35918984810511273
3,30,8.349945999725605,119.76125354976689,5,0.3585943579673767
3,31,8.561414999348926,116.8031219227251,6,0.4354846775531769
3,32,8.05530599973281,124.14177686523263,5,0.3953149437904358
3,33,8.098701000562869,123.47659210168382,5,0.40057801008224486
3,34,7.78972199987038,128.3742860164509,3,0.3704030116399129
3,35,7.5572019995888695,132.32410620417483,2,0.3511981964111328
3,36,8.119759999317466,123.1563494591045,5,0.5178918242454529
3,37,8.004503999472945,124.92966460705682,4,0.5775929391384125
3,38,8.51261599927966,117.47270170352101,8,0.4309573322534561
3,39,8.096841998849413,123.50494182078681,5,0.4363948106765747
3,40,7.853396000427892,127.3334491149453,4,0.5139727741479874
3,41,7.844118001230527,127.48405873587413,4,0.4962952584028244
3,42,7.853897999666515,127.32531031628639,3,0.5560614665349325
3,43,8.313409000038519,120.2875980233099,6,0.42349926630655926
3,44,8.106225001029088,123.36198413849229,5,0.41002846956253053
3,45,7.589167998958146,131.76674968023923,2,0.48883676528930664
3,46,7.455831000697799,134.1232117394304,1,0.620648980140686
3,47,8.497066999552771,117.68766799798487,5,0.40705151557922364
3,48,8.64780600022641,115.6362665829713,3,0.4411555329958598
3,49,7.508210999731091,133.1875196416051,1,0.868217945098877
3,50,7.610198999827844,131.40260852871543,2,0.5565028488636017
3,51,8.037940000576782,124.40998563416031,2,0.5403943657875061
3,52,7.605490998685127,131.4839502371227,2,0.5760982632637024
3,53,7.924990999526926,126.18310860664623,3,0.5364060401916504
3,54,7.8393250005319715,127.5620030974785,3,0.4898037910461426
3,55,7.360022000284516,135.86915908150044,1,0.8852857351303101
3,56,7.459260999894468,134.06153773331536,1,0.8780074715614319
3,57,7.559093000963912,132.29100367894443,1,0.842035710811615
3,58,7.469392001439701,133.87970531031888,1,0.9089266061782837
3,59,7.420717000059085,134.75786773596647,2,0.6015989780426025
3,60,7.48846199894615,133.5387693949345,2,0.5673198103904724
3,61,7.494237001083093,133.4358654330623,1,0.900874674320221
3,62,7.479947000319953,133.69078684076575,1,0.8974569439888
3,63,7.457956999132875,134.08497797939415,1,0.8819870352745056
3,64,7.67353599985654,130.31801766730428,2,0.6234902739524841
3,65,7.509983999625547,133.15607597164797,1,0.8801358938217163
3,66,8.61953599996923,116.0155256621203,4,0.4691241681575775
3,67,7.303395999770146,136.92260422842637,1,0.8683225512504578
3,68,7.931590998850879,126.07810969386583,3,0.48079919815063477
3,69,8.25499899838178,121.13871851420323,2,0.577089786529541
3,70,8.389051999984076,119.20298026545767,5,0.49284929037094116
3,71,7.869823999499204,127.06764472288516,3,0.6158318916956583
3,72,8.336113000041223,119.95998614642758,5,0.635526716709137
3,73,8.11951400100952,123.16008074814175,4,0.6488554775714874
3,74,8.15142399915203,122.67795174242282,5,0.6151495337486267
3,75,8.305201999974088,120.40646332300166,5,0.6408869981765747
3,76,8.303713000714197,120.42805428294434,4,0.7136985212564468
3,77,8.382738000364043,119.29276567591309,4,0.6725735366344452
3,78,7.978653000463964,125.33443927713729,4,0.7127389907836914
3,79,7.803460999639356,128.14826652509905,3,0.8292332490285238
3,80,8.299832999909995,120.48435191537519,5,0.578179395198822
3,81,8.220222000090871,121.65121574441,5,0.5798246026039123
3,82,8.022529000299983,124.64897290649962,3,0.5157230893770853
3,83,8.053342999119195,124.1720363964842,2,0.6767315566539764
3,84,8.515012999851024,117.43963280120603,3,0.5641955137252808
3,85,8.174114000212285,122.3374178503052,2,0.5564374625682831
3,86,8.526643001459888,117.27944981732965,3,0.5511689782142639
3,87,8.33279099970241,120.0078101125677,2,0.5470877885818481
3,88,8.146132000547368,122.75764742491361,2,0.5618603229522705
3,89,8.572755999921355,116.64860168762225,2,0.2706611454486847
3,90,7.904920999862952,126.50347802556622,1,0.8617239594459534
3,91,7.652696000150172,130.67290272348157,1,0.7321158647537231
3,92,7.63551799900597,130.9668839927016,1,0.6235438585281372
3,93,7.443579999744543,134.34395815378073,1,0.28217655420303345
3,94,6.898449999425793,144.96009974461467,0,0.0
3,95,6.900502999997116,144.91697199471082,0,0.0
3,96,6.873463000374613,145.48707106526922,0,0.0
3,97,6.861906000267481,145.73210416479318,0,0.0
3,98,7.679110000026412,130.22342432867356,2,0.3885093629360199
3,99,6.854332001239527,145.89313733550716,0,0.0
4,0,8.042567998927552,124.33839541466686,0,0.0
4,1,7.427810000081081,134.62918410528596,0,0.0
4,2,6.866230000014184,145.64032955463685,0,0.0
4,3,7.98275899978762,125.26997245270775,2,0.3303152024745941
4,4,6.869884000479942,145.56286538901358,0,0.0
4,5,8.357373999388074,119.65481023982174,3,0.2747531334559123
4,6,7.544376001533237,132.54906698668927,1,0.4783603549003601
4,7,7.399366999379708,135.14669566786327,1,0.4646769165992737
4,8,7.577917000162415,131.96238491112626,1,0.27983492612838745
4,9,7.461561999662081,134.0201957774107,1,0.4017157554626465
4,10,7.5798889993166085,131.9280533118834,2,0.44453227519989014
4,11,7.536699000411318,132.68408356834001,1,0.2538015842437744
4,12,7.884769000156666,126.82679733295046,3,0.4760707418123881
4,13,7.610982998812688,131.38907289058454,2,0.5918780565261841
4,14,7.583661999888136,131.8624168659878,2,0.7224095463752747
4,15,7.50248999975156,133.28908136273614,2,0.6623626947402954
4,16,7.603309999467456,131.52166623089695,1,0.6077577471733093
4,17,7.577925000077812,131.9622456001784,1,0.3154780864715576
4,18,7.636622000063653,130.9479505456293,2,0.3975331485271454
4,19,8.008805001736619,124.86257310337326,3,0.41465731461842853
4,20,7.862303998990683,127.18918018539784,3,0.32384610176086426
4,21,8.243946000220603,121.30113418661895,4,0.4011535048484802
4,22,7.80833000135317,128.0683577444475,3,0.4221552809079488
4,23,7.836579001377686,127.60670183050513,4,0.35411274433135986
4,24,7.5222369996481575,132.93917754077327,1,0.2626767158508301
4,25,7.497994000004837,133.3690050964771,1,0.486128032207489
4,26,8.037841000259505,124.41151796455225,3,0.49760232369105023
4,27,7.769494999593007,128.70849393073595,2,0.46394458413124084
4,28,7.735930001217639,129.2669400889873,3,0.4463534156481425
4,29,7.881186000304297,126.88445621780649,3,0.4496256907780965
4,30,7.6722789999621455,130.3393685246501,2,0.5228831171989441
4,31,7.718838000073447,129.55317885807224,2,0.4259473383426666
4,32,7.290089000889566,137.1725365599756,1,0.2560848593711853
4,33,7.379226000921335,135.51556760494188,1,0.2624111771583557
4,34,7.429190000038943,134.6041762284661,2,0.3207097351551056
4,35,7.462816998668131,133.99765801284786,2,0.30779170989990234
4,36,7.935626999824308,126.0139873033523,3,0.3351500431696574
4,37,7.866317000662093,127.12429462426087,3,0.343989094098409
4,38,7.599426000524545,131.58888578308094,2,0.4940758943557739
4,39,7.761165999909281,128.84661918218072,4,0.424964115023613
4,40,8.23926399971242,121.37006412646852,5,0.4118498682975769
4,41,8.051702001466765,124.19734359491095,6,0.3829935093720754
4,42,7.812947998900199,127.99266040689973,4,0.3758525401353836
4,43,7.92840900066949,126.12871004958978,4,0.37691430747509
4,44,7.691243999943254,130.01797888707966,3,0.467475950717926
4,45,7.684530000915402,130.1315760210289,3,0.40224067370096844
4,46,8.07451599939668,123.84643241461394,5,0.4751426577568054
4,47,7.6106609994894825,131.394631828573,3,0.4228355884552002
4,48,7.97202799913066,125.43859606477157,5,0.46137664318084715
4,49,7.634268000401789,130.9883278851843,3,0.5655340154965719
4,50,7.772280998324277,128.66235796358913,3,0.6014806628227234
4,51,7.815629000106128,127.94875498650474,4,0.507707417011261
4,52,7.842050999897765,127.51766087889976,4,0.5189392268657684
4,53,7.804337001289241,128.13388245981747,3,0.5925305883089701
4,54,7.684703999984777,130.12862954799314,3,0.5828275283177694
4,55,7.734583999990718,129.28943560522453,3,0.6100256641705831
4,56,7.722639000348863,129.48941416979687,2,0.5226906538009644
4,57,7.89037199865561,126.73673689534328,2,0.47830697894096375
4,58,7.44171800033655,134.37757248457618,1,0.5613502860069275
4,59,7.383759999356698,135.43235425949976,1,0.2601887583732605
4,60,6.751417000486981,148.11705452764505,0,0.0
4,61,7.4831530000665225,133.63350983083072,1,0.3355557918548584
4,62,7.335768999837455,136.3183600822433,1,0.615291953086853
4,63,7.323227999222581,136.5518047650787,1,0.4804263114929199
4,64,6.794535000153701,147.17710630343043,0,0.0
4,65,6.721603000187315,148.77403499911142,0,0.0
4,66,6.773245999283972,147.6396989133001,0,0.0
4,67,6.774846000553225,147.60483115311274,0,0.0
4,68,6.717895999827306,148.85612995880058,0,0.0
4,69,6.916426000316278,144.58334404998644,0,0.0
4,70,6.737716001225635,148.41824734347566,0,0.0
4,71,6.743820998963201,148.28388834071077,0,0.0
4,72,6.791871001041727,147.23483409013826,0,0.0
4,73,7.4038250004377915,135.06532095786565,1,0.2516588568687439
4,74,6.819909000114421,146.62952247357296,0,0.0
4,75,6.889546999445884,145.14742407308182,0,0.0
4,76,6.743290001395508,148.29556489385038,0,0.0
4,77,7.392394001726643,135.27417501913857,1,0.2683902978897095
4,78,6.7685400008485885,147.7423491439258,0,0.0
4,79,6.807707000916707,146.89233832556877,0,0.0
5,0,11.618756001553265,86.06773391801273,4,0.34409645199775696
5,1,7.1940399993764,139.00395328448033,0,0.0
5,2,6.7164960000809515,148.8871578257394,0,0.0
5,3,7.61588899877097,131.30443473655893,3,0.298367977142334
5,4,7.642147998922155,130.85326273987883,2,0.2797950208187103
5,5,8.331335999173461,120.0287685071408,3,0.36732157071431476
5,6,8.025096998608205,124.6090857435655,4,0.36027443408966064
5,7,7.393224001134513,135.25898848006594,1,0.40345877408981323
5,8,7.334574000196881,136.34057001444899,1,0.28380870819091797
5,9,7.2270910004590405,138.36825908743688,1,0.2701914310455322
5,10,7.280124998942483,137.3602788613191,1,0.2644956707954407
5,11,7.7252390001376625,129.44583332401498,3,0.5311381022135416
5,12,7.5945690005028155,131.67304160825884,2,0.3919009864330292
5,13,7.64416400124901,130.81875268984368,3,0.5726797183354696
5,14,7.595147999381879,131.6630038126161,3,0.46470574537913006
5,15,8.090765999440919,123.59769150029814,4,0.43372513353824615
5,16,8.281728998554172,120.74773277108928,2,0.2891954481601715
5,17,7.695512998907361,129.94585288102093,3,0.30954883495966595
5,18,7.598238000355195,131.60945997654363,2,0.4571881592273712
5,19,7.808332000422524,128.06832495671136,3,0.4638921618461609
5,20,7.588614000269445,131.7763691715633,2,0.3605569899082184
5,21,7.424384999467293,134.69129093813845,1,0.47757893800735474
5,22,7.356022000749363,135.94304093953625,2,0.3520393669605255
5,23,7.531160001235548,132.7816697342696,2,0.34802454710006714
5,24,7.843325000067125,127.4969480407151,4,0.46621212363243103
5,25,8.719705998373684,114.68276570179206,3,0.41477370262145996
5,26,7.8295230014191475,127.72170154155548,2,0.5156831741333008
5,27,7.8361960004258435,127.61293871996781,3,0.4848754207293193
5,28,7.685663000302156,130.1123923805514,2,0.4380820095539093
5,29,7.77323199872626,128.64661702672225,3,0.45268454154332477
5,30,7.856426000216743,127.28434022956647,3,0.44656314452489215
5,31,7.6293040001473855,131.0735553309557,2,0.4824887812137604
5,32,7.254411999383592,137.8471473752759,1,0.6126745343208313
5,33,7.209863999378285,138.69887144698308,1,0.4840128421783447
5,34,6.68365899946366,149.61864452992688,0,0.0
5,35,6.626211999900988,150.9157871820193,0,0.0
5,36,7.489714000257663,133.51644668482638,2,0.26659008860588074
5,37,6.6383880002831575,150.63898042075056,0,0.0
5,38,7.423473000017111,134.7078382312019,2,0.35363221168518066
5,39,7.440416000463301,134.4010872426665,2,0.45833802223205566
5,40,7.447567999406601,134.27202008490246,2,0.47487673163414
5,41,7.623844001500402,131.16742679981334,3,0.4656295379002889
5,42,7.535731998359552,132.70110988789003,3,0.49187491337458294
5,43,7.45362699854013,134.16287133711685,2,0.48393958806991577
5,44,7.557229999292758,132.32361594044178,2,0.6540250182151794
5,45,7.692302999203093,130.00007931351612,4,0.42102694511413574
5,46,7.867583999541239,127.10382247692688,5,0.42932361364364624
5,47,7.954790999065153,125.71040522843654,4,0.40328434109687805
5,48,7.607650999489124,131.4466186825806,2,0.37278884649276733
5,49,7.432620999679784,134.5420410973575,2,0.5532354712486267
5,50,7.829928999854019,127.71507890028683,5,0.46854777336120607
5,51,8.037020001211204,124.4242268713151,5,0.49644811153411866
5,52,8.272834000308649,120.87756142123622,6,0.4491848846276601
5,53,7.685522999963723,130.1147625223059,4,0.49820636212825775
5,54,7.781172000250081,128.51534447096927,4,0.5679313093423843
5,55,7.833330999346799,127.65961250499785,4,0.5671131908893585
5,56,7.898415000454406,126.60768014120158,5,0.4853790044784546
5,57,7.697056000324665,129.91980309845994,4,0.4993382841348648
5,58,7.660617000510683,130.53778826605435,4,0.5289801806211472
5,59,7.544616999439313,132.5448329682363,3,0.6102483669916788
5,60,7.88756200017815,126.7818877338034,4,0.4919823557138443
5,61,7.7630479991057655,128.8153828386983,3,0.6236897110939026
5,62,7.5819859994226135,131.8915650960253,2,0.5647922158241272
5,63,7.229571001516888,138.32079383274373,1,0.7669899463653564
5,64,7.2731130003376165,137.49270772413135,1,0.8829936981201172
5,65,7.203837998531526,138.81489286736405,1,0.855127215385437
5,66,7.601061000968912,131.56058080214453,3,0.44800188144048053
5,67,7.466515999112744,133.93127398626498,2,0.46225422620773315
5,68,6.744176998836338,148.27606098898994,0,0.0
5,69,6.71257299836725,148.97417134133775,0,0.0
5,70,7.143025999539532,139.99669048726184,0,0.0
5,71,7.387415000266628,135.36534768439404,1,0.2632189989089966
5,72,6.7548379993240815,148.0420404012745,0,0.0
5,73,6.70884200008004,149.05702056898485,0,0.0
5,74,6.610940999962622,151.26439640070208,0,0.0
5,75,6.706137999572093,149.11712226378407,0,0.0
5,76,7.350735999352764,136.0407991918157,1,0.5117384791374207
5,77,7.254696000018157,137.84175105304166,1,0.2729318141937256
5,78,6.683638999675168,149.61909224130764,0,0.0
5,79,6.701797001369414,149.21371085929113,0,0.0
5,80,6.665873001111322,150.0178596011778,0,0.0
5,81,7.327182000153698,136.47811668647287,1,0.4785385727882385
5,82,6.591474999368074,151.71111171564334,0,0.0
5,83,6.638619001023471,150.6337387106913,0,0.0
5,84,6.6064910006389255,151.36628505257758,0,0.0
5,85,6.70237699887366,149.20079848806637,0,0.0
5,86,6.623256998864235,150.98311905630135,0,0.0
5,87,6.673711999610532,149.84164735582814,0,0.0
5,88,6.621180000365712,151.03048096332773,0,0.0
5,89,6.667204001132632,149.98791094889535,0,0.0
5,90,6.670083999779308,149.9231493985813,0,0.0
6,0,8.06415199986077,124.0055991029516,0,0.0
6,1,7.2902520005300175,137.16946957763568,0,0.0
6,2,6.833813000412192,146.33119166996278,0,0.0
6,3,6.9563300003210315,143.75396221194947,0,0.0
6,4,6.778637998650083,147.52226040085674,0,0.0
6,5,6.770545000108541,147.69859737790216,0,0.0
6,6,6.859260000055656,145.78832118798326,0,0.0
6,7,6.860811001388356,145.75536329417028,0,0.0
6,8,6.795822000640328,147.14923373593012,0,0.0
6,9,7.324566999159288,136.52684180713752,0,0.0
6,10,6.849141000202508,146.00371053398274,0,0.0
6,11,6.781551001040498,147.4588924932614,0,0.0
6,12,6.792342999688117,147.22460276901754,0,0.0
6,13,6.734165999660036,148.49648791706107,0,0.0
6,14,6.796810999730951,147.12782215653556,0,0.0
6,15,6.817053999839118,146.6909313060451,0,0.0
6,16,7.69685799969011,129.9231452678823,1,0.4771410822868347
6,17,7.347243999902275,136.10545668733758,1,0.719067394733429
6,18,7.4466250007390045,134.28902353761063,1,0.8777678608894348
6,19,7.372000000032131,135.64839934829646,1,0.7806115746498108
6,20,7.409455000015441,134.96269293732345,1,0.7574231028556824
6,21,7.515242999943439,133.0628963038888,1,0.6691518425941467
6,22,7.550555001216708,132.44059540508724,2,0.5072673559188843
6,23,7.575332001579227,132.00741562106194,1,0.5841808319091797
6,24,7.508029000746319,133.19074818445657,1,0.8003926277160645
6,25,7.400196998787578,135.1315377366084,1,0.8863574862480164
6,26,7.425231000524946,134.67594475233193,1,0.7908040285110474
6,27,7.370433000687626,135.67723903150667,1,0.8353826999664307
6,28,7.473900999684702,133.79893579566902,1,0.8917492032051086
6,29,7.459779999408056,134.05221066564314,1,0.9086067080497742
6,30,6.788663000406814,147.3044102999478,0,0.0
6,31,7.794942999680643,128.2883017927097,1,0.38715076446533203
6,32,7.4671599995781435,133.91972316871406,1,0.3158888816833496
6,33,7.437479000145686,134.45416114524988,1,0.861394464969635
6,34,7.607401999848662,131.45092109236418,1,0.5611114501953125
6,35,7.7751709995936835,128.6145346581134,2,0.5212288200855255
6,36,7.7084629992896225,129.72754751396687,2,0.5529901385307312
6,37,7.531489000029978,132.77586941918386,1,0.8207241296768188
6,38,7.412626000586897,134.90495809728222,1,0.8691555857658386
6,39,7.393392001176835,135.25591499014607,1,0.7738214731216431
6,40,6.825856999057578,146.50175064289604,0,0.0
6,41,7.61589400099183,131.30434849405316,1,0.5260992646217346
6,42,7.533269999839831,132.7444788280868,2,0.28252464532852173
6,43,7.777347000228474,128.57854998248416,3,0.37711838881174725
6,44,6.782902999475482,147.42950033006952,0,0.0
6,45,6.749703999958001,148.15464500461388,0,0.0
6,46,6.81053300104395,146.8313860085129,0,0.0
6,47,6.756607999705011,148.00325844619954,0,0.0
6,48,7.414089999656426,134.87831953029175,1,0.2644680142402649
6,49,7.4152439992758445,134.85732905048812,1,0.35651928186416626
6,50,6.797095000365516,147.12167476638544,0,0.0
6,51,6.733464000717504,148.51196945486635,0,0.0
6,52,8.155960998919909,122.60970842460253,3,0.3569345275561015
6,53,7.862657999794465,127.18345374123365,3,0.5386981765429179
6,54,8.237070998802665,121.40237714903263,5,0.36987029314041137
6,55,8.368013999643154,119.50266814116756,2,0.48222896456718445
6,56,7.724389999566483,129.46006093117037,3,0.48253583908081055
6,57,7.851626000046963,127.36215402949895,4,0.36423423886299133
6,58,7.409309999275138,134.9653341671264,1,0.5495133996009827
6,59,7.739672000752762,129.20444172604988,3,0.3561602433522542
6,60,7.504937000703649,133.24562216927896,1,0.36423784494400024
6,61,7.8960950013424736,126.64487950436039,3,0.3972657124201457
6,62,7.724454000708647,129.4589882868432,3,0.4018886884053548
6,63,7.955536999361357,125.69861721217268,3,0.5138445893923441
6,64,8.297955000671209,120.5116200219345,6,0.3790346582730611
6,65,8.713940000234288,114.75865107782627,6,0.35138044754664105
6,66,7.8531859999202425,127.33685411375154,3,0.526432454586029
6,67,8.148566999807372,122.72096431478559,6,0.4389750361442566
6,68,7.59299200035457,131.7003889841189,2,0.6362328827381134
6,69,7.677386000068509,130.25266672680993,2,0.585530161857605
6,70,7.849174000511994,127.40194062901027,4,0.4387662559747696
6,71,7.874357001128374,126.99449616733186,3,0.3507518768310547
6,72,6.719173999954364,148.82781722973567,0,0.0
6,73,6.961463999687112,143.64794532370573,0,0.0
6,74,7.509687999117887,133.16132442752127,1,0.4647725224494934
6,75,6.7837229998986,147.4116794000798,0,0.0
6,76,6.78503500057559,147.38317487163556,0,0.0
6,77,6.901961998664774,144.88633814464004,0,0.0
6,78,6.712317999699735,148.97983081920933,0,0.0
6,79,6.852891001472017,145.9238151876628,0,0.0
6,80,6.744833000993822,148.2616396658975,0,0.0
6,81,7.560252999610384,132.27070576229855,2,0.5827067196369171
6,82,7.398621000902494,135.16032242738459,1,0.8379859328269958
6,83,7.305557001018315,136.88210219434478,1,0.8920094966888428
6,84,7.453109999914886,134.17217779040158,1,0.8978161811828613
6,85,7.321019998926204,136.5929884287535,1,0.8860004544258118
6,86,7.67602199994144,130.2758121338929,2,0.600721925497055
6,87,7.77839500005939,128.561226318844,2,0.5627568066120148
6,88,7.5812049999512965,131.90515228204808,1,0.8710927367210388
6,89,8.07295100094052,123.87044091850642,5,0.3846723198890686
6,90,7.795035999151878,128.28677123605365,4,0.5599028468132019
6,91,7.6389130008465145,130.9086776991941,2,0.6273488998413086
6,92,7.636275999175268,130.95388381823835,2,0.7242653667926788
6,93,7.4033660002896795,135.07369485189196,1,0.7847781181335449
6,94,7.546331000412465,132.5147280109158,1,0.7866888046264648
6,95,7.465593000233639,133.94783240510225,1,0.8320475220680237
6,96,7.542240000475431,132.58660556240113,2,0.661814421415329
6,97,7.358900000326685,135.8898748393927,1,0.847683310508728
6,98,7.615094000357203,131.31814261952547,2,0.6080335080623627
6,99,7.697045999520924,129.91997190379809,3,0.647482434908549
6,100,7.710170999416732,129.69880954334855,3,0.5709041754404703
6,101,7.966940000187606,125.51870604980732,4,0.6455691903829575
6,102,7.934231000035652,126.03615901723892,4,0.6034276634454727
6,103,7.9961339997680625,125.06043545906137,5,0.5979540109634399
6,104,7.940854000480613,125.93103965133673,4,0.6317117661237717
6,105,8.012515998416347,124.80474300427574,4,0.6281349211931229
6,106,7.859634999476839,127.23237148627933,4,0.6062077730894089
6,107,8.049770000070566,124.22715183057824,5,0.5922205686569214
6,108,7.813169000655762,127.98904003178092,4,0.6205186545848846
6,109,7.792873999278527,128.32236221098674,3,0.802749236424764
6,110,7.6948719997744774,129.95667764575006,3,0.7314927776654562
6,111,7.906142000138061,126.48394121716224,4,0.5481279492378235
6,112,7.827375999113428,127.75673483850342,4,0.5658475309610367
6,113,7.953501000883989,125.73079451286362,5,0.5880226731300354
6,114,7.846974000131013,127.43765940645451,4,0.6509766131639481
6,115,8.551384999009315,116.94012140908764,6,0.5271570185820261
6,116,8.060623998972005,124.05987428858273,5,0.4831040143966675
6,117,7.790188001308707,128.36660679203194,4,0.5146419405937195
6,118,7.91881399891281,126.28153662117737,4,0.4690769761800766
6,119,7.536263001384214,132.69175980407348,2,0.5958781838417053
6,120,7.739705999483704,129.20387416094454,3,0.477483332157135
6,121,7.9761510005482705,125.3737548262641,3,0.39888383944829303
6,122,7.432008000250789,134.55313825903517,1,0.26852065324783325
6,123,7.632587999978568,131.01715957979232,3,0.5285619695981344
6,124,7.741040999462712,129.18159199381682,3,0.5400182604789734
6,125,7.801678000760148,128.1775535855961,3,0.5293383598327637
6,126,7.543919999079662,132.5570790944227,2,0.6165913641452789
6,127,7.426115000271238,134.65991301824374,1,0.4499536156654358
6,128,7.533746998888091,132.73607411392902,2,0.297717809677124
6,129,7.971371998792165,125.44891897549401,1,0.5450078845024109
6,130,8.374183998967055,119.4146199944196,2,0.34155941009521484
6,131,6.774554000003263,147.61119329767217,0,0.0
6,132,8.132689999911236,122.96054565105943,1,0.4080556035041809
6,133,8.052107999901637,124.1910813928745,1,0.25101447105407715
6,134,7.314941000004183,136.7065024857245,1,0.4056122303009033
6,135,7.294566999917151,137.0883288907152,1,0.307431161403656
6,136,7.321631001104834,136.58158951866054,0,0.0
6,137,6.7882179992011515,147.31406683133653,0,0.0
6,138,7.484938998459256,133.60162323378265,1,0.3873364329338074
7,0,9.432529001060175,106.01610659109602,3,0.4988334576288859
7,1,8.323751000716584,120.13814443919706,2,0.34013640880584717
7,2,7.883343001594767,126.8497387209594,2,0.26575037837028503
7,3,7.9232660009438405,126.21058031888332,2,0.3618375062942505
7,4,7.827478000763222,127.75507001137461,1,0.26782822608947754
7,5,7.598490999953356,131.6050779037757,2,0.34387317299842834
7,6,7.943077000163612,125.89579579543317,2,0.26398515701293945
7,7,8.11371700001473,123.24807483403531,1,0.3146151900291443
7,8,6.906779999553692,144.78526897695002,0,0.0
7,9,8.071574999121367,123.89155773301434,1,0.4122156500816345
7,10,6.877178000650019,145.40848003432245,0,0.0
7,11,6.983482999203261,143.19502175548922,0,0.0
7,12,6.804538001233595,146.9607488147924,0,0.0
7,13,7.5772210002469365,131.9745062163834,1,0.5931196212768555
7,14,6.854865001514554,145.88179340936023,0,0.0
7,15,7.416644000841188,134.83187272930735,1,0.4704686403274536
7,16,7.610165001096902,131.40319557537367,2,0.5008751749992371
7,17,7.429266999679385,134.60278114155216,1,0.32740968465805054
7,18,7.416057998852921,134.84252687272337,1,0.32062679529190063
7,19,7.450269000401022,134.22334145870082,1,0.4209791421890259
7,20,7.579950000945246,131.92699158639525,2,0.5041683316230774
7,21,8.386351000808645,119.2413720703529,4,0.33952800929546356
7,22,8.11268100005691,123.26381377413769,2,0.41540592908859253
7,23,7.7230879996932345,129.48188600721895,3,0.394312063852946
7,24,7.652283000425086,130.67995524269682,2,0.3521721363067627
7,25,7.645921999937855,130.78867401578617,2,0.6458207964897156
7,26,7.5775050008815015,131.96955988596096,1,0.8858624696731567
7,27,7.5836830001208,131.86205172131682,2,0.6387802958488464
7,28,8.162304999132175,122.51441230220153,3,0.48105474313100177
7,29,7.527323999966029,132.84933663072204,1,0.8747453093528748
7,30,7.370672999968519,135.67282119343392,1,0.6814612150192261
7,31,7.424141000228701,134.69571765530785,1,0.682953417301178
7,32,6.7972160013596294,147.11905577224155,0,0.0
7,33,7.632282000486157,131.02241242347998,2,0.35751476883888245
7,34,8.209421999708866,121.81125541304411,3,0.42389055093129474
7,35,7.979509999131551,125.32097836945312,2,0.29135239124298096
7,36,8.030490000237478,124.52540255581266,4,0.383392795920372
7,37,7.885155000622035,126.82058880530734,3,0.47964592774709064
7,38,7.837180999558768,127.5968999639411,3,0.369113564491272
7,39,7.563260000097216,132.21811758251684,1,0.33304518461227417
7,40,7.564930001535686,132.18892967905842,1,0.6118150949478149
7,41,8.103383999696234,123.40523416358971,2,0.4287477433681488
7,42,8.03810599973076,124.40741637812383,3,0.42959900697072345
7,43,8.136326001476846,122.90559643486353,4,0.40595099329948425
7,44,7.799330000125337,128.21614164087552,2,0.4320242404937744
7,45,7.583591999718919,131.8636340189536,1,0.5825760960578918
7,46,7.56282800102781,132.2256700620584,1,0.5059942603111267
7,47,6.856169000457157,145.85404763699987,0,0.0
7,48,6.789842998841777,147.27881044828013,0,0.0
7,49,6.917026999872178,144.5707816405053,0,0.0
7,50,7.4342509997222805,134.51254202169886,1,0.28606194257736206
7,51,7.8322699991986156,127.67690594199617,4,0.3005596697330475
7,52,7.953242000439786,125.73488898548585,3,0.351787010828654
7,53,7.888815000114846,126.7617506539882,4,0.40192344784736633
7,54,7.441220001055626,134.38656562474137,2,0.27343764901161194
7,55,7.846011998481117,127.45328457228801,3,0.32463488976160687
7,56,8.346590000655851,119.80940718561986,6,0.377100666364034
7,57,7.778336001138086,128.5622014597576,3,0.46542781591415405
7,58,7.878379999965546,126.92964797386941,4,0.4215831011533737
7,59,8.209105000787531,121.81595921894849,6,0.4059027036031087
7,60,8.253239999248763,121.16453660514215,6,0.40571356813112897
7,61,8.107149000352365,123.347924153921,6,0.387965589761734
7,62,7.813054000507691,127.99092389928704,4,0.38771265745162964
7,63,8.04440899992187,124.30993998561141,3,0.3799856702486674
7,64,7.9031379991647555,126.53201805481382,3,0.49300960699717206
7,65,7.923437999124872,126.20784060031113,5,0.44777833223342894
7,66,7.829689999198308,127.71897739276922,3,0.6280634601910909
7,67,7.929941999464063,126.10432712718251,4,0.4922093451023102
7,68,7.896855999206309,126.6326750925314,4,0.43586812913417816
7,69,7.889493999755359,126.75084105913616,4,0.5591052770614624
7,70,7.986239999809186,125.21537044014366,4,0.5175601094961166
7,71,7.809971999449772,128.04143216780443,4,0.572605237364769
7,72,7.835586000510375,127.62287337984223,4,0.5115074962377548
7,73,7.894413000030909,126.67186274598058,4,0.490312397480011
7,74,7.68997800150828,130.0393837022504,3,0.5728637178738912
7,75,7.7406439995684195,129.18821742167125,2,0.7736115455627441
7,76,7.927620001282776,126.1412630572844,3,0.7141776084899902
7,77,7.705897998675937,129.7707288847873,2,0.551301509141922
7,78,8.041039000090677,124.36203828743066,2,0.5501620769500732
7,79,7.3843550017045345,135.42144165186662,1,0.8043340444564819
7,80,7.3855789996741805,135.39899851374085,1,0.8791135549545288
7,81,7.555477001005784,132.35431725447384,2,0.5204537212848663
7,82,7.476636999854236,133.74997341980037,2,0.35621076822280884
7,83,7.975347998581128,125.38637814649682,1,0.251489520072937
7,84,6.770439000320039,147.70090978631222,0,0.0
7,85,6.8022689993085805,147.00976984321636,0,0.0
7,86,7.416336000460433,134.83747229601198,1,0.2761054039001465
7,87,6.896204000440775,145.00731125936593,0,0.0
7,88,6.801844001529389,147.0189554149067,0,0.0
7,89,6.8119530005787965,146.80077797292967,0,0.0
7,90,6.782978000046569,147.4278701763642,0,0.0
7,91,6.763970999600133,147.84214776484365,0,0.0
7,92,7.37124599982053,135.66227473948737,1,0.27171456813812256
7,93,6.78004899964435,147.49155943451962,0,0.0
7,94,6.768291999833309,147.74776265926886,0,0.0
7,95,7.3881539992726175,135.35180778560553,1,0.34026598930358887
7,96,7.470357999409316,133.8623932185138,1,0.288033127784729
7,97,6.793602999096038,147.19729724169352,0,0.0
7,98,6.752489000064088,148.09354002509428,0,0.0
7,99,6.812716999775148,146.7843152787654,0,0.0
7,100,6.720987999869976,148.78764848551225,0,0.0
7,101,6.711525998980505,148.99741134160877,0,0.0
7,102,6.74548099959793,148.2473970439774,0,0.0
7,103,6.749397000021418,148.1613838979729,0,0.0
7,104,7.033890000457177,142.1688425515616,0,0.0
7,105,7.013915001152782,142.5737266327926,0,0.0
7,106,7.5425790000736015,132.58064648580304,0,0.0
7,107,6.88029400043888,145.34262633780068,0,0.0
7,108,6.888471998536261,145.17007548444576,0,0.0
7,109,6.929097000465845,144.31894948689126,0,0.0
7,110,6.693626000924269,149.39585806884313,0,0.0
7,111,6.769196001187083,147.72803148625547,0,0.0
7,112,6.779195999115473,147.51011773822097,0,0.0
7,113,6.850708999991184,145.97029300197786,0,0.0
7,114,6.802482001148746,147.00516661876185,0,0.0
8,0,10.256722000121954,97.49703657641398,1,0.9014241695404053
8,1,8.285772999442997,120.68879995472045,2,0.5914956629276276
8,2,7.699658001001808,129.87589836715986,2,0.519499272108078
8,3,7.48275600017223,133.6405997973184,1,0.581464409828186
8,4,7.7068810005584965,129.75417680998743,3,0.287244975566864
8,5,7.290831999853253,137.15855748975255,1,0.3382009267807007
8,6,6.748615000105929,148.17855218949424,0,0.0
8,7,7.498592998672393,133.35835138365923,1,0.28967124223709106
8,8,7.967628000187688,125.507867583231,3,0.3734016418457031
8,9,8.21705800080963,121.69805785738274,4,0.5074728280305862
8,10,7.5505320000957,132.4409988577395,1,0.4734741449356079
8,11,8.147623000695603,122.7351829993392,5,0.38602360486984255
8,12,7.3591009986557765,135.88616329394873,1,0.2618452310562134
8,13,7.519906999732484,132.98036798002613,2,0.3668656051158905
8,14,7.642102998943301,130.85403325999053,2,0.4237646758556366
8,15,7.747324998490512,129.07681040808794,2,0.40435591340065
8,16,7.568048000393901,132.13446848486586,2,0.3992140591144562
8,17,8.112120000077994,123.27233817921648,4,0.47962549328804016
8,18,8.424556001045858,118.70061756083716,5,0.4474459409713745
8,19,8.503629000188084,117.59685188263526,2,0.6672323942184448
8,20,7.719515000644606,129.54181705929668,1,0.6162829399108887
8,21,7.900509001046885,126.57412324541261,3,0.41484800974527997
8,22,7.724855000560638,129.45226802670396,2,0.3472183346748352
8,23,7.712362001257134,129.66196346035073,2,0.34896552562713623
8,24,7.926047999717412,126.16628110700984,1,0.35147255659103394
8,25,6.842539998615393,146.14456038289183,0,0.0
8,26,6.81786599852785,146.67346061303132,0,0.0
8,27,7.718913000644534,129.5519200587569,2,0.34161990880966187
8,28,7.304688000658643,136.89838633899666,1,0.27982383966445923
8,29,7.528350999564282,132.83121364265256,1,0.43862903118133545
8,30,7.348993000050541,136.07306470330326,1,0.2884426712989807
8,31,7.68079299996316,130.19489003346354,2,0.3069522976875305
8,32,7.446604999131523,134.28938423840492,1,0.5702434778213501
8,33,6.807148000007146,146.90440107941686,0,0.0
8,34,7.682007999392226,130.17429818858773,1,0.42226964235305786
8,35,7.65367799976957,130.65613683122115,1,0.665240466594696
8,36,7.876986999690416,126.95209475898618,2,0.6129665076732635
8,37,7.422750000841916,134.72095919794904,1,0.6512511372566223
8,38,7.621467999342713,131.2083184087687,2,0.5170531570911407
8,39,7.759583999359165,128.87288804175407,3,0.5079583525657654
8,40,8.095991999653052,123.51790861982748,5,0.33673404455184935
8,41,8.200410000426928,121.94512224973364,3,0.47738484541575116
8,42,8.22089899884304,121.64119765256014,4,0.4296133518218994
8,43,7.797860000209766,128.24031208217377,2,0.5427261292934418
8,44,7.932869000796927,126.05779824418393,3,0.36785101890563965
8,45,8.069167999565252,123.92851407405047,4,0.537531852722168
8,46,7.91493500037177,126.34342542965031,3,0.6021515329678854
8,47,7.977039000252262,125.35979828710585,4,0.4681096524000168
8,48,8.072519000052125,123.87706984567554,4,0.604751244187355
8,49,8.12134599982528,123.13229851572801,4,0.44383786618709564
8,50,8.316134999404312,120.24816817808157,4,0.5439774990081787
8,51,8.17502300014894,122.32381486654913,4,0.5003502517938614
8,52,7.908286999736447,126.44963441935354,3,0.5836224953333536
8,53,8.199416999559617,121.95989056950135,5,0.45893787145614623
8,54,7.985570999153424,125.22586050590661,3,0.5838177800178528
8,55,8.215050000217161,121.7278044532371,4,0.5004339069128036
8,56,8.00429700029781,124.93289541390001,2,0.6006675064563751
8,57,7.696683000176563,129.92609933097933,1,0.5502290725708008
8,58,8.091035999314045,123.59356701475308,4,0.3902045339345932
8,59,7.463078000000678,133.99297180063093,1,0.3293919563293457
8,60,6.749628999386914,148.15629127035464,0,0.0
8,61,7.015397000941448,142.5436079905104,0,0.0
8,62,6.816928998887306,146.69362115451474,0,0.0
8,63,6.834236000941019,146.32213459738705,0,0.0
8,64,6.864183998914086,145.6837404356002,0,0.0
8,65,6.829317000665469,146.42752707226168,0,0.0
8,66,6.847503998869797,146.0386149705138,0,0.0
8,67,7.514254999477998,133.08039187776674,1,0.6123728156089783
8,68,6.8841290012642276,145.26165907355255,0,0.0
8,69,7.474224001271068,133.79315362102338,1,0.27163511514663696
8,70,6.94955399922037,143.8941261715765,0,0.0
8,71,7.3870289998012595,135.37242104057043,1,0.3795166611671448
8,72,7.542072999058291,132.58954138005038,2,0.35223719477653503
8,73,7.355851999818697,135.94618271610787,1,0.34385836124420166
8,74,7.3542650006857,135.97551895488692,1,0.27817946672439575
8,75,7.5647329995263135,132.19237216470398,1,0.6872480511665344
9,0,8.113018000585726,123.25869361165034,0,0.0
9,1,7.344965999436681,136.1476690398151,0,0.0
9,2,6.898118001117837,144.96707650375805,0,0.0
9,3,6.894362000821275,145.04605355519152,0,0.0
9,4,6.771452999601024,147.6787921379533,0,0.0
9,5,6.894662999911816,145.0397213051298,0,0.0
9,6,7.040454000161844,142.03629481522245,0,0.0
9,7,7.359883000390255,135.87172512755643,0,0.0
9,8,6.875355999000021,145.44701396486872,0,0.0
9,9,7.043508001515875,141.97470916264794,0,0.0
9,10,6.718327000271529,148.84658040008827,0,0.0
9,11,7.701307999013807,129.84807257780824,1,0.283904492855072
9,12,6.798209000407951,147.0975664237436,0,0.0
9,13,6.73275100052706,148.52769691344847,0,0.0
9,14,6.758347999493708,147.96515362554777,0,0.0
9,15,6.821562999903108,146.59396974186177,0,0.0
9,16,7.5078629997733515,133.1936930695443,1,0.8431256413459778
9,17,7.540852999227354,132.61099243049313,2,0.2973846197128296
9,18,8.190485001250636,122.09289191632806,1,0.8519554138183594
9,19,7.660933999432018,130.53238679175934,1,0.6865970492362976
9,20,7.572692999019637,132.05341879427309,1,0.6745156645774841
9,21,7.7933960001246305,128.3137671926344,2,0.6451516449451447
9,22,7.581990001199301,131.8914954836161,2,0.562668651342392
9,23,7.647910000741831,130.75467675521838,2,0.5335006713867188
9,24,7.535284999903524,132.7089818119425,1,0.7604790329933167
9,25,7.76814600067155,128.73084516093684,2,0.5049903392791748
9,26,7.92253100007656,126.22228931516158,4,0.47396624088287354
9,27,7.698544999584556,129.89467490986465,2,0.5784588158130646
9,28,7.686523000302259,130.09783486768683,2,0.6545344591140747
9,29,7.383394000498811,135.43906771498874,1,0.4195190668106079
9,30,7.439081999109476,134.42518850036993,1,0.26948100328445435
9,31,8.06939599897305,123.92501249502004,4,0.49157069623470306
9,32,7.475815000361763,133.7646798311099,1,0.7706466913223267
9,33,6.746510000084527,148.22478585038354,0,0.0
9,34,6.921494999915012,144.47745754526716,0,0.0
9,35,6.80491700040875,146.95256385051178,0,0.0
9,36,7.371585999862873,135.65601758137288,0,0.0
9,37,7.769703999656485,128.70503175464754,0,0.0
9,38,6.982916000197292,143.20664890881494,0,0.0
9,39,6.894836998981191,145.03606106246806,0,0.0
9,40,7.434207000187598,134.51333813744566,1,0.44608891010284424
9,41,6.807308000134071,146.9009482133473,0,0.0
9,42,6.81175899990194,146.8049588974589,0,0.0
9,43,8.297984999444452,120.51118434980899,5,0.38520585298538207
9,44,7.634540001163259,130.9836610781569,2,0.6725631356239319
9,45,7.722433998424094,129.49285163253822,2,0.3836919069290161
9,46,7.932372000141186,126.06569636197109,2,0.4541372060775757
9,47,7.665105998967192,130.4613400173124,3,0.5088179111480713
9,48,7.857020000301418,127.27471738160742,4,0.35552978515625
9,49,7.6399030003813095,130.89171419455062,2,0.43608567118644714
9,50,7.855578000089736,127.29808041987195,4,0.36054959893226624
9,51,7.850382999095018,127.38232008747582,1,0.3027380704879761
9,52,8.046914999795263,124.27122692677169,4,0.32235150039196014
9,53,8.096022998870467,123.51743567669176,4,0.40027354657649994
9,54,8.070654999755789,123.90568052162547,4,0.3910294771194458
9,55,8.2203740003024,121.6489663320931,5,0.3723378539085388
9,56,8.410690999880899,118.89629520501475,5,0.3616023898124695
9,57,8.338629000718356,119.92379081907254,6,0.386273314555486
9,58,8.033251000597375,124.48260360912876,5,0.44493664503097535
9,59,7.521913001255598,132.94490375428094,2,0.6238873600959778
9,60,7.801017998644966,128.18839799801765,3,0.2999869187672933
9,61,7.738189000519924,129.22920336176986,3,0.4804760217666626
9,62,7.734676000836771,129.28789775962375,2,0.4968329966068268
9,63,7.640424000783241,130.8827886904558,2,0.5015873312950134
9,64,7.402037001156714,135.09794666572597,1,0.7713583111763
9,65,6.769350000467966,147.72467074842783,0,0.0
9,66,7.6444810001703445,130.81332793916508,1,0.6815993189811707
9,67,8.200870999644394,121.93826729421326,1,0.8394253253936768
9,68,7.697686000028625,129.9091701059619,2,0.5792457759380341
9,69,7.510313000238966,133.1502428684639,1,0.8864174485206604
9,70,7.443481999871437,134.3457269080884,1,0.8853940367698669
9,71,7.341407001149491,136.21367128173435,1,0.865898847579956
9,72,7.500040001104935,133.33262220637172,2,0.5608123540878296
9,73,8.017800999368774,124.72247690841019,1,0.8774880766868591
9,74,7.645658000910771,130.79319005386813,2,0.6673757135868073
9,75,7.232250000015483,138.26955650010152,1,0.8698855042457581
9,76,8.681858000272769,115.18271779710999,4,0.47631512582302094
9,77,7.42100100069365,134.7527105718661,1,0.8746660351753235
9,78,7.706758999120211,129.75623087657965,3,0.5062709450721741
9,79,7.724805000179913,129.45310593299246,2,0.5834796726703644
9,80,8.130968999466859,122.98657147328557,5,0.5058094263076782
9,81,7.591049001348438,131.73409891338665,2,0.7026691138744354
9,82,8.061083000939107,124.05281025930401,5,0.642923092842102
9,83,8.052717001191922,124.18168921768704,4,0.6401509642601013
9,84,7.930099998702644,126.10181462574228,4,0.6713303327560425
9,85,8.19382199915708,122.043168633987,5,0.6271146059036254
9,86,8.269197000117856,120.9307264037545,5,0.5457154154777527
9,87,7.936115998745663,126.0062227112172,5,0.6435613989830017
9,88,7.991550999577157,125.13215520402876,4,0.6193397343158722
9,89,7.975587001055828,125.38262072341729,5,0.6466658353805542
9,90,8.13281099908636,122.95871625595873,6,0.481742928425471
9,91,8.163959999365034,122.48957614659759,5,0.5889756560325623
9,92,7.621810998898582,131.20241372352433,2,0.49968665838241577
9,93,8.18738999987545,122.13904553407282,3,0.5680547753969828
9,94,8.025479000934865,124.60315451370727,2,0.4826587736606598
9,95,7.638216000486864,130.92062334140059,2,0.5498076975345612
9,96,7.883704000050784,126.84393021269676,2,0.5955874621868134
9,97,7.70343800104456,129.81216956174677,2,0.5797942280769348
9,98,8.34337299966137,119.85560276887858,2,0.520336389541626
9,99,8.50389399965934,117.59318731395986,4,0.35524189472198486
9,100,8.153545000823215,122.6460392257645,3,0.4251469572385152
9,101,7.720138000877341,129.53136328474397,2,0.5432277321815491
9,102,7.424036999509553,134.6976045601688,1,0.8482346534729004
9,103,7.847750001019449,127.42505812112984,3,0.5339116255442301
9,104,7.4870780008495785,133.5634542456386,1,0.6652920842170715
9,105,7.545280999693205,132.53316875019772,1,0.7705027461051941
9,106,7.456901999830734,134.103948264668,1,0.7181220650672913
9,107,7.64326700118545,130.83410534329138,1,0.6552615165710449
9,108,7.9420600013691,125.91191703759654,1,0.42759931087493896
9,109,7.855909998397692,127.29270068062925,2,0.345134973526001
9,110,6.800782999562216,147.04189209747946,0,0.0
9,111,6.849032999525662,146.00601282973176,0,0.0
9,112,6.729191998601891,148.60625171755655,0,0.0
9,113,7.396102000711835,135.20635598369998,1,0.45465731620788574
9,114,7.742580999547499,129.15589776309,1,0.3767942190170288
9,115,7.728418000624515,129.39258719173733,2,0.6775535643100739
9,116,7.354407000093488,135.9728935300002,1,0.9240053296089172
9,117,7.797423999363673,128.24748276887436,3,0.7495032151540121
9,118,8.105199000056018,123.37759998157831,4,0.6359950304031372
9,119,8.080371000687592,123.75669383434324,4,0.7757047861814499
9,120,8.093464000921813,123.55648951871585,4,0.7451257109642029
9,121,8.071903001109604,123.88652339634595,5,0.6406425952911377
10,0,9.07394000023487,110.20570997539282,1,0.6400694251060486
10,1,8.466513001621934,118.11237989104009,4,0.27459627389907837
10,2,7.45202399957634,134.19173100581153,1,0.5312122106552124
10,3,7.859432000259403,127.23565773798853,3,0.3721515933672587
10,4,7.6870330012752675,130.08920344612824,2,0.38628053665161133
10,5,7.9718849992787,125.4408461851219,3,0.3418639699618022
10,6,7.459263000782812,134.06150177236745,1,0.37604987621307373
10,7,8.093501999610453,123.55590942562698,4,0.36351795494556427
10,8,7.495744999687304,133.40902072331923,1,0.35222530364990234
10,9,6.739467999068438,148.37966440944965,0,0.0
10,10,7.560468999145087,132.26692684185025,2,0.31461355090141296
10,11,7.609550000779564,131.4138155209644,2,0.3200047016143799
10,12,8.384594999370165,119.26634501429325,3,0.5245581070582072
10,13,8.046412998737651,124.27897998237022,4,0.30501435697078705
10,14,8.224146000429755,121.59317209929696,5,0.35618815422058103
10,15,7.970810000188067,125.45776401349494,3,0.3800976872444153
10,16,8.561501999793109,116.80193499039834,4,0.4052402973175049
10,17,8.043529000133276,124.32354007593317,4,0.4195460081100464
10,18,7.603070998811745,131.52580058193408,1,0.5632763504981995
10,19,7.692985000176122,129.98855450479965,2,0.45692771673202515
10,20,7.6453370002127485,130.79868159796916,3,0.36230995257695514
10,21,7.550000000264845,132.45033112118162,2,0.3123016059398651
10,22,6.790014998841798,147.27507968253005,0,0.0
10,23,7.393612999294419,135.2518721355082,1,0.31916868686676025
10,24,6.832421999206417,146.3609829890703,0,0.0
10,25,7.36598799994681,135.75911337450196,1,0.2519044280052185
10,26,6.767155000488856,147.77258684451007,0,0.0
10,27,6.7567249989224365,148.0006956268725,0,0.0
10,28,7.561616999737453,132.2468461487432,1,0.45564448833465576
10,29,7.386123999822303,135.38900782386787,1,0.4236676096916199
10,30,7.775733000016771,128.60523888845503,3,0.40246578057607013
10,31,7.496666999941226,133.39261301160101,2,0.37372735142707825
10,32,7.590311999592814,131.7468899899827,1,0.55572909116745
10,33,7.679516000280273,130.21653968342585,2,0.523381918668747
10,34,7.72138699903735,129.51041051622892,3,0.5277579625447592
10,35,6.691073000183678,149.4528605460662,0,0.0
10,36,7.66193199888221,130.515384389458,3,0.3796683152516683
10,37,8.452828998997575,118.30358807904318,5,0.42954450845718384
10,38,7.826262000889983,127.77491986420624,4,0.36801911890506744
10,39,8.104578000711626,123.38705357789074,6,0.46508647004763287
10,40,7.566357000541757,132.1639991251271,2,0.38175520300865173
10,41,7.868598999266396,127.08742688415458,4,0.5259827226400375
10,42,7.808985999872675,128.057599285785,3,0.4821760853131612
10,43,7.817026000338956,127.925888945059,4,0.5434803068637848
10,44,7.87468899943633,126.9891420564774,4,0.5122359395027161
10,45,7.918785999208922,126.28198313477583,4,0.5404189825057983
10,46,8.080796998910955,123.75016970909793,4,0.48556362092494965
10,47,7.71139599964954,129.67820613095827,3,0.6354423960049947
10,48,7.988807999936398,125.17511999386659,4,0.514738455414772
10,49,8.240876000854769,121.34632287832956,3,0.6065931518872579
10,50,7.975939999596449,125.37707154900815,3,0.6272242863972982
10,51,7.479754000087269,133.69423646664484,1,0.8598816990852356
10,52,7.562176000647014,132.2370703768916,1,0.8068752288818359
10,53,7.397299999865936,135.184459197021,1,0.8615490794181824
10,54,7.38048300081573,135.49248740082115,1,0.8189605474472046
10,55,7.682864999878802,130.15977763708918,3,0.47971739371617633
10,56,7.5278049989719875,132.84084804754667,2,0.5005024671554565
10,57,7.284859999344917,137.27099767050072,0,0.0
10,58,6.884614000227884,145.25142585581406,0,0.0
10,59,7.477253999240929,133.73893679437896,1,0.32101792097091675
10,60,6.788237000364461,147.31365447999383,0,0.0
10,61,6.77471000017249,147.60779427821103,0,0.0
10,62,6.802865000281599,146.9968902747013,0,0.0
10,63,6.81452599928889,146.74534958181275,0,0.0
10,64,7.416988999466412,134.825601072341,1,0.3131669759750366
10,65,7.573573000627221,132.03807501653222,1,0.7061314582824707
10,66,6.85166099901835,145.9500112663589,0,0.0
10,67,6.624577999900794,150.9530116507007,0,0.0
10,68,7.549242000095546,132.46363012171867,1,0.387343168258667
10,69,6.826909999290365,146.47915383445024,0,0.0
10,70,7.415027999741142,134.86125744028342,1,0.4573054909706116
10,71,6.79276899973047,147.21536976153303,0,0.0
10,72,6.755814998541609,148.02063114751837,0,0.0
10,73,6.6963839999516495,149.33432730369412,0,0.0
10,74,6.806038998547592,146.9283382321788,0,0.0
10,75,6.637081000008038,150.66864484534526,0,0.0
10,76,6.8234869995649206,146.5526350477054,0,0.0
10,77,6.770019999748911,147.710051083614,0,0.0
10,78,6.731837000188534,148.54786293429174,0,0.0
10,79,6.670849001238821,149.90595647035232,0,0.0
10,80,6.792235999455443,147.22692204454813,0,0.0
10,81,6.628372000704985,150.86660795345242,0,0.0
10,82,7.274515999597497,137.46619019812871,0,0.0
10,83,6.7841010004485724,147.4034658289844,0,0.0
10,84,6.737093999618082,148.43195004503258,0,0.0
10,85,6.7132330004824325,148.95952515399617,0,0.0
10,86,6.863094000436831,145.70687796733523,0,0.0
10,87,6.777051999961259,147.55678427813694,0,0.0
10,88,6.761104999895906,147.90481733613012,0,0.0
10,89,6.825533999290201,146.5086834383935,0,0.0
10,90,6.7641370005731005,147.8385195207125,0,0.0
10,91,6.651956000496284,150.3317219665002,0,0.0
10,92,6.794701001126668,147.1735106274999,0,0.0
11,0,9.706646000267938,103.02219736584567,3,0.2930264472961426
11,1,8.460514998660074,118.19611455784596,1,0.5870711207389832
11,2,7.979918998898938,125.31455521515683,3,0.4347093900044759
11,3,7.804718999977922,128.12761100083537,3,0.598519484202067
11,4,8.081190000666538,123.7441515318313,4,0.6286786049604416
11,5,8.063282999501098,124.01896349934304,4,0.44911356270313263
11,6,7.726895999439876,129.4180742270234,3,0.5788455406824747
11,7,7.932012000310351,126.07141794047634,4,0.5592573285102844
11,8,7.855826999730198,127.29404555807355,3,0.5439285238583883
11,9,7.931181000458309,126.08462723801338,4,0.45160698890686035
11,10,7.493564999094815,133.44783158894265,1,0.8145132660865784
11,11,7.783850000123493,128.4711293234241,2,0.5275437235832214
11,12,8.092358000794775,123.57337625223538,3,0.47603418429692584
11,13,8.039812000788515,124.381017852398,3,0.41147534052530926
11,14,8.277893999547814,120.80367301811617,4,0.4580858498811722
11,15,8.247470999776851,121.24928963400497,5,0.34208533763885496
11,16,7.857737000449561,127.26310386091919,3,0.47643109162648517
11,17,7.632240000020829,131.02313344408338,2,0.6115303039550781
11,18,7.532226998591796,132.76286019884387,1,0.7945505976676941
11,19,7.821412000339478,127.85415216032557,2,0.428984135389328
11,20,7.70357600049465,129.80984414715837,2,0.49787619709968567
11,21,7.424907000313397,134.68182159827606,1,0.8741416931152344
11,22,7.61122299991257,131.3849298610075,3,0.4940080444018046
11,23,7.713086000876501,129.6497925585637,3,0.33549976348876953
11,24,7.43115899967961,134.56851078588338,1,0.2526929974555969
11,25,7.602055999086588,131.5433614432929,1,0.489051878452301
11,26,6.824795000284212,146.5245476176729,0,0.0
11,27,7.39546500153665,135.2180018149254,1,0.356154203414917
11,28,7.751483999527409,129.00755520632796,2,0.37079596519470215
11,29,8.085577999736415,123.67699625587674,5,0.3306282520294189
11,30,7.79662099921552,128.2606914072927,2,0.3341761529445648
11,31,7.851664000554592,127.36153762175333,4,0.37249791622161865
11,32,6.815030999860028,146.73447560554584,0,0.0
11,33,7.760186999803409,128.86287405513983,2,0.30421003699302673
11,34,7.59169900084089,131.7228198706555,2,0.30981943011283875
11,35,8.280418998765526,120.76683560929507,2,0.49400559067726135
11,36,7.720305000475491,129.5285613636262,2,0.4356762170791626
11,37,7.895971999460016,126.64685235312223,3,0.37927045424779254
11,38,6.884923999677994,145.24488578911976,0,0.0
11,39,7.410291000269353,134.94746697041336,1,0.38623833656311035
11,40,6.846246998975403,146.06542827766194,0,0.0
11,41,7.708840999839595,129.7211863652147,3,0.356833020846049
11,42,7.478285999241052,133.72048088311772,1,0.2569881081581116
11,43,7.546373000877793,132.51399048041756,1,0.5370157957077026
11,44,8.03685599930759,124.42676590026676,4,0.46629785001277924
11,45,8.19456600038393,122.0320880877826,5,0.40981552600860593
11,46,8.55176000004576,116.93499349778864,7,0.4234144517353603
11,47,8.152853000865434,122.65644920788452,4,0.43242892622947693
11,48,7.905907001259038,126.48770088501512,4,0.5575898438692093
11,49,7.7476790011132834,129.07091270254065,3,0.4501636028289795
11,50,7.64153499949316,130.86375971140967,2,0.5962949395179749
11,51,7.704169000135153,129.79985251913052,3,0.482318639755249
11,52,7.78706900018733,128.4180222335186,3,0.37645896275838214
11,53,7.583743999930448,131.8609910895161,2,0.5808360278606415
11,54,7.532165000156965,132.7639529908281,2,0.6576100587844849
11,55,8.51208599851816,117.4800160823195,4,0.5148120820522308
11,56,8.089410001048236,123.61840973203469,3,0.4648567835489909
11,57,7.610561999172205,131.39634104666243,2,0.6384348571300507
11,58,7.783912000377313,128.47010602785932,2,0.5365989208221436
11,59,7.824369999070768,127.80581696913121,4,0.5377468764781952
11,60,8.309442000609124,120.34502436224899,6,0.4823337495326996
11,61,7.95119200120098,125.76730631695928,5,0.3497122287750244
11,62,7.348499000727315,136.0822121498588,1,0.40241777896881104
11,63,7.6851240010000765,130.1215178661878,2,0.5245242416858673
11,64,7.9563279996364145,125.68612053772766,3,0.4053456783294678
11,65,7.779494000715204,128.54306461423656,2,0.3356352746486664
11,66,7.38160900073126,135.47181920648126,1,0.44788265228271484
11,67,7.8329730004043086,127.66544707206111,3,0.3661906321843465
11,68,6.8490749999909895,146.00511747955974,0,0.0
11,69,6.801997998991283,147.0156269008455,0,0.0
11,70,6.830877999163931,146.3940653196259,0,0.0
11,71,6.747014000211493,148.21371349883873,0,0.0
11,72,6.825136999395909,146.51720545514468,0,0.0
11,73,7.2740310006338404,137.47535581204735,1,0.48205429315567017
11,74,7.355271000051289,135.9569212328175,1,0.4394189119338989
11,75,7.436727999447612,134.46773904790902,1,0.41110992431640625
11,76,7.14661799975147,139.92632599570535,0,0.0
11,77,6.829578000179026,146.42193119015357,0,0.0
11,78,6.770398000298883,147.7018042300991,0,0.0
11,79,6.753415000275709,148.07323405405634,0,0.0
11,80,6.748117999450187,148.18946557862154,0,0.0
11,81,6.732339001246146,148.53678637022014,0,0.0
11,82,7.5618749997374834,132.24233408178736,1,0.42801135778427124
11,83,6.889094000143814,145.15696838787863,0,0.0
11,84,6.767398001102265,147.76728069445912,0,0.0
11,85,6.775121999453404,147.59881815865114,0,0.0
11,86,6.774038000003202,147.62243731132412,0,0.0
11,87,6.797287000154029,147.1175190892101,0,0.0
11,88,7.744697000816814,129.12060986950587,1,0.3321978449821472
11,89,7.939470000565052,125.95299181542723,1,0.4570363759994507
11,90,6.7268650000187336,148.6576585076726,0,0.0
11,91,7.6403809998737415,130.88352531326973,1,0.30383408069610596
11,92,8.439965999059496,118.48388964024673,3,0.30898378292719525
11,93,8.478805999402539,117.94113464448476,5,0.4045853614807129
11,94,7.787955000821967,128.40341269235077,2,0.3247129023075104
11,95,8.484951000355068,117.8557189025786,7,0.36905235052108765
11,96,8.380768998904387,119.32079265407857,7,0.46375920942851473
11,97,8.57671799894888,116.59471608167077,7,0.5049376317432949
11,98,8.36101800086908,119.60266081188387,6,0.5222956339518229
11,99,8.274032999906922,120.8600449153695,7,0.48650177887507845
11,100,7.863074999477249,127.17670886599477,4,0.6144770830869675
11,101,7.993260000148439,125.10540129827248,5,0.5234799742698669
11,102,8.17506600105844,122.32317144235023,7,0.45740218673433575
11,103,7.624031000887044,131.1642095741284,3,0.4274751345316569
11,104,7.613234000018565,131.35022514710062,3,0.48601194222768146
11,105,7.701417000134825,129.84623478802584,4,0.4397924989461899
11,106,7.42955600071582,134.59754525084034,2,0.5097220242023468
11,107,7.234265000079176,138.23104351154615,1,0.5462698936462402
11,108,7.270800999322091,137.5364282550488,1,0.4235142469406128
11,109,7.3104600014630705,136.7902977103857,1,0.25473272800445557
11,110,7.396871998935239,135.1922812972764,1,0.3554529547691345
11,111,7.566524000139907,132.16108215364278,1,0.26013314723968506
11,112,6.686259999696631,149.5604418681553,0,0.0
11,113,6.73704499968153,148.43302962163256,0,0.0
11,114,6.6915619991050335,149.44193898730154,0,0.0
11,115,6.729847000315203,148.59178818673936,0,0.0
11,116,6.761344000551617,147.89958918203482,0,0.0
11,117,6.730061000780552,148.58706330953316,0,0.0
11,118,6.924583998625167,144.41300736600837,0,0.0
11,119,7.0914650004851865,141.01458583403874,0,0.0
11,120,7.297448000826989,137.03420701136537,0,0.0
11,121,7.64891600010742,130.73747966194898,1,0.32243281602859497
11,122,7.57558599980257,132.00298960714872,1,0.4975564479827881
11,123,7.815740998921683,127.94692149317221,1,0.6147393584251404
11,124,6.893007999678957,145.07454511101324,0,0.0
11,125,6.808242000261089,146.8807953597494,0,0.0
11,126,6.842315000540111,146.14936610212524,0,0.0
11,127,6.722723999700975,148.74922725438077,0,0.0
11,128,6.7099370007781545,149.032695818758,0,0.0
11,129,6.70707199969911,149.096356807391,0,0.0
11,130,6.7842690004908945,147.399815651125,0,0.0
11,131,7.583757000247715,131.86076504921454,2,0.401279479265213
11,132,6.838629999037948,146.2281188104458,0,0.0
11,133,6.777302000045893,147.55134122593748,0,0.0
11,134,7.98221500008367,125.27850978575721,3,0.34639575084050495
11,135,7.899950998762506,126.58306363629923,4,0.5021140277385712
11,136,8.283429000584874,120.72295180285752,6,0.4356982409954071
11,137,9.04645700029505,110.54051326031673,10,0.4727881968021393
11,138,8.864846000506077,112.80511809713468,8,0.47644178569316864
11,139,8.612000001448905,116.11704596281437,8,0.5353615880012512
11,140,8.367746000658371,119.50649552714917,3,0.597598652044932
11,141,8.067634000326507,123.95207813834004,4,0.5680183172225952
11,142,8.20250600008876,121.91396141486258,6,0.49713125824928284
11,143,8.73626599968702,114.46537914892075,7,0.42485891921179636
11,144,7.7655029999732506,128.77465889890772,3,0.5062259435653687
11,145,7.8548019992013,127.31065660237942,3,0.47985819975535077
11,146,7.567104999907315,132.15093487036964,2,0.4581716060638428
11,147,7.537885001511313,132.66320722583382,2,0.47324708104133606
11,148,7.3271639994345605,136.47845197366544,1,0.3965064287185669
11,149,7.3482290008541895,136.08721229071057,1,0.3381626605987549
11,150,6.860726000013528,145.75716913895528,0,0.0
11,151,7.380126999123604,135.49902327138147,1,0.6607168912887573
11,152,6.806911000239779,146.9095159265009,0,0.0
11,153,6.822991999797523,146.56326726305346,0,0.0
11,154,6.8134419998386875,146.7686963540125,0,0.0
11,155,6.785603000025731,147.37083793381487,0,0.0
11,156,7.408641000438365,134.97752151046737,1,0.2933582067489624
11,157,6.755561998943449,148.02617460344487,0,0.0
11,158,6.754734000423923,148.04431972261833,0,0.0
11,159,7.448360000125831,134.25774264175016,1,0.37202805280685425
11,160,6.859761000669096,145.77767358111467,0,0.0
11,161,7.665372999326792,130.45679578643134,1,0.43858397006988525
11,162,7.507326999984798,133.2032026847938,1,0.45503491163253784
11,163,7.722387001194875,129.49363970560805,1,0.5579238533973694
11,164,6.794691000322928,147.1737272456501,0,0.0
11,165,6.73861500035855,148.39844685395911,0,0.0
11,166,6.7046959993604105,149.14919335573072,0,0.0
11,167,6.779666000511497,147.49989157645143,0,0.0
11,168,6.759961001080228,147.92984750062936,0,0.0
11,169,6.7964919999212725,147.13472774066145,0,0.0
11,170,7.802198000717908,128.16901082335855,1,0.3223767876625061
11,171,6.7840249994333135,147.4051171809556,0,0.0
11,172,7.853365001210477,127.33395173226575,2,0.5025549829006195
11,173,7.75514399902022,128.94667076798825,2,0.25955718755722046
11,174,7.7482500000769505,129.06140096022568,2,0.2952474057674408
11,175,7.832989000235102,127.66518629988956,4,0.5285701155662537
11,176,8.164527998815174,122.48105464824405,6,0.44394659996032715
11,177,9.092647000215948,109.97897531667624,9,0.45479163858625626
11,178,8.170519999112003,122.3912309263894,6,0.5552531480789185
11,179,8.395988999836845,119.10449144459723,7,0.538766724722726
11,180,8.34649400167109,119.81078519912498,5,0.6053231954574585
11,181,7.9524920001858845,125.74674705446112,5,0.5550666809082031
11,182,7.725579998805188,129.44011972624148,3,0.5361647009849548
11,183,7.669889000680996,130.37998332325432,1,0.3459218144416809
11,184,7.7895859994896455,128.37652733605066,2,0.36223408579826355
11,185,7.811818999471143,128.0111584853284,2,0.5837964415550232
11,186,7.357529999353574,135.91517806762042,1,0.5006420612335205
11,187,7.396166998660192,135.20516778233224,1,0.5379709601402283
11,188,7.5416869985929225,132.59632761033086,1,0.3633638620376587
11,189,6.834475998402922,146.31699639206863,0,0.0
11,190,6.871270999909029,145.5334828175514,0,0.0
11,191,6.778724000469083,147.52038878272677,0,0.0
11,192,6.7081830002280185,149.07166366302303,0,0.0
11,193,6.842730001153541,146.14050237718294,0,0.0
11,194,6.833466000898625,146.3386222845766,0,0.0
11,195,6.710585999826435,149.01828246085577,0,0.0
11,196,6.776409998565214,147.57076390179054,0,0.0
11,197,6.753050000043004,148.08123736587643,0,0.0
11,198,7.475731999875279,133.76616497443774,1,0.7052668929100037
11,199,7.537462999607669,132.67063467536104,1,0.5798688530921936
11,200,7.442411999363685,134.36504188232234,1,0.3584718704223633
11,201,7.4144040008832235,134.87260741131416,1,0.6390079855918884
11,202,6.797106998419622,147.12141507151608,0,0.0
11,203,7.0037469995440915,142.7807143897538,0,0.0
11,204,6.7968310013384325,147.12738919109213,0,0.0
11,205,6.855243998870719,145.8737282239308,0,0.0
11,206,6.800219000069774,147.05408752126064,0,0.0
11,207,7.151263998821378,139.83541932794162,0,0.0
11,208,6.912029999512015,144.67529800515902,0,0.0
11,209,6.760164998922846,147.9253835016362,0,0.0
11,210,6.753827001375612,148.06420119975255,0,0.0
11,211,6.792655000026571,147.21784044620082,0,0.0
11,212,7.865585999752511,127.1361091254313,3,0.34925583998362225
11,213,7.472793999113492,133.81875642746627,1,0.52889484167099
11,214,8.167349000359536,122.43874970397113,6,0.3930845856666565
11,215,8.312787000249955,120.29659847773452,7,0.47342105422701153
11,216,8.4948429994256,117.71847932535275,5,0.539143192768097
11,217,8.426501000940334,118.6732191556623,7,0.49805085148130146
11,218,7.936427999084117,126.00126909932308,4,0.6834577172994614
11,219,8.033895999687957,124.47260955815719,4,0.5427697449922562
11,220,7.86768000034499,127.10227156622423,4,0.5851822942495346
11,221,8.108223000817816,123.33158571232408,6,0.5049081246058146
11,222,8.103599000605755,123.40196003346769,5,0.4869967341423035
11,223,8.12729599965678,123.04215326256488,5,0.33381731510162355
11,224,7.824828000593698,127.79833626044258,3,0.4338224530220032
11,225,7.700785999986692,129.85687435045307,1,0.5199593305587769
11,226,7.4879799994960194,133.54736525301954,1,0.6289457678794861
11,227,7.508298000175273,133.1859763659695,1,0.333828330039978
11,228,7.4119279997830745,134.9176624529093,1,0.4267931580543518
11,229,7.292426000276464,137.12857695944928,0,0.0
11,230,7.542511999417911,132.58182420885433,1,0.46780943870544434
11,231,6.735402999765938,148.4692155814212,0,0.0
11,232,6.710646999636083,149.01692788403707,0,0.0
11,233,6.718230999467778,148.84870735752023,0,0.0
11,234,6.872408001072472,145.50940512320358,0,0.0
11,235,6.773916000383906,147.62509602175845,0,0.0
11,236,6.841327000074671,146.17047248130157,0,0.0
11,237,6.698655000946019,149.28369946784463,0,0.0
11,238,6.748550998963765,148.17995746843275,0,0.0
11,239,7.555968999440665,132.3456991517601,1,0.4334052801132202
11,240,7.583327998872846,131.86822463021983,1,0.4884551763534546
11,241,7.406356000501546,135.0191646110829,1,0.5858820676803589
11,242,7.414952000544872,134.86263969429837,1,0.5809162855148315
11,243,6.710956999086193,149.01004434034766,0,0.0
11,244,6.740077000358724,148.366257528924,0,0.0
11,245,6.748175999746309,148.18819189623892,0,0.0
11,246,7.427419999658014,134.63625324083515,1,0.3037790060043335
11,247,6.744918999174843,148.25974931979727,0,0.0
11,248,7.771577000312391,128.6740130040278,1,0.277604341506958
11,249,6.816606000938918,146.70057208268457,0,0.0
11,250,7.714205999945989,129.63096915055178,3,0.36953453222910565
11,251,6.921261001480161,144.48234213189517,0,0.0
11,252,7.8616669998154975,127.19948581178376,2,0.25921547412872314
11,253,7.671196000956115,130.357769489316,2,0.3111962080001831
11,254,8.008578999579186,124.86609672609154,4,0.522925853729248
11,255,8.486217000609031,117.83813681976703,7,0.42778341259275166
11,256,8.708737999768346,114.82719999460315,7,0.4567539947373526
11,257,8.113517000310821,123.25111292201531,6,0.5527682602405548
11,258,8.661353998832055,115.45538955397106,9,0.46772870752546525
11,259,8.44198200138635,118.45559488705129,6,0.5772411624590555
11,260,8.100936998744146,123.44251043490719,5,0.5290508985519409
11,261,8.050379999986035,124.21773879018565,5,0.5247104525566101
11,262,7.985717998963082,125.22355536845235,5,0.4938723921775818
11,263,7.501345999116893,133.30940875380585,2,0.5769608616828918
11,264,7.709965999310953,129.70225810196453,3,0.43299923340479535
11,265,7.57520000115619,132.00971589494293,2,0.4048435091972351
11,266,7.459033999111853,134.06561762810975,1,0.6934670805931091
11,267,7.291131998499623,137.15291400646444,1,0.44611942768096924
11,268,7.361633999607875,135.8394073996705,1,0.25443440675735474
11,269,6.747568000719184,148.20154459998267,0,0.0
11,270,6.791543999497662,147.24192320243603,0,0.0
11,271,7.236796000142931,138.18269852849926,0,0.0
11,272,6.870949999211007,145.5402819282385,0,0.0
11,273,6.7365929990046425,148.44298893339018,0,0.0
11,274,6.703412000206299,149.17776200675488,0,0.0
11,275,6.774882000172511,147.60404682687266,0,0.0
11,276,6.749300000592484,148.1635132402198,0,0.0
11,277,7.414832998620113,134.8648041279012,1,0.30386996269226074
11,278,7.464276999598951,133.97144828008516,1,0.35499513149261475
11,279,7.3550569995859405,135.96087699337966,1,0.3920469880104065
11,280,7.408317998851999,134.9834065107574,1,0.639160692691803
11,281,7.397979999950621,135.17203344787018,1,0.6008239388465881
11,282,6.797573001676938,147.1113292572663,0,0.0
11,283,6.7536919996200595,148.0671609034372,0,0.0
11,284,6.782266998925479,147.44332538934708,0,0.0
11,285,6.689132998872083,149.49620528828166,0,0.0
11,286,6.76475699947332,147.82496992543213,0,0.0
11,287,6.7170889997214545,148.87401373444183,0,0.0
11,288,6.708803000947228,149.05788705657451,0,0.0
11,289,6.738957999914419,148.39089366823467,0,0.0
11,290,6.862047001050087,145.72910967339217,0,0.0
11,291,7.893576999776997,126.6852784267831,3,0.4497222701708476
11,292,7.72765200053982,129.4054131746803,3,0.3164752920468648
11,293,8.231259998865426,121.48808325066118,5,0.46358891725540163
11,294,8.09804300115502,123.48662508427907,5,0.4636141896247864
11,295,9.035181999934139,110.67845672696902,9,0.49151166942384505
11,296,8.590485998865915,116.40784935008524,6,0.4912583629290263
11,297,8.306179999635788,120.39228623071597,6,0.49727558096249896
11,298,8.19729999966512,121.99138741303264,6,0.550133595863978
11,299,8.032526000533835,124.49383916510708,5,0.6024190545082092
11,300,8.197552000638098,121.98763727539148,6,0.5064992606639862
11,301,8.061257998633664,124.05011726079157,5,0.44215824604034426
11,302,7.739042999673984,129.21494298999582,3,0.4264678359031677
11,303,7.87890699939453,126.92115798255354,4,0.4644250273704529
11,304,7.398771000225679,135.15758224838933,1,0.46452462673187256
11,305,7.447949999914272,134.26513336038914,2,0.435904324054718
11,306,7.399398999041296,135.14611120843261,1,0.3926618695259094
11,307,7.415445001242915,134.85367362746112,1,0.4345441460609436
11,308,6.7921489990112605,147.2288078700233,0,0.0
11,309,7.4442610002734,134.33166837692468,1,0.4269367456436157
11,310,6.814179001594312,146.75282227925481,0,0.0
11,311,6.804793998526293,146.95522013106773,0,0.0
11,312,6.8053569993935525,146.9430626621224,0,0.0
11,313,6.78213399987726,147.4462167834044,0,0.0
11,314,6.783826000173576,147.4094412171558,0,0.0
11,315,7.127595999918412,140.29975885438046,0,0.0
11,316,6.858458000351675,145.80536907111247,0,0.0
11,317,6.83156000013696,146.3794506642629,0,0.0
11,318,7.40676799978246,135.01165420995642,1,0.3428351879119873
11,319,7.367414998952881,135.73281811084735,1,0.26896655559539795
11,320,6.752287999916007,148.09794843058222,0,0.0
11,321,7.357737000347697,135.911354259162,1,0.44901347160339355
11,322,6.78738699934911,147.3321029279599,0,0.0
11,323,6.849945000794833,145.9865735978851,0,0.0
11,324,6.775071000447497,147.5999292013249,0,0.0
11,325,6.788926000808715,147.29870378331967,0,0.0
11,326,6.710424000630155,149.02187997451324,0,0.0
11,327,6.742096000380116,148.32182750640462,0,0.0
11,328,6.705072999466211,149.14080727825183,0,0.0
11,329,7.603183999890462,131.52384580123365,2,0.4010562598705292
11,330,6.767662998754531,147.7614946524424,0,0.0
11,331,6.7387389990472,148.3957161928057,0,0.0
11,332,7.922265000161133,126.226527385749,3,0.34593017896016437
11,333,7.882492000135244,126.86343354142859,4,0.5024918466806412
11,334,8.090264998827479,123.60534545468286,6,0.43596042195955914
11,335,9.046651999597088,110.53813057521579,10,0.4729015529155731
11,336,8.826589999443968,113.2940354160548,8,0.4765411466360092
11,337,8.832192001136718,113.22217631492819,8,0.5351653546094894
11,338,7.753493000564049,128.97412816742755,3,0.6017182469367981
11,339,7.954937000249629,125.70809799859127,4,0.5682178288698196
11,340,8.290654001029907,120.617746184532,6,0.4974379539489746
11,341,8.467744999506976,118.09519536290048,7,0.42509802750178743
11,342,7.6955379990977235,129.94543073106087,3,0.506570835908254
11,343,7.953620999614941,125.7288975736225,3,0.47822461525599164
11,344,7.548540001153015,132.47594897122534,2,0.45848506689071655
11,345,7.581609999760985,131.89810607925304,2,0.47302940487861633
11,346,7.342144999711309,136.19997971155837,1,0.3969423174858093
11,347,7.393122999928892,135.26083632175715,1,0.3386721611022949
11,348,6.832688000940834,146.3552850448175,0,0.0
11,349,7.330487998842727,136.4165660127772,1,0.6606046557426453
11,350,6.784008000977337,147.40548652889782,0,0.0
11,351,6.795764998969389,147.15046799759187,0,0.0
11,352,6.739469999956782,148.37962035685487,0,0.0
11,353,6.745832000888186,148.23968338795507,0,0.0
11,354,7.3959700002887985,135.2087690946491,1,0.29305773973464966
11,355,6.80574699981662,146.9346421527196,0,0.0
11,356,6.758375000572414,147.96456247475214,0,0.0
11,357,7.4054430006071925,135.03581081077894,1,0.37198883295059204
11,358,6.767254000806133,147.7704250322032,0,0.0
11,359,7.856702000935911,127.27986881529647,1,0.43826955556869507
11,360,7.448157999533578,134.26138382974992,1,0.4553648829460144
11,361,7.72653100102616,129.42418788809493,1,0.558061957359314
11,362,6.767402999685146,147.76717154963657,0,0.0
11,363,6.7802699995809235,147.48675201161728,0,0.0
11,364,6.809553000493906,146.85251732785818,0,0.0
11,365,6.703101000312017,149.1846833209662,0,0.0
11,366,6.755877999239601,148.01925080834107,0,0.0
11,367,6.765473999621463,147.80930353970044,0,0.0
11,368,7.8483039997081505,127.41606339881665,1,0.3227498531341553
11,369,6.756114999006968,148.01405839702,0,0.0
11,370,7.948654998472193,125.8074479509061,2,0.5026761293411255
11,371,7.79115299883415,128.3507075460638,2,0.25989779829978943
11,372,7.704863000981277,129.78816104486762,2,0.2952374517917633
11,373,7.759190000797389,128.8794319893227,4,0.5284078121185303
11,374,8.08830499954638,123.63529813181913,6,0.4439389904340108
11,375,9.032957999806968,110.70570681512854,9,0.45458024740219116
11,376,8.258168998509063,121.09221792149577,6,0.5551888942718506
11,377,8.418606001214357,118.78451133783351,7,0.5388569746698652
11,378,8.405370001128176,118.97156221151229,5,0.6054842114448548
11,379,7.931221000035293,126.08399135461615,5,0.5549260258674622
11,380,7.7578219988936326,128.9021583819032,3,0.536268393198649
11,381,7.8722130001551704,127.02908317906144,1,0.3446551561355591
11,382,7.8308009997272165,127.70085717091197,2,0.3618888258934021
11,383,7.547662000433775,132.4913595683708,2,0.584036648273468
11,384,7.424115001413156,134.69618935181543,1,0.5004551410675049
11,385,7.332938999752514,136.37096940718448,1,0.5379010438919067
11,386,7.507341000746237,133.2029542684419,1,0.36317604780197144
11,387,6.749794998540892,148.15264763095334,0,0.0
11,388,6.756912000128068,147.9965996273218,0,0.0
11,389,6.766537999283173,147.78606136637924,0,0.0
11,390,6.664180998996017,150.05594838295264,0,0.0
11,391,6.732126999850152,148.54146394182087,0,0.0
11,392,6.729677001203527,148.59554178026096,0,0.0
11,393,6.717880998621695,148.85646235846835,0,0.0
11,394,6.743940999513143,148.2812498021842,0,0.0
11,395,6.751947999873664,148.1054060278176,0,0.0
11,396,7.4277719995734515,134.62987286866453,1,0.7054551839828491
11,397,7.680165999772726,130.20551899914565,1,0.5809539556503296
11,398,7.327166000322904,136.4784147043933,1,0.35845744609832764
11,399,7.443334001436597,134.34839815155354,1,0.6392114162445068
11,400,6.775664000088,147.58701139652325,0,0.0
11,401,6.828957999459817,146.4352248291909,0,0.0
11,402,6.798009000704042,147.10189408346386,0,0.0
11,403,6.8456780009000795,146.07756892283257,0,0.0
11,404,6.772948001525947,147.6461947994728,0,0.0
11,405,7.152750999011914,139.8063486535657,0,0.0
11,406,6.817583000156446,146.67954903916132,0,0.0
11,407,6.781303000025218,147.46428525554472,0,0.0
11,408,6.732920001013554,148.52396877572627,0,0.0
11,409,6.813413001509616,146.76932101113417,0,0.0
11,410,7.952559999466757,125.74567184240709,3,0.35064323743184406
11,411,7.4874809997709235,133.5562654557113,1,0.5289079546928406
11,412,8.308301001306972,120.36155163885984,6,0.39120718836784363
11,413,8.308821999889915,120.354004456137,7,0.47320600918361116
11,414,8.437782000328298,118.51455749403006,5,0.5391099333763123
11,415,8.343261000845814,119.857211694399,7,0.49810727153505596
11,416,7.919351999589708,126.27295769297902,4,0.6836975514888763
11,417,8.002560998647823,124.95999720201671,4,0.542882040143013
11,418,8.052920000409358,124.17855882700518,4,0.5852231532335281
11,419,8.217343000069377,121.69383704581362,6,0.5049929122130076
11,420,7.983134000824066,125.26408800062408,5,0.48690133094787597
11,421,8.03522900059761,124.45196022734713,5,0.3337674021720886
11,422,7.794272998580709,128.29932954389642,3,0.4339296619097392
11,423,7.40515999859781,135.04097145630251,1,0.5199843049049377
11,424,7.330917998842779,136.40856440596593,1,0.6290296316146851
11,425,7.883029000367969,126.85479147080663,1,0.3338207006454468
11,426,7.487310000215075,133.55931569165358,1,0.4265289902687073
11,427,6.823282999903313,146.55701661709915,0,0.0
11,428,7.44369799940614,134.34182849435592,1,0.468483567237854
11,429,12.067298999681952,82.86858559039236,0,0.0
11,430,6.821502998718643,146.59525916617508,0,0.0
11,431,6.731010000294191,148.5661141427948,0,0.0
11,432,6.785075000152574,147.38230601393695,0,0.0
11,433,6.797064001148101,147.12234574090942,0,0.0
11,434,6.80864800051495,146.87203684554822,0,0.0
11,435,6.742896999639925,148.30420812499446,0,0.0
11,436,6.73623399961798,148.45090002169033,0,0.0
11,437,7.857597000111127,127.26537133246428,1,0.4337608218193054
11,438,7.545284999650903,132.53309849081472,1,0.4881508946418762
11,439,7.4760210009117145,133.76099396698433,1,0.5849844217300415
11,440,7.427287000609795,134.6386641472045,1,0.5810379981994629
11,441,6.787943000745145,147.32003493403306,0,0.0
11,442,6.748887999492581,148.17255821628476,0,0.0
11,443,6.803053000112413,146.99282807049659,0,0.0
11,444,7.377996000286657,135.53815967928784,1,0.30325424671173096
11,445,6.797613999879104,147.1104419900549,0,0.0
11,446,7.930031999421772,126.10289593697935,1,0.2774997353553772
11,447,6.821643000876065,146.59225055775795,0,0.0
11,448,7.754221000141115,128.96201952224493,3,0.3682480851809184
11,449,7.166752000557608,139.5332222912409,0,0.0
11,450,7.8965390002849745,126.63775863880511,2,0.2595044672489166
11,451,7.68557399896963,130.11389912244232,2,0.31123507022857666
11,452,8.0825700006244,123.72302373165309,4,0.5229243636131287
11,453,8.503643000949523,117.59665826615007,7,0.42811099120548796
11,454,8.712019000086002,114.78395535984579,7,0.4565981200763157
11,455,8.260122000137926,121.06358719439037,6,0.552769402662913
11,456,8.776282000326319,113.9434671724106,9,0.46784086359871757
11,457,8.282455000880873,120.73714857414208,6,0.5769818921883901
11,458,8.105038999929093,123.38003555673804,5,0.5312430620193481
11,459,8.026818999496754,124.58235324138934,5,0.5245693445205688
11,460,8.017578998988029,124.72593037452067,5,0.49398603439331057
11,461,7.487982999009546,133.54731175702088,2,0.5766813158988953
11,462,7.58020000102988,131.92264054564993,3,0.43294888734817505
11,463,7.4987480002164375,133.35559482344743,2,0.4051245450973511
11,464,7.43114000033529,134.56885483988734,1,0.6934909820556641
11,465,7.340435000514844,136.23170832925595,1,0.4462718963623047
11,466,7.3525759999029106,136.00675464125837,1,0.2581148147583008
11,467,6.835305999629782,146.2992293328437,0,0.0
11,468,6.7430540002533235,148.30075511221355,0,0.0
11,469,6.752789999154629,148.08693889861647,0,0.0
11,470,7.216058000267367,138.5798173965548,0,0.0
11,471,6.820497999797226,146.6168599462576,0,0.0
11,472,6.71262099967862,148.97310604127316,0,0.0
11,473,6.741462999343639,148.33575443451394,0,0.0
11,474,6.759440999303479,147.94122769960478,0,0.0
11,475,7.49532800000452,133.41644288273935,1,0.30354607105255127
11,476,7.408777999444283,134.9750255811428,1,0.35507309436798096
11,477,7.369586999629973,135.6928142717102,1,0.3917667865753174
11,478,7.398776999252732,135.15747266081934,1,0.6393530964851379
11,479,7.422643999234424,134.72288312670534,1,0.6013034582138062
11,480,6.769793000785285,147.715003971909,0,0.0
11,481,6.763814999430906,147.84555758608684,0,0.0
11,482,6.697332999465289,149.31316690984895,0,0.0
11,483,6.734061000315705,148.49880331543153,0,0.0
11,484,6.690189999062568,149.47258600131244,0,0.0
11,485,6.697842998619308,149.30179763935044,0,0.0
11,486,6.7100359992764425,149.03049702085534,0,0.0
11,487,6.851821999589447,145.94658180844726,0,0.0
11,488,6.69013400147378,149.47383711293503,0,0.0
11,489,7.9944939989218256,125.08609051865754,3,0.4497450788815816
11,490,7.804955999745289,128.12372036852412,3,0.31627315282821655
11,491,8.163971999238129,122.48939610441109,5,0.46393619775772094
11,492,8.462298999802442,118.17119674255727,5,0.4635082960128784
11,493,8.633852999992087,115.82314408189676,9,0.491510550181071
11,494,8.483797999360831,117.87173622890832,6,0.49120627840360004
11,495,8.280837999336654,120.76072495079679,6,0.49751227100690204
11,496,8.177531999535859,122.28628393710451,6,0.5499783257643381
11,497,8.16334800038021,122.49875908186502,5,0.6023360967636109
11,498,8.198862999051926,121.9681314489137,6,0.5064738690853119
11,499,8.055911001065397,124.13245378055315,5,0.4420029640197754
11,500,7.8376450001087505,127.58934603265708,3,0.42611958583196
11,501,8.000596999409026,124.99067258029197,4,0.4644250273704529
11,502,7.446894000167958,134.28417270038298,1,0.46423619985580444
11,503,7.53029199950106,132.79697521241644,2,0.4360795021057129
11,504,7.330760001423187,136.41150437415234,1,0.3929787874221802
11,505,7.396062999760034,135.2070689544485,1,0.434339702129364
11,506,6.807633000789792,146.8939350702343,0,0.0
11,507,7.359146999078803,135.8853138991757,1,0.42735373973846436
11,508,6.771274998754961,147.6826742650196,0,0.0
11,509,6.737002999216202,148.43395499695373,0,0.0
11,510,6.744001999322791,148.27990859142932,0,0.0
11,511,6.699307999951998,149.2691483966949,0,0.0
11,512,6.886061000841437,145.22090348572365,0,0.0
11,513,6.93699600014952,144.1546167791427,0,0.0
11,514,6.846151998615824,146.0674551488461,0,0.0
11,515,6.750099000782939,148.1459753233265,0,0.0
11,516,7.421771000736044,134.73873013608562,1,0.34293460845947266
11,517,7.486966000215034,133.565452276834,1,0.2688182592391968
11,518,6.850957999631646,145.96498767818557,0,0.0
11,519,7.4389619985595345,134.42735696104347,1,0.4496503472328186
11,520,6.792977999793948,147.2108403752129,0,0.0
11,521,6.790019000618486,147.27499288424855,0,0.0
11,522,6.7735760003415635,147.6325060720621,0,0.0
11,523,6.807468000260997,146.89749550958746,0,0.0
11,524,6.761538999853656,147.89532383406257,0,0.0
11,525,6.7658160005521495,147.8018320212065,0,0.0
11,526,6.6576629997143755,150.20285647424654,0,0.0
11,527,7.588169000882772,131.78409704418348,2,0.4009931981563568
11,528,6.758662999345688,147.95825743890632,0,0.0
11,529,6.759965999663109,147.9297381155225,0,0.0
11,530,8.00340900059382,124.94675705387594,3,0.3462292750676473
11,531,7.867334999900777,127.10784528847596,4,0.5022359639406204
11,532,8.211636999476468,121.77839815176375,6,0.4357975622018178
11,533,8.888793001460726,112.50121358835406,10,0.4726675093173981
11,534,8.879670998794609,112.61678502905652,8,0.4766502007842064
11,535,8.501233000060893,117.62999555391991,8,0.5351445823907852
11,536,8.082610000201385,123.72241144569442,3,0.6033304929733276
11,537,7.959570000821259,125.6349275019657,4,0.5680693686008453
11,538,8.25292399895261,121.16917593411878,6,0.49739091595013935
11,539,8.567830000174581,116.71566779215082,7,0.42509802750178743
11,540,7.817724001142778,127.91446715870528,3,0.5066717664400736
11,541,7.910860000265529,126.4085067826298,3,0.4786509871482849
11,542,7.507959000577102,133.19198998331433,2,0.4583069980144501
11,543,7.581178999316762,131.905604667839,2,0.4731672406196594
11,544,7.397060000585043,135.1888452873045,1,0.39725667238235474
11,545,7.493121998777497,133.45572114842787,1,0.33904093503952026
11,546,6.768194998585386,147.74988016879078,0,0.0
11,547,7.4181239997415105,134.80497225913797,1,0.6610725522041321
11,548,6.749285999831045,148.16382059154597,0,0.0
11,549,6.735327000569669,148.47089085881365,0,0.0
11,550,6.741083998349495,148.34409425024856,0,0.0
11,551,6.790437999370624,147.2659053941271,0,0.0
11,552,7.339617999605252,136.24687280098,1,0.293144166469574
11,553,6.740562999766553,148.3555602157614,0,0.0
11,554,6.739569998899242,148.37741876163133,0,0.0
11,555,7.3908390004362445,135.3026361338645,1,0.3717380166053772
11,556,6.742441999449511,148.31421613736467,0,0.0
11,557,7.435010000335751,134.49881035194866,1,0.4378995895385742
11,558,7.408338999084663,134.98302387668207,1,0.4555755853652954
11,559,7.795191000695922,128.28422034953655,1,0.5582230687141418
11,560,6.871630999739864,145.5258584225283,0,0.0
11,561,6.711135998557438,149.00606994329283,0,0.0
11,562,6.789103999835788,147.2948418560369,0,0.0
11,563,6.7930950008303626,147.20830488573526,0,0.0
11,564,6.923758999619167,144.43021486666473,0,0.0
11,565,6.810659000620944,146.828669576443,0,0.0
11,566,7.887602001574123,126.78124476874349,1,0.32028043270111084
11,567,6.840681999165099,146.18425474565976,0,0.0
11,568,7.850825999412336,127.37513225676555,2,0.5026761293411255
11,569,7.774595000228146,128.62406337187403,2,0.260553777217865
11,570,7.712022999839974,129.66766307890293,2,0.2954515814781189
11,571,7.820042999810539,127.87653469734471,4,0.5283413380384445
11,572,8.115909000480315,123.21478714717207,6,0.44393661618232727
11,573,8.904180000172346,112.30680421786671,9,0.45489059554206
11,574,8.328225998411654,120.07359072516985,6,0.5551956196626028
11,575,8.440884999799891,118.47098971538021,7,0.5387473106384277
11,576,8.329408999998122,120.0565370244426,5,0.6052915811538696
11,577,8.026174999031355,124.5923494218212,5,0.5550048232078553
11,578,7.661286001166445,130.52638941396367,3,0.5365717609723409
11,579,7.471667000572779,133.83894115240145,1,0.3443480134010315
11,580,7.683268999244319,130.1529336143709,2,0.3618888258934021
11,581,7.846201000575093,127.45021443201676,2,0.5842122137546539
11,582,7.415306999973836,134.856183298079,1,0.5003232955932617
11,583,7.303457001398783,136.92146059167277,1,0.5381625294685364
11,584,7.461346000127378,134.02407554654727,1,0.3631964325904846
11,585,6.856248999611125,145.85234580259822,0,0.0
11,586,6.777896000130568,147.53841014685622,0,0.0
11,587,6.695034999211202,149.36441708188505,0,0.0
11,588,6.771450000087498,147.6788575544497,0,0.0
11,589,6.808554999224725,146.87404304053763,0,0.0
11,590,6.763247998605948,147.85795230429545,0,0.0
11,591,6.788554999729968,147.30675379956082,0,0.0
11,592,6.7376400002103765,148.41992151091122,0,0.0
11,593,6.860378000055789,145.76456282611073,0,0.0
11,594,7.410895001157769,134.9364685161205,1,0.7057143449783325
11,595,7.637435001015547,130.93401120494386,1,0.5809193849563599
11,596,7.33640100042976,136.30661681953057,1,0.3584265112876892
11,597,7.419712999762851,134.77610253010621,1,0.6391595602035522
11,598,6.743937001374434,148.28133771062767,0,0.0
11,599,6.790367999201408,147.26742352072915,0,0.0
11,600,6.755608001185465,148.02516662075737,0,0.0
11,601,6.759967000107281,147.92971622259842,0,0.0
11,602,6.675180999081931,149.8086718753446,0,0.0
11,603,7.013941998593509,142.57317785070475,0,0.0
11,604,6.8518789994413964,145.94536769863063,0,0.0
11,605,6.757207998816739,147.9901166539658,0,0.0
11,606,6.7598280002130195,147.93275804776206,0,0.0
11,607,6.772202999854926,147.66243717464198,0,0.0
11,608,7.9452499994658865,125.86136371633671,3,0.35007240374883014
11,609,7.42724200063094,134.6394798924083,1,0.5289079546928406
11,610,8.229487000789959,121.51425719537666,6,0.39227519432703656
11,611,8.243161000791588,121.3126857408184,7,0.47333398035594393
11,612,8.456048999505583,118.258538953413,5,0.5390745162963867
11,613,8.441696998488624,118.45959410519437,7,0.4980923022542681
11,614,7.964518999870052,125.55686037239862,4,0.6836695820093155
11,615,8.015447998332093,124.75909022279062,4,0.5425395518541336
11,616,7.881601000917726,126.87777519866344,4,0.5851179510354996
11,617,8.191515998987597,122.07752510323994,6,0.5049841105937958
11,618,7.930301000669715,126.09861844027735,5,0.48695558309555054
11,619,8.097210999039817,123.49931354371054,5,0.3337110042572021
11,620,7.744132999505382,129.13001365858128,3,0.4338536461194356
11,621,7.446499999787193,134.2912777853459,1,0.5200017094612122
11,622,7.4828100005106535,133.6396353684988,1,0.6290954947471619
11,623,7.721656000285293,129.5058987298907,1,0.33393317461013794
11,624,7.43823000084376,134.44058598437593,1,0.4263222813606262
11,625,6.732444000590476,148.5344697872413,0,0.0
11,626,7.547409999460797,132.49578333116156,1,0.46756988763809204
11,627,6.786980000470066,147.3409380800798,0,0.0
11,628,6.754946000000928,148.0396734481464,0,0.0
11,629,6.7655159982678015,147.8083859761818,0,0.0
11,630,6.731666999257868,148.55161434905276,0,0.0
11,631,6.748977000825107,148.17060420827386,0,0.0
11,632,6.72026000029291,148.8037665144524,0,0.0
11,633,6.765875001292443,147.80054313876272,0,0.0
11,634,6.712078999044024,148.98513562525503,0,0.0
11,635,7.603674001074978,131.51537005119155,1,0.4335022568702698
11,636,7.4569589996826835,134.10292319463645,1,0.4879760146141052
11,637,7.419584999297513,134.77842764719054,1,0.5850851535797119
11,638,7.51537199903396,133.06061231946228,1,0.580744743347168
11,639,6.732211000780808,148.5396105208258,0,0.0
11,640,6.738742999004899,148.3956281086352,0,0.0
11,641,6.769482000891003,147.72179021502376,0,0.0
11,642,7.38211499992758,135.46253343517543,1,0.3043747544288635
11,643,6.827574999988428,146.46488687443124,0,0.0
11,644,7.7351720010483405,129.2796074689058,1,0.2769123315811157
11,645,6.692663999274373,149.41733218766416,0,0.0
11,646,7.723751999947126,129.4707546289479,3,0.36858900388081867
11,647,7.108649000656442,140.67370605971064,0,0.0
11,648,7.858328001020709,127.25353279604913,2,0.25912734866142273
11,649,7.641524000064237,130.8639480804606,2,0.3111415505409241
11,650,7.865628000217839,127.13543025074475,4,0.5228966325521469
11,651,8.50177100073779,117.62255180870189,7,0.4291133625166757
11,652,8.636438999019447,115.78846329066144,7,0.4568471227373396
11,653,8.038345999011653,124.40370197089725,6,0.552664319674174
11,654,8.602696001617005,116.24262903304209,9,0.467701256275177
11,655,8.284237001134898,120.71117712627067,6,0.577162504196167
11,656,8.066110000072513,123.97549748156301,5,0.5331980109214782
11,657,7.951363000756828,125.76460160412974,5,0.5241318941116333
11,658,7.927029000711627,126.15066753385508,5,0.4937310695648193
11,659,7.543924999481533,132.55699123052344,2,0.5767384767532349
11,660,7.7347850001388,129.2860758226706,3,0.4272342920303345
11,661,7.575985999210388,131.99602006976065,2,0.4048599898815155
11,662,7.354428000326152,135.97250526562397,1,0.6934970617294312
11,663,7.392862999040517,135.26559333370375,1,0.4465435743331909
11,664,7.522062000134611,132.94227034849015,1,0.2579161524772644
11,665,6.725963999997475,148.67757246401786,0,0.0
11,666,6.850632000350743,145.9719336768931,0,0.0
11,667,6.774976000087918,147.6019988833943,0,0.0
11,668,7.232461999592488,138.26550351130015,0,0.0
11,669,6.911455000590649,144.68733427542253,0,0.0
11,670,6.836806000137585,146.2671311691272,0,0.0
11,671,6.7668659994524205,147.77889795378255,0,0.0
11,672,6.820311000410584,146.6208798894654,0,0.0
11,673,7.375028000751627,135.59270553251932,1,0.3037194609642029
11,674,7.404459998724633,135.05373790556544,1,0.3547925353050232
11,675,7.426335998388822,134.65590571406338,1,0.3920883536338806
11,676,7.443926000632928,134.3377137165219,1,0.6390799283981323
11,677,7.362809001278947,135.81772932399798,1,0.6003293395042419
11,678,6.721718998960569,148.77146755980692,0,0.0
11,679,6.794548000470968,147.17682470278882,0,0.0
11,680,6.673968999166391,149.83587729054548,0,0.0
11,681,6.823386000178289,146.5548043117993,0,0.0
11,682,6.858147000457393,145.81198098164222,0,0.0
11,683,6.78777799839736,147.32361609883333,0,0.0
11,684,6.648739999945974,150.4044375337471,0,0.0
11,685,6.767716999092954,147.76031564765864,0,0.0
11,686,6.711877000270761,148.989619440234,0,0.0
11,687,7.860284000344109,127.22186627814234,3,0.4495611588160197
11,688,7.717254000453977,129.5797702059792,3,0.31661572058995563
11,689,8.002112999747624,124.96699309689062,5,0.46385730504989625
11,690,8.041424000111874,124.35608419430287,5,0.46357839107513427
11,691,8.602980999057763,116.23877817578865,9,0.49144042200512356
11,692,9.033853999426356,110.69472675377523,6,0.4912336866060893
11,693,8.402049001233536,119.0185869962418,6,0.4973061482111613
11,694,8.135330999721191,122.92062855638835,6,0.5500743389129639
11,695,8.126736000122037,123.05063188775706,5,0.6023002028465271
11,696,8.233476999521372,121.45537056314507,6,0.5059542953968048
11,697,8.001060001333826,124.983439673405,5,0.4420780181884766
11,698,7.683056999667315,130.1565249409579,3,0.42636118332544964
11,699,7.799221999448491,128.21791712951796,4,0.46449846029281616
11,700,7.3043240008701105,136.90520846020485,1,0.463906466960907
11,701,7.447944999512401,134.26522350332442,2,0.4355567395687103
11,702,7.345289001023048,136.14168208503716,1,0.3931954503059387
11,703,7.225842000480043,138.39217629358154,1,0.4344789981842041
11,704,6.806340999901295,146.92181893538717,0,0.0
11,705,7.2658870012674015,137.62944563073555,1,0.4273131489753723
11,706,6.681264001599629,149.67227754517407,0,0.0
11,707,6.71412399969995,148.93975744932465,0,0.0
11,708,6.730925999363535,148.56796822525732,0,0.0
11,709,6.730890001563239,148.56876278883647,0,0.0
11,710,6.770734000383527,147.69447447549337,0,0.0
11,711,6.664901000476675,150.03973801388494,0,0.0
11,712,6.717644000673317,148.8617140026725,0,0.0
11,713,6.729458000336308,148.60037761585323,0,0.0
11,714,7.427974998790887,134.62619356726137,1,0.3425483703613281
11,715,7.6851650010212325,130.1208236735472,1,0.2689296007156372
11,716,6.847992999610142,146.0281866609575,0,0.0
11,717,7.370359999185894,135.67858287932432,1,0.4500468373298645
11,718,6.732662001013523,148.52966031110157,0,0.0
11,719,6.74592000177654,148.23774959333193,0,0.0
11,720,6.732325000484707,148.53709527213897,0,0.0
11,721,6.749480999133084,148.15953998958466,0,0.0
11,722,6.739767999533797,148.37305973576125,0,0.0
11,723,6.7999639995832695,147.05960208925873,0,0.0
11,724,6.679849999272847,149.7039604345693,0,0.0
11,725,7.698699999309611,129.89205971003886,2,0.4015820026397705
11,726,6.7032820006716065,149.18065507311334,0,0.0
11,727,6.685623000521446,149.5746918308144,0,0.0
11,728,7.888259999162983,126.77066933723142,3,0.3462292750676473
11,729,7.94566200056579,125.85483751118443,4,0.5022999495267868
11,730,8.143749000737444,122.79356840558896,6,0.4357382456461589
11,731,8.965708999312483,111.53607596194378,10,0.4728789985179901
11,732,8.773325000220211,113.98187118052732,8,0.4766704887151718
11,733,8.334524000019883,119.98285684912713,8,0.5351487547159195
11,734,7.6174850000825245,131.27692407522514,3,0.6018100380897522
11,735,7.868176000556559,127.09425919415942,4,0.5681540966033936
11,736,8.149915000103647,122.7006662017067,6,0.4972175657749176
11,737,9.13053200019931,109.52264336603508,7,0.4250336800302778
11,738,7.892473999163485,126.7029831338043,3,0.5067678093910217
11,739,7.872284999393742,127.02792138203986,3,0.478278915087382
11,740,7.648660000995733,130.74185541909512,2,0.45844775438308716
11,741,7.534458000009181,132.7235482630312,2,0.4732729494571686
11,742,7.37143200058199,135.6588516208313,1,0.39687806367874146
11,743,7.383326999843121,135.44029676882084,1,0.33886808156967163
11,744,6.681957000182592,149.65675474605325,0,0.0
11,745,7.393173000309616,135.2599215462862,1,0.6608272194862366
11,746,6.655743998635444,150.246163344777,0,0.0
11,747,6.885381999381934,145.23522443486286,0,0.0
11,748,6.683964000330889,149.61181717174048,0,0.0
11,749,6.890785998621141,145.12132581103256,0,0.0
11,750,7.3650289996294305,135.7767905666515,1,0.2921540141105652
11,751,6.781186999432975,147.46680781456362,0,0.0
11,752,6.691877999401186,149.43488211971047,0,0.0
11,753,7.511611000154517,133.1272346210992,1,0.37193936109542847
11,754,6.798598000386846,147.0891498428204,0,0.0
11,755,7.392978001007577,135.26348920065928,1,0.4382890462875366
11,756,7.306986999537912,136.8553139704832,1,0.4551306962966919
11,757,7.715140998698189,129.61525915971393,1,0.5590834021568298
11,758,6.724016000589472,148.72064550594962,0,0.0
11,759,7.248982001328841,137.95040459704353,0,0.0
11,760,6.7339390006964095,148.5014936869167,0,0.0
11,761,6.711734000418801,148.99279380523745,0,0.0
11,762,6.820278998930007,146.62156785035978,0,0.0
11,763,6.7227470008219825,148.74871832566825,0,0.0
11,764,7.796452000548015,128.2634716316742,1,0.31990253925323486
11,765,6.685837999611977,149.56988189932758,0,0.0
11,766,7.911245000286726,126.40235512409957,2,0.5023738741874695
11,767,7.613894998939941,131.3388220009899,2,0.25968560576438904
11,768,7.6573120004468365,130.5941301518922,2,0.29550325870513916
11,769,7.757045999824186,128.91505349106671,4,0.5284640043973923
11,770,8.157360998666263,122.58866564364395,6,0.4441118041674296
11,771,8.971383000243804,111.46553435215331,9,0.4546257456143697
11,772,8.31645400103298,120.24355571206078,6,0.5550524195035299
11,773,8.287631000712281,120.66174277233807,7,0.5389228803770882
11,774,8.217980999688734,121.68438939416825,5,0.6053722143173218
11,775,8.082573000137927,123.72297781695696,5,0.5551164984703064
11,776,7.675990998905036,130.27633827901153,3,0.5364831487337748
11,777,7.437500999003532,134.45376345280206,1,0.3443480134010315
11,778,7.477230999938911,133.73934816353406,2,0.3625149428844452
11,779,7.505874998969375,133.22897065795914,2,0.5842787623405457
11,780,7.304736998776207,136.89746806319437,1,0.4996039867401123
11,781,7.976281000082963,125.37171145169017,1,0.538343608379364
11,782,7.471222999811289,133.846894949496,1,0.3629956841468811
11,783,6.722230000377749,148.76015845096137,0,0.0
11,784,6.72368600135087,148.72794473137023,0,0.0
11,785,6.766372000129195,147.78968699635584,0,0.0
11,786,6.806806000895449,146.91178209992293,0,0.0
11,787,6.6494839993538335,150.38760903811115,0,0.0
11,788,6.732934998581186,148.5236379395802,0,0.0
11,789,6.741347000570386,148.33830685698123,0,0.0
11,790,6.728421998559497,148.62325820438912,0,0.0
11,791,6.651226000030874,150.34822151515496,0,0.0
11,792,7.397239998681471,135.18555571784154,1,0.7057414650917053
11,793,7.572349999463768,132.05940032761487,1,0.5810893177986145
11,794,7.357376000072691,135.91802294596877,1,0.35845303535461426
11,795,7.343675000811345,136.17160343962905,1,0.6390033960342407
11,796,6.7260440009704325,148.6758040619003,0,0.0
11,797,6.677706998743815,149.7520032232795,0,0.0
11,798,6.687105998935294,149.5415206756432,0,0.0
11,799,6.779414001357509,147.5053743287783,0,0.0
12,0,9.226652999132057,108.38166343679221,1,0.33306580781936646
12,1,8.449973998722271,118.34355941819597,3,0.47892236709594727
12,2,7.795409999744152,128.28061641822822,2,0.324062705039978
12,3,7.851201000448782,127.36904837143248,3,0.4040653904279073
12,4,7.726337000349304,129.42743760138737,3,0.4251891573270162
12,5,7.490424999559764,133.5037731582351,1,0.27245837450027466
12,6,7.528875001298729,132.8219687307201,2,0.3751068711280823
12,7,7.340196998484316,136.23612557081108,1,0.3242577910423279
12,8,7.3780479997367365,135.53720442530084,1,0.3389595150947571
12,9,7.4741379994520685,133.794693123583,2,0.32378509640693665
12,10,8.089275001111673,123.62047276950956,4,0.43081535398960114
12,11,8.095892999335774,123.51941905383937,3,0.45647303263346356
12,12,8.422760000030394,118.7259283176051,3,0.567428469657898
12,13,8.56079199911619,116.81162211431362,5,0.37644251585006716
12,14,7.763859999613487,128.80191039634713,2,0.2909949719905853
12,15,7.805814999301219,128.1096208518291,3,0.4081340233484904
12,16,7.4481450010353,134.26161814263807,2,0.46309661865234375
12,17,7.5736340004368685,132.0370115511678,2,0.5130490362644196
12,18,7.409629000903806,134.9595235980132,2,0.41945478320121765
12,19,7.562835999124218,132.22553022646542,2,0.3026406466960907
12,20,7.335709999097162,136.3194564838406,1,0.44674551486968994
12,21,7.230666999021196,138.29982768330618,1,0.2529141902923584
12,22,7.611225000800914,131.3848953216824,3,0.3593238790829976
12,23,7.3314530000061495,136.39861020716646,1,0.2548139691352844
12,24,7.524118998844642,132.9059256178104,2,0.42616724967956543
12,25,7.599931999720866,131.58012466910606,2,0.32636651396751404
12,26,7.278402999872924,137.39277696184993,1,0.7062302231788635
12,27,7.576437001262093,131.98816275162304,3,0.43944819768269855
12,28,7.5028869996458525,133.28202864406748,2,0.6269600987434387
12,29,7.620525999300298,131.22453753084997,3,0.41300050417582196
12,30,7.258669998918776,137.76628502865623,1,0.3340946435928345
12,31,7.7106360004108865,129.6909878700942,4,0.4555060565471649
12,32,7.982496999829891,125.27408403928122,4,0.3919172137975693
12,33,8.139039999150555,122.8646130384378,5,0.4275510907173157
12,34,7.917171000372036,126.30774299974182,3,0.46440114577611286
12,35,7.510146000640816,133.1532036680343,2,0.491879403591156
12,36,8.283778999611968,120.71785112167314,5,0.4830676794052124
12,37,7.962379000673536,125.59060551066587,3,0.604218582312266
12,38,7.855582000047434,127.29801560138533,4,0.5515188276767731
12,39,8.002021999345743,124.96841424352013,4,0.5235655158758163
12,40,7.74552999973821,129.10672349520289,3,0.4522895812988281
12,41,7.8177619998314185,127.91384542296937,4,0.533232182264328
12,42,7.622060000358033,131.19812753416093,3,0.47119830052057904
12,43,7.641894000698812,130.85761198840956,3,0.5304351647694906
12,44,7.888872998591978,126.76081870990723,3,0.5584263602892557
12,45,7.347339998887037,136.10367835862752,1,0.3411014676094055
12,46,7.44334500086552,134.3481996177416,2,0.6756419837474823
12,47,7.351714999458636,136.02268315265727,1,0.7644298076629639
12,48,7.3200719998567365,136.61067814900883,1,0.878261387348175
12,49,6.747133998942445,148.2110774970145,0,0.0
12,50,7.2445540008629905,138.03472234189672,1,0.38431739807128906
12,51,6.746019000274828,148.2355741896459,0,0.0
12,52,6.651591000263579,150.33997128812842,0,0.0
12,53,6.770584999685525,147.69772479725862,0,0.0
12,54,6.681433000267134,149.6684917681609,0,0.0
12,55,6.970775999434409,143.45605138956373,0,0.0
12,56,6.816770001023542,146.69704271228886,0,0.0
12,57,6.740404998708982,148.35903780136863,0,0.0
12,58,7.45574999928067,134.12466889266403,1,0.3199821710586548
12,59,6.699765999655938,149.25894427527086,0,0.0
12,60,7.254296999235521,137.8493326238756,1,0.5825288891792297
12,61,7.308282998565119,136.83104502060692,1,0.27803343534469604
12,62,7.256255001266254,137.8121358504483,1,0.44286471605300903
12,63,6.659754000793328,150.1556964237534,0,0.0
12,64,6.679005000478355,149.72290033146842,0,0.0
12,65,6.621029999223538,151.03390259782424,0,0.0
12,66,6.606502998693031,151.36601015663365,0,0.0
12,67,7.417212998916511,134.82152934614086,1,0.6178725361824036
12,68,6.730549999701907,148.57626791930667,0,0.0
12,69,7.361420000961516,135.84335629122975,2,0.464022696018219
12,70,6.657387999439379,150.20906098370867,0,0.0
12,71,6.6190920006192755,151.07812369225886,0,0.0
12,72,6.614763999095885,151.17697322787046,0,0.0
12,73,6.673281000985298,149.85132498576814,0,0.0
12,74,6.592099000044982,151.6967509124448,0,0.0
12,75,6.606405999264098,151.3682326080765,0,0.0
12,76,6.638142000156222,150.6445628876975,0,0.0
12,77,6.61093999951845,151.26441929178625,0,0.0
12,78,6.61187500008964,151.2430286395981,0,0.0
12,79,6.668945999990683,149.94873252855805,0,0.0
12,80,7.125778000045102,140.33555353445905,0,0.0
12,81,6.805572000303073,146.93842045245674,0,0.0
12,82,6.618095001613256,151.1008832233801,0,0.0
12,83,6.689600000754581,149.48576893793364,0,0.0
12,84,6.643017000897089,150.5340118601168,0,0.0
12,85,6.669819000308053,149.92910601529277,0,0.0
12,86,6.639494000410195,150.61388713329944,0,0.0
12,87,6.638181001108023,150.6436778137088,0,0.0
13,0,7.948106000185362,125.81613782914803,0,0.0
13,1,7.333929999731481,136.35254222996582,0,0.0
13,2,6.584020999071072,151.88286916780615,0,0.0
13,3,6.679666999843903,149.70806179759694,0,0.0
13,4,6.656646000919864,150.22580438584427,0,0.0
13,5,7.465675000275951,133.94636117471458,1,0.3515336513519287
13,6,7.527513000241015,132.84600105878025,2,0.44530290365219116
13,7,7.25886300097045,137.7626220340993,1,0.588874340057373
13,8,7.221624999147025,138.47298912891682,1,0.4174507260322571
13,9,7.247208000990213,137.9841726446055,1,0.48234766721725464
13,10,7.305643999643507,136.88047214575428,1,0.6736060976982117
13,11,7.392089999484597,135.27973821608282,2,0.6039697825908661
13,12,7.867980999435531,127.09740911572392,4,0.43833617866039276
13,13,7.567788999949698,132.1389906624837,3,0.4896446069081624
13,14,7.39104199965368,135.29891996918116,2,0.3855796158313751
13,15,7.314603999475366,136.7128008668308,1,0.36257416009902954
13,16,7.907953999165329,126.45495915954345,4,0.44245046377182007
13,17,7.918441999208881,126.28746918900315,2,0.504104733467102
13,18,7.764750000205822,128.78714703931135,3,0.37516850233078003
13,19,7.528936001108377,132.8208926005991,3,0.31704644362131756
13,20,7.476322998627438,133.75559084105754,2,0.369261234998703
13,21,8.082804999503423,123.71942661754628,6,0.36743560433387756
13,22,7.688551000683219,130.06351910927535,2,0.44737687706947327
13,23,7.346903999859933,136.11175537601483,1,0.5377159118652344
13,24,7.939830000395887,125.94728098084457,4,0.43125055730342865
13,25,7.316205001188791,136.6828840686548,1,0.6503092050552368
13,26,7.660185001441278,130.54514999466048,4,0.46185560524463654
13,27,7.4087249995500315,134.97599115377275,2,0.5656794905662537
13,28,7.55720699999074,132.32401864885074,2,0.45185381174087524
13,29,7.710415000474313,129.69470514083665,3,0.3599240978558858
13,30,7.411272999888752,134.929586322756,1,0.2965821623802185
13,31,7.320018999962485,136.6116672654982,1,0.37041765451431274
13,32,7.274427000083961,137.46787203836922,1,0.27340167760849
13,33,7.218206999823451,138.53855950992522,1,0.28755128383636475
13,34,7.361944000876974,135.83368739029763,2,0.43623605370521545
13,35,7.200300000477,138.8831020837677,1,0.2557969093322754
13,36,7.43309599965869,134.5334434058053,3,0.4704917271931966
13,37,8.170630999302375,122.3895682090382,2,0.3448087275028229
13,38,7.411247001073207,134.93005965867715,1,0.33178478479385376
13,39,7.211587000711006,138.665733340166,1,0.2582123279571533
13,40,7.4140439992333995,134.87915638258937,2,0.5447534918785095
13,41,7.665121998797986,130.46106769818093,3,0.554742177327474
13,42,8.027059000596637,124.57862835263474,6,0.4303504129250844
13,43,8.0265069991583,124.58719591285038,6,0.4149042069911957
13,44,7.84813199970813,127.4188558547677,5,0.3483426570892334
13,45,7.912188999398495,126.38727412553246,5,0.3452425003051758
13,46,8.136950998959946,122.89615608202858,6,0.3153701027234395
13,47,7.839092000722303,127.56579459813187,5,0.3987001061439514
13,48,7.589685001221369,131.75777385215264,3,0.4946818947792053
13,49,8.313348998854053,120.28846619308827,7,0.3641097034726824
13,50,7.558957000583177,132.29338385214382,3,0.645025908946991
13,51,7.4449109997658525,134.3199401620047,3,0.4726598858833313
13,52,7.459393998942687,134.0591474510855,2,0.7316170930862427
13,53,7.57921700096631,131.93975048774897,4,0.5529959946870804
13,54,7.9885479990480235,125.17919403115155,4,0.4696962833404541
13,55,7.551205999334343,132.42917754967252,3,0.5792431831359863
13,56,7.551733000582317,132.41993591707885,3,0.6532808144887289
13,57,7.431375999658485,134.56458131656316,2,0.8000528812408447
13,58,7.324679001612822,136.5247541605318,2,0.6527091860771179
13,59,7.918302999314619,126.28968607118931,1,0.8716089129447937
13,60,7.407842000247911,134.9920800101479,1,0.8507164716720581
13,61,7.353541999691515,135.98888808168235,1,0.8914428353309631
13,62,6.681331999061513,149.67075429576977,0,0.0
13,63,7.2377899996354245,138.163721253362,1,0.2659238576889038
13,64,6.7075150000164285,149.08650968317636,0,0.0
13,65,6.654450000496581,150.27537962196365,0,0.0
13,66,6.75465600033931,148.04602927962083,0,0.0
13,67,6.653006999840727,150.30797352594698,0,0.0
13,68,6.7762800008495105,147.57359493330185,0,0.0
13,69,6.617233000724809,151.12056654049607,0,0.0
13,70,6.773740000426187,147.62893171823578,0,0.0
13,71,7.465469001544989,133.95005722923082,2,0.3796078562736511
13,72,7.366779000221868,135.74453638013068,1,0.2767985463142395
13,73,6.624376999752712,150.95759194220528,0,0.0
13,74,6.714187000397942,148.93835991471957,0,0.0
13,75,6.600796001293929,151.4968800435544,0,0.0
13,76,6.640884999796981,150.58233955723838,0,0.0
13,77,7.2813509996194625,137.33715076395328,1,0.5242512226104736
13,78,7.3903259999497095,135.31202818479252,1,0.4533296823501587
13,79,6.616467999265296,151.1380392244082,0,0.0
13,80,6.653511998592876,150.29656521420355,0,0.0
13,81,6.604153999433038,151.4198487930247,0,0.0
13,82,7.172913999966113,139.41335418279436,0,0.0
13,83,7.398275998639292,135.1666253305395,1,0.7418617606163025
13,84,6.679541000266909,149.7108858168609,0,0.0
13,85,6.735519998983364,148.46663659983736,0,0.0
13,86,6.5944030011451105,151.64374998409275,0,0.0
13,87,6.721577999996953,148.77458834822022,0,0.0
13,88,6.597945000976324,151.5623424948262,0,0.0
13,89,6.66920699950424,149.94286428271542,0,0.0
13,90,6.589642000108142,151.75331224117926,0,0.0
13,91,6.6626589996303665,150.09022674813139,0,0.0
13,92,6.6249450010218425,150.94464932852398,0,0.0
13,93,6.625564999922062,150.93052441742904,0,0.0
13,94,6.573433998710243,152.12748773262308,0,0.0
13,95,6.74030900154321,148.36115076787246,0,0.0
13,96,6.645256000410882,150.48329213173565,0,0.0
13,97,6.534095999086276,153.0433590415322,0,0.0
13,98,6.568766000782489,152.23559491704793,0,0.0
13,99,6.599776999792084,151.52027106847754,0,0.0
13,100,6.629277000683942,150.8460123022209,0,0.0
13,101,6.646822999755386,150.44781545059973,0,0.0
13,102,6.755101001544972,148.0362765517922,0,0.0
14,0,9.391687000970705,106.47714301984745,3,0.5052202741305033
14,1,7.885558999987552,126.81409142986294,1,0.9277719855308533
14,2,7.391200000711251,135.29602769560702,1,0.9197342991828918
14,3,7.264198999109794,137.6614269684169,1,0.9018737077713013
14,4,7.762495999486418,128.82454304210424,2,0.6021580994129181
14,5,7.746903000224847,129.08384162948417,2,0.6726647615432739
14,6,9.168890999717405,109.06444411116034,3,0.6851756970087687
14,7,12.41825999932189,80.52657941246244,1,0.8087379932403564
14,8,12.125118000767543,82.47342417093986,1,0.7821599841117859
14,9,10.68121299977065,93.62232548133552,1,0.7938351631164551
14,10,7.325055999899632,136.51772764791176,1,0.6799155473709106
14,11,7.332978999329498,136.3702255374571,1,0.7277419567108154
14,12,7.345883999732905,136.13065494042104,1,0.7970833778381348
14,13,7.287858999916352,137.21450977735404,1,0.7241154909133911
14,14,7.215511999675073,138.59030378509962,1,0.8685750961303711
14,15,7.5211319999652915,132.95870887582012,3,0.5999697049458822
14,16,7.324508000237984,136.52794153102278,1,0.8802775740623474
14,17,7.195017000412918,138.98507813707883,1,0.8583524227142334
14,18,7.240995000756811,138.102567381345,1,0.8054001331329346
14,19,7.573659999252413,132.03655829529035,3,0.4752341111501058
14,20,7.680462000280386,130.20050095469435,4,0.3284924030303955
14,21,7.303692998902989,136.91703637463945,1,0.27176040410995483
14,22,6.6988429989578435,149.27950993262158,0,0.0
14,23,7.294191998880706,137.0953767262296,1,0.35382866859436035
14,24,7.731847999821184,129.33518610597716,3,0.43653033177057904
14,25,8.196345001124428,122.00560126041712,3,0.3800932963689168
14,26,7.868366001275717,127.09119019601624,3,0.26758380730946857
14,27,7.492388000173378,133.46879525951667,2,0.3847265839576721
14,28,7.639990999450674,130.89020655546602,2,0.3331914246082306
14,29,7.484408999516745,133.61108406349362,2,0.4811123013496399
14,30,7.598340000185999,131.60769325609556,4,0.3318296819925308
14,31,7.804176000718144,128.13652586871177,3,0.3258885343869527
14,32,7.4518290002743015,134.1952425321609,2,0.3075180649757385
14,33,7.887484998718719,126.78312544016816,3,0.41062963008880615
14,34,8.076306001385092,123.81898355863427,5,0.4694344997406006
14,35,7.749422000415507,129.0418820844164,3,0.4211493333180745
14,36,8.164096998370951,122.48752068961677,3,0.505036195119222
14,37,7.520286000726628,132.97366614825256,1,0.6820472478866577
14,38,7.5602130000334,132.27140558018434,2,0.48190250992774963
14,39,7.6365909990272485,130.94848213389722,3,0.3070687452952067
14,40,7.391056000415119,135.2986636745595,2,0.40147665143013
14,41,7.2173339995060815,138.55531697278178,1,0.32074445486068726
14,42,6.695079000564874,149.36343543005668,0,0.0
14,43,6.727058000251418,148.65339349870715,0,0.0
14,44,7.406202999845846,135.02195389740388,2,0.3275063633918762
14,45,7.7527869998448296,128.98587308280426,1,0.337225079536438
14,46,7.324107999011176,136.53539791262082,1,0.2885506749153137
14,47,7.3929560003307415,135.26389173089393,2,0.40753450989723206
14,48,7.506195001042215,133.22329087655632,2,0.4239059388637543
14,49,7.438595999701647,134.433971147258,2,0.5310925245285034
14,50,7.368303000475862,135.71646007709205,2,0.5229301452636719
14,51,7.501857999159256,133.30031041804196,2,0.6089361310005188
14,52,7.633426999746007,131.00275931547833,3,0.45191357533137005
14,53,7.68841299941414,130.06585365226871,3,0.4064210255940755
14,54,7.664774999284418,130.4669739285706,3,0.3779958685239156
14,55,7.983253999555018,125.26220511783033,6,0.34863245487213135
14,56,7.540336999227293,132.62006725992174,3,0.3548818826675415
14,57,7.614033998834202,131.3364243124094,3,0.5623734593391418
14,58,7.921956001155195,126.23145090103733,6,0.4229695697625478
14,59,7.823865000318619,127.81406631623577,4,0.5767649412155151
14,60,7.871451998653356,127.04136418173921,5,0.4518830895423889
14,61,7.532259000072372,132.7622961438782,3,0.5769050319989523
14,62,7.706603999395156,129.75884060975287,4,0.4461207389831543
14,63,7.792705000611022,128.32514510963657,4,0.4953753501176834
14,64,8.013642000150867,124.78720661356893,4,0.45168545842170715
14,65,8.14336099938373,122.79941906980146,5,0.5439734816551208
14,66,7.664008999199723,130.4800138027526,4,0.3834141343832016
14,67,8.20867000038561,121.82241458762797,3,0.4790952801704407
14,68,8.064444000410731,124.00110905960398,4,0.504896268248558
14,69,7.553433999419212,132.39011555232898,2,0.6471680402755737
14,70,7.707763999860617,129.73931220754596,3,0.522942860921224
14,71,7.9674239987070905,125.51108114269738,6,0.4002770781517029
14,72,7.53820299905783,132.65761085566228,3,0.5183509588241577
14,73,7.343663999563432,136.17180743283575,2,0.3599476218223572
14,74,7.314250000490574,136.71941756611122,1,0.5423482656478882
14,75,7.195272000899422,138.9801525050058,1,0.34505587816238403
14,76,6.606451999687124,151.367178637998,0,0.0
14,77,6.568745000549825,152.2360816131996,0,0.0
14,78,6.64004000100249,150.60150237785066,0,0.0
14,79,6.7549039995356,148.0405939253541,0,0.0
15,0,10.086217000207398,99.14519982858167,3,0.35512053966522217
15,1,8.552921000955394,116.91912036698295,4,0.39198972284793854
15,2,7.542000001194538,132.59082469392936,1,0.311751127243042
15,3,8.129769001243403,123.00472496168778,3,0.32022817929585773
15,4,7.842598000934231,127.50876685007664,2,0.5036056637763977
15,5,7.834836998881656,127.63507398338216,4,0.3965659439563751
15,6,6.865596998977708,145.6537574443855,0,0.0
15,7,7.5615679998009,132.24770312537433,1,0.43031400442123413
15,8,8.035438000661088,124.44872325786453,3,0.4313384493192037
15,9,7.972798000992043,125.42648137775114,3,0.43787866830825806
15,10,7.725764999122475,129.43702016739886,3,0.40941311915715534
15,11,8.15910599885683,122.56244742256195,5,0.3652898073196411
15,12,7.543763000285253,132.55983783718906,2,0.2918857932090759
15,13,7.985263000591658,125.23069057661674,5,0.41031283140182495
15,14,7.882714999141172,126.85984462319783,2,0.5319934487342834
15,15,7.51052500163496,133.1464844045271,1,0.6920813322067261
15,16,7.526026998675661,132.87223128165337,2,0.5318915545940399
15,17,8.050045000345563,124.22290806536773,4,0.43361368775367737
15,18,7.681876999413362,130.17651806666086,2,0.48300158977508545
15,19,7.451551000485779,134.20024904007346,1,0.5221415162086487
15,20,7.904172000053222,126.5154655026822,2,0.32520097494125366
15,21,6.82968000000983,146.4197444094834,0,0.0
15,22,7.705739999437355,129.7733897163694,3,0.3252122799555461
15,23,7.524185999500332,132.9047421297677,1,0.3102000951766968
15,24,7.289584000318428,137.18203946292647,1,0.27253037691116333
15,25,7.409166000797995,134.967957242731,2,0.372086763381958
15,26,7.2809329994925065,137.34503532304194,1,0.25754469633102417
15,27,7.3083430015685735,136.82992160950468,1,0.631826639175415
15,28,7.706843000050867,129.75481659525175,3,0.40132246414820355
15,29,7.726461999482126,129.42534371708888,4,0.46263402700424194
15,30,8.2492639994598,121.22293577529882,6,0.4271627366542816
15,31,7.9055540008994285,126.49334883883259,4,0.5068982392549515
15,32,7.833333000235143,127.65957989657554,5,0.34340319633483884
15,33,7.564334000562667,132.19934496885196,3,0.4052393436431885
15,34,7.6523360003193375,130.67905015648415,3,0.4830484588940938
15,35,7.626140000866144,131.12793626742027,4,0.3757219761610031
15,36,7.756532000712468,128.92359625514933,5,0.46611233949661257
15,37,8.506868000040413,117.55207674496059,8,0.32773757725954056
15,38,7.70629600083339,129.76402669867028,4,0.5445099920034409
15,39,7.562265000160551,132.2355140925066,2,0.7071748375892639
15,40,8.04424700072559,124.31244340331669,3,0.5569512645403544
15,41,8.01887299894588,124.70580343789642,5,0.46878900527954104
15,42,7.891081000707345,126.72534978545544,4,0.45321933925151825
15,43,7.995191999725648,125.07517018156845,5,0.46320157051086425
15,44,7.6872800000273855,130.08502357094284,4,0.5722058564424515
15,45,7.536945000538253,132.67975286121694,3,0.6302644411722819
15,46,7.408852001390187,134.97367740810066,2,0.5649230480194092
15,47,7.350668000071892,136.04205767288357,1,0.8322791457176208
15,48,7.249850999869523,137.9338692640714,1,0.6858900785446167
15,49,7.405132999338093,135.04146381832504,2,0.32209983468055725
15,50,6.816801000240957,146.69637561147118,0,0.0
15,51,7.41156799995224,134.92421576735774,2,0.28336408734321594
15,52,6.746490000296035,148.225225258782,0,0.0
15,53,7.308006001039757,136.83623136840933,1,0.28603798151016235
15,54,6.676898001387599,149.7701477231162,0,0.0
15,55,6.700854000882828,149.23470946662195,0,0.0
15,56,6.799409000450396,147.07160577246634,0,0.0
15,57,6.614044001253205,151.19343019346766,0,0.0
15,58,6.639506998908473,150.61359226888362,0,0.0
15,59,6.6128409998782445,151.2209351500228,0,0.0
15,60,6.638215001657954,150.64290622558036,0,0.0
15,61,6.625890999202966,150.9230985116252,0,0.0
15,62,6.784053999581374,147.4044870606436,0,0.0
15,63,6.597544999749516,151.57153153755922,0,0.0
15,64,7.237383000756381,138.1714909789201,0,0.0
15,65,7.499872001062613,133.33560890883416,1,0.5933730006217957
15,66,7.243440000820556,138.05595130031,1,0.3533393144607544
15,67,7.214878000013414,138.60248225931758,0,0.0
15,68,7.381553001323482,135.472846949782,0,0.0
15,69,7.117281000319053,140.50309380157563,0,0.0
15,70,6.7645609997271094,147.82925307944464,0,0.0
15,71,6.803043999752845,146.99302254054658,0,0.0
15,72,6.731393999871216,148.55763902976588,0,0.0
15,73,6.691634000162594,149.4403310126797,0,0.0
15,74,6.76002399995923,147.928468893902,0,0.0
16,0,8.955248000347638,111.66636590758633,1,0.2564062476158142
16,1,8.058089000769542,124.09890234576719,1,0.2990397810935974
16,2,6.722033000187366,148.76451811113193,0,0.0
16,3,6.720209999912186,148.80487365916647,0,0.0
16,4,6.716189000144368,148.89396352284078,0,0.0
16,5,6.632043001445709,150.78309953388595,0,0.0
16,6,6.64623800003028,150.46105781879072,0,0.0
16,7,7.337716999245458,136.28217061285284,1,0.6934294104576111
16,8,8.014250999622163,124.77772408764656,1,0.7258505821228027
16,9,7.271982000020216,137.51409175617047,1,0.8356708884239197
16,10,7.391273999019177,135.29467316902338,1,0.9475806355476379
16,11,7.455960998413502,134.12087324662542,1,0.9426424503326416
16,12,8.184946000255877,122.17551587618759,4,0.4643194228410721
16,13,7.695860000239918,129.93999370685344,2,0.6657275855541229
16,14,7.655051000256208,130.63270250799516,3,0.5666897495587667
16,15,9.060820999366115,110.36527485422776,4,0.3665156215429306
16,16,8.965238001110265,111.54193562693582,4,0.3888750970363617
16,17,9.117816000070889,109.6753871751991,5,0.42014700174331665
16,18,7.72791000053985,129.40109291259122,4,0.4818720370531082
16,19,7.660479999685776,130.54012281750215,2,0.5945739150047302
16,20,8.286897998914355,120.6724156772543,5,0.4479894757270813
16,21,8.457443000224885,118.23904695230105,7,0.49491165365491596
16,22,7.635698000740376,130.96379661728864,4,0.5335538983345032
16,23,7.951413999762735,125.76379497154082,6,0.3535560965538025
16,24,7.815594000931014,127.94932795650303,4,0.5089128017425537
16,25,8.137794000504073,122.8834251565053,7,0.36576478821890696
16,26,7.524664999436936,132.89628177132525,2,0.34411507844924927
16,27,7.727763000730192,129.40355441872512,4,0.3953670859336853
16,28,7.6258340013737325,131.1331979977348,3,0.4164983630180359
16,29,7.300164999833214,136.98320517725926,1,0.7195179462432861
16,30,7.618087000082596,131.2665502493156,3,0.46579315265019733
16,31,7.464914000593126,133.96001613957574,3,0.5653319954872131
16,32,7.577387999845087,131.97159760334884,3,0.4282718102137248
16,33,7.8562340004282305,127.2874509523891,4,0.35039861500263214
16,34,7.94318099906377,125.8941474603016,4,0.2928077429533005
16,35,8.014534998437739,124.77330253033126,5,0.30475008487701416
16,36,7.977622000908013,125.35063705527536,3,0.34641075134277344
16,37,7.45335999999952,134.1676773965117,2,0.2763752341270447
16,38,7.403708001220366,135.06745536630675,2,0.39551857113838196
16,39,7.819424999979674,127.8866412815008,4,0.36717335879802704
16,40,7.872847998442012,127.01883742679826,6,0.32478376229604083
16,41,7.715001000178745,129.6176111936773,4,0.39474155008792877
16,42,7.970910000949516,125.45619005620154,4,0.444068118929863
16,43,8.20942899918009,121.811151555105,6,0.4367537995179494
16,44,7.696791000853409,129.92427621967667,3,0.3753740390141805
16,45,7.664456999918912,130.4723870211001,3,0.5426955223083496
16,46,7.8692540009797085,127.0768486918203,5,0.434172523021698
16,47,7.881805000579334,126.87449130326078,4,0.3287559747695923
16,48,7.875163000790053,126.98149865592342,5,0.42949875593185427
16,49,7.869941999160801,127.06573950692818,5,0.40328689813613894
16,50,7.707525999649079,129.74331841962385,4,0.4453292340040207
16,51,7.6915350000490434,130.0130598110291,3,0.3187081217765808
16,52,7.402073000775999,135.09728962348314,1,0.29763656854629517
16,53,6.650915000136592,150.35525186827115,0,0.0
16,54,6.690480000543175,149.4661070534272,0,0.0
16,55,7.435008999891579,134.49882844991612,2,0.512730062007904
16,56,6.691800001135562,149.43662390243364,0,0.0
16,57,7.344413001192152,136.15792029093123,1,0.5880558490753174
16,58,7.8355879995797295,127.6228408198129,1,0.8679568767547607
16,59,7.67601699953957,130.2758969997048,1,0.887185275554657
16,60,7.620487000167486,131.2252090946447,1,0.8942846059799194
16,61,7.384512000498944,135.4185625173923,1,0.8882729411125183
16,62,7.580778001283761,131.91258203718084,2,0.6305047571659088
16,63,7.28458000048704,137.27627398328264,1,0.8759500980377197
16,64,7.568283999717096,132.13034817897693,2,0.5769894123077393
16,65,7.6959720008744625,129.93810267064043,2,0.563943088054657
16,66,7.274846999280271,137.45993559712443,1,0.8819698095321655
16,67,7.932728000014322,126.06003886660359,4,0.5373340547084808
16,68,7.245119000799605,138.02395790733533,1,0.8475939035415649
16,69,7.1944130013434915,138.99674647719823,1,0.7590373754501343
16,70,7.219660999908228,138.51065860470615,1,0.7584947347640991
16,71,7.534713000495685,132.71905644371765,2,0.6776933968067169
16,72,7.208093998997356,138.7329299727639,1,0.8365852236747742
16,73,7.171571000071708,139.439461728818,1,0.8403133749961853
16,74,7.378787000561715,135.52363009311344,2,0.7153152823448181
16,75,7.5003519996243995,133.32707585591686,2,0.7176547944545746
16,76,7.404439000310958,135.05412090747237,2,0.6440176367759705
16,77,7.806244999301271,128.1025640483368,4,0.6644543558359146
16,78,8.147771999574616,122.73293853242441,5,0.5287311911582947
16,79,8.312629999636556,120.29887051916444,6,0.560306966304779
16,80,8.11599699954968,123.21345117001466,5,0.6352269768714904
16,81,8.278449000499677,120.79557413950864,6,0.5763622423013052
16,82,8.019816001251456,124.6911400266483,5,0.5398341536521911
16,83,7.840668000426376,127.54015345958022,4,0.6683959513902664
16,84,7.834803998775897,127.63561158086905,5,0.6184833645820618
16,85,7.750333999865688,129.02669743230805,3,0.8190386494000753
16,86,7.580104000226129,131.92431132477444,3,0.6605949600537618
16,87,7.568040000478504,132.13460815967846,3,0.6686190168062845
16,88,7.699604999288567,129.87679239290827,3,0.7016979257265726
16,89,7.833531000869698,127.656353168064,5,0.6302105188369751
16,90,7.80792899968219,128.07493511284537,4,0.7152950018644333
16,91,7.933365999633679,126.04990114488285,5,0.5332297682762146
16,92,7.775968000714784,128.60135225711807,4,0.5730293542146683
16,93,7.824944999811123,127.79642540926969,4,0.5650373846292496
16,94,7.558797000456252,132.29618415994497,2,0.6217055916786194
16,95,7.428733999404358,134.6124386847316,2,0.6013903021812439
16,96,7.497663998947246,133.37487517984414,2,0.5816586911678314
16,97,7.742543000858859,129.156531631671,4,0.414422944188118
16,98,7.310843999221106,136.78311288088483,1,0.3319786787033081
16,99,6.99392699971213,142.98118925764595,0,0.0
16,100,7.571891999759828,132.0673881814108,1,0.2568631172180176
16,101,7.36721400062379,135.73652128407414,1,0.44882094860076904
16,102,7.536175999121042,132.69329167957753,1,0.4095221757888794
16,103,6.801420000556391,147.02812058631798,0,0.0
16,104,7.515244999012793,133.06286090890723,2,0.6748854517936707
16,105,7.453690999682294,134.161719347183,2,0.40263494849205017
16,106,7.283384000402293,137.29881603726588,1,0.3578672409057617
16,107,7.686491000640672,130.0983764785062,3,0.49411724011103314
16,108,8.17283299875271,122.35659289167099,3,0.5312036673227946
16,109,7.843409999622963,127.49556634780924,4,0.5268798470497131
16,110,8.006747000763426,124.89466694834397,3,0.6283568739891052
17,0,9.13234499967075,109.50090037510117,2,0.6021392941474915
17,1,8.203446999687003,121.89997692898538,2,0.5328418016433716
17,2,7.611045999510679,131.38798531296368,2,0.48223069310188293
17,3,7.532083998739836,132.76538075880543,2,0.31094443798065186
17,4,7.645546998901409,130.79508897711182,2,0.48958078026771545
17,5,7.477438999558217,133.73562794147597,2,0.27171051502227783
17,6,7.6673619987559505,130.42295383500252,2,0.45925644040107727
17,7,7.281628000782803,137.33192630720714,1,0.2648904323577881
17,8,7.898275000115973,126.60992431705868,4,0.37327174842357635
17,9,7.580886000141618,131.91070278346345,2,0.32991090416908264
17,10,7.283761000508093,137.29170958935129,1,0.35466068983078003
17,11,7.651502000953769,130.69329392782603,2,0.2792558968067169
17,12,7.427651000398328,134.63206603896336,2,0.4063377380371094
17,13,7.410108999465592,134.9507814354848,2,0.3374530076980591
17,14,7.314921000215691,136.70687625615008,1,0.29275304079055786
17,15,7.220681998660439,138.49107330658202,1,0.4418879747390747
17,16,8.416492000833387,118.8143468681467,3,0.4452483057975769
17,17,8.284974999696715,120.70042456816184,4,0.5082754492759705
17,18,7.7729999993607635,128.65045671970128,3,0.4894343813260396
17,19,7.584848999613314,131.84178090440315,1,0.32828497886657715
17,20,7.307654999749502,136.8428038863738,1,0.7306027412414551
17,21,7.3802239985525375,135.4972423866982,1,0.3980225920677185
17,22,7.472362000044086,133.8264928805778,2,0.5277121067047119
17,23,6.687279999823659,149.53762965306817,0,0.0
17,24,7.405361999190063,135.03728786106225,1,0.2831679582595825
17,25,7.162649999372661,139.61313202342495,1,0.3903213143348694
17,26,7.623802001035074,131.16814941734208,1,0.35754257440567017
17,27,6.691328999295365,149.44714272834375,0,0.0
17,28,6.664821001322707,150.04153897029477,0,0.0
17,29,6.649096998444293,150.39636212766527,0,0.0
17,30,7.285101000888972,137.26645654987817,1,0.2983214259147644
17,31,7.277456999872811,137.41063671245013,1,0.39419007301330566
17,32,7.395130000077188,135.2241272282654,1,0.46403592824935913
17,33,7.261257000209298,137.71720240327207,1,0.4276580810546875
17,34,7.440931998644373,134.3917670773211,2,0.29170817136764526
17,35,7.647768001334043,130.75710453371028,2,0.4729710519313812
17,36,7.7736479997838615,128.63973259759177,3,0.3467291196187337
17,37,7.511716999943019,133.12535602813387,1,0.31939756870269775
17,38,7.360607998634805,135.85834216215198,1,0.3062424659729004
17,39,7.270803998835618,137.53637151546718,1,0.5586853623390198
17,40,7.68008699924394,130.20685834658437,3,0.4299355943997701
17,41,7.397975999992923,135.17210653305128,2,0.5463926494121552
17,42,8.52594699972542,117.28902373334073,8,0.4251326695084572
17,43,8.563368000977789,116.77648325820135,7,0.4313622713088989
17,44,8.282851000330993,120.7313761843644,4,0.4241846054792404
17,45,8.333113999469788,120.00315849076674,3,0.43713460365931195
17,46,8.369642999241478,119.47940910868334,3,0.4116305510203044
17,47,7.839383000828093,127.56105931989387,4,0.4669073224067688
17,48,7.655497000087053,130.6250920075638,3,0.4928968946139018
17,49,7.886110999606899,126.80521489614428,4,0.56214939057827
17,50,8.414052999796695,118.84878785814192,3,0.490925669670105
17,51,8.391070001380285,119.1743126723416,5,0.5268193364143372
17,52,8.129554998959065,123.00796293623,4,0.5411911159753799
17,53,8.327374000145937,120.08587580940582,4,0.4872273802757263
17,54,8.091433999652509,123.5874877114422,4,0.5323686450719833
17,55,7.68013000015344,130.2061293207304,3,0.4916095534960429
17,56,7.612850999066723,131.35683334963372,3,0.6348085006078085
17,57,7.871017000070424,127.0483852329442,2,0.6280475556850433
17,58,8.085301999017247,123.68121810682496,3,0.6257194876670837
17,59,7.734789000096498,129.2860089638546,3,0.5322501460711161
17,60,7.462207999196835,134.00859371752048,2,0.746682345867157
17,61,7.3204749987780815,136.60315760478903,1,0.8720880746841431
17,62,7.322467999983928,136.56597748220884,1,0.667748212814331
17,63,7.725433999439701,129.44256595455045,3,0.42551255226135254
17,64,7.204667001133203,138.7989201780891,1,0.6540669798851013
17,65,7.3197479996451875,136.61672506327722,1,0.25872886180877686
17,66,6.685405000098399,149.57956922359702,0,0.0
17,67,6.698323999444256,149.29107640701878,0,0.0
17,68,6.617887998800143,151.1056095511597,0,0.0
17,69,6.71197200063034,148.98751066096332,0,0.0
17,70,6.635518000621232,150.70413491552245,0,0.0
17,71,6.648201000643894,150.41663149221085,0,0.0
17,72,6.638050999754341,150.64662805950235,0,0.0
17,73,7.325326001591748,136.51269578756035,1,0.5947659611701965
17,74,7.268362000104389,137.58258050240727,1,0.25325363874435425
17,75,6.591570001546643,151.70892515218083,0,0.0
17,76,7.263383000463364,137.6768924255,1,0.3708192706108093
17,77,6.691114998830017,149.4519224635739,0,0.0
17,78,7.272464999914519,137.50495877419198,1,0.4473714232444763
17,79,6.7335750009078765,148.50952129666211,0,0.0
17,80,6.763109000530676,147.86099113906545,0,0.0
17,81,6.733459000315634,148.51207974283716,0,0.0
17,82,6.819071999416337,146.64752037895957,0,0.0
17,83,6.690448999506771,149.4667996234216,0,0.0
17,84,6.677355000647367,149.75989742990308,0,0.0
17,85,6.626111000514356,150.9180875361693,0,0.0
17,86,6.709861001581885,149.0343838366018,0,0.0
17,87,6.599100001039915,151.5358154661114,0,0.0
17,88,6.654352999248658,150.2775702029799,0,0.0
17,89,6.640106001214008,150.60000545430606,0,0.0
17,90,6.677110000964603,149.76539249099324,0,0.0
17,91,6.690599999274127,149.4634263158,0,0.0
17,92,6.687474000500515,149.53329163226,0,0.0
17,93,6.6080929991585435,151.3295893576766,0,0.0
17,94,6.609175999983563,151.3047920047048,0,0.0
17,95,6.6568420006660745,150.2213812345165,0,0.0
17,96,6.666496001344058,150.00384006806368,0,0.0
17,97,6.611363998672459,151.25471842131168,0,0.0
17,98,6.662133000645554,150.10207690286296,0,0.0
18,0,7.994358998985263,125.08820283489041,0,0.0
18,1,7.219729001008091,138.50935400211975,0,0.0
18,2,6.791103000068688,147.25148477204448,0,0.0
18,3,6.729398000970832,148.6017025379882,0,0.0
18,4,6.649629000094137,150.3843297101001,0,0.0
18,5,6.640427000093041,150.59272543557645,0,0.0
18,6,6.776344000172685,147.5722011713863,0,0.0
18,7,6.635849998929189,150.6965950347533,0,0.0
18,8,6.632889999309555,150.76384503649152,0,0.0
18,9,6.651773999692523,150.33583522925235,0,0.0
18,10,6.718136999552371,148.85079004292857,0,0.0
18,11,6.518243999380502,153.41555181043248,0,0.0
18,12,7.465626000339398,133.94724031910232,1,0.9044987559318542
18,13,7.285219000550569,137.26423322681535,1,0.8665990829467773
18,14,7.35884999994596,135.8907981556009,1,0.34724247455596924
18,15,7.587281999803963,131.79950343559625,2,0.4178089499473572
18,16,7.326159999138326,136.49715541533573,1,0.6001917719841003
18,17,8.035942999413237,124.44090258890803,1,0.7983048558235168
18,18,7.54031700125779,132.6204189867868,1,0.7272348999977112
18,19,7.314385000427137,136.7168941669878,1,0.828288197517395
18,20,7.250566999573493,137.92024817629076,1,0.8422646522521973
18,21,7.469639000191819,133.8752783065313,2,0.5623410940170288
18,22,7.325324000703404,136.51273307555766,1,0.8458563685417175
18,23,7.3868350009433925,135.37597629732994,1,0.8595473766326904
18,24,7.578302000183612,131.95568083401417,1,0.8083980083465576
18,25,7.358765000390122,135.8923678017963,1,0.8385401964187622
18,26,7.254871001350693,137.8384260469721,1,0.7764388918876648
18,27,7.714142999247997,129.63202783478135,3,0.3721110026041667
18,28,7.686871998885181,130.09192817898216,2,0.43548303842544556
18,29,7.28320099915436,137.3022658740447,1,0.2966747283935547
18,30,7.537678999142372,132.66683286908062,2,0.3152286410331726
18,31,6.720101000610157,148.80728725791536,0,0.0
18,32,6.708820001222193,149.0575093411096,0,0.0
18,33,6.631540998569108,150.79451370590496,0,0.0
18,34,7.297337999261799,137.03627269302316,1,0.5343761444091797
18,35,7.297191999896313,137.0390144612077,1,0.47781306505203247
18,36,7.397530998787261,135.1802378609753,1,0.4647831916809082
18,37,7.562182001493056,132.23696544232376,2,0.4453105032444
18,38,8.12348299950827,123.09990678389208,2,0.3367273807525635
18,39,7.9331970009661745,126.05258635052316,4,0.36210592091083527
18,40,8.608314999946742,116.166752727588,3,0.3109018603960673
18,41,7.516765999753261,133.03593593745305,2,0.2887064516544342
18,42,8.069503001024714,123.92336924256847,6,0.32809653878211975
18,43,7.711235000897432,129.68091361288046,3,0.3747221827507019
18,44,7.7665890003117966,128.75665236822164,4,0.49364617466926575
18,45,7.535779001045739,132.70028219527538,1,0.28345972299575806
18,46,8.04070200138085,124.36725049980305,5,0.41549116373062134
18,47,7.229339000332402,138.32523277079972,1,0.37561386823654175
18,48,7.411140000840533,134.9320077459858,2,0.31213170289993286
18,49,7.3320400006196,136.38769018110844,1,0.27827078104019165
18,50,7.754157999443123,128.9630673081225,4,0.3352012485265732
18,51,7.644209001227864,130.81798258516653,4,0.34937745332717896
18,52,7.892722000178765,126.69900193841247,5,0.37818098068237305
18,53,8.00866699864855,124.86472469997172,5,0.38382803201675414
18,54,7.701299000473227,129.8482242980765,4,0.37880338728427887
18,55,8.128905999910785,123.01778369819691,5,0.4422983407974243
18,56,8.150136998665403,122.69732400372553,4,0.5129453241825104
18,57,8.301514000777388,120.4599546427743,3,0.552246630191803
18,58,8.146589998432319,122.75074604128035,5,0.35453726053237916
18,59,7.609296999362414,131.41818489721066,3,0.6100132862726847
18,60,7.960267999806092,125.6239111578102,4,0.4788842350244522
18,61,7.835695001631393,127.62109803811913,2,0.4144469201564789
18,62,7.005776000369224,142.73936248422692,0,0.0
18,63,6.860334999146289,145.76547648539636,0,0.0
18,64,6.796394000048167,147.1368493340605,0,0.0
18,65,6.759402998795849,147.94205940645122,0,0.0
18,66,6.766182999854209,147.79381521628176,0,0.0
18,67,6.850863999716239,145.96699044695964,0,0.0
18,68,6.689308000204619,149.49229426562673,0,0.0
18,69,6.735844999639085,148.45947316982225,0,0.0
18,70,7.704937001108192,129.78691452716242,3,0.49699310461680096
18,71,7.388280000668601,135.3494994653025,1,0.8322950601577759
18,72,7.25482599955285,137.83928106086003,1,0.8855426907539368
18,73,7.286781999937375,137.2347903379838,1,0.901379406452179
18,74,7.600049999382463,131.57808173383785,2,0.5779345035552979
18,75,7.536736000474775,132.6834321829775,2,0.6191985905170441
18,76,7.336250000662403,136.30942237651502,1,0.8548018932342529
18,77,7.504791999963345,133.24819661955777,2,0.5182311236858368
18,78,8.206110998798977,121.86040380715752,3,0.4676209092140198
18,79,7.537117000538274,132.67672505662094,2,0.5856834948062897
18,80,7.219347999125603,138.51666384846922,1,0.8642740845680237
18,81,7.761180999295902,128.84637017107582,3,0.5648770531018575
18,82,7.356038000580156,135.94274525514032,2,0.6240159571170807
18,83,7.558321000033175,132.30451577746047,2,0.568034827709198
18,84,7.57345800047915,132.04007996568185,3,0.5032945275306702
18,85,7.784155000990722,128.46609553287746,4,0.49606433510780334
18,86,7.656964000489097,130.60006550065063,3,0.452687402566274
18,87,7.277909999174881,137.40208385558122,1,0.805929958820343
18,88,7.769793999614194,128.70354092394916,3,0.47587676843007404
18,89,7.479230998796993,133.70358532325668,2,0.5225827693939209
18,90,7.448333999491297,134.25821130850167,2,0.5768553614616394
18,91,7.752934001473477,128.9834274108287,2,0.7155917584896088
18,92,7.574752000437002,132.01752347038004,3,0.5545217990875244
18,93,8.065214000453125,123.98927045752504,5,0.5483718633651733
18,94,8.060086000114097,124.06815510229595,5,0.604600465297699
18,95,7.901774999481859,126.5538439231151,4,0.6273547559976578
18,96,7.85241199992015,127.3494055088002,4,0.796355202794075
18,97,8.173201000317931,122.35108373831756,4,0.7818998694419861
18,98,7.8748020005150465,126.98731979986235,4,0.7107697427272797
18,99,7.698430001255474,129.89661526271178,3,0.6956632534662882
18,100,7.863936001740512,127.1627846130324,4,0.6968445181846619
18,101,7.773142999212723,128.64808998127035,4,0.6808775216341019
18,102,7.891338998888386,126.72120664704241,5,0.5988362550735473
18,103,8.188219000658137,122.12667979686718,5,0.5013197541236878
18,104,7.902669000031892,126.53952734145443,4,0.4922377020120621
18,105,7.867508000344969,127.10505028481099,4,0.542205199599266
18,106,7.407498998873052,134.99833076617844,2,0.6830195188522339
18,107,7.507731999794487,133.19601712306374,2,0.6712264716625214
18,108,7.640478999746847,130.88184654825085,3,0.4933390220006307
19,0,7.976072998644668,125.3749809172916,0,0.0
19,1,7.190480000645039,139.0727739887035,0,0.0
19,2,6.785068999306532,147.38243636169435,0,0.0
19,3,6.6742290000547655,149.8300402925633,0,0.0
19,4,6.733230000463664,148.51713069821437,0,0.0
19,5,6.6240519990969915,150.96499848375626,0,0.0
19,6,6.681910999759566,149.6577850312557,0,0.0
19,7,6.635456998992595,150.70552038116162,0,0.0
19,8,6.659954000497237,150.15118721921192,0,0.0
19,9,6.746777999069309,148.21889798922479,0,0.0
19,10,6.6916180003318,149.44068832835578,0,0.0
19,11,6.685690999802318,149.57317052636262,0,0.0
19,12,7.612691000758787,131.35959411728732,2,0.2612810432910919
19,13,7.562360999145312,132.23383545337475,1,0.9067593216896057
19,14,7.40249800037418,135.0895332831501,1,0.4373587965965271
19,15,6.708875998810981,149.0562651891659,0,0.0
19,16,7.35378299941658,135.9844314252047,1,0.624455451965332
19,17,7.565382999018766,132.18101451436107,1,0.5582863092422485
19,18,7.308988000659156,136.81784672649835,1,0.8784088492393494
19,19,7.188813999164267,139.10500398483737,1,0.778457760810852
19,20,7.381525998425786,135.47334253286704,1,0.7908762693405151
19,21,7.692430001043249,129.99793301523442,2,0.5333816409111023
19,22,7.425342999340501,134.67391339212443,1,0.6926054358482361
19,23,7.618696999998065,131.25604023893507,2,0.4361576437950134
19,24,7.3050299997703405,136.89197717619757,1,0.6636744737625122
19,25,7.587603000501986,131.79392753335162,2,0.40866583585739136
19,26,7.392285000605625,135.27616967122796,1,0.2854682207107544
19,27,7.167918000050122,139.5105245334848,1,0.27196580171585083
19,28,7.559810999737238,132.2784392407109,2,0.3331091105937958
19,29,7.344452998950146,136.1571787773637,1,0.26769131422042847
19,30,7.373835998805589,135.6146244860856,1,0.47293758392333984
19,31,6.7060660003335215,149.11872325000465,0,0.0
19,32,6.617376000576769,151.11730086258362,0,0.0
19,33,6.695777001368697,149.3478650492076,0,0.0
19,34,7.268846999068046,137.57340058584424,1,0.38468706607818604
19,35,6.711468000503373,148.99869893218562,0,0.0
19,36,7.2545880011603,137.84380309950885,1,0.3013243079185486
19,37,6.870156999866595,145.5570811583226,0,0.0
19,38,7.558416000392754,132.3028528660023,2,0.32675275206565857
19,39,6.713812001180486,148.94667885013322,0,0.0
19,40,6.647682999755489,150.42835225999517,0,0.0
19,41,7.894704000136699,126.66719359999878,3,0.275047500928243
19,42,7.53742999950191,132.6712155291767,2,0.5279694199562073
19,43,7.4797209999815095,133.6948263180501,2,0.2829303741455078
19,44,8.175928000127897,122.31027474610306,5,0.32106719017028806
19,45,7.398890000331448,135.15540844034754,2,0.5174175798892975
19,46,7.7664960008405615,128.75819415754168,4,0.3877500146627426
19,47,7.871394000176224,127.04230025553441,5,0.3250972867012024
19,48,7.358744000157458,135.8927556086477,1,0.7356800436973572
19,49,7.6448800009529805,130.806500543546,3,0.38322822252909344
19,50,8.033690999582177,124.47578579410246,5,0.3091418266296387
19,51,7.802617001289036,128.16212814685053,4,0.4508678615093231
19,52,7.907799001259264,126.45743775742868,4,0.4533555209636688
19,53,8.031104000110645,124.51588224809727,5,0.38264185190200806
19,54,7.717769000009866,129.57112346828748,4,0.36213912069797516
19,55,7.873564998590155,127.00727055394356,4,0.3791891932487488
19,56,7.363648001046386,135.80225451541116,2,0.5800985991954803
19,57,9.12834200062207,109.54891917194306,7,0.3458916630063738
19,58,7.82888000139792,127.73219155504243,3,0.4338764746983846
19,59,8.223231001466047,121.60670177229836,4,0.4337112754583359
19,60,7.685557999138837,130.11416999416952,3,0.5739311973253886
19,61,7.5304549991415115,132.79410077000688,3,0.5553081035614014
19,62,8.142435999616282,122.81336937092605,6,0.3808424075444539
19,63,7.835878999685519,127.61810130556296,4,0.4348338097333908
19,64,7.787697000821936,128.4076665918637,3,0.32016011079152423
19,65,7.407589999274933,134.9966723452407,1,0.2736966013908386
19,66,6.694375000733999,149.37914292078887,0,0.0
19,67,6.648104001214961,150.41882615212504,0,0.0
19,68,6.672839001112152,149.8612509358208,0,0.0
19,69,6.613744999413029,151.20026552108527,0,0.0
19,70,7.484400000976166,133.61124470492936,2,0.5519713461399078
19,71,7.362253998508095,135.82796792974577,1,0.8799269199371338
19,72,7.333812998695066,136.35471754978397,1,0.8911563754081726
19,73,7.49789499968756,133.37076606723224,2,0.5689086616039276
19,74,7.222139000077732,138.46313398139208,1,0.8985981941223145
19,75,7.604358001117362,131.50354045049733,2,0.6115165650844574
19,76,7.323582000026363,136.54520424519043,1,0.889315128326416
19,77,7.414973999402719,134.86223958176396,1,0.8221045136451721
19,78,8.121296999888727,123.1330414358324,2,0.6569777131080627
19,79,7.7639999999519205,128.79958784211652,2,0.692752480506897
19,80,7.501572999899508,133.30537475452095,2,0.7276667356491089
19,81,7.812069999999949,128.0070455077856,3,0.5604095458984375
19,82,7.334742998864385,136.33742861267623,1,0.8354277014732361
19,83,7.4072399984288495,135.00305109758966,1,0.7730026245117188
19,84,7.35013800112938,136.05186730457928,1,0.8164908289909363
19,85,7.358953000220936,135.8888961473157,1,0.8696931004524231
19,86,7.434977000229992,134.49940732420103,2,0.5958909392356873
19,87,7.616999000674696,131.28530014398353,2,0.6836310625076294
19,88,7.620046000738512,131.232803568782,1,0.8041978478431702
19,89,7.932801001516054,126.05887880067682,3,0.6449377536773682
19,90,8.057392999035073,124.10962207251858,4,0.6418240964412689
19,91,8.063545999902999,124.01491850012756,4,0.5905330628156662
19,92,8.056224000029033,124.12763100881953,5,0.6087076783180236
19,93,7.856569000068703,127.28202348776614,4,0.7105926871299744
19,94,8.419730998866726,118.76864001172929,6,0.6195028126239777
19,95,7.974501999342465,125.39968014083571,4,0.6752131879329681
19,96,7.880694998675608,126.89236167216917,4,0.6474220603704453
19,97,8.068610999544035,123.9370692249894,5,0.6710308790206909
19,98,7.710288000453147,129.69684140738042,3,0.7421766320864359
19,99,7.737985999483499,129.2325936059782,3,0.7775106827418009
19,100,8.185876000425196,122.16163547408455,3,0.7175559202829996
19,101,7.834155998352799,127.64616893131296,3,0.7550550897916158
19,102,7.931533000373747,126.07903162640542,4,0.583361029624939
19,103,8.246257000791957,121.26713973430148,5,0.6583962678909302
19,104,8.14731600075902,122.73980779766467,5,0.5558043599128724
19,105,8.029000000533415,124.54851163701133,4,0.5833489298820496
19,106,8.195137999791768,122.02357056408435,5,0.42020894289016725
19,107,7.708949999141623,129.7193521959992,3,0.546644906202952
19,108,7.825799999409355,127.78246314440365,3,0.5078709721565247
19,109,7.652103000509669,130.68302921868602,2,0.5956763625144958
19,110,7.759658999930252,128.87164242771345,3,0.35004351536432904
19,111,7.7463269990403205,129.09344004247282,3,0.4457358121871948
19,112,7.567667998955585,132.14110345987828,2,0.4265073835849762
19,113,6.78186199911579,147.45213042234988,0,0.0
19,114,7.410868000079063,134.9369601495171,1,0.43041735887527466
19,115,7.638383000085014,130.91776099586394,1,0.27876460552215576
19,116,6.815683998866007,146.72041722685205,0,0.0
19,117,7.562814998891554,132.22589738696044,1,0.2600265145301819
19,118,6.7925069997727405,147.22104813928897,0,0.0
19,119,7.536671000707429,132.6845765068072,2,0.3363237977027893
19,120,7.478633000573609,133.7142763822346,1,0.27223706245422363
19,121,7.873876998928608,127.00223792371523,1,0.45630592107772827
19,122,7.666239000172936,130.44205900408815,2,0.3056950867176056
19,123,7.580081999549293,131.92469422619166,2,0.36505556106567383
20,0,8.156960000633262,122.59469213069151,0,0.0
20,1,7.446796000294853,134.28593988077628,0,0.0
20,2,7.061995000185561,141.60304559458396,0,0.0
20,3,6.9864150009379955,143.13492683525672,0,0.0
20,4,6.91981899944949,144.51245040940458,0,0.0
20,5,6.845956000688602,146.07163702182936,0,0.0
20,6,6.828395000411547,146.447298368025,0,0.0
20,7,6.811342000219156,146.8139464980359,0,0.0
20,8,6.951036000828026,143.86344710067354,0,0.0
20,9,6.887981000545551,145.18042368595334,0,0.0
20,10,6.848840999737149,146.0101059490765,0,0.0
20,11,6.931713000085438,144.2644841163612,0,0.0
20,12,6.861746000140556,145.7355023021132,0,0.0
20,13,7.886938999945414,126.79190241067175,1,0.8859444856643677
20,14,7.531850998930167,132.76948789109625,1,0.7674952745437622
20,15,7.513070000641164,133.10138198029037,1,0.6655305027961731
20,16,7.551826000053552,132.41830518776635,1,0.8561872839927673
20,17,7.469848000255297,133.87153258885897,1,0.7170476913452148
20,18,7.573437000246486,132.04044609699056,1,0.8324374556541443
20,19,7.355277999522514,135.95679185272365,1,0.6594917178153992
20,20,7.740289998764638,129.19412582210765,2,0.567758709192276
20,21,7.630218999111094,131.05783728048934,2,0.5616955757141113
20,22,7.433169001160422,134.53212214654152,1,0.7461375594139099
20,23,7.508302000132971,133.18590541274045,1,0.7566683292388916
20,24,7.688145999054541,130.0703706879365,1,0.4880567789077759
20,25,8.15057500039984,122.690730402572,1,0.6912220120429993
20,26,7.548163999672397,132.48254807969218,1,0.6619322896003723
20,27,6.810715000028722,146.82746231427726,0,0.0
20,28,7.867372998589417,127.10723136926332,2,0.47149625420570374
20,29,7.683878000534605,130.14261808040484,2,0.5390192568302155
20,30,7.9181389992299955,126.29230177662272,2,0.3841574192047119
20,31,6.861506000859663,145.74059978592342,0,0.0
20,32,7.567411001218716,132.14559111946636,1,0.3468318581581116
20,33,7.4902659998770105,133.50660711067135,1,0.559812068939209
20,34,6.857030999526614,145.83571228845787,0,0.0
20,35,6.870895000247401,145.54144692416241,0,0.0
20,36,6.8190060010238085,146.64893972081262,0,0.0
20,37,8.076041000094847,123.82304646401074,3,0.5026532610257467
20,38,7.584974000565126,131.8396081417674,1,0.3917585611343384
20,39,8.333959000083269,119.99099107519109,6,0.32036998867988586
20,40,7.515957000578055,133.05025559926563,1,0.2861180305480957
20,41,7.76969200160238,128.70523050254315,3,0.3687331477801005
20,42,8.024512999327271,124.61815440810355,5,0.388107967376709
20,43,7.550458998593967,132.44227936158825,1,0.5077272653579712
20,44,7.896324999819626,126.64119068336761,3,0.480927050113678
20,45,8.190537999325898,122.09210189639589,1,0.41829079389572144
20,46,7.516935000239755,133.03294493940743,1,0.31088846921920776
20,47,7.807916999809095,128.07513194933426,3,0.29706772168477374
20,48,7.656155999939074,130.6138485171877,1,0.30857735872268677
20,49,7.937791000586003,125.97963336729016,4,0.37816227972507477
20,50,7.459027001459617,134.0657434011588,1,0.3048527240753174
20,51,7.939574999909382,125.95132611146232,4,0.39289508759975433
20,52,8.06224900043162,124.03486917192262,5,0.4854607343673706
20,53,8.590387000367627,116.40919087314748,6,0.402289758125941
20,54,8.514946001014323,117.44055686094514,5,0.3415344715118408
20,55,8.570748999773059,116.67591712538525,6,0.44414205352465314
20,56,8.416366999881575,118.81611151391934,3,0.5104998747507731
20,57,8.302973999889218,120.4387729039429,6,0.43940530220667523
20,58,8.328615000209538,120.06798248866602,6,0.37338149547576904
20,59,8.301779000248644,120.4561094640136,5,0.40497335195541384
20,60,7.958940999742481,125.64485652454968,4,0.41977164149284363
20,61,7.717552998656174,129.57474994653433,3,0.5169203082720438
20,62,7.58959500126366,131.75933627993336,1,0.3761758804321289
20,63,6.797751000704011,147.1074771489033,0,0.0
20,64,7.236883999212296,138.1810182543821,0,0.0
20,65,6.83806300003198,146.2402437642536,0,0.0
20,66,7.478343000911991,133.71946163448897,1,0.282831609249115
20,67,7.488724000722868,133.53409738474437,1,0.6868141293525696
20,68,7.73454200134438,129.29013764825183,2,0.3473798334598541
20,69,7.779704999848036,128.53957830271628,2,0.5437128245830536
20,70,7.480627000404638,133.67863415003964,1,0.8953438401222229
20,71,7.478024999727495,133.72514802189625,1,0.8951189517974854
20,72,7.424162000461365,134.69533665050093,1,0.886273205280304
20,73,7.580227000289597,131.92217066346373,2,0.5934303998947144
20,74,7.602555000630673,131.53472745899828,2,0.5825204253196716
20,75,7.7399769998010015,129.19935033730854,2,0.5703361928462982
20,76,7.509721001042635,133.16073924199873,1,0.8735799193382263
20,77,7.963000000017928,125.58081125175795,4,0.5319216698408127
20,78,7.905958000264945,126.4868849501209,3,0.5519807537396749
20,79,7.401210999887553,135.1130240733838,1,0.8582028150558472
20,80,7.438682001520647,134.43241689799024,1,0.7780822515487671
20,81,7.491039999877103,133.49281274915177,1,0.7731391191482544
20,82,7.917696999356849,126.29935195565447,3,0.4576474229494731
20,83,7.906083001216757,126.48488510000446,3,0.5946305990219116
20,84,8.143148001181544,122.80263110223507,4,0.578362375497818
20,85,7.849438999983249,127.39763950036863,4,0.5371069014072418
20,86,8.664838000186137,115.40896667410495,5,0.625398313999176
20,87,8.078986998953042,123.77789444760714,4,0.5838684439659119
20,88,8.266967999588815,120.963332632924,5,0.5555813074111938
20,89,8.27399900117598,120.8605415419884,5,0.6387784361839295
20,90,8.187445999283227,122.13821014362053,4,0.6863606125116348
20,91,8.010208999621682,124.8406876833338,4,0.6758927702903748
20,92,8.126669001285336,123.05164635619309,4,0.6766684353351593
20,93,8.030335999137606,124.52779063134993,4,0.6351158171892166
20,94,7.89540599907923,126.65593132469957,4,0.6742861121892929
20,95,8.433017999777803,118.58150901923231,7,0.5164082220622471
20,96,7.836028000383521,127.61567466975063,3,0.684499204158783
20,97,7.614129999637953,131.3347683908141,2,0.7157818973064423
20,98,8.364717999938875,119.54975648997461,4,0.43377281725406647
20,99,8.013106998987496,124.79553812601729,2,0.5231961905956268
20,100,7.563106999441516,132.22079233757282,2,0.5626439452171326
20,101,7.666241999686463,130.44200796699326,2,0.6512978076934814
20,102,8.45080399994913,118.33193622831857,2,0.6776712238788605
20,103,8.627473000160535,115.90879507607762,4,0.4044548124074936
20,104,8.000189998710994,124.9970313406459,3,0.4108569224675496
20,105,7.790687999658985,128.35836835511475,3,0.45350490013758343
20,106,7.870777000789531,127.05225924958722,1,0.6861538290977478
20,107,7.797895999829052,128.23972005037285,1,0.6970708966255188
20,108,7.787865000864258,128.40489657807692,1,0.5918285250663757
20,109,7.67954299953999,130.2160818762133,1,0.6400612592697144
20,110,7.782250999298412,128.497525984468,1,0.6031758189201355
20,111,6.853762999526225,145.90524943292118,0,0.0
20,112,7.440993000273011,134.39066532696776,1,0.3479016423225403
20,113,6.834167001215974,146.32361190794347,0,0.0
20,114,6.807526000557118,146.89624393915813,0,0.0
20,115,7.58946099995228,131.7616626538153,2,0.31294456124305725
20,116,7.418646999212797,134.79546878374336,1,0.5445441007614136
20,117,7.378803999017691,135.5233178890679,1,0.5226097702980042
20,118,7.444099999702303,134.33457369460257,1,0.8853389024734497
20,119,7.854019000660628,127.32334871049925,3,0.7297133406003317
20,120,8.031271001527784,124.51329307774206,3,0.7310027281443278
20,121,8.05034000040905,124.21835598859035,4,0.7705484926700592
20,122,8.358412998859421,119.6399364492349,5,0.6603748321533203
20,123,8.220619998610346,121.6453260422018,4,0.8159296363592148
20,124,8.547796000129892,116.98922154726247,4,0.7329909056425095
20,125,8.419231000516447,118.77569340224287,4,0.7045444250106812
