episode,step,latency_ms,fps,detections,avg_confidence
1,0,15.966495000611758,62.631153547581036,1,0.32315027713775635
1,1,8.452948997728527,118.30190863197207,0,0.0
1,2,9.141417998762336,109.39221903378566,3,0.3897838393847148
1,3,9.089423998375423,110.01797255565728,4,0.33711834251880646
1,4,9.10858000133885,109.78659679697736,3,0.3828990658124288
1,5,8.691086000908399,115.06041936479276,3,0.44298364718755084
1,6,9.26578399958089,107.92394901988132,3,0.30953143040339154
1,7,8.607271000073524,116.18084291658272,2,0.3851955235004425
1,8,7.839909001631895,127.55250090171297,0,0.0
1,9,8.577302000048803,116.58677751982036,1,0.44163304567337036
1,10,8.592318998125847,116.38301606564183,2,0.3360285460948944
1,11,7.920709998870734,126.25130829718185,0,0.0
1,12,7.793225002387771,128.31658263345525,0,0.0
1,13,8.358338000107324,119.64100996958483,1,0.6619704961776733
1,14,8.386812001845101,119.2348176851943,1,0.6265221834182739
1,15,7.842629001970636,127.50826282216431,0,0.0
1,16,7.7415970008587465,129.17231417355796,0,0.0
1,17,7.7771729993401095,128.581426706703,0,0.0
1,18,7.281738999154186,137.32983290339786,0,0.0
1,19,6.691149003017927,149.45116295407072,0,0.0
1,20,6.66089100195677,150.1300651378667,0,0.0
1,21,7.128455999918515,140.28283263745067,0,0.0
1,22,6.767548002244439,147.76400546672926,0,0.0
1,23,6.671756000287132,149.8855773438002,0,0.0
1,24,6.633173001318937,150.7574127496992,0,0.0
1,25,6.638842998654582,150.6286562587274,0,0.0
1,26,6.673437997960718,149.84779963574726,0,0.0
1,27,7.348954000917729,136.07378681035712,1,0.2776973247528076
1,28,7.42088599872659,134.75479884364188,1,0.3087393045425415
1,29,7.684511998377275,130.13188088081174,2,0.3842593729496002
1,30,6.708955999783939,149.05448776712873,0,0.0
1,31,7.414919000439113,134.86323990063545,1,0.3557744026184082
1,32,7.486935999622801,133.56598748144515,2,0.42237746715545654
1,33,7.2512040023866575,137.9081321765131,1,0.3591269254684448
1,34,7.4361039987707045,134.47902290840935,1,0.329775333404541
1,35,6.6814370002248324,149.6684021665324,0,0.0
1,36,6.587618998310063,151.7999143934299,0,0.0
1,37,6.816921999416081,146.6937717764201,0,0.0
1,38,6.820455997512909,146.6177628540748,0,0.0
1,39,6.688829998893198,149.50297737653224,0,0.0
1,40,6.716708001476945,148.8824584573438,0,0.0
1,41,6.690924998110859,149.45616641680243,0,0.0
1,42,6.768529998225858,147.7425674795142,0,0.0
1,43,6.804942000599112,146.95202397198378,0,0.0
1,44,6.909047999215545,144.7377410192461,0,0.0
1,45,7.848857996577863,127.40706997578559,2,0.4545797109603882
1,46,7.592794998345198,131.70380607114294,2,0.4359300434589386
1,47,6.729908000124851,148.59044135245955,0,0.0
1,48,7.643713997822488,130.82645429759359,2,0.6111712753772736
1,49,6.687131000944646,149.540961566139,0,0.0
1,50,6.668467998679262,149.95948097794835,0,0.0
1,51,7.5973179991706274,131.62539729272441,2,0.4307425022125244
1,52,7.860737001465168,127.21453469485232,1,0.45338118076324463
1,53,6.722696998622268,148.74982469162856,0,0.0
1,54,6.73869599995669,148.39666309422878,0,0.0
1,55,7.298420001461636,137.01595685089822,1,0.2768096327781677
1,56,6.7288770005689,148.6132084024502,0,0.0
1,57,6.692716000543442,149.41617124031575,0,0.0
1,58,6.729911001457367,148.59037508571055,0,0.0
1,59,6.729525997798191,148.59887610616056,0,0.0
1,60,6.678140998701565,149.74227111922772,0,0.0
1,61,7.367262998741353,135.7356185290037,1,0.27699047327041626
1,62,6.7886959986935835,147.30369428715616,0,0.0
1,63,6.80465000186814,146.95832992519252,0,0.0
1,64,6.658548998530023,150.18287020501995,0,0.0
1,65,6.680031998257618,149.6998817162604,0,0.0
1,66,6.712819002132164,148.9687119051436,0,0.0
1,67,6.998400000156835,142.88980338042836,0,0.0
1,68,7.512428001064109,133.11275660257292,1,0.2612733244895935
1,69,6.837107001047116,146.2606918169992,0,0.0
1,70,7.503226999688195,133.27598912328736,1,0.4428289532661438
1,71,7.363116001215531,135.81206649941632,1,0.43825358152389526
1,72,7.775568999932148,128.60795139348983,2,0.29085102677345276
1,73,6.853017999674194,145.9211109685604,0,0.0
1,74,7.805287001247052,128.11828698166124,3,0.4558398127555847
1,75,7.486135000362992,133.58027873549054,1,0.3758085370063782
1,76,7.682661002036184,130.16323377212188,2,0.4492172300815582
1,77,7.929987001261907,126.10361149909438,4,0.35498739778995514
1,78,7.749796997813974,129.03563800214062,3,0.4349222183227539
1,79,7.421540001814719,134.7429239424,1,0.6107620596885681
1,80,7.472348002920626,133.82674356295266,1,0.2663527727127075
1,81,7.5702419999288395,132.09617341287108,2,0.3265916109085083
1,82,7.418064997182228,134.80604448462674,1,0.3693961501121521
1,83,7.778913997753989,128.55264890301277,3,0.2822483579317729
1,84,8.151338999596192,122.67923098886439,5,0.3405464172363281
1,85,7.868733999202959,127.08524650868769,4,0.502675324678421
1,86,7.722243000898743,129.49605443439378,2,0.7045909464359283
1,87,8.304667000629706,120.41422009144671,3,0.5150562524795532
1,88,8.035778999328613,124.44344227031999,4,0.5633542090654373
1,89,7.64214100126992,130.85338255782335,2,0.8462587893009186
1,90,7.834005999029614,127.64861299874782,3,0.7563913067181905
1,91,7.79903999864473,128.22090926239306,3,0.7690191268920898
1,92,8.175898001354653,122.31072352349692,5,0.5494025230407715
1,93,8.017190997634316,124.73196663208803,4,0.6603729873895645
1,94,7.891083998401882,126.72530164455505,3,0.7182948788007101
1,95,7.76750200020615,128.74151818351123,3,0.7365432778994242
1,96,8.213864999561338,121.74536592132998,4,0.57212133705616
1,97,7.884557999204844,126.83019138179334,3,0.6645875175793966
1,98,7.425387997500366,134.6730972626122,1,0.623059093952179
1,99,7.718808999925386,129.55366559914444,2,0.3402150571346283
1,100,7.5207080008112825,132.96620476318543,1,0.4201432466506958
1,101,7.593709997308906,131.6879365098726,3,0.42412306865056354
1,102,7.69428200146649,129.96664273669788,3,0.41369561354319256
1,103,7.475586000509793,133.7687774485914,1,0.2660922408103943
1,104,6.740982000337681,148.34633884942969,0,0.0
1,105,6.87751700024819,145.4013127068843,0,0.0
1,106,6.851693000498926,145.94932959301914,0,0.0
1,107,6.81634899956407,146.70610323267684,0,0.0
1,108,7.073652999679325,141.36967137705705,0,0.0
1,109,6.805135999456979,146.94783470599202,0,0.0
1,110,6.814656997448765,146.74252869577657,0,0.0
1,111,6.80400100100087,146.97234757209762,0,0.0
2,0,8.13058299900149,122.99241027645978,0,0.0
2,1,7.349802002863726,136.05808695395697,0,0.0
2,2,6.861133999336744,145.74850164661828,0,0.0
2,3,6.91339699915261,144.64669107279275,0,0.0
2,4,6.849246001365827,146.0014722497319,0,0.0
2,5,6.917606999195414,144.55866025871518,0,0.0
2,6,6.828290002886206,146.4495502647539,0,0.0
2,7,6.842880000476725,146.1372989048957,0,0.0
2,8,7.818056998075917,127.90901885802413,2,0.33890584111213684
2,9,6.952083997020964,143.84176031654823,0,0.0
2,10,6.76924200161011,147.7270275995663,0,0.0
2,11,6.77478200304904,147.60622549182287,0,0.0
2,12,6.7752739996649325,147.59550684584187,0,0.0
2,13,7.510701001592679,133.1433643528008,1,0.41114431619644165
2,14,7.386680998024531,135.37879871452913,1,0.34161996841430664
2,15,6.8778420027229,145.39444197818233,0,0.0
2,16,7.896374001575168,126.64040479852146,2,0.42006129026412964
2,17,7.679156999074621,130.22262731710072,3,0.5275328755378723
2,18,7.367319998593302,135.7345683628426,1,0.34934234619140625
2,19,7.918685998447472,126.28357788098414,3,0.37661270300547284
2,20,7.416656997520477,134.83163645484996,1,0.6542870998382568
2,21,7.584151000628481,131.8539148175099,2,0.5540565550327301
2,22,7.622262997756479,131.19463344341935,3,0.4102697968482971
2,23,7.748919997538906,129.05024188114018,3,0.3688843250274658
2,24,7.691613998758839,130.01172447829094,3,0.36753682295481366
2,25,7.727989999693818,129.39975336919687,1,0.2816368341445923
2,26,8.164038001268636,122.48840584090945,2,0.345645546913147
2,27,8.109107999189291,123.31812575439557,1,0.3841469883918762
2,28,8.236108998971758,121.41655727538884,1,0.2996464967727661
2,29,8.166001000063261,122.45896124581091,2,0.4943332374095917
2,30,7.593430000270018,131.6927923171005,1,0.5529286861419678
2,31,7.568507000542013,132.12645504964001,1,0.4390653967857361
2,32,7.416756998281926,134.8298185085001,1,0.3455498218536377
2,33,7.688529000006383,130.06389128520811,2,0.4396342635154724
2,34,7.580130000860663,131.9238588106613,2,0.37747612595558167
2,35,7.867712000006577,127.10175461419585,2,0.4261275827884674
2,36,7.961180999700446,125.60950442373147,1,0.3191375732421875
2,37,7.897556999523658,126.62143496530827,3,0.33238810300827026
2,38,7.999976998689817,125.00035939650493,4,0.42103928327560425
2,39,7.9854310024529696,125.22805590491225,4,0.5166967660188675
2,40,8.114962998661213,123.22915091109813,4,0.4358993172645569
2,41,7.820531998731894,127.86853888739932,3,0.5068997740745544
2,42,7.88427899897215,126.8346795097392,4,0.4242955446243286
2,43,7.524077998823486,132.90664984551816,2,0.5191257894039154
2,44,7.666503999644192,130.43755015929173,2,0.5599460303783417
2,45,7.709210000029998,129.71497727991698,3,0.5994629859924316
2,46,7.81577299858327,127.94639764758591,3,0.6444495320320129
2,47,7.635206999111688,130.9722185811523,2,0.834030419588089
2,48,7.645802998013096,130.79070965598623,2,0.75110724568367
2,49,7.57396400149446,132.03125863849954,2,0.8179231286048889
2,50,7.55533700066735,132.35676977898825,2,0.7886999547481537
2,51,7.716726999206003,129.58861964442866,3,0.7424541910489401
2,52,7.6057789992773905,131.4789714630162,2,0.849824845790863
2,53,7.600999000715092,131.561653922849,2,0.7287837564945221
2,54,7.823148000170477,127.82578061647418,3,0.4126092195510864
2,55,7.715030002145795,129.61712394143228,2,0.4354282319545746
2,56,8.091043000604259,123.59346006754846,1,0.6636889576911926
2,57,7.768117000523489,128.73132574246893,1,0.6077545881271362
2,58,7.835429998522159,127.62541432807262,3,0.3927727739016215
2,59,7.860935998905916,127.21131429376602,3,0.6258036096890768
2,60,7.717656000750139,129.57302060402824,2,0.5841613411903381
2,61,7.404371001030086,135.05536119960513,1,0.8507500886917114
2,62,7.339969000895508,136.24035740178135,1,0.7204170227050781
2,63,6.885597002110444,145.2306894657789,0,0.0
2,64,6.8214860002626665,146.59562446679422,0,0.0
2,65,7.435593000991503,134.4882647378164,1,0.751793384552002
2,66,7.58868800039636,131.77508417104113,2,0.33541586995124817
2,67,6.799448001402197,147.07076218448583,0,0.0
2,68,6.7932300007669255,147.20537945676864,0,0.0
2,69,6.832992999989074,146.34875229662887,0,0.0
2,70,6.75660300112213,148.00336794006114,0,0.0
2,71,6.854932002170244,145.88036754900034,0,0.0
2,72,6.766184997104574,147.79377159033132,0,0.0
2,73,6.799334001698298,147.07322801765963,0,0.0
2,74,6.806420999055263,146.92009209227595,0,0.0
2,75,7.370708997768816,135.67215858104146,1,0.3460713028907776
2,76,6.8061629972362425,146.92566140512164,0,0.0
2,77,7.367040001554415,135.73972718880367,1,0.7786210775375366
2,78,7.8855799984012265,126.81375373818368,1,0.701500415802002
2,79,7.316086001083022,136.68510728987698,1,0.7960056662559509
2,80,7.582121001178166,131.88921673033346,2,0.38652360439300537
2,81,7.709708999755094,129.70658166628155,2,0.4694337546825409
2,82,7.667509002203587,130.4204533327065,2,0.5768323242664337
2,83,7.519916998717235,132.98019116043199,1,0.649318516254425
2,84,6.789364000724163,147.28920115247004,0,0.0
2,85,6.80066100176191,147.04452989803798,0,0.0
2,86,6.7083890025969595,149.06708594461037,0,0.0
3,0,9.543214000586886,104.78650064207952,2,0.3060624897480011
3,1,7.290887999261031,137.1575040106713,0,0.0
3,2,6.959027999982936,143.69822912085596,0,0.0
3,3,6.84377000288805,146.11829438715841,0,0.0
3,4,7.564226998511003,132.20121503451008,1,0.2946251630783081
3,5,7.648528000572696,130.74411179839092,2,0.33734002709388733
3,6,7.419625999318669,134.77768287671483,1,0.2566841244697571
3,7,6.819409998570336,146.6402519000392,0,0.0
3,8,6.7858340007660445,147.36582119266566,0,0.0
3,9,6.857125998067204,145.8336918822648,0,0.0
3,10,7.169846998294815,139.4729901820537,0,0.0
3,11,7.235068002046319,138.21570159633146,0,0.0
3,12,7.246699002280366,137.99386447337244,0,0.0
3,13,7.0440450035675894,141.96388573518925,0,0.0
3,14,7.389333000901388,135.33021179015955,0,0.0
3,15,7.153973998356378,139.78244822105162,0,0.0
3,16,7.121927999833133,140.4114166870867,0,0.0
3,17,7.292786998732481,137.12178899147946,0,0.0
3,18,7.1417710023524705,140.02129159148396,0,0.0
3,19,7.214131997898221,138.61681492539114,0,0.0
3,20,7.126476000848925,140.32180840584846,0,0.0
3,21,7.1518780023325235,139.823414168119,0,0.0
3,22,8.249433001765283,121.22045233727113,2,0.42927268147468567
3,23,8.470273998682387,118.0599352695742,2,0.4938148856163025
3,24,8.137043001624988,122.89476653869194,2,0.34391310811042786
3,25,7.824256001185859,127.80767907497379,1,0.3580629825592041
3,26,7.171567998739192,139.4395200848415,0,0.0
3,27,7.756946000881726,128.91671540401737,1,0.45398491621017456
3,28,7.86573799996404,127.1336523037726,1,0.5326537489891052
3,29,6.8349489993124735,146.30687077556684,0,0.0
3,30,6.7868240003008395,147.3443248205159,0,0.0
3,31,6.856659998447867,145.8436031867365,0,0.0
3,32,6.798597001761664,147.0891714482971,0,0.0
3,33,6.703992999973707,149.16483355575133,0,0.0
3,34,6.729034001182299,148.60974098574906,0,0.0
3,35,6.764877998648444,147.82232587192115,0,0.0
3,36,6.934855999134015,144.19910090777287,0,0.0
3,37,6.869670000014594,145.56739988935067,0,0.0
3,38,6.767331997252768,147.76872191374017,0,0.0
3,39,6.759697997040348,147.935603105026,0,0.0
3,40,6.778052000299795,147.53501447846222,0,0.0
3,41,6.734375001542503,148.49187931633608,0,0.0
3,42,6.814032996771857,146.7559667635524,0,0.0
3,43,7.5607079998007976,132.26274576750578,1,0.5140475034713745
3,44,6.768623999960255,147.74051565072486,0,0.0
3,45,6.789554998249514,147.28505774794084,0,0.0
3,46,6.6757569984474685,149.79574604536424,0,0.0
3,47,6.7699789979087655,147.71094567780762,0,0.0
3,48,7.390582999505568,135.30732285489523,1,0.2781715393066406
3,49,6.849001001683064,146.00669495511264,0,0.0
3,50,7.8608709991385695,127.21236617540023,4,0.4850059747695923
3,51,7.7471279983001295,129.08009267684997,1,0.26505428552627563
3,52,7.501093001337722,133.3139050297954,1,0.37209200859069824
3,53,6.789741997636156,147.28100130286973,0,0.0
3,54,6.779136998375179,147.51140156035785,0,0.0
3,55,6.8545869980880525,145.8877099785778,0,0.0
3,56,6.821761999162845,146.58969341391833,0,0.0
3,57,6.786693000321975,147.3471689308118,0,0.0
3,58,7.049587002256885,141.852281513776,0,0.0
3,59,6.756053997378331,148.0153948426178,0,0.0
3,60,6.777154998417245,147.55454172636493,0,0.0
3,61,6.751841003278969,148.1077530579229,0,0.0
3,62,6.839096000476275,146.21815513780768,0,0.0
3,63,6.725889998051571,148.67920829655122,0,0.0
3,64,6.781653999496484,147.45665291597695,0,0.0
3,65,6.7741279999609105,147.62047602374363,0,0.0
3,66,6.8443659984041005,146.1055706596009,0,0.0
3,67,6.76770100108115,147.7606649348499,0,0.0
3,68,6.803066997235874,146.99252563679087,0,0.0
3,69,7.428216998960124,134.62180764778276,1,0.5727950930595398
3,70,6.873367998196045,145.48908195552104,0,0.0
3,71,7.382671999948798,135.45231320136332,1,0.5189275741577148
3,72,6.860273999336641,145.76677259489864,0,0.0
3,73,6.922156000655377,144.46366130802625,0,0.0
3,74,6.816891000198666,146.69443885355608,0,0.0
3,75,6.853279999631923,145.91553242443155,0,0.0
3,76,6.7115629972249735,148.99658997665216,0,0.0
3,77,6.736891002219636,148.43642262736998,0,0.0
3,78,6.792956999561284,147.2112954733239,0,0.0
3,79,6.828598001447972,146.44294477255136,0,0.0
3,80,6.728807999024866,148.61473237829335,0,0.0
3,81,7.237555000756402,138.16820734287882,0,0.0
4,0,8.334632002515718,119.98130207766351,0,0.0
4,1,7.867590000387281,127.10372553104256,1,0.26384806632995605
4,2,7.335189999139402,136.32912032508014,1,0.3199170231819153
4,3,6.827798999438528,146.46008180414117,0,0.0
4,4,7.775008998578414,128.61721448590484,0,0.0
4,5,7.81018600173411,128.03792378030028,0,0.0
4,6,7.781851996696787,128.50411449928328,0,0.0
4,7,7.8285749987117015,127.73716802413767,0,0.0
4,8,7.7481160005845595,129.0636330076311,0,0.0
4,9,8.38986999951885,119.1913581566042,1,0.3349776864051819
4,10,8.816736000881065,113.42065815513463,3,0.31859642267227173
4,11,8.619434000138426,116.01689855551307,2,0.40194669365882874
4,12,8.466708000923973,118.10965960924482,1,0.44997507333755493
4,13,9.219881001627073,108.46126970874414,2,0.4018596112728119
4,14,8.716045998880873,114.73092272899873,2,0.3635031580924988
4,15,9.00446500236285,111.05601495897773,1,0.519363522529602
4,16,12.715742999716895,78.64267153105125,3,0.36284250020980835
4,17,10.19155399990268,98.12046327866673,2,0.40290993452072144
4,18,8.966602003056323,111.52496783721901,2,0.3453787863254547
4,19,8.591456000431208,116.39470654913552,1,0.26109737157821655
4,20,7.915412999864202,126.33579574649562,2,0.3244379758834839
4,21,7.704978001129348,129.78622390011057,2,0.46689388155937195
4,22,7.376072000624845,135.57351391299972,1,0.3628695011138916
4,23,7.720334000623552,129.5280748111717,2,0.6955114603042603
4,24,7.9358000002685,126.0112401983626,2,0.6343547105789185
4,25,7.5378319997980725,132.66414003745223,2,0.40541011095046997
4,26,7.616892002261011,131.28714437636222,2,0.4775550961494446
4,27,8.179171996744117,122.26176444242401,2,0.6097609996795654
4,28,7.686704000661848,130.0947714278964,3,0.5112174153327942
4,29,7.842843999242177,127.50476741557348,3,0.636954108874003
4,30,7.691517002967885,130.01336402352558,3,0.6207935611406962
4,31,7.792991000314942,128.32043562729464,3,0.6205004254976908
4,32,7.765522997942753,128.7743272751778,2,0.8263323903083801
4,33,7.930705000035232,126.09219482953375,3,0.6652999718983968
4,34,7.632921999174869,131.0114265687638,2,0.6804466247558594
4,35,7.977419998496771,125.35381115554095,3,0.557836651802063
4,36,7.609245996718528,131.41906575648204,2,0.7194721698760986
4,37,7.783434000884881,128.47799568754772,3,0.5780961910883585
4,38,7.789063001837349,128.3851471947411,2,0.6750151515007019
4,39,7.9039979973458685,126.5182506796935,4,0.45121046900749207
4,40,7.570101002784213,132.0986337741345,2,0.5570450723171234
4,41,7.842660997994244,127.50774262150938,1,0.6414100527763367
4,42,7.749870997940889,129.03440589729766,1,0.6291157603263855
4,43,7.622002001880901,131.19912586656727,1,0.7031493186950684
4,44,7.59353100147564,131.69104067734384,1,0.6324506402015686
4,45,7.486475999030517,133.57419433782968,1,0.6421895027160645
4,46,7.622664001246449,131.18773172167647,2,0.5809147357940674
4,47,7.937792001030175,125.97961748937475,4,0.39762265980243683
4,48,7.61450999925728,131.32821417235516,2,0.6810867190361023
4,49,7.4544790004438255,134.14753733164477,1,0.49953174591064453
4,50,6.876015999296214,145.43305310842118,0,0.0
4,51,7.552194001618773,132.4118527391716,1,0.33801186084747314
4,52,6.8087500003457535,146.8698365998486,0,0.0
4,53,7.327523999265395,136.47174681382862,0,0.0
4,54,6.888511998113245,145.16923252422276,0,0.0
4,55,6.820508999226149,146.61662349737526,0,0.0
4,56,6.797549001930747,147.11184865544394,0,0.0
4,57,6.71634699756396,148.89046089529072,0,0.0
4,58,6.741918001353042,148.32574347527054,0,0.0
4,59,6.742453999322606,148.3139521753455,0,0.0
4,60,7.43388299815706,134.51920083325373,1,0.6223219037055969
4,61,7.682273000682471,130.16980780443012,2,0.2945031225681305
4,62,7.786563000991009,128.42636730387056,2,0.4829519987106323
4,63,7.577922999189468,131.96228044372575,2,0.7875268459320068
4,64,7.36522899751435,135.7731036383912,1,0.7683053016662598
4,65,7.512156997108832,133.11755869650557,1,0.7185022234916687
4,66,7.673395000892924,130.3204122664914,2,0.5877505242824554
4,67,7.556103999377228,132.3433346182662,2,0.6662006676197052
4,68,7.5585769991448615,132.30003479664688,2,0.6210752129554749
4,69,7.665576998988399,130.45332401356958,2,0.322917103767395
4,70,7.581075999041786,131.90739680309173,2,0.5600375831127167
4,71,7.729910001216922,129.36761228042366,2,0.47843724489212036
4,72,7.555593001598027,132.3522852261229,2,0.5143869519233704
4,73,6.92309700025362,144.4440255514788,0,0.0
4,74,6.718216998706339,148.84901755816463,0,0.0
4,75,7.057226997858379,141.6987154166169,0,0.0
4,76,6.896404000144685,145.00310596348768,0,0.0
4,77,6.821623999712756,146.59265888036455,0,0.0
4,78,6.856322001112858,145.85079286499217,0,0.0
5,0,8.309986002132064,120.33714614482305,0,0.0
5,1,7.130592999601504,140.24079064053794,0,0.0
5,2,6.864156999654369,145.68431346345267,0,0.0
5,3,6.848028999229427,146.0274190007847,0,0.0
5,4,6.869461998576298,145.57180754580938,0,0.0
5,5,6.900921998749254,144.9081731660267,0,0.0
5,6,6.798885002353927,147.08294075481163,0,0.0
5,7,6.828458997915732,146.44592583849922,0,0.0
5,8,6.7303930009074975,148.57973373399804,0,0.0
5,9,7.765147001919104,128.78056265423652,1,0.34198713302612305
5,10,6.7820219992427155,147.4486517607375,0,0.0
5,11,7.7292790010687895,129.37817354784605,2,0.34586286544799805
5,12,7.740507000562502,129.1905039201347,2,0.4077799320220947
5,13,7.471201999578625,133.84727116953871,1,0.6330704689025879
5,14,7.912474997283425,126.38270583393036,3,0.4036278525988261
5,15,8.117953999317251,123.18374803356899,3,0.5271772543589274
5,16,8.004490999155678,124.92986750881238,3,0.46955140431722003
5,17,7.99503999951412,125.07754808741079,3,0.39682700236638385
5,18,7.954100001370534,125.72132608688533,4,0.38256584107875824
5,19,6.850106998172123,145.98312117852163,0,0.0
5,20,7.425220999721205,134.67612614325515,1,0.29414093494415283
5,21,7.714778002991807,129.6213578164139,2,0.4296520948410034
5,22,7.703948998823762,129.8035592074506,2,0.6419174075126648
5,23,7.463352001650492,133.98805252369897,1,0.5119436979293823
5,24,6.817688001319766,146.6772899854643,0,0.0
5,25,7.597608000651235,131.62037313774076,2,0.48992064595222473
5,26,7.417009001073893,134.8252374852467,2,0.5499564111232758
5,27,7.907412000349723,126.46362677899833,3,0.47627947727839154
5,28,7.604407997860108,131.5026758534526,2,0.2887731194496155
5,29,6.840866000857204,146.180322765377,0,0.0
5,30,7.4661840008047875,133.93722949932777,1,0.3288288712501526
5,31,7.552957998996135,132.39845900545325,2,0.4621855914592743
5,32,7.876734998717438,126.95615634686568,4,0.3627510219812393
5,33,6.874610000522807,145.46279715124945,0,0.0
5,34,7.598195999889867,131.61018747272308,1,0.7236082553863525
5,35,7.7585660001204815,128.8897974167483,1,0.6838263869285583
5,36,7.70846700106631,129.7274801671552,3,0.3398608962694804
5,37,7.543842999439221,132.55843209811445,2,0.3932568430900574
5,38,7.400896000035573,135.1187748071576,1,0.5029261112213135
5,39,7.811012001184281,128.02438401687044,3,0.3356559673945109
5,40,7.746358998701908,129.09290676659506,2,0.29321253299713135
5,41,7.422119997499976,134.7323945633908,1,0.34295058250427246
5,42,7.403315001283772,135.07462533021962,1,0.3038255572319031
5,43,6.813584001065465,146.76563756220315,0,0.0
5,44,7.3709730022528674,135.6672992418178,1,0.32860201597213745
5,45,7.835994998458773,127.61621213345408,3,0.414320707321167
5,46,7.680056001845514,130.20738387320358,2,0.33205124735832214
5,47,6.739178999850992,148.3860274407477,0,0.0
5,48,6.843252998805838,146.12933354568392,0,0.0
5,49,7.425636002153624,134.66859939134835,1,0.44483667612075806
5,50,6.861721001769183,145.7360332403731,0,0.0
5,51,6.803845000831643,146.9757173888836,0,0.0
5,52,6.780323998100357,147.48557742670852,0,0.0
5,53,6.768704002752202,147.73876942962687,0,0.0
5,54,6.827245000749826,146.47196634809083,0,0.0
5,55,6.790499999624444,147.2645607915921,0,0.0
5,56,7.065613997838227,141.53051671177576,0,0.0
5,57,6.849119003163651,146.00417944820256,0,0.0
5,58,6.807763998949667,146.89110846884302,0,0.0
5,59,7.435953000822337,134.481753702506,1,0.5093003511428833
5,60,7.546725999418413,132.50779213092733,1,0.5733445882797241
5,61,7.471326000086265,133.84504972590594,1,0.41815340518951416
5,62,7.543734998762375,132.5603298848727,1,0.25817835330963135
5,63,7.763638001051731,128.8055934427302,2,0.33782920241355896
5,64,7.764534999296302,128.79071317092777,2,0.5294118523597717
5,65,7.546476997958962,132.51216432124053,2,0.5191127359867096
5,66,7.746850002149586,129.08472472327736,2,0.5306834280490875
5,67,7.735325001704041,129.27705038633886,2,0.38841474056243896
5,68,7.984071999089792,125.24937151293261,4,0.44409821927547455
5,69,7.6283840026007965,131.08936304977087,2,0.39634406566619873
5,70,7.467187002475839,133.91923888720578,1,0.33302152156829834
5,71,7.717133001278853,129.58180192492262,2,0.3966171145439148
5,72,7.511389001592761,133.1311691869445,2,0.3500794768333435
5,73,7.533795000199461,132.73522839067488,1,0.3392326235771179
5,74,7.4559290005709045,134.12144883936386,1,0.38538575172424316
5,75,6.89588700333843,145.01397710198572,0,0.0
5,76,6.76306300010765,147.86199684729874,0,0.0
5,77,7.119154000974959,140.46612839995473,0,0.0
5,78,6.905288999405457,144.81653122499284,0,0.0
5,79,6.858189997728914,145.81106681663084,0,0.0
5,80,6.844998999440577,146.09205933875626,0,0.0
5,81,6.892014000186464,145.0954684614606,0,0.0
5,82,6.790114999603247,147.2729107030486,0,0.0
5,83,6.867301999591291,145.61759480790494,0,0.0
5,84,6.826552998973057,146.4868140847121,0,0.0
5,85,6.905686001118738,144.8082058521047,0,0.0
5,86,6.866550997074228,145.63352117039406,0,0.0
5,87,6.875925999338506,145.43495670200704,0,0.0
5,88,6.868122000014409,145.6002091980751,0,0.0
5,89,6.706369000312407,149.11198592761843,0,0.0
5,90,6.816056000388926,146.71240963145544,0,0.0
5,91,6.828950998169603,146.43537495993672,0,0.0
5,92,7.793625998601783,128.30998051220385,2,0.32314592599868774
5,93,7.64986099966336,130.7213294521307,2,0.44157037138938904
5,94,7.654423003259581,130.64342009504273,2,0.3879460394382477
5,95,7.872861999203451,127.01861154192422,3,0.4725754459698995
5,96,8.044948997849133,124.30159597871362,2,0.43282297253608704
5,97,7.883538000896806,126.84660109283969,1,0.3562583327293396
5,98,7.04433099963353,141.95812207745823,0,0.0
5,99,7.341662003454985,136.20894009141256,0,0.0
5,100,7.043262001388939,141.97966791563326,0,0.0
5,101,6.8715519992110785,145.5275314972236,0,0.0
5,102,6.845087998954114,146.09015985664374,0,0.0
5,103,6.862991998787038,145.709043544964,0,0.0
5,104,6.832674000179395,146.35558493991437,0,0.0
5,105,6.926358000782784,144.3760198197934,0,0.0
5,106,6.791191000957042,147.2495766735284,0,0.0
5,107,7.470939999620896,133.85196508749152,1,0.5993254780769348
5,108,6.6435330008971505,150.5223199561075,0,0.0
5,109,7.412539001961704,134.90654143409608,1,0.4548496603965759
5,110,7.343607001530472,136.17286434194958,1,0.2765531539916992
6,0,9.281187998567475,107.7448275106966,1,0.8313952684402466
6,1,8.025802999327425,124.59812433519757,1,0.877302885055542
6,2,7.642069998837542,130.8545983159161,1,0.8938615322113037
6,3,7.591995999973733,131.71766686961635,1,0.9081090092658997
6,4,7.544225998572074,132.5517024793894,1,0.9026731252670288
6,5,7.66330599799403,130.49198352013647,2,0.682352215051651
6,6,7.906915001512971,126.4715758053112,4,0.5313898473978043
6,7,7.829287998902146,127.72553521344777,3,0.6386278867721558
6,8,7.871974998124642,127.03292378827831,2,0.6969587206840515
6,9,7.761394997942261,128.84281759466242,3,0.629902164141337
6,10,7.617872997798258,131.2702378064091,2,0.6544704735279083
6,11,7.72318200324662,129.4803100042996,2,0.6930450201034546
6,12,8.260470000095665,121.05848698541595,3,0.5064952572186788
6,13,7.966872999531915,125.5197616503682,4,0.4148053377866745
6,14,7.599435000884114,131.58872993632562,2,0.36262720823287964
6,15,7.550420999905327,132.44294589831995,2,0.42835259437561035
6,16,6.731098001182545,148.56417182223706,0,0.0
6,17,6.768997998733539,147.73235273331403,0,0.0
6,18,6.7184200015617535,148.8445199567073,0,0.0
6,19,7.616906998009654,131.28688590543462,2,0.4930359125137329
6,20,7.881135999923572,126.88526121230463,3,0.39324716726938885
6,21,7.65669799875468,130.60460268416549,2,0.5832059383392334
6,22,7.4396430027263705,134.41505185578592,1,0.8357300162315369
6,23,7.360891002463177,135.85311882289383,1,0.8590936660766602
6,24,7.586089999676915,131.82021305344244,2,0.6868984997272491
6,25,7.5714580016210675,132.0749583218843,2,0.5212512016296387
6,26,7.602170997415669,131.54137158187396,2,0.5432457029819489
6,27,7.407297998724971,135.00199400268917,1,0.8237366676330566
6,28,7.388726000499446,135.3413294703856,1,0.7413719892501831
6,29,7.364640001469525,135.7839622575526,1,0.45094138383865356
6,30,7.627546998264734,131.103748063106,2,0.49855655431747437
6,31,7.4253460006730165,134.67385895678967,1,0.7457994222640991
6,32,7.487669001420727,133.55291210258596,1,0.4433669447898865
6,33,7.701517999521457,129.84453195618528,2,0.3000248968601227
6,34,7.976594002684578,125.36679184918313,1,0.42093127965927124
6,35,7.52219600326498,132.9399020666244,1,0.2616004943847656
6,36,6.779007002478465,147.51423027508176,0,0.0
6,37,6.825765998655697,146.503703788988,0,0.0
6,38,6.7775160023302305,147.5466822440821,0,0.0
6,39,7.546500997705152,132.5117428996689,1,0.5535366535186768
6,40,7.470822998584481,133.85406135167077,1,0.2884107232093811
6,41,6.770649997633882,147.69630690546208,0,0.0
6,42,7.423699997161748,134.70371922118662,1,0.44436532258987427
6,43,6.7443869993439876,148.2714441056345,0,0.0
6,44,7.378154001344228,135.5352571683662,1,0.7714070677757263
6,45,7.4213020016031805,134.74724513083765,1,0.8520901203155518
6,46,7.355719997576671,135.9486223414497,1,0.8048051595687866
6,47,6.77550700129359,147.59043121187514,0,0.0
6,48,6.8450850012595765,146.0902238344722,0,0.0
6,49,6.764982001186581,147.82005330163472,0,0.0
6,50,6.790995001210831,147.25382654849554,0,0.0
6,51,6.7960900014440995,147.1434309709716,0,0.0
6,52,6.964645002881298,143.5823361544338,0,0.0
6,53,6.783335000363877,147.42011119108184,0,0.0
6,54,6.769258001440903,147.7266784316893,0,0.0
6,55,6.9046820026414935,144.82926217564176,0,0.0
6,56,7.0479799978784285,141.88462514096497,0,0.0
6,57,6.898483999975724,144.95938527994252,0,0.0
6,58,6.867120002425509,145.62145406615787,0,0.0
6,59,6.849064000562066,146.00535196020002,0,0.0
6,60,6.898206000187201,144.96522718701968,0,0.0
6,61,7.0009669980208855,142.8374109294747,0,0.0
6,62,6.766305999917677,147.79112857328158,0,0.0
6,63,6.829289999586763,146.42810600523765,0,0.0
6,64,6.866854997497285,145.62707387362383,0,0.0
6,65,6.8378440009837504,146.2449274736498,0,0.0
6,66,6.808712001657113,146.87065626459434,0,0.0
6,67,6.867713000247022,145.60888027266594,0,0.0
6,68,6.810923998273211,146.8229568049111,0,0.0
6,69,6.862337999336887,145.72293001257455,0,0.0
6,70,6.8607960020017345,145.7556819512249,0,0.0
6,71,7.526310000685044,132.86723506060474,1,0.3300244212150574
6,72,6.803063999541337,146.9925904074135,0,0.0
6,73,6.800223000027472,147.05400102260765,0,0.0
6,74,6.845526000688551,146.0808124750992,0,0.0
6,75,6.795123998017516,147.164349067324,0,0.0
6,76,6.815238000854151,146.7300188012026,0,0.0
6,77,6.795957997383084,147.14628907139647,0,0.0
6,78,6.825174998084549,146.51638973076075,0,0.0
6,79,6.821430000854889,146.59682791946497,0,0.0
6,80,7.155822997447103,139.74632971731666,0,0.0
6,81,6.864983999548713,145.66676339897333,0,0.0
6,82,6.826217999332584,146.4940029893233,0,0.0
6,83,6.857208001747495,145.83194789266412,0,0.0
6,84,6.805920998885995,146.93088564555507,0,0.0
7,0,9.330231001513312,107.17848248749742,1,0.5572155117988586
7,1,7.25311299902387,137.8718351878126,0,0.0
7,2,7.7682100018137135,128.72978456639575,2,0.38249602913856506
7,3,7.620297998073511,131.22846380191564,1,0.6801074743270874
7,4,7.502271000703331,133.29297220884862,1,0.6727416515350342
7,5,7.9438760003540665,125.88313311479547,2,0.6466029286384583
7,6,7.941563999338541,125.9197810510991,3,0.5591367681821188
7,7,7.898985000792891,126.59854397743776,3,0.5918605128924052
7,8,7.842271999834338,127.5140673546039,2,0.5173878073692322
7,9,7.629138002812397,131.0764072731888,2,0.6134207248687744
7,10,7.85149600051227,127.36426280224241,3,0.39986403783162433
7,11,7.607407998875715,131.45081743318988,2,0.4097656309604645
7,12,6.82323400178575,146.5580690532208,0,0.0
7,13,7.405174997984432,135.0406979270826,1,0.4744502305984497
7,14,7.680487000470748,130.20007714858556,3,0.36119264364242554
7,15,7.731794998107944,129.3360727030025,3,0.34658267100652057
7,16,7.932614000310423,126.06185047714001,4,0.5352392643690109
7,17,7.991229998879135,125.13718165291975,2,0.48846521973609924
7,18,7.52592200296931,132.87408500984407,1,0.3315380811691284
7,19,7.37541099806549,135.58566434633838,1,0.3420717120170593
7,20,6.939629998669261,144.09990160739972,0,0.0
7,21,7.442291000188561,134.3672264326487,1,0.4192854166030884
7,22,7.438696000463096,134.4321639085325,1,0.5919186472892761
7,23,7.405453998217126,135.0356102732866,1,0.424103319644928
7,24,6.788687001971994,147.30388950168387,0,0.0
7,25,6.794183998863446,147.18470977048656,0,0.0
7,26,6.7869400008930825,147.34180645009556,0,0.0
7,27,7.4233640007150825,134.70981618356197,1,0.3118303418159485
7,28,6.814858003053814,146.73820049543053,0,0.0
7,29,6.840189002105035,146.19479077146184,0,0.0
7,30,6.8203039991203696,146.62103040113348,0,0.0
7,31,6.863620998046827,145.69569040664817,0,0.0
7,32,7.469703999959165,133.87411335247913,1,0.6942123770713806
7,33,7.415848998789443,134.8463271249508,1,0.334730863571167
7,34,7.484615001885686,133.60740662653436,1,0.6329523921012878
7,35,7.665219000045909,130.45941674908582,2,0.4079224467277527
7,36,7.549089001258835,132.46631478755208,2,0.5549165308475494
7,37,7.611314998939633,131.38334179301665,2,0.5080462694168091
7,38,7.701812999584945,129.8395585628852,3,0.4357485771179199
7,39,7.601615001476603,131.5509927569012,2,0.6769726872444153
7,40,8.17746999746305,122.2872111191159,2,0.556049257516861
7,41,7.526393001171527,132.8657698108967,1,0.7982720136642456
7,42,7.464346002961975,133.97020979509574,1,0.7748275995254517
7,43,7.521649000409525,132.94956996072986,1,0.5713980793952942
7,44,6.8496280000545084,145.9933298555837,0,0.0
7,45,7.621360000484856,131.21017770271737,2,0.4078546166419983
7,46,7.605782000609906,131.47891957984203,1,0.694051206111908
7,47,7.5012990018876735,133.31024396552567,1,0.45944392681121826
7,48,7.387516998278443,135.3634787213398,1,0.699519693851471
7,49,7.426273001328809,134.65704799986028,1,0.4549540877342224
7,50,6.859653996798443,145.77994756976415,0,0.0
7,51,7.404875999782234,135.046150675502,1,0.33876127004623413
7,52,7.784713998262305,128.4568707627819,3,0.4725136359532674
7,53,6.978002002142603,143.30749685840576,0,0.0
7,54,6.956917000934482,143.74183274943138,0,0.0
7,55,7.7786259971617255,128.55740851467615,2,0.421220064163208
7,56,7.6001359993824735,131.57659285060848,1,0.6291751265525818
7,57,7.467120001820149,133.92044051203743,1,0.34070003032684326
7,58,6.825011998444097,146.5198889361617,0,0.0
7,59,7.417281998641556,134.82027516051645,1,0.7907014489173889
7,60,7.788285001879558,128.39797205144245,1,0.8375973701477051
7,61,7.615941998665221,131.30352097944825,1,0.8998121023178101
7,62,6.8814689984719735,145.3178093546668,0,0.0
7,63,6.818832000135444,146.65268186401084,0,0.0
7,64,6.822259998443769,146.57899291849193,0,0.0
7,65,6.847209999250481,146.0448854510762,0,0.0
7,66,6.898845000250731,144.95179989746924,0,0.0
7,67,6.874257996969391,145.47024572555517,0,0.0
7,68,6.830329999502283,146.40581056447766,0,0.0
7,69,6.849361001513898,145.9990208982958,0,0.0
7,70,6.845685002190294,146.07741952486091,0,0.0
7,71,6.850484998722095,145.97506602620723,0,0.0
7,72,6.8171819984854665,146.68817705353388,0,0.0
7,73,6.918638999195537,144.53709755867806,0,0.0
7,74,6.813841999246506,146.76008045249404,0,0.0
7,75,6.821917999332072,146.5863412749771,0,0.0
7,76,6.882129000587156,145.30387325124013,0,0.0
7,77,7.020514000032563,142.43971310296678,0,0.0
7,78,7.050200998492073,141.8399277146686,0,0.0
7,79,7.126763997803209,140.31613791452125,0,0.0
7,80,6.853003000287572,145.92143035075821,0,0.0
7,81,6.831496000813786,146.38082198699632,0,0.0
7,82,6.916730999364518,144.57696852629894,0,0.0
7,83,7.033927999145817,142.16807452698373,0,0.0
7,84,6.8511159988702275,145.96162145917592,0,0.0
7,85,6.788463997509098,147.3087285086776,0,0.0
7,86,6.834389998402912,146.318837560292,0,0.0
7,87,6.803116997616598,146.99144529637513,0,0.0
7,88,6.870662997243926,145.5463614502904,0,0.0
7,89,6.620943997404538,151.03586443141762,0,0.0
7,90,6.761085998732597,147.9052330036115,0,0.0
7,91,6.69976700010011,149.25892198714638,0,0.0
7,92,6.623536999541102,150.97673645807112,0,0.0
7,93,6.674582000414375,149.82211619213268,0,0.0
7,94,6.680042999505531,149.69963517810018,0,0.0
7,95,6.688319001113996,149.5143996321709,0,0.0
7,96,7.321298999158898,136.58778313997067,1,0.44817912578582764
7,97,6.671327999356436,149.895193295318,0,0.0
7,98,6.562877999385819,152.37217575788915,0,0.0
7,99,6.631734002439771,150.79012512143984,0,0.0
7,100,6.65194000248448,150.3320835164633,0,0.0
7,101,6.684660002065357,149.59623970269698,0,0.0
7,102,6.643193002673797,150.5300236795037,0,0.0
7,103,6.617371000174899,151.11741505404032,0,0.0
7,104,6.701406000502175,149.2224168965534,0,0.0
7,105,6.665160002739867,150.03390760145697,0,0.0
7,106,7.151262998377206,139.83543889057418,0,0.0
7,107,6.780090003303485,147.49066745614982,0,0.0
7,108,6.646640002145432,150.45195763230979,0,0.0
7,109,6.7064060021948535,149.11116321808177,0,0.0
7,110,6.699216999550117,149.2711760295501,0,0.0
7,111,6.657854999502888,150.1985249115016,0,0.0
7,112,6.672124000033364,149.87731043292953,0,0.0
8,0,8.16834299985203,122.4238502249618,0,0.0
8,1,7.237199999508448,138.17498481013655,0,0.0
8,2,6.770660002075601,147.6960886669013,0,0.0
8,3,6.854870000097435,145.88168703210798,0,0.0
8,4,6.741764998878352,148.32910968661366,0,0.0
8,5,6.7335989988350775,148.50899202239418,0,0.0
8,6,6.712828002491733,148.96851217233782,0,0.0
8,7,6.676697001239518,149.77465651269657,0,0.0
8,8,7.579180000902852,131.9403945916151,1,0.3194062113761902
8,9,6.745824000972789,148.23985918633423,0,0.0
8,10,6.7241059987281915,148.71865496902365,0,0.0
8,11,6.743103000189876,148.29967745885557,0,0.0
8,12,6.735399998433422,148.46928174014738,0,0.0
8,13,7.409071000438416,134.96968782467155,1,0.26779115200042725
8,14,7.57176399929449,132.06962077703116,2,0.32508784532546997
8,15,7.426500000292435,134.6529320622935,1,0.4169315695762634
8,16,7.418686000164598,134.79476014725694,1,0.668378472328186
8,17,7.945133998873644,125.86320131816113,2,0.314578115940094
8,18,7.650554998690495,130.709471426735,2,0.5587115287780762
8,19,7.349070998316165,136.07162051218748,1,0.46222031116485596
8,20,7.460273998731282,134.0433340880058,2,0.35226917266845703
8,21,7.716603999142535,129.5906852432909,1,0.3629441261291504
8,22,7.712356000411091,129.6620643480017,1,0.5625454783439636
8,23,7.750273998681223,129.02769633307915,2,0.29181012511253357
8,24,7.729495999228675,129.3745413801611,2,0.4448916018009186
8,25,7.704021001700312,129.80234604491545,2,0.5906584858894348
8,26,7.735529001365649,129.2736411205307,2,0.6402402222156525
8,27,7.878938999056118,126.9206425027276,2,0.5544359982013702
8,28,7.751578999886988,129.00597413953716,2,0.6016990840435028
8,29,8.000920999620575,124.98561103745713,4,0.43529212474823
8,30,7.924295001430437,126.19419138478403,3,0.6393331487973531
8,31,7.662952000828227,130.49801171818876,3,0.6584976116816202
8,32,7.788247999997111,128.39858206882613,4,0.48572786152362823
8,33,7.882101999712177,126.86971064780893,3,0.6218960682551066
8,34,7.657264002773445,130.59494874903126,3,0.5335893034934998
8,35,7.720341000094777,129.52795737749457,2,0.7768666446208954
8,36,7.871759997215122,127.03639343092026,3,0.5216540098190308
8,37,7.568747998448089,132.12224798672673,1,0.8169086575508118
8,38,7.496259000618011,133.39987317908273,1,0.8155404329299927
8,39,7.376610999926925,135.56360773394536,1,0.836633026599884
8,40,7.555469001090387,132.35445739446254,2,0.5493288040161133
8,41,7.552387000032468,132.40846900399848,2,0.7306251227855682
8,42,7.564195999293588,132.20175681505197,2,0.8453108072280884
8,43,7.548222998593701,132.4815125608118,2,0.8450779020786285
8,44,7.502750002458924,133.28446232011777,2,0.8385627269744873
8,45,7.660139002837241,130.54593390924234,2,0.8090326189994812
8,46,7.737264997558668,129.2446362268229,3,0.4064152042071025
8,47,7.532270999945467,132.7620846365246,1,0.6654077768325806
8,48,7.344711000769166,136.15239590710596,1,0.7619655132293701
8,49,7.510642997658579,133.14439260549958,2,0.5161369740962982
8,50,7.623852001415798,131.16728916226253,3,0.5839718580245972
8,51,7.616254002641654,131.29814205948958,3,0.5606769720713297
8,52,7.705877997068455,129.7710657215738,2,0.5606154501438141
8,53,7.433569997374434,134.52486495091912,1,0.3995361328125
8,54,7.555582000350114,132.35247793666477,1,0.3756793737411499
8,55,7.238488000439247,138.15039825158485,1,0.32392221689224243
8,56,6.784533998143161,147.3940583500189,0,0.0
8,57,6.706203999783611,149.11565470305808,0,0.0
8,58,6.766032998712035,147.79709176564134,0,0.0
8,59,6.732408997777384,148.53524204042517,0,0.0
8,60,6.678342000668636,149.73776423847116,0,0.0
8,61,7.046007001918042,141.92435513160618,0,0.0
8,62,6.763558001694037,147.85117533545727,0,0.0
8,63,6.803101998229977,146.99176938111157,0,0.0
8,64,7.350528998358641,136.04463028760216,1,0.4477095603942871
8,65,6.769063002138864,147.73093405749415,0,0.0
8,66,7.450083001458552,134.22669248171107,2,0.45227354764938354
8,67,7.531364997703349,132.7780555457005,2,0.59089595079422
8,68,7.500417999835918,133.32590263927642,2,0.6482398211956024
8,69,7.286454001587117,137.24096793614322,1,0.8813633918762207
8,70,7.409629000903806,134.9595235980132,1,0.8649346232414246
8,71,7.554046998848207,132.37937229573413,2,0.8017065227031708
8,72,7.51280999975279,133.10598830968775,2,0.6502031683921814
8,73,7.618122999701882,131.2659299461472,3,0.38483872016270954
8,74,7.4433059999137186,134.34890356672045,2,0.5190634727478027
8,75,7.442588001140393,134.36186442763923,2,0.5108068883419037
8,76,7.316076997085474,136.68527551013648,1,0.3558806777000427
8,77,6.763366000086535,147.8553726039971,0,0.0
8,78,6.683441999484785,149.623502392493,0,0.0
8,79,6.67348700153525,149.84669929977355,0,0.0
8,80,6.748497999069514,148.18112121213943,0,0.0
8,81,6.776509999326663,147.5685862043092,0,0.0
8,82,6.673579999187496,149.84461115649313,0,0.0
8,83,6.7329859994060826,148.52251290708315,0,0.0
8,84,6.710734996886458,149.01497383877688,0,0.0
8,85,7.273236002220074,137.4903825057734,0,0.0
8,86,6.8591329982155,145.7910205648679,0,0.0
8,87,7.443015998433111,134.35413818948098,1,0.2953197956085205
8,88,6.773817000066629,147.6272535839341,0,0.0
8,89,7.434020000800956,134.5167217591906,1,0.4247943162918091
8,90,7.361211999523221,135.84719473705812,1,0.6909225583076477
8,91,6.923621000169078,144.43309360457187,0,0.0
8,92,7.659735001652734,130.55281935788,2,0.3622383773326874
8,93,6.727135001710849,148.65169195291597,0,0.0
8,94,6.738003001373727,148.4119255803422,0,0.0
8,95,7.396704000711907,135.19535186263417,1,0.7966773509979248
8,96,6.749674001184758,148.15530347457846,0,0.0
8,97,7.472027999028796,133.83247494923447,2,0.3129030764102936
8,98,7.413192000967683,134.89465804601645,1,0.9096861481666565
8,99,7.357372000114992,135.91809684006333,1,0.824752688407898
9,0,8.273505998658948,120.86774339223177,0,0.0
9,1,7.138640001357999,140.08270480228276,0,0.0
9,2,6.803185002354439,146.98997596771528,0,0.0
9,3,6.854188999568578,145.89618116205182,0,0.0
9,4,6.8244600006437395,146.53174022643137,0,0.0
9,5,6.770978001441108,147.68915211172802,0,0.0
9,6,6.720884000969818,148.78995082428156,0,0.0
9,7,6.697498996800277,149.30946618696754,0,0.0
9,8,6.741986002452904,148.3242474303825,0,0.0
9,9,6.778351002139971,147.52850651792644,0,0.0
9,10,6.731411998771364,148.557241806403,0,0.0
9,11,6.688280998787377,149.51524916212486,0,0.0
9,12,6.737547999364324,148.42194817674743,0,0.0
9,13,6.691111000691308,149.4520117655622,0,0.0
9,14,7.025781997072045,142.33291047412862,0,0.0
9,15,6.725068000378087,148.6973811928414,0,0.0
9,16,6.788757000322221,147.30237066263177,0,0.0
9,17,6.804913002270041,146.95265019059192,0,0.0
9,18,6.719510998664191,148.82035317730643,0,0.0
9,19,6.725718998495722,148.68298842453282,0,0.0
9,20,7.584109996969346,131.85462768862868,1,0.33980685472488403
9,21,6.773960001737578,147.6241370990516,0,0.0
9,22,7.330451000598259,136.41725453432363,1,0.41991090774536133
9,23,7.318496998777846,136.6400778967314,1,0.26898062229156494
9,24,7.43894100014586,134.42773641844886,1,0.26923930644989014
9,25,7.629859002918238,131.06402092326005,2,0.2907658517360687
9,26,7.966254001075868,125.52951485917306,3,0.4473588267962138
9,27,7.342213000811171,136.1987182732944,1,0.3497738838195801
9,28,7.490885000152048,133.49557495271952,2,0.3162485659122467
9,29,6.749931999365799,148.14964063252143,0,0.0
9,30,6.731008001224836,148.56615826604735,0,0.0
9,31,6.69067299895687,149.46179557062615,0,0.0
9,32,6.775754001864698,147.58505101052938,0,0.0
9,33,6.836806998762768,146.2671098044696,0,0.0
9,34,6.721798999933526,148.76969692338156,0,0.0
9,35,6.783099001040682,147.4252402694664,0,0.0
9,36,6.810814000345999,146.82532806639537,0,0.0
9,37,6.8280839986982755,146.45396866685334,0,0.0
9,38,6.776004000130342,147.5796059123879,0,0.0
9,39,6.773573000828037,147.63257144755875,0,0.0
9,40,6.676313998468686,149.78324869521794,0,0.0
9,41,7.399173999147024,135.1502208375259,1,0.47670572996139526
9,42,6.74113900095108,148.34288387450758,0,0.0
9,43,8.001624999451451,124.9746145399909,1,0.29094624519348145
9,44,7.781579999573296,128.50860622840543,1,0.49885058403015137
9,45,6.86065999980201,145.75857133699364,0,0.0
9,46,6.813193998823408,146.77403875079634,0,0.0
9,47,6.920251998963067,144.5034082790396,0,0.0
9,48,7.38662400181056,135.37984331609226,1,0.2632889151573181
9,49,6.720438999764156,148.79980311332244,0,0.0
9,50,6.77612700019381,147.5769270516031,0,0.0
9,51,6.6979069997614715,149.30037100180883,0,0.0
9,52,7.389667000097688,135.32409511643493,1,0.25951945781707764
9,53,6.772099000954768,147.6647048218011,0,0.0
9,54,7.5177750004513655,133.0180804746032,1,0.39588773250579834
9,55,7.568114000605419,132.13331616304987,1,0.3181772232055664
9,56,7.5093109990120865,133.1680097057584,1,0.6210694909095764
9,57,7.453784000972519,134.1600454037207,1,0.7288172841072083
9,58,7.580949997645803,131.90958920854789,1,0.7874340415000916
9,59,7.489953997719567,133.51216847319296,1,0.42561644315719604
9,60,8.100263999949675,123.45276647850153,2,0.6334250867366791
9,61,6.72662500073784,148.66296246487806,0,0.0
9,62,6.7089220028719865,149.05524308851935,0,0.0
9,63,6.831643997429637,146.3776508811413,0,0.0
9,64,7.59677499809186,131.63480559200156,1,0.47928231954574585
9,65,7.574795999971684,132.01675662337814,1,0.42634469270706177
9,66,6.802248997701099,147.01020211667668,0,0.0
9,67,7.536704997619381,132.68397798718007,1,0.41383105516433716
9,68,6.721655001456384,148.77288402682518,0,0.0
9,69,6.7213619986432604,148.77936944950366,0,0.0
9,70,7.499077000829857,133.34974422710138,2,0.40442854166030884
9,71,6.805924997024704,146.93079933104798,0,0.0
9,72,7.551414000772638,132.42552982761677,2,0.408878892660141
9,73,7.271447997482028,137.52419055273202,1,0.5565417408943176
9,74,7.2959700009960216,137.06196706722798,1,0.5485171675682068
9,75,7.277247001184151,137.41460195555825,1,0.3537357449531555
9,76,7.544569998572115,132.54565869085448,2,0.49083173274993896
9,77,6.731597000907641,148.55315905945753,0,0.0
9,78,7.324960999540053,136.5194982011224,1,0.6397912502288818
9,79,7.3301019983773585,136.42374965878602,1,0.6671525239944458
9,80,7.339087998843752,136.25671202710018,1,0.8239253163337708
9,81,7.9598900010751095,125.62987677781152,1,0.7960663437843323
9,82,7.627648999914527,131.1019948625331,2,0.5178988575935364
9,83,7.694474003073992,129.9633996554532,3,0.5853548645973206
9,84,7.617979998030933,131.26839401763675,3,0.4315320650736491
9,85,7.713817001786083,129.63750627846844,3,0.484871248404185
9,86,7.743824000499444,129.13516628677309,3,0.6347943345705668
9,87,7.698468998569297,129.8959572592736,2,0.7954135239124298
9,88,7.8127080014382955,127.996592195165,3,0.6130718986193339
9,89,7.622391000040807,131.1924303010232,2,0.8313747942447662
9,90,7.681497998419218,130.18294090629078,2,0.8240964710712433
9,91,7.692145001783501,130.0027495280107,2,0.8463194668292999
9,92,7.626006001373753,131.13024036695742,2,0.8418310582637787
9,93,7.66944199858699,130.38758232792412,3,0.685306449731191
9,94,7.729564000328537,129.373403203272,3,0.4788418809572856
9,95,7.9062760014494415,126.48179747540713,2,0.4431622624397278
9,96,7.7716400010103825,128.67296990982484,2,0.4566352367401123
9,97,8.049576998018892,124.23013038400816,3,0.5013331174850464
9,98,8.0160289980995,124.75004771528239,2,0.6488529145717621
9,99,7.5936870016448665,131.68833529527754,1,0.5534084439277649
9,100,7.564666997495806,132.19352554858506,1,0.6513148546218872
9,101,7.838386998628266,127.57726815159829,3,0.5411567886670431
9,102,7.613998997840099,131.33702805630458,2,0.510647177696228
9,103,8.276443997601746,120.82483736853276,4,0.43075037002563477
9,104,7.5859120006498415,131.8233061383174,1,0.6911462545394897
9,105,7.684316002269043,130.13520002362185,2,0.2717975080013275
9,106,7.64607699966291,130.78602269426358,2,0.30592527985572815
9,107,7.589048000227194,131.76883318830807,1,0.30520135164260864
9,108,7.490725998650305,133.49840858952552,1,0.2780304551124573
10,0,8.4210270033509,118.75036139915943,0,0.0
10,1,7.282684000529116,137.31201297864166,0,0.0
10,2,6.830880996858468,146.3940010753959,0,0.0
10,3,6.747956002072897,148.19302314549935,0,0.0
10,4,6.774949997634394,147.6025653841238,0,0.0
10,5,6.819267997343559,146.64330546761755,0,0.0
10,6,6.695790998492157,149.3475528470337,0,0.0
10,7,6.740876997355372,148.3486496478614,0,0.0
10,8,6.674008000118192,149.83500169347874,0,0.0
10,9,7.517030000599334,133.03126366667018,1,0.3127290606498718
10,10,7.442776000971207,134.35847053162826,1,0.40742337703704834
10,11,6.746880000719102,148.21665716500326,0,0.0
10,12,6.643246000749059,150.52882279043183,0,0.0
10,13,7.362717002251884,135.81942640117097,1,0.3020703196525574
10,14,6.8505429990182165,145.97383012460688,0,0.0
10,15,6.891462999192299,145.10706944479034,0,0.0
10,16,6.9288609993236605,144.32386507646956,0,0.0
10,17,7.639565999852493,130.89748815826817,2,0.28389498591423035
10,18,7.586458999867318,131.81380140820497,2,0.3849932849407196
10,19,7.667335998121416,130.4233961111149,2,0.43422290682792664
10,20,7.538508001744049,132.65224362282936,1,0.28640657663345337
10,21,6.853241000499111,145.91636277305463,0,0.0
10,22,7.740765999187715,129.18618132946222,2,0.4197766184806824
10,23,7.784536999679403,128.45979151247965,1,0.5125207901000977
10,24,6.8657500014523976,145.65051156661073,0,0.0
10,25,7.77134300005855,128.67788746326934,2,0.3585241436958313
10,26,7.74408899815171,129.13074736598082,2,0.5610961616039276
10,27,6.781020001653815,147.47043951442575,0,0.0
10,28,7.714076000411296,129.63315372400822,2,0.5103440582752228
10,29,7.595397000841331,131.6586874773276,1,0.4691411852836609
10,30,7.366882000496844,135.74263846394678,1,0.5442571640014648
10,31,7.69378600307391,129.97502134845814,2,0.3548043966293335
10,32,7.66304400167428,130.49644498733304,2,0.5165993273258209
10,33,7.271319002029486,137.52663027449236,1,0.5931364297866821
10,34,7.293152997590369,137.11490768538607,1,0.4719143509864807
10,35,7.301708003069507,136.95425776813013,1,0.304055392742157
10,36,7.390089998807525,135.3163493491096,1,0.27101242542266846
10,37,7.666305999009637,130.44091902008395,3,0.3464173475901286
10,38,7.352439999522176,136.00927040070894,1,0.42104214429855347
10,39,7.226748002722161,138.37482635665745,1,0.5251959562301636
10,40,7.572447000711691,132.05770867805555,3,0.4269084533055623
10,41,7.545193002442829,132.53471444351925,2,0.5320182144641876
10,42,7.715356001426699,129.6116471897192,4,0.3828832656145096
10,43,7.519317001424497,132.990802197933,2,0.38970595598220825
10,44,8.407121000345796,118.94678332319336,3,0.5204713741938273
10,45,7.5841259968001395,131.8543495218718,2,0.49009013175964355
10,46,7.3836730007315055,135.43395000034934,1,0.7957848906517029
10,47,7.309872999030631,136.8012823386413,1,0.8675264716148376
10,48,7.671195999137126,130.35776952022636,3,0.4677809278170268
10,49,7.5342549971537665,132.72712436435617,2,0.8297290205955505
10,50,7.43792000139365,134.4461892320204,2,0.7704620361328125
10,51,7.694865998928435,129.95677899254608,3,0.6314326922098795
10,52,7.471627999620978,133.83963977472223,2,0.7879259586334229
10,53,7.5274219998391345,132.84760705874743,2,0.8310543596744537
10,54,7.625741996889701,131.13478011816665,3,0.6458714008331299
10,55,7.729741002549417,129.37044070042978,3,0.5892263849576315
10,56,7.616661001520697,131.2911260984762,2,0.4200514554977417
10,57,8.0405199987581,124.37006563685622,1,0.402551531791687
10,58,7.772861998091685,128.65274081097928,2,0.42906856536865234
10,59,7.377114001428708,135.55436445828713,1,0.6184969544410706
10,60,7.6299530010146555,131.062406264759,2,0.5581650137901306
10,61,7.565063002402894,132.18660567431752,2,0.6230048835277557
10,62,8.551131002604961,116.94359491105521,2,0.5816550254821777
10,63,7.4243410017516,134.69208913815694,1,0.8035579323768616
10,64,7.791536001604982,128.34439830529047,1,0.6834908723831177
10,65,7.588583001052029,131.77690747552828,2,0.6035912334918976
10,66,7.608439998875838,131.4329875963735,3,0.5842630664507548
10,67,7.604693000757834,131.49774749622983,3,0.5647205909093221
10,68,7.857069998863153,127.27390746737537,4,0.5177128314971924
10,69,7.469661002687644,133.8748839659781,2,0.33572879433631897
10,70,7.628016999660758,131.09567008627184,2,0.3170006573200226
10,71,6.774453002435621,147.61339397298494,0,0.0
10,72,6.713644001138164,148.95040604334548,0,0.0
10,73,6.74665000042296,148.22171002457637,0,0.0
11,0,8.251916002336657,121.18397711717311,0,0.0
11,1,7.195959002274321,138.96688400864215,0,0.0
11,2,6.876597999507794,145.42074439593196,0,0.0
11,3,6.779346000257647,147.5068539003608,0,0.0
11,4,6.721507998008747,148.7761377798332,0,0.0
11,5,6.679572001303313,149.71019098302716,0,0.0
11,6,6.837823999376269,146.2453552608575,0,0.0
11,7,6.6813609992095735,149.6701046565667,0,0.0
11,8,7.849343997804681,127.39918141945134,1,0.4498811960220337
11,9,6.78427200182341,147.39975044208572,0,0.0
11,10,6.953482999961125,143.81282013712996,0,0.0
11,11,7.383180996839656,135.44297511168241,1,0.2769353985786438
11,12,7.0835579972481355,141.17199299963184,0,0.0
11,13,7.693237999774283,129.98427970502664,1,0.5470366477966309
11,14,7.264373998623341,137.65811069054377,0,0.0
11,15,7.101637998857768,140.812584386988,0,0.0
11,16,7.764909998513758,128.7844933413787,1,0.28913283348083496
11,17,7.082747997628758,141.18813775878957,0,0.0
11,18,7.725337000010768,129.44419123704327,1,0.2970345616340637
11,19,7.079533002979588,141.25225485623508,0,0.0
11,20,7.057302998873638,141.6971894446933,0,0.0
11,21,7.16296899918234,139.6069144113497,0,0.0
11,22,7.135859999834793,140.13727848124145,0,0.0
11,23,7.130351998057449,140.24553069363674,0,0.0
11,24,7.061173000693088,141.6195297724394,0,0.0
11,25,7.040982000035001,142.0256435813966,0,0.0
11,26,7.185086000390584,139.17717894338907,0,0.0
11,27,7.899546999396989,126.58953735908337,1,0.43857622146606445
11,28,7.747591000224929,129.07237875243644,1,0.4115646481513977
11,29,7.0821410008647945,141.20023872412182,0,0.0
11,30,8.08065599994734,123.75232901963861,1,0.5947970151901245
11,31,8.46518899925286,118.13085332037599,1,0.4567145109176636
11,32,7.185670001490507,139.16586759377654,0,0.0
11,33,6.859355002234224,145.78630201735888,0,0.0
11,34,7.509225000831066,133.16953479078433,1,0.8227647542953491
11,35,7.541368999227416,132.60191884291118,1,0.4205842614173889
11,36,7.4487609999778215,134.25051495181245,1,0.3356504440307617
11,37,6.747536001057597,148.2022474342133,0,0.0
11,38,6.688681001833174,149.5063077049016,0,0.0
11,39,7.676993998757098,130.259317665469,3,0.404757559299469
11,40,6.793604999984382,147.19725388836986,0,0.0
11,41,6.677623001451138,149.7538869419083,0,0.0
11,42,7.564245999674313,132.20088294894907,1,0.30054771900177
11,43,6.723328999214573,148.7358420384933,0,0.0
11,44,6.675843000266468,149.79381629557267,0,0.0
11,45,6.746554998244392,148.22379722098506,0,0.0
11,46,6.694960000459105,149.36609030247013,0,0.0
11,47,6.728133001161041,148.6296421053857,0,0.0
11,48,6.723210000927793,148.7384746069216,0,0.0
11,49,6.778631002816837,147.52241265005478,0,0.0
11,50,6.785493002098519,147.3732269255505,0,0.0
11,51,6.78519699795288,147.37965608098096,0,0.0
11,52,6.7021399991062935,149.20607449760024,0,0.0
11,53,7.405160999041982,135.04095321214106,1,0.35202187299728394
11,54,6.893132002005586,145.0719353276632,0,0.0
11,55,7.83815999966464,127.58096288450166,3,0.3384455442428589
11,56,7.3677700020198245,135.72627806322086,1,0.29186153411865234
11,57,6.718941000144696,148.83297828905842,0,0.0
11,58,7.533012998464983,132.74900762865695,1,0.41604506969451904
11,59,6.832315997598926,146.36325374169303,0,0.0
11,60,6.753557998308679,148.07009879095347,0,0.0
11,61,6.731973000569269,148.54486194692672,0,0.0
11,62,6.719942000927404,148.810808167986,0,0.0
11,63,6.719738998071989,148.8153037323202,0,0.0
11,64,7.443934999173507,134.33755132346388,1,0.25437813997268677
11,65,7.368098002189072,135.72023603688478,1,0.2649080753326416
11,66,6.694994001009036,149.36533174626967,0,0.0
11,67,6.92417100071907,144.42162099927208,0,0.0
11,68,6.81344799886574,146.7685671287832,0,0.0
11,69,6.7791629990097135,147.5108357987672,0,0.0
11,70,7.734677001280943,129.28788103684093,2,0.4747115969657898
11,71,7.4985900027968455,133.35840466367907,1,0.4804094433784485
11,72,7.6366649991541635,130.94721322864888,2,0.44507530331611633
11,73,7.549468002252979,132.45966466797015,1,0.6196873188018799
11,74,7.302185000298778,136.94531156894598,1,0.4668470025062561
11,75,7.804195000062464,128.13621391982082,3,0.4603034059206645
11,76,8.280120997369522,120.77118200539411,2,0.5763595104217529
11,77,7.521292998717399,132.95586279786326,1,0.48846137523651123
11,78,6.750317999831168,148.14116905677793,0,0.0
11,79,6.719044002238661,148.8306966983426,0,0.0
11,80,7.4197040012222715,134.776265985175,1,0.47055912017822266
11,81,7.445199000358116,134.3147443005754,1,0.3427985906600952
11,82,7.438067001203308,134.44353214863796,1,0.3285330533981323
11,83,6.8841029969917145,145.2622077904689,0,0.0
11,84,7.477965998987202,133.72620310595659,1,0.2544839382171631
11,85,6.76285800000187,147.86647893534413,0,0.0
11,86,7.451518002199009,134.20084333217622,2,0.3689526319503784
11,87,7.501095002226066,133.31386946882216,1,0.3054127097129822
11,88,7.706750002398621,129.756382351674,2,0.2904278337955475
11,89,7.6368979971448425,130.94321809376837,1,0.46981173753738403
11,90,7.414507002977189,134.87073376536895,1,0.5609377026557922
11,91,7.249998998304363,137.93105353999096,1,0.5584365725517273
11,92,6.791700998292072,147.23851951837585,0,0.0
11,93,6.827504999819212,146.4663885308732,0,0.0
11,94,7.3959929977718275,135.20834866951165,1,0.26529401540756226
11,95,6.691987000522204,149.43244807886893,0,0.0
11,96,7.501323998440057,133.30979973774706,2,0.398661345243454
11,97,7.36981899899547,135.68854270862056,1,0.748078465461731
11,98,7.388644000457134,135.34283150441814,1,0.8030083179473877
11,99,8.118691999698058,123.17255045975276,2,0.5476077795028687
11,100,7.494216999475611,133.4362215652379,2,0.5163909792900085
11,101,7.732779999059858,129.319597883501,4,0.5256048440933228
11,102,7.653754000784829,130.65483942878987,3,0.4326012134552002
11,103,7.743047997792019,129.1481081203625,4,0.47451403737068176
11,104,7.645304001925979,130.79924614483394,3,0.6178021430969238
11,105,7.492194999940693,133.47223343865394,2,0.8107549250125885
11,106,7.641380998393288,130.86639708323202,3,0.6730301976203918
11,107,7.473464000213426,133.80675948548654,2,0.8125160336494446
11,108,7.487194998248015,133.56136713869446,2,0.8250997364521027
11,109,7.553334999101935,132.39185076775973,2,0.8151345551013947
11,110,7.504478999180719,133.25375420587787,2,0.7888843715190887
11,111,7.595955998112913,131.64899852611484,3,0.573898176352183
11,112,7.5065679993713275,133.21667106509256,2,0.8274974226951599
11,113,7.3513740026101,136.02899262708587,1,0.6619531512260437
11,114,7.283103997906437,137.3040945574105,1,0.501096248626709
11,115,7.323666999582201,136.54361948147667,1,0.6328223347663879
11,116,7.477354000002379,133.73714819435884,1,0.5024304389953613
11,117,7.509979001042666,133.15616459928353,2,0.3860867917537689
11,118,7.461866000085138,134.01473572275222,2,0.6045179665088654
11,119,7.463277001079405,133.98939900734908,2,0.5318509936332703
11,120,7.7964319971215446,128.2638007192523,4,0.4294511675834656
11,121,7.875384999351809,126.97791918519614,4,0.43881775438785553
11,122,7.628400999237783,131.08907097305428,2,0.46438920497894287
11,123,7.497400998545345,133.3795538205868,2,0.45540857315063477
11,124,7.814413002051879,127.96866504719213,2,0.3342806398868561
11,125,7.619855998200364,131.236075883347,3,0.4104256232579549
11,126,7.4490650004008785,134.24503611475856,1,0.7037729620933533
11,127,7.328638999752002,136.4509836047102,1,0.82859867811203
11,128,7.549772999482229,132.4543135361263,2,0.36678314208984375
11,129,7.760906999465078,128.85091910892956,2,0.5203135907649994
11,130,7.8197240000008605,127.88175132522451,2,0.38459470868110657
11,131,7.487227998353774,133.56077846432234,1,0.7389434576034546
11,132,7.588148000650108,131.78446175724642,1,0.7155588865280151
11,133,7.576009000331396,131.99561932361183,2,0.6976496875286102
11,134,7.310921002499526,136.78167219398358,1,0.7087798118591309
11,135,7.424511000863276,134.68900509188094,1,0.5665842294692993
11,136,7.625989001098787,131.1305326897161,1,0.4550602436065674
11,137,7.753211000817828,128.9788192136803,2,0.5984304547309875
11,138,7.900085998699069,126.5809005325604,2,0.6926933228969574
11,139,7.802600001014071,128.16240738600393,2,0.3156013488769531
11,140,7.639508003194351,130.89848188939186,2,0.4753483533859253
11,141,7.6449429980129935,130.80542265127565,3,0.3966731031735738
11,142,7.6051359974371735,131.49008779553532,2,0.4575514793395996
11,143,8.010630997887347,124.83411110357363,1,0.5464117527008057
11,144,7.454124999640044,134.1539080775127,1,0.8182597756385803
11,145,7.9041079989110585,126.51648992369145,3,0.35982759793599445
11,146,7.352425000135554,136.00954786775293,1,0.32588982582092285
11,147,7.63203499809606,131.0266528192634,2,0.6305623650550842
11,148,7.626855996932136,131.11562620328021,3,0.4622602661450704
11,149,7.616140002937755,131.3001073528418,3,0.2876909573872884
11,150,7.58132099872455,131.90313405384575,2,0.5348966419696808
11,151,7.328431998757878,136.4548378383662,1,0.2564350366592407
11,152,6.6785740018531214,149.73256262826877,0,0.0
11,153,7.407933997455984,134.99040357857098,1,0.2602183222770691
11,154,6.774419998691883,147.6141131186281,0,0.0
11,155,6.698848999803886,149.27937620765533,0,0.0
11,156,6.848960998468101,146.00754774682886,0,0.0
11,157,7.4154310023004655,134.85392820589567,1,0.4807896018028259
11,158,7.554076000815257,132.37886405856614,2,0.3780473470687866
11,159,6.748903997504385,148.17220697905626,0,0.0
11,160,6.789604998630239,147.2839731032577,0,0.0
11,161,6.729582000843948,148.59763947814164,0,0.0
11,162,6.79957299871603,147.06805856615276,0,0.0
11,163,6.706308002321748,149.11334219272308,0,0.0
11,164,6.770341999072116,147.70302595305395,0,0.0
11,165,6.697204997180961,149.31602070131163,0,0.0
11,166,7.55992700214847,132.276409509749,1,0.30462706089019775
11,167,7.9945889992814045,125.08460411034079,2,0.46695107221603394
11,168,7.359199000347871,135.8843537119637,1,0.6955053210258484
11,169,7.577511998533737,131.96943801520894,2,0.5566436648368835
11,170,7.735529998171842,129.27362446223242,3,0.45549923181533813
11,171,7.68148499992094,130.18316119998832,2,0.6648369133472443
11,172,7.603730999107938,131.51438420392816,2,0.7377058863639832
11,173,7.570688001578674,132.08839141059246,2,0.567338615655899
11,174,7.503012999222847,133.2797904126754,2,0.4716009497642517
11,175,7.575526000437094,132.00403509172853,3,0.45933546622594196
11,176,7.389503000013065,135.3270984527961,1,0.7667033076286316
11,177,7.478907999029616,133.70935972601205,2,0.3813124895095825
11,178,6.711373000143794,149.00080802818954,0,0.0
11,179,6.695198997476837,149.36075841462838,0,0.0
11,180,6.730094999511493,148.58631268542055,0,0.0
11,181,6.704953000735259,149.14347645544137,0,0.0
11,182,6.765103000361705,147.81740942400043,0,0.0
11,183,6.679646001430228,149.708532426102,0,0.0
11,184,6.7720190018008,147.6664492131641,0,0.0
12,0,12.026271997456206,83.15128746560195,1,0.8076320886611938
12,1,7.952708001539577,125.7433316810335,1,0.7520612478256226
12,2,7.832638999389019,127.67089100850997,1,0.7988522052764893
12,3,7.895709000877105,126.65107083973254,3,0.3906080921490987
12,4,8.146476997353602,122.75244873641107,3,0.48577451705932617
12,5,8.613845999207115,116.09216139829384,2,0.537121444940567
12,6,8.409407000726787,118.9144490109201,1,0.847393810749054
12,7,8.50162799906684,117.62453027934913,1,0.5612009763717651
12,8,8.5537300001306,116.90806232891755,1,0.29348593950271606
12,9,7.8681090017198585,127.0953414322824,0,0.0
12,10,7.75100300234044,129.01556091489667,0,0.0
12,11,7.7929190010763705,128.32162118737259,0,0.0
12,12,7.880696997744963,126.89232948381938,0,0.0
12,13,7.782352000504034,128.4958583131724,0,0.0
12,14,7.775256999593694,128.61311208777488,0,0.0
12,15,7.848485001886729,127.41312492278522,0,0.0
12,16,7.817587000317872,127.91670882068073,0,0.0
12,17,7.917167000414338,126.30780681368296,0,0.0
12,18,8.504637000442017,117.58291387957256,1,0.5150241851806641
12,19,7.778471001074649,128.55997018717986,0,0.0
12,20,7.761955999740167,128.83350537332024,0,0.0
12,21,7.755609000014374,128.93893954661027,0,0.0
12,22,7.763910001813201,128.8010808685904,0,0.0
12,23,7.261283997650025,137.71669037096342,0,0.0
12,24,6.8053579998377245,146.9430410602712,0,0.0
12,25,6.778235001547728,147.53103127461088,0,0.0
12,26,6.819484999141423,146.63863915323526,0,0.0
12,27,6.7663879999599885,147.78933753221264,0,0.0
12,28,6.614959002035903,151.17251666899637,0,0.0
12,29,6.736473998898873,148.44561118523688,0,0.0
12,30,6.744685000739992,148.26489300690622,0,0.0
12,31,6.741507000697311,148.3347862572218,0,0.0
12,32,6.837434997578384,146.25367558948204,0,0.0
12,33,6.664299002295593,150.05329137476255,0,0.0
12,34,7.374900000286289,135.5950589107894,1,0.2522406578063965
12,35,6.6948510029760655,149.36852210086073,0,0.0
12,36,6.708036999043543,149.07490822465405,0,0.0
12,37,6.711805999657372,148.99119552189805,0,0.0
12,38,6.757052000466501,147.9935332643527,0,0.0
12,39,6.684340998617699,149.603379032697,0,0.0
12,40,6.6664529986155685,150.004807685237,0,0.0
12,41,6.728172000293853,148.62878058948627,0,0.0
12,42,6.698084001982352,149.2964256202284,0,0.0
12,43,6.6626730003918055,150.08991135257486,0,0.0
12,44,7.534008000220638,132.73147572589707,1,0.4761348366737366
12,45,7.552390001364984,132.4084163846497,1,0.3419727087020874
12,46,7.650650997675257,130.7078313079321,1,0.6690475344657898
12,47,7.801206000294769,128.18530877946498,2,0.30375516414642334
12,48,7.528794001700589,132.82339771470996,1,0.667161226272583
12,49,7.5021439988631755,133.29522869082936,2,0.44418177008628845
12,50,7.682997998927021,130.15752446371278,2,0.411800354719162
12,51,6.767937997210538,147.75549072880963,0,0.0
12,52,6.761191998521099,147.90291419304967,0,0.0
12,53,6.715601000905735,148.9070002617978,0,0.0
12,54,6.867187999887392,145.6200121529217,0,0.0
12,55,6.775814999855356,147.58372240407198,0,0.0
12,56,6.678885998553596,149.72556803882617,0,0.0
12,57,6.7419469996821135,148.32510549951675,0,0.0
12,58,7.339617997786263,136.24687283474626,1,0.4305674433708191
12,59,7.378358997812029,135.53149152766068,1,0.3380984663963318
12,60,6.697736000205623,149.3041827819579,0,0.0
12,61,6.703259001369588,149.18116692129652,0,0.0
12,62,6.683438998152269,149.62356958393187,0,0.0
12,63,6.729487999109551,148.59971518372876,0,0.0
12,64,6.7152599986002315,148.91456179037684,0,0.0
12,65,6.685342999844579,149.58095643308772,0,0.0
12,66,7.799333998264046,128.21607591399177,4,0.43379613757133484
12,67,8.050634001847357,124.2138196532761,5,0.5145027279853821
12,68,7.510488998377696,133.14712267283863,2,0.39563679695129395
12,69,7.844160998502048,127.48335994008333,4,0.4552166163921356
12,70,7.197022998298053,138.94633937344364,0,0.0
12,71,7.468220999726327,133.90069737312876,1,0.2901737093925476
12,72,6.7969339979754295,147.125159711403,0,0.0
12,73,6.7165290020057,148.88642626293708,0,0.0
12,74,7.937786002003122,125.97971269918932,5,0.4323928713798523
12,75,7.892450001236284,126.70336838920217,5,0.5224639296531677
12,76,8.316277999256272,120.24610048983817,7,0.5324946982519967
12,77,8.099326001683949,123.46706377692264,6,0.4907001256942749
12,78,8.41997200041078,118.76524054369938,6,0.5336318711439768
12,79,8.088159000180895,123.63752987269842,4,0.5579249262809753
12,80,8.095313998637721,123.5282535264574,5,0.5773532271385193
12,81,7.907335999334464,126.4648422786343,5,0.5480957269668579
12,82,8.193292997020762,122.05104838355214,4,0.5702279061079025
12,83,8.201225999073358,121.93298905712246,5,0.5088143110275268
12,84,7.960693001223262,125.61720441252253,4,0.6439471542835236
12,85,7.874793001974467,126.98746490850837,3,0.5912219087282816
12,86,7.576664000225719,131.98420834950693,2,0.44404202699661255
12,87,6.7660050008271355,147.79770335341922,0,0.0
12,88,6.744561000232352,148.26761889551443,0,0.0
12,89,6.668989000900183,149.94776567557986,0,0.0
12,90,6.761612003174378,147.89372704771134,0,0.0
12,91,7.0360869976866525,142.12445075349171,0,0.0
12,92,6.794210999942152,147.18412483929544,0,0.0
12,93,6.749456999386894,148.16006681586947,0,0.0
12,94,6.699334000586532,149.26856907155982,0,0.0
12,95,6.704171002638759,149.16087307534374,0,0.0
12,96,6.745498001691885,148.24702338495734,0,0.0
12,97,6.752254997991258,148.09867226541238,0,0.0
12,98,6.684896001388552,149.5909584520515,0,0.0
12,99,6.919412000570446,144.52095061221365,0,0.0
12,100,10.68811200093478,93.56189380430709,0,0.0
12,101,10.481264002009993,95.40834004450511,0,0.0
12,102,6.94160499915597,144.0589028216947,0,0.0
12,103,6.853488001070218,145.91110392895462,0,0.0
12,104,8.132316001137951,122.9662005091871,1,0.4160950779914856
12,105,7.467819999874337,133.90788744463944,1,0.6906935572624207
12,106,6.7773709997709375,147.54983902073505,0,0.0
12,107,6.815235999965807,146.73006187973786,0,0.0
12,108,6.807059999118792,146.90630024260915,0,0.0
12,109,6.84637899757945,146.06261212730874,0,0.0
13,0,8.519626000634162,117.37604443265052,0,0.0
13,1,8.177220999641577,122.29093478625953,1,0.2650901675224304
13,2,7.5091619983140845,133.17065209466975,1,0.5537664294242859
13,3,7.557633998658275,132.31654247579763,2,0.4540063142776489
13,4,7.855780000681989,127.29480712458678,2,0.5968596637248993
13,5,7.877596999605885,126.94226425266866,3,0.4752359390258789
13,6,7.965772001625737,125.53711050177053,3,0.4733181397120158
13,7,7.764370999211678,128.79343350562854,3,0.5702926317850748
13,8,7.836737000616267,127.60412910645869,3,0.5897744099299113
13,9,9.196434999466874,108.73778807309256,5,0.48740209341049195
13,10,9.920602999045514,100.80032434482183,4,0.4273976534605026
13,11,9.163299997453578,109.13098995753643,4,0.46057264506816864
13,12,8.978415997262346,111.37822086935101,4,0.3939780592918396
13,13,8.894831000361592,112.42484539159295,3,0.4211752613385518
13,14,8.67615199967986,115.25846942710304,1,0.3083324432373047
13,15,7.877815998654114,126.93873532598947,0,0.0
13,16,8.522309999534627,117.33907826101215,1,0.3763231039047241
13,17,7.8509510021831375,127.37310419106258,0,0.0
13,18,8.52809400021215,117.25949549513918,1,0.32513123750686646
13,19,7.861062000301899,127.20927528132911,0,0.0
13,20,8.169464999809861,122.407036448932,0,0.0
13,21,8.90142400021432,112.34157590694736,2,0.30389204621315
13,22,8.562946997699328,116.7822246556796,1,0.2557560205459595
13,23,8.574759998737136,116.62133985642477,1,0.47268205881118774
13,24,7.867702002840815,127.10191611717461,0,0.0
13,25,7.804385997587815,128.13307802933898,0,0.0
13,26,6.826322998676915,146.49174968629833,0,0.0
13,27,7.600377997732721,131.57240341181864,1,0.41224128007888794
13,28,7.478921997972066,133.70910945068732,1,0.38183343410491943
13,29,6.814756998210214,146.74037537400582,0,0.0
13,30,7.679698999709217,130.21343675551137,2,0.30872341990470886
13,31,7.556726999609964,132.33242381941474,1,0.3080357313156128
13,32,6.728535998263396,148.6207401220853,0,0.0
13,33,6.819633999839425,146.6354352775451,0,0.0
13,34,6.7768700027954765,147.56074700968108,0,0.0
13,35,6.869295000797138,145.5753465070224,0,0.0
13,36,6.80766499863239,146.8932446295305,0,0.0
13,37,8.054249999986496,124.15805320193397,1,0.4118468761444092
13,38,6.763637000403833,147.84944844619744,0,0.0
13,39,6.773725002858555,147.62925858046992,0,0.0
13,40,7.468425999832107,133.8970219457862,1,0.36309581995010376
13,41,7.5112949998583645,133.13283528590694,1,0.32051342725753784
13,42,7.8823379990353715,126.8659121344934,1,0.2794475555419922
13,43,6.817525998485507,146.6807754341013,0,0.0
13,44,6.825354001193773,146.5125471624032,0,0.0
13,45,7.641181000508368,130.86982233943547,1,0.5999631285667419
13,46,7.362911001109751,135.81584781471327,1,0.5389268398284912
13,47,7.491735999792581,133.4804109525064,1,0.4889870882034302
13,48,7.821511000656756,127.85253385388476,2,0.4934110939502716
13,49,7.680121998419054,130.2062649793648,1,0.6725581288337708
13,50,6.834114999946905,146.32472529475567,0,0.0
13,51,6.853364000562578,145.91374395375937,0,0.0
13,52,7.502282998757437,133.29275903956497,1,0.4492172598838806
13,53,7.556763001048239,132.3317933698972,1,0.4189450144767761
13,54,6.875059003505157,145.4532971266375,0,0.0
13,55,7.524094002292259,132.90636715800522,1,0.37732934951782227
13,56,7.4574199970811605,134.0946333170722,1,0.2859959006309509
13,57,7.404159001453081,135.05922817213244,1,0.7082579135894775
13,58,7.58340599713847,131.86686831449364,2,0.44853150844573975
13,59,7.801453000865877,128.18125032465244,2,0.45872047543525696
13,60,7.533141997555504,132.74673440703745,1,0.28484678268432617
13,61,7.406444998196093,135.01754218704912,1,0.3952242136001587
13,62,7.864028000767576,127.16129697178012,2,0.4413875639438629
13,63,7.4403690014150925,134.4019362224923,1,0.483690083026886
13,64,7.221715000923723,138.471263387172,0,0.0
13,65,6.861279001896037,145.74542147661703,0,0.0
13,66,7.571939000627026,132.06656840700788,1,0.28594154119491577
13,67,7.561778002127539,132.24403040113657,1,0.5406436920166016
13,68,7.711410002229968,129.6779706578722,2,0.41729408502578735
13,69,7.802345000527566,128.16659605956718,3,0.3339735269546509
13,70,7.65160199807724,130.69158592557332,2,0.6148280501365662
13,71,7.473583002138184,133.8046288793342,1,0.4920145869255066
13,72,7.578834000014467,131.9464181426973,2,0.3854539394378662
13,73,6.869544999062782,145.570048691206,0,0.0
13,74,8.126487002300564,123.05440219333464,2,0.32170721888542175
13,75,7.482142998924246,133.65154878004552,1,0.4308452606201172
13,76,7.457199000782566,134.09860725120237,1,0.2995126247406006
13,77,7.421952999720816,134.73542611191638,1,0.25259411334991455
13,78,7.579064000310609,131.94241399188837,1,0.5576089024543762
13,79,7.69794599909801,129.90478240782318,2,0.3035614490509033
13,80,7.775113997922745,128.6154775694822,1,0.45183122158050537
13,81,6.897526000102516,144.97951874123234,0,0.0
13,82,6.802882002375554,146.99652289291535,0,0.0
13,83,6.887034000101266,145.20038669553483,0,0.0
13,84,6.850114001281327,145.98297193491206,0,0.0
13,85,6.861762998596532,145.7351412755781,0,0.0
13,86,6.8987809972895775,144.95314467771686,0,0.0
13,87,7.428701999742771,134.61301853737388,0,0.0
13,88,6.924123998032883,144.42260136937122,0,0.0
13,89,6.879963002575096,145.34961883162902,0,0.0
13,90,6.813411000621272,146.76936411275003,0,0.0
13,91,6.860655001219129,145.7586775347691,0,0.0
13,92,6.845094001619145,146.09003174586923,0,0.0
13,93,6.884172002173727,145.26075171919626,0,0.0
13,94,6.804542997997487,146.9606408974549,0,0.0
13,95,6.892465000419179,145.08597431240972,0,0.0
13,96,6.807214998843847,146.9029551982481,0,0.0
13,97,6.955569999263389,143.76966950313235,0,0.0
13,98,6.798331000027247,147.09492668067975,0,0.0
14,0,8.632712000689935,115.8384526114249,0,0.0
14,1,8.24937899960787,121.22124587166311,0,0.0
14,2,7.886362000135705,126.80117904590132,0,0.0
14,3,7.813419000740396,127.98494486283667,0,0.0
14,4,8.686965000379132,115.11500276061389,1,0.322073757648468
14,5,7.766891998471692,128.75162937720418,0,0.0
14,6,7.821718998457072,127.84913395600915,0,0.0
14,7,7.833078001567628,127.66373573707178,0,0.0
14,8,7.863759998144815,127.16563072066235,0,0.0
14,9,8.004240000445861,124.93378508694103,0,0.0
14,10,7.900627999333665,126.57221680154281,0,0.0
14,11,7.831876999262022,127.68331270961322,0,0.0
14,12,7.770252999762306,128.69593821856125,0,0.0
14,13,7.777033002639655,128.58374133947783,0,0.0
14,14,7.79965100082336,128.21086480592996,0,0.0
14,15,7.85557999915909,127.29804802535855,0,0.0
14,16,7.794946999638341,128.28823596188616,0,0.0
14,17,7.805193999956828,128.1198135505064,0,0.0
14,18,7.832366998627549,127.67532473583377,0,0.0
14,19,7.802554002410034,128.16316294525132,0,0.0
14,20,7.007124000665499,142.711902901251,0,0.0
14,21,6.772712000383763,147.65133966176873,0,0.0
14,22,6.817625002440764,146.67864537019742,0,0.0
14,23,6.834726998931728,146.311623003567,0,0.0
14,24,6.718074000673369,148.85218589431548,0,0.0
14,25,6.740975997672649,148.3464709480132,0,0.0
14,26,6.737513998814393,148.42269718118152,0,0.0
14,27,6.7966259994136635,147.13182689267717,0,0.0
14,28,6.688044002657989,149.5205473532435,0,0.0
14,29,6.83333000051789,146.34153478965763,0,0.0
14,30,7.160062999901129,139.66357558778586,0,0.0
14,31,6.901122000272153,144.90397358003003,0,0.0
14,32,6.749019001290435,148.16968211362223,0,0.0
14,33,6.789463997847633,147.28703183594695,0,0.0
14,34,6.703212999127572,149.1821907091645,0,0.0
14,35,6.684314997983165,149.60396095960866,0,0.0
14,36,6.7199780023656785,148.81001093276842,0,0.0
14,37,6.685330001346301,149.58124726806582,0,0.0
14,38,6.767907001631102,147.7561674176366,0,0.0
14,39,6.702442999085179,149.1993292798597,0,0.0
14,40,6.750583001121413,148.1353536181807,0,0.0
14,41,6.755335001798812,148.0311486748947,0,0.0
14,42,6.751880999217974,148.106875715941,0,0.0
14,43,6.821990999014815,146.58477270703128,0,0.0
14,44,6.830621001427062,146.3995733024975,0,0.0
14,45,6.79009699888411,147.2733011272653,0,0.0
14,46,6.754360998456832,148.05249530317818,0,0.0
14,47,6.713837999996031,148.9461020657024,0,0.0
14,48,6.802328000048874,147.00849473780374,0,0.0
14,49,6.802985000831541,146.9942973382667,0,0.0
14,50,6.67667900052038,149.77506031397647,0,0.0
14,51,6.764966001355788,147.82040291105483,0,0.0
14,52,6.698242999846116,149.2928817337582,0,0.0
14,53,6.794889999582665,147.16941702682735,0,0.0
14,54,6.750882999767782,148.12877071553427,0,0.0
14,55,7.369843999185832,135.68808242216156,0,0.0
14,56,6.868595999549143,145.59016137586784,0,0.0
14,57,6.847368000308052,146.04151550712794,0,0.0
14,58,6.767290000425419,147.76963894515174,0,0.0
14,59,7.520684001065092,132.96662908033076,1,0.33775240182876587
14,60,6.792197000322631,147.2277673855013,0,0.0
14,61,6.8000219980604015,147.0583477943504,0,0.0
14,62,7.727831998636248,129.40239903979187,1,0.27946925163269043
14,63,6.807278001360828,146.90159558638447,0,0.0
14,64,6.7782119986077305,147.53153194461956,0,0.0
14,65,7.664397002372425,130.47340836995548,2,0.366554319858551
14,66,6.838008001068374,146.24141999303882,0,0.0
14,67,7.375810000667116,135.57832968983115,1,0.38961660861968994
14,68,6.931086998520186,144.27751378874683,0,0.0
14,69,7.485195998015115,133.59703610502314,1,0.27029097080230713
14,70,6.830927999544656,146.39299375819203,0,0.0
14,71,6.729733999236487,148.59428323815678,0,0.0
14,72,6.762240998796187,147.87997058638103,0,0.0
14,73,6.939183000213234,144.10918403063746,0,0.0
14,74,6.804316999478033,146.9655220467699,0,0.0
14,75,6.772422999347327,147.65764041855803,0,0.0
14,76,6.739663000189466,148.37537128664857,0,0.0
14,77,7.382129999314202,135.46225819552077,0,0.0
14,78,7.626858998264652,131.11557460647052,1,0.3800879716873169
14,79,7.729062999715097,129.3817892332953,2,0.372232049703598
14,80,7.639989999006502,130.8902236953241,1,0.5350229740142822
14,81,7.527855999796884,132.839948057851,1,0.4334176778793335
14,82,7.733447000646265,129.30844420559583,3,0.3422643740971883
14,83,7.438611999532441,134.43368199105635,1,0.32390785217285156
14,84,8.094580000033602,123.53945479516526,4,0.34581874310970306
14,85,7.880059001763584,126.90260311200673,3,0.49777928988138836
14,86,7.692966999456985,129.98885866410006,3,0.4780370791753133
14,87,6.8184369993105065,146.66117764248932,0,0.0
14,88,7.492214997910196,133.47187717903586,1,0.43778127431869507
14,89,7.535578999522841,132.7038041885462,1,0.4250222444534302
14,90,7.847545999538852,127.42837060894747,2,0.4672624170780182
14,91,7.564121999166673,132.2030501504561,1,0.5990044474601746
14,92,7.945298999402439,125.86058750906786,3,0.44944047927856445
14,93,8.135822998156073,122.91319516496893,4,0.5454593449831009
14,94,7.831659997464158,127.68685059410058,4,0.5720695853233337
14,95,7.818296002369607,127.90510869592494,3,0.7103190223375956
14,96,7.861087000492262,127.20887072454228,3,0.6785470644632975
14,97,7.869475000916282,127.07327996893885,2,0.6123543679714203
14,98,8.000844001799123,124.98681386302911,3,0.5225811799367269
14,99,8.298165997985052,120.508555775194,2,0.5457769334316254
14,100,7.780001000355696,128.53468784313532,2,0.5372503697872162
14,101,7.417906999762636,134.80891578069108,1,0.46226680278778076
14,102,7.383877000393113,135.4302082695528,1,0.6169258952140808
14,103,6.839940997451777,146.20009154648417,0,0.0
14,104,7.406561999232508,135.01540932265513,1,0.25884830951690674
14,105,6.886225000926061,145.2174449521356,0,0.0
14,106,6.9583759977831505,143.71169369384282,0,0.0
14,107,6.823234998591943,146.55804764255697,0,0.0
14,108,6.901562002894934,144.8947353628844,0,0.0
14,109,6.7763370025204495,147.572353563297,0,0.0
14,110,6.828985002357513,146.43464580091748,0,0.0
14,111,6.764664001821075,147.82700215868755,0,0.0
14,112,7.467859999451321,133.90717020317362,1,0.38780122995376587
14,113,6.788795999455033,147.30152446476143,0,0.0
14,114,6.824612002674257,146.52847657978873,0,0.0
14,115,7.472492001397768,133.82416465791397,1,0.5189706683158875
14,116,7.477004997781478,133.74339060850068,1,0.6769134402275085
14,117,6.725428000208922,148.68942169463944,0,0.0
14,118,6.758350999007234,147.96508795516758,0,0.0
14,119,7.4584079993655905,134.0768700351415,1,0.6333829760551453
15,0,8.285957999760285,120.68610533977245,0,0.0
15,1,7.221436000691028,138.47661322544556,0,0.0
15,2,6.921547999809263,144.4763512479516,0,0.0
15,3,6.892781999340514,145.0793018110362,0,0.0
15,4,6.874303999211406,145.469272251375,0,0.0
15,5,6.84084000022267,146.18087836690376,0,0.0
15,6,6.932266998774139,144.25295508335643,0,0.0
15,7,8.155061997968005,122.62322472216272,1,0.2845284342765808
15,8,7.0638839970342815,141.56517864957047,0,0.0
15,9,6.856959997094236,145.83722238772992,0,0.0
15,10,6.773642999178264,147.63104582295136,0,0.0
15,11,6.762302997231018,147.87861478692588,0,0.0
15,12,7.455640999978641,134.12662975629658,1,0.47551900148391724
15,13,6.893806003063219,145.05775177828568,0,0.0
15,14,7.699752000917215,129.87431281953982,2,0.360268771648407
15,15,7.509873001254164,133.15804406186336,1,0.2637941837310791
15,16,7.492831999115879,133.4608863668631,1,0.3453561067581177
15,17,7.476662001863588,133.74952615896586,1,0.2815099358558655
15,18,6.846452000900172,146.06105467014447,0,0.0
15,19,6.798235001042485,147.09700383212018,0,0.0
15,20,6.794807999540353,147.1711930738362,0,0.0
15,21,6.95274600002449,143.82806447934064,0,0.0
15,22,6.916337002621731,144.58520451229265,0,0.0
15,23,6.876912997540785,145.41408337688793,0,0.0
15,24,6.840138001280138,146.19588081597902,0,0.0
15,25,7.493395001802128,133.45085902444814,1,0.27962714433670044
15,26,7.72040000083507,129.52696750062637,1,0.39240825176239014
15,27,7.579157001600834,131.9407949708371,1,0.2890850901603699
15,28,7.662082000024384,130.51282928019012,1,0.28915101289749146
15,29,6.915420999575872,144.60435598372547,0,0.0
15,30,7.765416001348058,128.77610160568375,2,0.4421585202217102
15,31,7.612274002894992,131.36678995260735,2,0.6226174831390381
15,32,7.738039999821922,129.23169174920437,1,0.4887118339538574
15,33,7.765942998958053,128.76736284752138,1,0.8100189566612244
15,34,7.444481001584791,134.32769857121252,1,0.6076090335845947
15,35,7.465907001460437,133.94219882519107,1,0.3565766215324402
15,36,6.906688999151811,144.78717662295304,0,0.0
15,37,7.497204998799134,133.38304076788285,1,0.4614487886428833
15,38,6.883805999677861,145.26847503354927,0,0.0
15,39,6.803910997405183,146.9742917538709,0,0.0
15,40,6.798870999773499,147.0832436787394,0,0.0
15,41,6.85432400132413,145.8933076123653,0,0.0
15,42,7.432354999764357,134.54685628333215,1,0.38992077112197876
15,43,7.459843000106048,134.05107855296475,1,0.4137458801269531
15,44,6.841344998974819,146.17008792128607,0,0.0
15,45,6.797769001423148,147.10708760339529,0,0.0
15,46,6.7799970020132605,147.4926905871874,0,0.0
15,47,6.8421130017668474,146.15368085001938,0,0.0
15,48,7.578050001029624,131.96006886522665,1,0.3055878281593323
15,49,7.400757000141311,135.12131258746987,1,0.6222826838493347
15,50,8.060781001404393,124.0574579343831,1,0.3602002263069153
15,51,6.907226998009719,144.77589925568464,0,0.0
15,52,6.830417998571647,146.4039243585263,0,0.0
15,53,6.86613800280611,145.64228094327723,0,0.0
15,54,6.891441000334453,145.107532655575,0,0.0
15,55,6.821278999268543,146.6000731105166,0,0.0
15,56,7.615267000801396,131.31515938899642,1,0.5627456307411194
15,57,6.8683070021506865,145.5962873655572,0,0.0
15,58,7.696942997426959,129.92171051991602,2,0.27508363127708435
15,59,7.0276520018524025,142.295036768527,0,0.0
15,60,7.47046499964199,133.86047589379288,1,0.4902978539466858
15,61,7.711826998274773,129.6709586747358,2,0.4877314865589142
15,62,7.934487999591511,126.03207668238741,2,0.42892569303512573
15,63,7.725360999756958,129.44378910337787,2,0.4758475720882416
15,64,6.890016000397736,145.13754393927002,0,0.0
15,65,7.397657998808427,135.17791714094844,1,0.34131336212158203
15,66,6.828079996921588,146.45405450007118,0,0.0
15,67,6.691471997328335,149.44394901439685,0,0.0
15,68,7.7046440019330475,129.79185018141087,2,0.36569052934646606
15,69,7.706319000135409,129.76363942141882,2,0.3610895872116089
15,70,7.6407410015235655,130.8773585965811,2,0.4913771152496338
15,71,7.566249998490093,132.1658681909213,2,0.39277058839797974
15,72,7.795122000970878,128.28535587710502,2,0.2951817214488983
15,73,8.381052000913769,119.31676356273319,2,0.5962671041488647
15,74,7.9326699997182,126.06096056378546,2,0.2814233899116516
15,75,7.9511619987897575,125.7677808793494,3,0.42787158489227295
15,76,8.382664000237128,119.29381876354726,4,0.389702633023262
15,77,7.981108999956632,125.29587053696847,3,0.7311529517173767
15,78,7.624606001627399,131.15431797873353,2,0.5241156220436096
15,79,7.490709998819511,133.49869373632055,1,0.45645779371261597
15,80,6.898610001371708,144.95673763282193,0,0.0
15,81,7.562818998849252,132.22582745298527,1,0.32731395959854126
15,82,7.492104999982985,133.47383679249972,1,0.5550572276115417
15,83,8.416139000473777,118.8193303299418,6,0.4132753213246663
15,84,8.029130000068108,124.54649507375238,4,0.6435574442148209
15,85,7.735084000159986,129.2810782635737,3,0.5717713435490926
15,86,8.270245998573955,120.91538754378416,4,0.5547282844781876
15,87,7.839361001970246,127.56141728243827,4,0.6978463381528854
15,88,7.900184999016346,126.57931429764116,2,0.641132265329361
15,89,7.768768999085296,128.72052188934194,2,0.7517810761928558
15,90,7.609899999806657,131.40777145894253,2,0.6765275299549103
15,91,7.645153997145826,130.80181254338777,2,0.5300185680389404
15,92,7.61278299978585,131.35800666170707,2,0.5718017518520355
15,93,7.566858999780379,132.1552311241724,1,0.34999793767929077
15,94,7.457931998942513,134.0854274538563,1,0.6697969436645508
15,95,8.125850999931572,123.06403354041576,1,0.30662351846694946
15,96,6.876365998323308,145.42565073526248,0,0.0
15,97,6.827968998550205,146.45643531954113,0,0.0
15,98,6.881404999148799,145.31916085794919,0,0.0
15,99,6.90128300266224,144.90059306570095,0,0.0
16,0,8.10238499980187,123.42044966074226,0,0.0
16,1,7.404404997942038,135.0547411004581,0,0.0
16,2,6.90703700092854,144.7798817156425,0,0.0
16,3,7.743939997453708,129.13323196316227,1,0.5633411407470703
16,4,7.723032998910639,129.48280813264083,2,0.4167998135089874
16,5,7.531664003181504,132.77278428479852,1,0.27476733922958374
16,6,7.8745930004515685,126.99069017822953,2,0.41135138273239136
16,7,8.304885999677936,120.41104477999819,3,0.5624414881070455
16,8,7.938401002320461,125.96995285419464,4,0.5479594767093658
16,9,7.6830670004710555,130.15635552035263,2,0.619805246591568
16,10,7.688810001127422,130.05913787092783,2,0.7662084102630615
16,11,7.65261400010786,130.67430292262296,2,0.6369366347789764
16,12,8.122684001136804,123.11201566625586,5,0.6038578748703003
16,13,8.007947999431053,124.87593576669676,3,0.5871020158131918
16,14,7.64638199689216,130.78080592971236,2,0.836384505033493
16,15,7.9109690013865475,126.40676506566149,2,0.8565185964107513
16,16,7.58136900185491,131.9022988797054,2,0.8425379693508148
16,17,7.702134997089161,129.83413045576665,2,0.7449754178524017
16,18,7.6687009968736675,130.4001812572526,2,0.7148794829845428
16,19,7.944388002215419,125.87502016783849,4,0.44276633858680725
16,20,7.729635999567108,129.37219812886457,2,0.49599117040634155
16,21,7.8533189989684615,127.33469761400889,3,0.4077803095181783
16,22,7.706827000220073,129.75508597396106,2,0.29521510004997253
16,23,6.929077000677353,144.31936604287193,0,0.0
16,24,6.910993000929011,144.69700661910306,0,0.0
16,25,6.847505999758141,146.0385722970262,0,0.0
16,26,6.845760999567574,146.07579786427937,0,0.0
16,27,6.8840870007989,145.26254532866156,0,0.0
16,28,6.836746000772109,146.26841481123694,0,0.0
16,29,6.943837001017528,144.01259704878774,0,0.0
16,30,7.5455359983607195,132.5286898395623,1,0.35381752252578735
16,31,6.865939998533577,145.6464810664788,0,0.0
16,32,6.8832180004392285,145.28088460022457,0,0.0
16,33,6.79092300197226,147.2553877741765,0,0.0
16,34,7.55647199912346,132.3368895055786,1,0.41549140214920044
16,35,6.865154999104561,145.66313508295625,0,0.0
16,36,7.081210002070293,141.21880295989467,0,0.0
16,37,7.560508001915878,132.26624450983903,1,0.2964354157447815
16,38,7.464517999324016,133.96712287257657,1,0.44923311471939087
16,39,6.8673219975607935,145.61717076251708,0,0.0
16,40,6.97339099860983,143.4022558321129,0,0.0
16,41,6.8532490004145075,145.91619244237538,0,0.0
16,42,6.807662000937853,146.8933093126885,0,0.0
16,43,7.647182999789948,130.76710731618007,2,0.3296913802623749
16,44,6.813439998950344,146.76873945526148,0,0.0
16,45,7.683160998567473,130.15476314845546,2,0.32402530312538147
16,46,6.708877997880336,149.05622077431565,0,0.0
16,47,7.5033959983557,133.27298735387828,1,0.5579864382743835
16,48,7.4939059995813295,133.44175921820585,1,0.6570737957954407
16,49,7.608908003021497,131.42490349507446,1,0.2973923683166504
16,50,6.8949630003771745,145.0334106137041,0,0.0
16,51,6.866276999062393,145.63933265968623,0,0.0
16,52,7.5103029994352255,133.15042017282124,1,0.4769427180290222
16,53,6.842773997050244,146.13956276081544,0,0.0
16,54,6.793779000872746,147.19348390219014,0,0.0
16,55,6.749520001903875,148.15868383498744,0,0.0
16,56,6.845555999461794,146.08017231596983,0,0.0
16,57,6.771958000172162,147.66777938885284,0,0.0
16,58,6.934277000254951,144.21114125715388,0,0.0
16,59,6.83178899998893,146.37454406182923,0,0.0
16,60,7.344985999225173,136.1472983209894,0,0.0
16,61,6.861287001811434,145.74525154478923,0,0.0
16,62,6.8009609967703,147.03804366395997,0,0.0
16,63,6.8656020011985675,145.65365132226194,0,0.0
16,64,6.803762000345159,146.97751037576995,0,0.0
16,65,6.7614319996209815,147.8976642900581,0,0.0
17,0,9.413956999196671,106.22525682721239,2,0.6127356886863708
17,1,8.236269000917673,121.4141985756635,2,0.6034351885318756
17,2,7.685095002671005,130.12200885642187,2,0.48981165885925293
17,3,9.081229000003077,110.11725395314457,3,0.532534658908844
17,4,9.32790200022282,107.2052429341681,4,0.531032919883728
17,5,9.454754999751458,105.76688661168772,4,0.5027104169130325
17,6,9.639334999519633,103.74159628748602,4,0.40198542177677155
17,7,9.17889899938018,108.94552822375827,3,0.4749964674313863
17,8,7.984718002262525,125.23923821938897,0,0.0
17,9,7.897691997641232,126.61927057913445,0,0.0
17,10,8.874659000866814,112.68038579311353,2,0.47344347834587097
17,11,9.073962999536889,110.20543064271227,2,0.43272852897644043
17,12,8.855823998601409,112.92003998249389,1,0.2805498242378235
17,13,8.031597000808688,124.5082391334266,0,0.0
17,14,7.9076910005824175,126.45916487206543,0,0.0
17,15,7.895243998063961,126.65853015375026,0,0.0
17,16,7.930193001811858,126.10033573855316,0,0.0
17,17,7.941520998429041,125.92046286823593,0,0.0
17,18,7.892887999332743,126.69633727027914,0,0.0
17,19,6.89294199764845,145.07593424421,0,0.0
17,20,6.924335997609887,144.41817964136573,0,0.0
17,21,8.154854000167688,122.62635235154877,1,0.2755699157714844
17,22,6.910853997396771,144.69991702569422,0,0.0
17,23,7.479461000912124,133.69947378267625,1,0.5491020679473877
17,24,7.539060999988578,132.64251343788237,1,0.6879527568817139
17,25,7.435859999532113,134.48343568369,0,0.0
17,26,7.686737000767607,130.094212915069,1,0.7243636846542358
17,27,7.570302997919498,132.0951090431683,1,0.4523601531982422
17,28,6.8413900007726625,146.16912643294134,0,0.0
17,29,7.769542000460206,128.7077153248889,2,0.5944299697875977
17,30,6.834372998127947,146.31920152352197,0,0.0
17,31,6.851154001196846,145.960811831891,0,0.0
17,32,7.478286999685224,133.7204629940108,1,0.7330597639083862
17,33,7.749484000669327,129.04084967639517,1,0.6450489163398743
17,34,6.811703002313152,146.80616575038798,0,0.0
17,35,6.781806001527002,147.4533479393009,0,0.0
17,36,6.846664000477176,146.05653204689253,0,0.0
17,37,6.791252999391872,147.24823240859172,0,0.0
17,38,6.927013000677107,144.3623680080074,0,0.0
17,39,6.888744999741903,145.16432238926924,0,0.0
17,40,6.8220989996916614,146.5824521229019,0,0.0
17,41,6.844835999800125,146.09553830496463,0,0.0
17,42,6.779639999876963,147.50045725409433,0,0.0
17,43,6.780427000194322,147.4833369596547,0,0.0
17,44,6.829802001448115,146.4171288989009,0,0.0
17,45,6.82836299893097,146.44798470095355,0,0.0
17,46,6.832754999777535,146.35384995255333,0,0.0
17,47,7.48140100040473,133.66480421860848,1,0.3355364203453064
17,48,6.903443001647247,144.85525552414754,0,0.0
17,49,7.002795002335915,142.80012475967538,0,0.0
17,50,7.605535996844992,131.483172312225,1,0.3653542995452881
17,51,7.893875997979194,126.68047993862542,3,0.3667822281519572
17,52,7.793654000124661,128.30951951215755,2,0.43146398663520813
17,53,8.181376000720775,122.22882800055889,5,0.39943149089813235
17,54,7.657983998797135,130.5826703420996,2,0.3731986880302429
17,55,6.934110999281984,144.21459363767732,0,0.0
17,56,7.656089001102373,130.61499152583173,2,0.4713607728481293
17,57,6.901677999849198,144.8923001075753,0,0.0
17,58,7.76956299887388,128.70736747291193,2,0.340908944606781
17,59,7.753928999591153,128.96687602539663,3,0.33297574520111084
17,60,8.12776400198345,123.03506840946243,4,0.448066309094429
17,61,7.84642399958102,127.44659223786499,2,0.789447695016861
17,62,7.671499999560183,130.35260380073404,2,0.5910549461841583
17,63,7.736995998129714,129.24912979685305,2,0.7776204645633698
17,64,7.633543002157239,131.00076854448844,2,0.8421639800071716
17,65,7.919308998680208,126.27364334017714,4,0.643277570605278
17,66,7.842664999770932,127.50767755975907,3,0.7342450022697449
17,67,7.754998998279916,128.94908177574274,3,0.7171455224355062
17,68,7.975971999258036,125.37656853522365,3,0.7888200481732687
17,69,7.836518998374231,127.60767889511409,3,0.6319646636644999
17,70,8.646966998639982,115.64748658775761,4,0.5836408734321594
17,71,8.133736002491787,122.9447328624445,3,0.7193124294281006
17,72,7.882657999289222,126.86076195239852,3,0.5608192483584086
17,73,7.548563997261226,132.47552784381512,1,0.664921760559082
17,74,7.4365180007589515,134.47153626172124,1,0.4770028591156006
17,75,7.401808998110937,135.102108181286,1,0.5723147988319397
17,76,7.76492499790038,128.78424457034652,3,0.3847146232922872
17,77,7.450681001500925,134.21591929631023,1,0.4183385968208313
18,0,12.416913999913959,80.5353085321304,1,0.8008820414543152
18,1,7.860949001042172,127.21110388420331,1,0.7515037655830383
18,2,7.499147999624256,133.34848172753823,1,0.8052942156791687
18,3,7.962429001054261,125.58981685960346,2,0.4517831802368164
18,4,7.536932000220986,132.67998171811547,1,0.701687753200531
18,5,7.6582080000662245,130.5788508214131,2,0.41693055629730225
18,6,7.708281998930033,129.73059368336646,2,0.39398106932640076
18,7,6.94039299924043,144.08405980892465,0,0.0
18,8,7.826616998499958,127.76912428341122,2,0.3074745535850525
18,9,7.641077998414403,130.87158647085002,2,0.5704437494277954
18,10,7.516419002058683,133.04207758057507,1,0.6617273688316345
18,11,6.99899900064338,142.877574337141,0,0.0
18,12,6.8701769996550865,145.5566574267598,0,0.0
18,13,6.84134100083611,146.17017334434664,0,0.0
18,14,7.270753998454893,137.53731734184788,0,0.0
18,15,6.985463998717023,143.15441324780485,0,0.0
18,16,6.890230000863085,145.1330361794509,0,0.0
18,17,6.888150001032045,145.17686169002866,0,0.0
18,18,6.817510999098886,146.68109815036257,0,0.0
18,19,6.849449000583263,145.99714515939095,0,0.0
18,20,8.261792001576396,121.03911594593454,2,0.3700844645500183
18,21,6.8600399972638115,145.77174482930988,0,0.0
18,22,6.869799999549286,145.5646452685097,0,0.0
18,23,6.873505000839941,145.48618206836252,0,0.0
18,24,6.882073997985572,145.3050345423061,0,0.0
18,25,7.655883000552421,130.61850604663675,1,0.36046290397644043
18,26,6.908088998898165,144.75783391897517,0,0.0
18,27,6.861095000203932,145.74933009530943,0,0.0
18,28,6.879680997371906,145.3555768620679,0,0.0
18,29,6.914421999681508,144.62524850899496,0,0.0
18,30,6.80776999797672,146.89097902796385,0,0.0
18,31,6.7968470029882155,147.12704281269723,0,0.0
18,32,6.806718000007095,146.91368145396322,0,0.0
18,33,6.827648001490161,146.46332086565477,0,0.0
18,34,6.950285998755135,143.87897133716655,0,0.0
18,35,6.878734999190783,145.3755668909531,0,0.0
18,36,6.821915998443728,146.58638426918893,0,0.0
18,37,6.835232998128049,146.30079183458236,0,0.0
18,38,7.853841001633555,127.32623435997822,1,0.2671889066696167
18,39,7.09167700188118,141.01037028825962,0,0.0
18,40,6.881060999148758,145.32642569564607,0,0.0
18,41,6.939292998140445,144.10689968963334,0,0.0
18,42,6.861545996798668,145.7397502642351,0,0.0
18,43,7.471617998817237,133.8398189198512,1,0.5123156309127808
18,44,6.891813998663565,145.09967915470676,0,0.0
18,45,7.504352997784736,133.25599159517114,1,0.45593535900115967
18,46,7.550679998530541,132.43840292458597,1,0.49357330799102783
18,47,7.384865002677543,135.41208940683794,1,0.2567446827888489
18,48,6.8702559983648825,145.55498372083943,0,0.0
18,49,6.804164000641322,146.9688267222462,0,0.0
18,50,7.513295000535436,133.09739600651045,1,0.2762629985809326
18,51,6.885444003273733,145.2339165817837,0,0.0
18,52,6.945876997633604,143.9703007036679,0,0.0
18,53,6.853142000181833,145.91847067716782,0,0.0
18,54,6.798741000238806,147.08605607492254,0,0.0
18,55,6.926891001057811,144.3649105850358,0,0.0
18,56,6.948289999854751,143.92030269618917,0,0.0
18,57,6.905369999003597,144.81483253530138,0,0.0
19,0,9.196021001116605,108.742683371273,1,0.8576469421386719
19,1,8.060289001150522,124.06503040489744,1,0.841720700263977
19,2,7.6444799997261725,130.8133450588948,1,0.8197179436683655
19,3,7.720179000898497,129.5306753747053,1,0.8971379995346069
19,4,8.134545998473186,122.93249066237932,1,0.9091637134552002
19,5,7.651414998690598,130.69478000750607,1,0.8778619170188904
19,6,7.489756000722991,133.51569796178532,1,0.8951945900917053
19,7,7.867951000662288,127.09789371029696,3,0.600124736626943
19,8,7.769981999445008,128.70042685702845,2,0.7216800153255463
19,9,7.923927998490399,126.20003616773293,2,0.71297487616539
19,10,7.929556999442866,126.1104498107852,2,0.737693727016449
19,11,8.090621002338594,123.59990657218401,3,0.6110000809033712
19,12,7.9357209979207255,126.01249467591093,2,0.6749211251735687
19,13,8.003581999219023,124.94405631098407,3,0.5397194425264994
19,14,8.223190998251084,121.60729335031631,4,0.489033043384552
19,15,8.208962000935571,121.81808124900938,4,0.41398341953754425
19,16,8.058180999796605,124.09748552747088,3,0.33645858367284137
19,17,7.666573001188226,130.43637618072796,1,0.3199097514152527
19,18,7.805358000041451,128.11712159707338,2,0.2651645839214325
19,19,7.72437900013756,129.46024528084283,1,0.29883670806884766
19,20,7.802208001521649,128.1688465374125,2,0.4553218483924866
19,21,7.636384998477297,130.95201462464254,1,0.789085328578949
19,22,7.896105998952407,126.64470311475961,2,0.5665532946586609
19,23,7.962002997373929,125.59653649085857,3,0.5293627381324768
19,24,7.816800000000512,127.92958755500133,1,0.7860190868377686
19,25,7.830270002159523,127.70951700569819,1,0.8030831813812256
19,26,7.92533599815215,126.17761571662795,2,0.5871703326702118
19,27,7.6633579992630985,130.49109804033154,1,0.8544005751609802
19,28,8.294281000416959,120.56500134848692,2,0.4136689603328705
19,29,7.0585020002909005,141.67311987143833,0,0.0
19,30,7.617207000294002,131.28171519579328,2,0.5598853230476379
19,31,7.5001980003435165,133.32981342015225,1,0.7691020965576172
19,32,7.422825001413003,134.71959797107448,1,0.3398853540420532
19,33,7.708717999776127,129.72325619240988,1,0.3300244212150574
19,34,6.896517003042391,145.00073001470903,0,0.0
19,35,6.8130330000713,146.77750716744433,0,0.0
19,36,6.8473020000965334,146.0429231814081,0,0.0
19,37,6.883436999487458,145.27626243611442,0,0.0
19,38,6.8466539996734355,146.05674538945547,0,0.0
19,39,7.634536999830743,130.98371257119717,1,0.43417173624038696
19,40,7.4568759991962,134.10441585830222,1,0.4642098546028137
19,41,6.817413002863759,146.6832066034337,0,0.0
19,42,7.65194600171526,130.68571050760684,2,0.33614233136177063
19,43,7.593231999635464,131.6962263299749,1,0.6492040753364563
19,44,7.404832998872735,135.046934907544,1,0.7615426778793335
19,45,7.417576001898851,134.8149314201845,1,0.873580813407898
19,46,7.511919000535272,133.12177619710005,1,0.8679026365280151
19,47,7.090994000463979,141.02395234498405,0,0.0
19,48,6.8286209971120115,146.4424516198694,0,0.0
19,49,6.790362000174355,147.2675536259073,0,0.0
19,50,6.951020997803425,143.86375761431412,0,0.0
19,51,7.576365998829715,131.9893996877217,1,0.3507049083709717
19,52,6.82835400220938,146.4481776540057,0,0.0
19,53,6.874816997878952,145.4584173380214,0,0.0
19,54,6.861604000732768,145.73851826675036,0,0.0
19,55,6.8391019995033275,146.2180268802282,0,0.0
19,56,6.954935000976548,143.7827959369267,0,0.0
19,57,6.818477999331662,146.660295757795,0,0.0
19,58,6.932341002539033,144.2514151617384,0,0.0
19,59,6.842322000011336,146.14921659611215,0,0.0
19,60,6.866914001875557,145.62582256409073,0,0.0
19,61,6.847631000709953,146.03590641731736,0,0.0
19,62,6.877481999254087,145.40205268562787,0,0.0
19,63,6.8346360021678265,146.3135710055104,0,0.0
19,64,6.897906001540832,144.9715319078896,0,0.0
19,65,6.722702000843128,148.74971401001932,0,0.0
19,66,7.465874001354678,133.942790866622,1,0.2621491551399231
19,67,6.797891001042444,147.1044475185983,0,0.0
19,68,6.922201999259414,144.46270133506462,0,0.0
19,69,6.935238001460675,144.19115822548318,0,0.0
19,70,6.826955999713391,146.47816684946878,0,0.0
19,71,6.981267000810476,143.24047481408562,0,0.0
19,72,7.593143000121927,131.69776994637695,1,0.25723975896835327
19,73,7.643698001629673,130.82672808198274,2,0.43025845289230347
19,74,7.563342001958517,132.21668407180996,1,0.2558259963989258
19,75,7.618928000738379,131.2520606446322,2,0.31661877036094666
19,76,7.718306998867774,129.56209180934283,1,0.5155401229858398
19,77,7.456996998371324,134.10223984512925,1,0.40175706148147583
19,78,7.386162000329932,135.3883112711759,1,0.3892912268638611
19,79,6.909978998010047,144.71824014052467,0,0.0
19,80,7.43216100090649,134.55036830849485,1,0.40447938442230225
19,81,7.765778002067236,128.77009872466118,2,0.33750998973846436
19,82,7.586366999021266,131.81539993108854,2,0.2633703351020813
19,83,6.820006998168537,146.62741552443313,0,0.0
19,84,6.852294998680009,145.93650743183633,0,0.0
19,85,6.85620799777098,145.85321803613743,0,0.0
19,86,6.77642800292233,147.57037181960033,0,0.0
19,87,6.891062002978288,145.1155133371031,0,0.0
19,88,6.784285000321688,147.39946802833066,0,0.0
19,89,6.927597998583224,144.35017739258427,0,0.0
19,90,6.955449000088265,143.77217056545305,0,0.0
19,91,7.9923429984773975,125.11975526957585,2,0.32255345582962036
19,92,6.846700998721644,146.05574278571697,0,0.0
19,93,7.8416860014840495,127.52359630451267,1,0.552774965763092
19,94,7.315272003324935,136.70031675452128,0,0.0
19,95,8.187246003217297,122.14119370628848,1,0.29159045219421387
19,96,7.50183099808055,133.30079020120078,1,0.27755099534988403
19,97,7.461586999852443,134.0197467401741,1,0.3627471923828125
20,0,8.217626997065963,121.68963136889055,0,0.0
20,1,7.290025998372585,137.17372204478264,0,0.0
20,2,6.866474999696948,145.63513302591724,0,0.0
20,3,7.883795999077847,126.8424500224217,0,0.0
20,4,7.93179700121982,126.07483522916829,0,0.0
20,5,8.002472997759469,124.96137135107858,0,0.0
20,6,8.009066001250176,124.85850408073861,0,0.0
20,7,7.924245997855905,126.19497177025725,0,0.0
20,8,7.912630997452652,126.38021415657249,0,0.0
20,9,8.022104000701802,124.65557663083356,0,0.0
20,10,7.916155002021696,126.32395395802777,0,0.0
20,11,8.99434500024654,111.18096981743412,2,0.3748885691165924
20,12,8.921661999920616,112.08673899648943,1,0.4092336893081665
20,13,8.54999399962253,116.95914640924293,1,0.5131990909576416
20,14,7.886768999014748,126.79463543625084,0,0.0
20,15,7.9283199993369635,126.13012593886585,0,0.0
20,16,7.916569997178158,126.31733191981472,0,0.0
20,17,7.992431997990934,125.11836200187516,0,0.0
20,18,7.880942001065705,126.88838464548711,0,0.0
20,19,7.953509000799386,125.73066804846674,0,0.0
20,20,7.8822579998814035,126.86719973071752,0,0.0
20,21,7.530097998824203,132.80039650960003,1,0.2563575506210327
20,22,7.534035001299344,132.73100003219216,1,0.4449983239173889
20,23,6.849338999018073,145.99948989871297,0,0.0
20,24,6.855337000160944,145.8717492628769,0,0.0
20,25,7.461148998118006,134.02761427928047,1,0.39875805377960205
20,26,7.570072000817163,132.0991398618208,1,0.27653348445892334
20,27,6.863302001875127,145.70246212781973,0,0.0
20,28,6.801018000260228,147.03681124821856,0,0.0
20,29,6.879157001094427,145.36664882643424,0,0.0
20,30,6.869908000226133,145.56235687102122,0,0.0
20,31,6.901199998537777,144.90233585635534,0,0.0
20,32,7.290661000297405,137.1617744892003,0,0.0
20,33,7.603242000186583,131.52284248948806,1,0.262664258480072
20,34,6.897367002238752,144.98286080404586,0,0.0
20,35,6.916202997672372,144.58800592413888,0,0.0
20,36,7.588591997773619,131.7767512462635,1,0.3708624243736267
20,37,7.643024997378234,130.83824798990287,2,0.5049143135547638
20,38,7.502301999920746,133.2924214475189,1,0.40985107421875
20,39,7.836798999051098,127.60311960547705,2,0.30946269631385803
20,40,7.778748000419,128.55539219757927,2,0.4410301744937897
20,41,7.567290998849785,132.1476866889351,1,0.48904263973236084
20,42,7.5000430006184615,133.33256888227695,1,0.25711899995803833
20,43,6.971324000915047,143.44477460361063,0,0.0
20,44,6.938935999642126,144.11431378695158,0,0.0
20,45,8.305333998578135,120.4045496750882,6,0.295291930437088
20,46,8.343774999957532,119.84982816591888,6,0.4551415244738261
20,47,8.307329000672325,120.37563456546242,5,0.44570510387420653
20,48,8.44264500119607,118.44629258464971,6,0.5501832067966461
20,49,8.2847869998659,120.70316352323677,5,0.5707577109336853
20,50,8.351268999831518,119.74228108568583,6,0.521246095498403
20,51,8.158993001416093,122.5641448431734,5,0.5955010175704956
20,52,8.278149001853308,120.79995174961462,6,0.6768038670221964
20,53,8.401510000112467,119.02622266552245,6,0.5585970183213552
20,54,8.450747998722363,118.3327203877321,6,0.5842622816562653
20,55,8.163254002283793,122.50016962846372,4,0.48596224188804626
20,56,7.9395270004170015,125.9520875673674,2,0.483002245426178
20,57,7.4836899984802585,133.623920846945,1,0.342559278011322
20,58,6.859923996671569,145.77420981416114,0,0.0
20,59,6.854693998320727,145.8854327042143,0,0.0
20,60,6.871662997582462,145.5251807825577,0,0.0
20,61,6.912979999469826,144.65541634384775,0,0.0
20,62,7.46471100137569,133.96365911764133,1,0.27626359462738037
20,63,7.5069070007884875,133.21065518661214,1,0.44145667552948
20,64,7.602784000482643,131.5307655638405,1,0.35825151205062866
20,65,7.437226002366515,134.45873497481472,1,0.28088635206222534
20,66,7.424036000884371,134.697622678672,1,0.31508731842041016
20,67,6.8345260006026365,146.3159259196358,0,0.0
20,68,6.8386450002435595,146.2277980454293,0,0.0
20,69,6.875656999909552,145.44064661939285,0,0.0
20,70,6.824954998592148,146.52111262364076,0,0.0
20,71,6.807861998822773,146.88899395624085,0,0.0
20,72,6.870976998470724,145.53971003287748,0,0.0
20,73,6.819884998549242,146.63003851424543,0,0.0
20,74,6.826142998761497,146.495612556232,0,0.0
20,75,7.474792000721209,133.7829868581647,1,0.2887724041938782
20,76,6.940773000678746,144.07617132878556,0,0.0
20,77,7.195522000984056,138.97532380044706,0,0.0
20,78,7.568395998532651,132.12839288455288,1,0.3622599244117737
20,79,6.935463999980129,144.1864596230137,0,0.0
20,80,6.909854000696214,144.7208580527524,0,0.0
20,81,6.784258999687154,147.4000329359645,0,0.0
20,82,7.906000999355456,126.48619701433455,1,0.435880184173584
