episode,step,latency_ms,fps,detections,avg_confidence
1,0,14.254717001676909,70.15221697367693,3,0.461384375890096
1,1,7.306203999178251,136.8699806510293,4,0.5635252371430397
1,2,7.017050000285963,142.51002913749332,5,0.4135193586349487
1,3,6.905864000145812,144.80447341257891,4,0.4409138336777687
1,4,7.685949000006076,130.10755080461885,5,0.4464747548103333
1,5,7.314133999898331,136.7215859066706,6,0.4889374126990636
1,6,7.210720999864861,138.68238696501243,5,0.5307237386703492
1,7,7.732279000265407,129.32797690896504,6,0.5224941770235697
1,8,7.202871000117739,138.8335290169231,5,0.46760613918304444
1,9,6.96647299992037,143.54466026229204,4,0.6151072904467583
1,10,6.746286000634427,148.22970741322843,3,0.6362172762552897
1,11,6.712282998705632,148.98060766997395,3,0.7094870209693909
1,12,7.076874000631506,141.30532773520693,5,0.4556375086307526
1,13,6.787299998904928,147.33399144893278,3,0.6260391473770142
1,14,6.906954000442056,144.78162152752117,5,0.4538238763809204
1,15,6.602727999052149,151.4525511490939,2,0.6559467315673828
1,16,6.815832000938826,146.71723127305046,4,0.5011637136340141
1,17,6.7380279997451,148.41137496576596,2,0.598071426153183
1,18,7.704141000431264,129.8003242599041,1,0.6313708424568176
1,19,6.033044999639969,165.7537777456784,0,0.0
1,20,5.883931000425946,169.95440631911023,0,0.0
1,21,5.68132000080368,176.01543300826918,1,0.4193659722805023
1,22,5.223901000135811,191.4278237612087,0,0.0
1,23,5.6379060006293,177.3708181527646,1,0.4818204641342163
1,24,5.304360000081942,188.52415748262786,0,0.0
1,25,5.678855999576626,176.09180441880417,0,0.0
1,26,5.414298000687268,184.69615079795466,0,0.0
1,27,5.319662999681896,187.98183269500302,0,0.0
1,28,5.805504999443656,172.25030382298016,1,0.42484185099601746
1,29,5.730576000132714,174.50252818858715,0,0.0
1,30,5.392158000177005,185.4545063344163,0,0.0
1,31,5.2477520002867095,190.55778549469665,0,0.0
1,32,5.116292000820977,195.4540514574885,0,0.0
1,33,5.231383000136702,191.15404090541045,0,0.0
1,34,5.09395900007803,196.3109636305832,0,0.0
1,35,5.19771100152866,192.3923818977041,0,0.0
1,36,5.0928900000144495,196.3521693963865,0,0.0
1,37,5.14056499923754,194.53114592429475,0,0.0
1,38,5.1593690004665405,193.8221514897605,0,0.0
1,39,5.098224999528611,196.1466981336566,0,0.0
1,40,5.11577799989027,195.47368944106827,0,0.0
1,41,5.069516999355983,197.25745078417472,0,0.0
1,42,5.116581000038423,195.44301165025837,0,0.0
1,43,5.140302999279811,194.5410611281293,0,0.0
1,44,5.191759999433998,192.61290970865744,0,0.0
1,45,5.177437000384089,193.14575917115263,0,0.0
1,46,5.15817599989532,193.86697933926527,0,0.0
1,47,5.06942500032892,197.26103057745541,0,0.0
1,48,5.13603699982923,194.70264720313529,0,0.0
1,49,5.042319000494899,198.32144691794605,0,0.0
1,50,5.145873999936157,194.3304480468054,0,0.0
1,51,5.117929000334698,195.39153433636983,0,0.0
2,0,8.904652000637725,112.30085127733042,0,0.0
2,1,5.824967000080505,171.6747923183392,0,0.0
2,2,5.326877000698005,187.72725555122926,0,0.0
2,3,5.345408999346546,187.07642392233146,0,0.0
2,4,5.082016999949701,196.7722658168789,0,0.0
2,5,5.095432999951299,196.25417506413248,0,0.0
2,6,5.196254998736549,192.446290692652,0,0.0
2,7,5.090647000542958,196.43868449203845,0,0.0
2,8,5.237122999460553,190.94453196974837,0,0.0
2,9,5.111010001201066,195.6560444540324,0,0.0
2,10,5.788864998976351,172.74543458464322,1,0.2617422044277191
2,11,5.166938000911614,193.5382231843246,0,0.0
2,12,5.174347999854945,193.2610640080709,0,0.0
2,13,6.466033000833704,154.6543297677361,1,0.9310999512672424
2,14,5.958648000159883,167.82330487942363,1,0.9310891032218933
2,15,5.939149999903748,168.374262312992,1,0.857410192489624
2,16,5.205763000049046,192.09479955014825,0,0.0
2,17,5.732386000090628,174.44742904336695,1,0.428451269865036
2,18,5.238458999883733,190.89583406536062,0,0.0
2,19,6.079676999434014,164.48242235452554,2,0.3698713332414627
2,20,5.988209999486571,166.99481148552573,2,0.6399146020412445
2,21,5.898837000131607,169.52494194663953,2,0.664118766784668
2,22,5.865425999218132,170.49060036445795,2,0.5063073337078094
2,23,5.886442999326391,169.8818794498535,2,0.47183625400066376
2,24,5.7115980016533285,175.0823499326338,1,0.5356784462928772
2,25,5.231060000369325,191.16584400282116,0,0.0
2,26,5.186641001273529,192.80301061023113,0,0.0
2,27,5.247625000265543,190.56239726531476,0,0.0
2,28,5.147200999999768,194.28034770743264,0,0.0
2,29,5.2307480000308715,191.17724654181353,0,0.0
2,30,5.160400998647674,193.78339014004112,0,0.0
2,31,5.10660299914889,195.82489576077649,0,0.0
2,32,5.831917000250542,171.4702043868319,1,0.2802424728870392
2,33,5.720813000152702,174.80032994843697,1,0.3988700807094574
2,34,5.739029000324081,174.24550388986194,1,0.42519423365592957
2,35,5.855573001099401,170.77747981491257,1,0.2563244700431824
2,36,5.2544270001817495,190.3157090136394,0,0.0
2,37,6.222890999197261,160.6970136756369,3,0.5283340414365133
2,38,7.365729001321597,135.76388702606013,5,0.30077882409095763
2,39,6.5946120012085885,151.63894400712746,3,0.3213999569416046
2,40,6.606895000004442,151.35702928521303,5,0.4990846812725067
2,41,6.035405998773058,165.68893628751582,3,0.36768614252408344
2,42,6.121660000644624,163.3543842511178,3,0.35103686650594074
2,43,6.262387998503982,159.68349457729053,4,0.4343830943107605
2,44,5.950750999545562,168.04601638958957,2,0.3547746390104294
2,45,6.112629998824559,163.59570269954128,3,0.2831595440705617
2,46,6.153655000161962,162.50504780877063,3,0.5101273059844971
2,47,6.36882499929925,157.014833993716,4,0.3794778063893318
2,48,6.305576000158908,158.58979417182488,5,0.34573136568069457
2,49,6.984008001381881,143.18425749256537,6,0.3828641474246979
2,50,6.115933998444234,163.50732369812675,4,0.413051538169384
2,51,6.011634000969934,166.3441253806631,3,0.4849662184715271
2,52,6.358884000292164,157.26029912702515,5,0.4642585515975952
2,53,5.904261999603477,169.36917773417892,2,0.5701626539230347
2,54,6.135731999165728,162.9797390329254,4,0.40376848727464676
2,55,5.7878030002029845,172.7771314892592,1,0.3480578064918518
2,56,5.456730999867432,183.25990414852674,0,0.0
2,57,5.817876999572036,171.88400512309906,1,0.2727448642253876
2,58,5.221137998887571,191.52912644964806,0,0.0
2,59,5.234038000708097,191.05707674738187,0,0.0
2,60,5.222709000008763,191.4715141123739,0,0.0
2,61,5.467200000566663,182.90898447036,0,0.0
2,62,6.3234220015147,158.14222105696282,1,0.7859070897102356
2,63,6.017460998918978,166.18304633459985,1,0.7161881327629089
2,64,6.085001999963424,164.33848337371307,2,0.5824127793312073
2,65,5.868322999958764,170.40643468449622,1,0.8821037411689758
2,66,5.856137000591843,170.7610323834528,1,0.8752854466438293
2,67,5.7462439999653725,174.0267207598609,1,0.8288285732269287
2,68,6.054269000742352,165.1727070398398,2,0.6638588905334473
2,69,5.722584000977804,174.74623348982425,1,0.8847336173057556
2,70,5.691964999641641,175.68625247396264,1,0.8874696493148804
2,71,5.876994000573177,170.15501460482537,2,0.723828136920929
2,72,6.017302001055214,166.1874374636069,3,0.6020714044570923
2,73,6.2914059999457095,158.94698259953805,5,0.51171395778656
2,74,6.009578999510268,166.4010074718199,3,0.5493809580802917
2,75,5.947192999883555,168.1465525029337,3,0.6120168566703796
2,76,6.052612998246332,165.217898499332,3,0.7074339886506399
2,77,5.929767999987234,168.64066182726756,3,0.6214467883110046
2,78,6.370212000547326,156.98064678445243,4,0.7031886726617813
2,79,5.9899890002270695,166.94521475116096,2,0.6033228188753128
2,80,5.754176001573796,173.78682885724993,1,0.8680906891822815
2,81,5.776477999461349,173.11586750494834,1,0.8754883408546448
2,82,6.028792000506655,165.87070841322122,3,0.6338768700758616
2,83,6.16484300007869,162.21013251874146,3,0.6363379061222076
2,84,6.37497999923653,156.86323723678512,5,0.43515626788139344
2,85,6.211683999936213,160.98694009712486,4,0.529219925403595
2,86,6.086035000407719,164.31058972434556,4,0.6474523767828941
2,87,6.67417400109116,149.83127497672524,3,0.6779559453328451
2,88,6.586409999727039,151.82777872034129,5,0.5577869176864624
2,89,6.5357780003978405,153.00397289184681,5,0.5624407172203064
2,90,5.923708000409533,168.81318254222953,2,0.7823438942432404
2,91,5.988271999740391,166.99308248579104,2,0.6663423925638199
2,92,6.0721409990946995,164.68655786304876,2,0.5944944620132446
2,93,5.856792999111349,170.74190604853715,1,0.7038900256156921
2,94,5.693131999578327,175.65023963506678,1,0.7588004469871521
2,95,6.556382000781014,152.5231446064121,4,0.3948879763484001
2,96,6.1206039990793215,163.38256815020588,3,0.6655008494853973
2,97,6.064940000214847,164.88209280958685,3,0.6395667592684428
2,98,5.991366999296588,166.90681777921537,2,0.6169601678848267
2,99,6.291106999924523,158.95453693793436,5,0.5591891467571258
2,100,6.275571000514901,159.3480497500469,4,0.5648221746087074
2,101,5.912421000175527,169.13545229108553,2,0.8060505986213684
2,102,6.0885340008098865,164.24314947850857,4,0.6174708381295204
2,103,6.382109999321983,156.68799191901064,6,0.4264296591281891
2,104,6.137267999292817,162.93894940146458,4,0.5373513177037239
2,105,6.242315999770653,160.19695254721816,3,0.5210869709650675
2,106,5.995871000777697,166.78144007272581,2,0.5540692210197449
2,107,5.692971000826219,175.6552070711181,1,0.4589061141014099
2,108,6.176865999805159,161.89439758472074,3,0.48230517903963727
2,109,5.9698710010707146,167.5078070900773,2,0.6620684862136841
2,110,5.771456000729813,173.26650326599523,1,0.2549247443675995
2,111,5.272065000099246,189.6789967462797,0,0.0
2,112,5.881248000150663,170.03193879502828,1,0.6514768004417419
2,113,6.003341999530676,166.57388502573684,1,0.6639262437820435
3,0,7.4317720009275945,134.55741105555785,0,0.0
3,1,5.753908000770025,173.79492335751172,0,0.0
3,2,5.337725000572391,187.34573247830585,0,0.0
3,3,5.131803000040236,194.8632868393739,0,0.0
3,4,5.149487000380759,194.19410126213714,0,0.0
3,5,11.516362999827834,86.83296975051496,0,0.0
3,6,5.375267999625066,186.0372357377812,0,0.0
3,7,5.935400000453228,168.4806415614179,1,0.39776113629341125
3,8,5.7894280016626,172.72863566363057,1,0.5557486414909363
3,9,5.722305999370292,174.7547230277522,1,0.32970356941223145
3,10,5.262083001071005,190.0388115878194,0,0.0
3,11,5.2202990009391215,191.55990869873582,0,0.0
3,12,5.205015000683488,192.12240500146237,0,0.0
3,13,5.089006999696721,196.50198949610305,0,0.0
3,14,5.156145998626016,193.9433057687806,0,0.0
3,15,5.672335999406641,176.29421108069158,0,0.0
3,16,5.817922999995062,171.88264609223063,0,0.0
3,17,6.814534001023276,146.74517727108548,1,0.443494975566864
3,18,6.215703000634676,160.88284782878003,1,0.2921379506587982
3,19,6.263848999878974,159.6462494576931,1,0.27859437465667725
3,20,6.32739600041532,158.0428978894891,2,0.3475864827632904
3,21,5.813679999846499,172.0080912651545,1,0.42413294315338135
3,22,6.166899000163539,162.15605281900696,3,0.3793177008628845
3,23,6.061971998860827,164.96282071047528,3,0.44148628910382587
3,24,5.946875000518048,168.15554386343877,2,0.4447556734085083
3,25,5.249366000498412,190.49919550380997,0,0.0
3,26,5.1840569994965335,192.89911358943743,0,0.0
3,27,6.0250869992160005,165.9727071376932,2,0.32656484842300415
3,28,6.335603999104933,157.83814773481356,2,0.3076576739549637
3,29,7.61030700050469,131.40074374577574,5,0.30895036458969116
3,30,6.624130999625777,150.96319804914697,3,0.40638383229573566
3,31,6.331770999167929,157.93369661211878,3,0.5447477102279663
3,32,6.020566999723087,166.0973127690456,2,0.47189202904701233
3,33,6.3862449987937,156.5865387546031,5,0.38620680570602417
3,34,6.119140000009793,163.4216572914494,4,0.33918512612581253
3,35,5.838904000484035,171.26501821525096,2,0.3307035565376282
3,36,6.336918999295449,157.8053940899642,5,0.4391078770160675
3,37,6.08111599831318,164.44350021893786,4,0.567887470126152
3,38,6.5582770002947655,152.4790733839169,7,0.4491306926522936
3,39,6.228275000466965,160.55809994340729,4,0.47792090475559235
3,40,6.275624999034335,159.34667864218713,5,0.5064894258975983
3,41,6.105554000896518,163.78530103135006,3,0.5818155606587728
3,42,6.295999999565538,158.8310038229044,5,0.3824817419052124
3,43,6.270972000493202,159.46491228494585,5,0.4455652475357056
3,44,6.019734000801691,166.12029698767802,3,0.47865399718284607
3,45,5.889551999644027,169.7922015223639,2,0.4934399127960205
3,46,5.776932999651763,173.10223263110038,1,0.5173930525779724
3,47,6.300186001681141,158.7254725071863,4,0.4486125409603119
3,48,5.801375998998992,172.3728991488479,1,0.36249348521232605
3,49,5.635445999359945,177.44824457790503,1,0.845115602016449
3,50,5.970337000690051,167.49473269003408,2,0.47205890715122223
3,51,6.070655999792507,164.72684336489823,3,0.4479309717814128
3,52,5.8999849989049835,169.49195636693932,2,0.6196503043174744
3,53,5.915706000450882,169.04153112473512,3,0.5163052280743917
3,54,5.771764999735751,173.25722721659372,1,0.882716715335846
3,55,6.7212020003353246,148.7829111444812,2,0.5686674863100052
3,56,5.946937000771868,168.15379074474936,1,0.8785738945007324
3,57,5.895247000808013,169.62817670963375,2,0.5688849985599518
3,58,5.881040999156539,170.03792358247804,2,0.6279548555612564
3,59,5.861904999619583,170.59300689193984,2,0.575245589017868
3,60,5.916075999266468,169.03095905529096,2,0.6147742867469788
3,61,5.737601000873838,174.28887087960626,1,0.8969686627388
3,62,6.020872999215499,166.08887118700179,2,0.6056200563907623
3,63,5.755819998739753,173.73719126361695,1,0.8669734597206116
3,64,5.876855999304098,170.1590102119933,2,0.5682847201824188
3,65,5.774080000264803,173.18776323745763,1,0.6827974915504456
3,66,5.8560750003380235,170.76284028846592,2,0.5626108050346375
3,67,5.7415369992668275,174.1693905530342,1,0.8421822786331177
3,68,5.932191999818315,168.5717522343557,2,0.5776482820510864
3,69,5.867013000170118,170.44448341447415,2,0.6108205020427704
3,70,6.110284000897082,163.65851404831346,4,0.5157236754894257
3,71,6.2675379995198455,159.55228354046034,4,0.5627894625067711
3,72,6.399404999683611,156.26452772553705,5,0.5879675805568695
3,73,6.727780999426614,148.63741850176555,5,0.5635293841361999
3,74,6.312337000053958,158.41993226778797,5,0.5452493846416473
3,75,6.23097800053074,160.48844979308583,4,0.6047452315688133
3,76,6.057500000679283,165.08460584199105,3,0.7097181777159373
3,77,6.101686998590594,163.88910152732944,2,0.9122050404548645
3,78,6.249779000427225,160.0056577891221,4,0.6135704815387726
3,79,6.101930999648175,163.88254800941831,3,0.8085931340853373
3,80,7.120014999600244,140.44914232008577,5,0.5746196329593658
3,81,6.382522000421886,156.6778774807043,4,0.6209248155355453
3,82,6.462479999754578,154.73935703290013,4,0.49241235107183456
3,83,5.9159049997106194,169.03584490435796,2,0.5579552799463272
3,84,5.962118000752525,167.72563036722556,2,0.5453911423683167
3,85,6.277328000578564,159.3034488412638,4,0.4447457864880562
3,86,6.176089998916723,161.91473896517027,3,0.531146377325058
3,87,6.388193998645875,156.53876513643343,2,0.3077363967895508
3,88,6.639138999162242,150.62194060497674,3,0.5675481756528219
3,89,6.257749000724289,159.80187122945605,2,0.33067983388900757
3,90,5.909539000640507,169.21793728607506,1,0.8805948495864868
3,91,5.963040001006448,167.69969677064367,1,0.7996292114257812
3,92,5.985568999676616,167.06849424908933,1,0.8002048134803772
3,93,5.119273999298457,195.3401986564969,0,0.0
3,94,5.728640000597807,174.56150148999518,1,0.2524122893810272
3,95,5.134250000992324,194.77041433641224,0,0.0
3,96,5.222685000262572,191.4723939792893,0,0.0
3,97,5.077537998658954,196.94584270252895,0,0.0
3,98,5.723038999349228,174.7323406521799,1,0.278751403093338
3,99,5.6904989996837685,175.73151318637818,1,0.3475351631641388
4,0,7.514354998420458,133.0786208809942,0,0.0
4,1,6.613346999074565,151.20936496148386,1,0.28988224267959595
4,2,5.88293100008741,169.98329573900182,1,0.4092726707458496
4,3,6.187298999066115,161.62141188763235,2,0.28873497247695923
4,4,5.752352000854444,173.84193454285514,1,0.37636497616767883
4,5,5.8965290008927695,169.5912968203148,1,0.274009108543396
4,6,5.231552000623196,191.14786584953706,0,0.0
4,7,6.018615998982568,166.15115504445663,2,0.32870805263519287
4,8,5.2616080010921,190.05596764191478,0,0.0
4,9,5.875548000403796,170.19689055919127,1,0.3108900785446167
4,10,5.174054998860811,193.27200816770858,0,0.0
4,11,6.481536000137567,154.28441653009034,1,0.3674001395702362
4,12,6.255099000554765,159.86957199419385,2,0.5485672503709793
4,13,5.8423129994480405,171.1650848036516,1,0.8975540399551392
4,14,5.896045000554295,169.6052183974153,2,0.5953146815299988
4,15,5.801450000944897,172.37070040026674,1,0.8842880725860596
4,16,5.865179999091197,170.49775116108097,2,0.5355142652988434
4,17,5.906189999222988,169.31388934855784,1,0.28435489535331726
4,18,5.8280729990656255,171.5833003739526,1,0.4110843241214752
4,19,6.35614299972076,157.32811550085208,4,0.3485221564769745
4,20,5.987562000882463,167.01288435136328,2,0.48110176622867584
4,21,6.326759999865317,158.05878522676502,4,0.39029695093631744
4,22,6.325771000774694,158.0834968381773,4,0.4302495941519737
4,23,6.570474999534781,152.19599801700858,6,0.35207127531369525
4,24,6.022646000928944,166.03997642327943,2,0.28370408713817596
4,25,6.03025899908971,165.83035656527417,2,0.4290991872549057
4,26,5.958423998890794,167.82961403655693,2,0.4609355628490448
4,27,6.093191999752889,164.11759223089558,2,0.4730258285999298
4,28,5.7484549997752765,173.95978572313655,1,0.6876678466796875
4,29,6.25452900021628,159.88414155013436,3,0.6114243865013123
4,30,6.006407000313629,166.48888427770282,2,0.3542885482311249
4,31,6.049067000276409,165.31475018450044,2,0.4020679146051407
4,32,5.833434999658493,171.42558373557654,1,0.30898645520210266
4,33,5.852104999576113,170.878683836403,1,0.3241664469242096
4,34,5.901807999180164,169.43960226068225,1,0.3599315583705902
4,35,5.809379999845987,172.13540860238288,2,0.34014420211315155
4,36,6.061811000108719,164.9672020427666,4,0.3481123074889183
4,37,6.120791000284953,163.37757651804236,3,0.30178550879160565
4,38,6.1232739990373375,163.31132661337932,1,0.6215304136276245
4,39,6.406099999367143,156.10121604389406,3,0.41713133454322815
4,40,6.42600899846002,155.61758476212032,3,0.47970132033030194
4,41,6.291472000157228,158.94531517823006,5,0.36441770792007444
4,42,5.92236100055743,168.8515779274308,2,0.38409997522830963
4,43,5.898561001231428,169.53287416901046,2,0.4036988765001297
4,44,6.002403000820777,166.5999433665581,3,0.47316258152325946
4,45,6.447017000027699,155.1104952873094,5,0.38201647996902466
4,46,6.5264940003544325,153.22162250447073,5,0.42695791721343995
4,47,6.063655999241746,164.91700718593682,3,0.42436496416727704
4,48,6.229759999769158,160.5198274150296,5,0.5323832392692566
4,49,5.970164000245859,167.49958626912405,2,0.6017726063728333
4,50,6.072555999708129,164.6753031257454,4,0.5945133715867996
4,51,6.118975001299987,163.42606397109782,4,0.5435104072093964
4,52,6.407847999071237,156.0586331237791,4,0.559466265141964
4,53,6.3720310008648084,156.93583409501312,5,0.5033485531806946
4,54,6.119064000813523,163.4236869996867,4,0.5601192116737366
4,55,5.978932998914388,167.25392309657474,2,0.7634607553482056
4,56,5.804759000966442,172.27244056704313,2,0.6560373306274414
4,57,6.171720999191166,162.02935941709856,3,0.381788690884908
4,58,5.712370999390259,175.05865779844137,1,0.3846484422683716
4,59,5.216957000811817,191.68262261781894,0,0.0
4,60,5.151265999302268,194.1270359821156,0,0.0
4,61,5.1022890002059285,195.99046623185006,0,0.0
4,62,6.628703000387759,150.8590745341137,1,0.5019664764404297
4,63,5.857467000168981,170.72225929248106,1,0.36180704832077026
4,64,5.3275000009307405,187.70530264200752,0,0.0
4,65,5.366741999750957,186.33278813224203,0,0.0
4,66,5.301846000293153,188.61355081696212,0,0.0
4,67,5.275239998809411,189.5648350076383,0,0.0
4,68,5.178277999220882,193.11439056583268,0,0.0
4,69,5.2056599997740705,192.09860037793493,0,0.0
4,70,5.2136829999653855,191.80299224303417,0,0.0
4,71,5.175107000468415,193.23271961516676,0,0.0
4,72,5.1261370008433005,195.07867227026708,0,0.0
4,73,5.245798998657847,190.62872981901384,0,0.0
4,74,5.137361000379315,194.65246844170878,0,0.0
4,75,5.174899000849109,193.24048640097473,0,0.0
4,76,5.723618998672464,174.71463426058583,1,0.30552875995635986
4,77,5.72634200034372,174.63155360611987,1,0.3283115029335022
4,78,5.235358999925666,191.00886873549618,0,0.0
4,79,5.120964000525419,195.27573322081517,0,0.0
5,0,8.919656000216492,112.11194691541117,4,0.30875489860773087
5,1,5.686116999640944,175.86694049087382,0,0.0
5,2,5.974108000373235,167.38900601353785,2,0.3213566988706589
5,3,5.869798000276205,170.36361386762283,2,0.42948344349861145
5,4,6.22724200002267,160.58473397956263,3,0.34954139590263367
5,5,6.086117000450031,164.30837591949944,3,0.36973034342130023
5,6,6.090537999625667,164.1891077703581,2,0.351682186126709
5,7,5.883396999706747,169.96983206298066,2,0.31223180890083313
5,8,5.724362999899313,174.69192642353207,1,0.31073686480522156
5,9,5.6331100004172185,177.5218307339879,1,0.35381293296813965
5,10,5.867150000995025,170.44050345234183,2,0.3059898465871811
5,11,6.3555190008628415,157.34356232185561,4,0.5460572317242622
5,12,6.272262999118539,159.43209016275836,4,0.4184100925922394
5,13,6.01600700065319,166.22321082595562,2,0.6740410327911377
5,14,6.3835649998509325,156.65227815857625,3,0.4670577843983968
5,15,6.296867000855855,158.80913474337038,4,0.5150983706116676
5,16,7.001218998993863,142.83226965814222,4,0.38667993247509
5,17,6.530579999889596,153.12575606100924,3,0.3202401101589203
5,18,6.163259999084403,162.25179534021885,2,0.47539640963077545
5,19,6.158136999147246,162.38677381462543,2,0.4989999234676361
5,20,6.234099000721471,160.40810386300734,3,0.3922097583611806
5,21,6.107061999500729,163.74485801548323,2,0.3969181925058365
5,22,5.82308899902273,171.7301590561001,1,0.34984201192855835
5,23,5.916817999604973,169.00976167709797,2,0.3193265050649643
5,24,6.186189999425551,161.6503857936565,4,0.475931853055954
5,25,6.298223999692709,158.77491814339885,2,0.4726606756448746
5,26,6.3851100003375905,156.61437311919897,4,0.34600411355495453
5,27,6.213296001078561,160.94517303318736,3,0.39038392901420593
5,28,6.042393999450724,165.497317800015,3,0.4152123034000397
5,29,6.01621699934185,166.2174087319982,2,0.5424634516239166
5,30,6.541979999383329,152.85892040242612,5,0.4177545249462128
5,31,6.024123998940922,165.99923908867183,1,0.5334076881408691
5,32,5.807716001072549,172.18472800931096,2,0.4015142172574997
5,33,5.842179998580832,171.16898148343898,2,0.32145416736602783
5,34,5.813380999825313,172.01693816903608,1,0.28404828906059265
5,35,5.264612998871598,189.94748525947435,0,0.0
5,36,5.759634999776608,173.62211321356054,1,0.31539690494537354
5,37,5.139335000421852,194.57770313044725,0,0.0
5,38,5.962526000075741,167.7141533617291,3,0.45761239528656006
5,39,6.33636599923193,157.8191663993551,1,0.7203071713447571
5,40,6.320687001789338,158.21065015826724,4,0.36662448942661285
5,41,6.524121999973431,153.27732988501324,3,0.45138545831044513
5,42,5.861065999852144,170.61742693653795,1,0.7576178908348083
5,43,5.667084999004146,176.45756154631982,1,0.768889844417572
5,44,6.047230999683961,165.36494141736304,2,0.5587241351604462
5,45,5.9020780008722795,169.4318509264378,2,0.4835958629846573
5,46,6.380909000654356,156.71748333935668,5,0.3377898335456848
5,47,6.257172999539762,159.81658171726332,4,0.4069980978965759
5,48,6.260399999518995,159.73420229966663,5,0.37030144333839415
5,49,6.034543999703601,165.71260397622706,3,0.5130764544010162
5,50,6.265691999942646,159.59929086989172,4,0.43581290543079376
5,51,6.355575998895802,157.3421512344022,5,0.43617169857025145
5,52,6.20975499987253,161.03694912609714,5,0.5685545444488526
5,53,6.063982000341639,164.9081412088065,4,0.5756219699978828
5,54,6.348472999889054,157.51819374792584,6,0.5019079993168513
5,55,6.091196999477688,164.17134433277212,4,0.5522235035896301
5,56,5.8974460007448215,169.56492689779685,2,0.6432706266641617
5,57,6.001206998917041,166.63314566227373,3,0.5707358717918396
5,58,6.176038999910816,161.9160759856666,4,0.6262529715895653
5,59,5.948838999756845,168.10002759208552,3,0.7500683665275574
5,60,6.216743999175378,160.85590787277798,3,0.6262646913528442
5,61,6.161706998682348,162.29268938199192,3,0.6439504822095236
5,62,5.954438998742262,167.94193377599922,2,0.5708966702222824
5,63,5.849416000273777,170.9572374324541,2,0.6483972072601318
5,64,5.6898309994721785,175.75214450003273,1,0.9183595180511475
5,65,6.471528000474791,154.52301217372988,1,0.8631287217140198
5,66,6.164667000120971,162.21476358420927,3,0.42223668098449707
5,67,5.8619129995349795,170.59277407892768,2,0.3728261739015579
5,68,5.703890999939176,175.3189182631056,1,0.31011444330215454
5,69,5.1728470007219585,193.317142351288,0,0.0
5,70,5.1702170003409265,193.41547945358184,0,0.0
5,71,5.712226000468945,175.06310148056204,1,0.2878127694129944
5,72,5.242452998572844,190.750398767949,0,0.0
5,73,5.163226998774917,193.67732626074175,0,0.0
5,74,5.242860999715049,190.73555451009483,0,0.0
5,75,5.1763530009338865,193.186206547271,0,0.0
5,76,5.69799999902898,175.50017553008323,1,0.2682283818721771
5,77,5.119649000334903,195.325890492607,0,0.0
5,78,5.157764999239589,193.88242778556804,0,0.0
5,79,5.085397000584635,196.64148145858357,0,0.0
5,80,5.115603000376723,195.48037639479804,0,0.0
5,81,6.461470999056473,154.7635205893555,2,0.41526950895786285
5,82,5.945282999164192,168.20057180466992,0,0.0
5,83,5.892373001188389,169.7109126999118,0,0.0
5,84,5.531519000214757,180.78216850763337,0,0.0
5,85,5.449848998978268,183.4913224545265,0,0.0
5,86,5.402916998718865,185.08520494338876,0,0.0
5,87,5.310751999786589,188.2972505664329,0,0.0
5,88,5.289901999276481,189.03941890355884,0,0.0
5,89,5.1768120010819985,193.1690777627218,0,0.0
5,90,5.129502000272623,194.95069890738944,0,0.0
6,0,7.500056999560911,133.33232001550718,0,0.0
6,1,5.730270000640303,174.5118467172157,0,0.0
6,2,5.233362999206292,191.08171937464743,0,0.0
6,3,5.267136999464128,189.85646283773116,0,0.0
6,4,5.179069999940111,193.08485886685517,0,0.0
6,5,5.2003599994350225,192.2943796407637,0,0.0
6,6,5.124609000631608,195.13683870842635,0,0.0
6,7,5.122836999362335,195.2043369961752,0,0.0
6,8,5.170590999114211,193.40148934064075,0,0.0
6,9,5.144729000676307,194.37369779215655,0,0.0
6,10,5.175725998924463,193.20960966786188,0,0.0
6,11,5.8536750002531335,170.83285285854723,1,0.32412779331207275
6,12,5.1966589999210555,192.43132943977878,0,0.0
6,13,5.441674000394414,183.7669805150988,0,0.0
6,14,5.453589999888209,183.36545285224938,0,0.0
6,15,5.256852000457002,190.22791585402547,0,0.0
6,16,5.735345999710262,174.3573971039442,1,0.37299844622612
6,17,5.860708999534836,170.62781995819446,1,0.8363384008407593
6,18,5.766778000179329,173.40705676010123,1,0.8207821846008301
6,19,5.828465000377037,171.57176030658349,1,0.7993528842926025
6,20,5.711365000024671,175.08949261615751,1,0.7806345820426941
6,21,5.9278940007061465,168.69397460225795,1,0.670760989189148
6,22,5.8994539995183,169.5072120371905,1,0.611802875995636
6,23,6.243656998776714,160.1625457958252,1,0.4763144552707672
6,24,5.837438000526163,171.30802929467757,1,0.6055853962898254
6,25,5.76203600030567,173.5497660804186,1,0.8052998185157776
6,26,5.641570998704992,177.25559072633268,1,0.8005667328834534
6,27,5.841313999553677,171.19435799486348,1,0.8574764132499695
6,28,5.70507099837414,175.28265647964506,1,0.8694022297859192
6,29,5.723846999899251,174.70767475399003,1,0.933586061000824
6,30,5.220901999564376,191.53778410003454,0,0.0
6,31,5.225715000051423,191.36137351351147,0,0.0
6,32,5.71352599945385,175.02326936038952,1,0.6757915616035461
6,33,5.698953000319307,175.47082770185523,1,0.8195528984069824
6,34,5.7761779989959905,173.1248587169265,1,0.635593831539154
6,35,6.17483400128549,161.94767337742488,4,0.4418340027332306
6,36,6.277231999774813,159.30588514744613,2,0.7057371735572815
6,37,6.776745998649858,147.5634471469392,1,0.7280231714248657
6,38,6.713314000080572,148.95772788044744,2,0.5870614945888519
6,39,6.446445999245043,155.12423436372725,2,0.5882560461759567
6,40,6.280149000303936,159.23189082800482,2,0.27528853714466095
6,41,6.191504000526038,161.51164562197468,2,0.5825008153915405
6,42,6.100480000895914,163.92152746228828,2,0.4177673012018204
6,43,5.851078998603043,170.90864783038342,1,0.33833518624305725
6,44,5.326995000359602,187.72309715561858,0,0.0
6,45,5.236515000433428,190.96670207518352,0,0.0
6,46,5.167581999558024,193.5141039049847,0,0.0
6,47,5.774019000455155,173.18959288515882,1,0.25496432185173035
6,48,5.178067000088049,193.12225971255214,0,0.0
6,49,5.838372999278363,171.2805948033129,1,0.27490362524986267
6,50,5.198650000238558,192.35763129930106,0,0.0
6,51,5.1512650006770855,194.12707361561857,0,0.0
6,52,6.006494999382994,166.4864451069589,3,0.31636128822962445
6,53,5.986352000036277,167.04664209420696,2,0.6243719756603241
6,54,6.4020989993878175,156.1987716990353,3,0.32228731115659076
6,55,6.100365999373025,163.92459077091056,2,0.5716904997825623
6,56,6.115623000368942,163.51563854404895,3,0.35416653752326965
6,57,5.862482999873464,170.57618760200822,2,0.27470387518405914
6,58,5.919971999901463,168.91971786634207,2,0.46538233757019043
6,59,5.947146000835346,168.1478813298914,2,0.3994074910879135
6,60,5.831545999171794,171.4811132660227,2,0.30672262609004974
6,61,6.347701000777306,157.53735090508283,4,0.2908094972372055
6,62,6.208950999280205,161.05780189212777,4,0.3890298157930374
6,63,6.207622000147239,161.0922829992356,5,0.37188648581504824
6,64,7.29958600095415,136.99407060472842,6,0.4009111324946086
6,65,6.682758001261391,149.63881675967423,5,0.4099832057952881
6,66,6.195629999638186,161.40408643808593,4,0.37010157108306885
6,67,6.283095999606303,159.15720531130827,4,0.49087970703840256
6,68,5.929224000283284,168.65613442032588,3,0.5395016272862753
6,69,5.9219890008535,168.8621846234223,2,0.5750493109226227
6,70,6.387995999830309,156.5436171260226,3,0.49205438296000165
6,71,5.868123000254855,170.41224254443367,1,0.48674771189689636
6,72,5.30656299997645,188.44589237976408,0,0.0
6,73,5.219626998950844,191.5845711199291,0,0.0
6,74,5.733961999794701,174.39948155146547,1,0.40617725253105164
6,75,5.183785000554053,192.90923521965476,0,0.0
6,76,5.217138001171406,191.67597249209615,0,0.0
6,77,5.112318000101368,195.60598538278953,0,0.0
6,78,5.223759999353206,191.4329908196046,0,0.0
6,79,5.193605000386015,192.5444849821415,0,0.0
6,80,5.916846001127851,169.0089618369961,2,0.48219190537929535
6,81,6.021646999215591,166.06752274423673,2,0.5642066597938538
6,82,5.80186200022581,172.35846008765455,1,0.8705491423606873
6,83,5.905153999265167,169.34359376985583,2,0.5668960213661194
6,84,5.853716000274289,170.83165632790227,1,0.8595840930938721
6,85,6.169653999677394,162.08364359691632,1,0.8786007761955261
6,86,6.389975000274717,156.495134950764,3,0.5916359722614288
6,87,6.115152000347734,163.52823281304137,1,0.8458685874938965
6,88,5.817160999868065,171.90516130165219,1,0.871091902256012
6,89,7.067598999128677,141.49076654225632,4,0.4006272405385971
6,90,6.757987001037691,147.97305763483263,5,0.6102234601974488
6,91,6.16893200094637,162.1026135231497,4,0.4901062920689583
6,92,6.049292998795863,165.30857410924784,2,0.5519685000181198
6,93,5.773345999841695,173.20978164610608,1,0.7837603092193604
6,94,5.799694001325406,172.4228898578907,1,0.8200516104698181
6,95,5.646700999932364,177.09455485813362,1,0.8144139647483826
6,96,6.13922099910269,162.88711550637453,3,0.5186981757481893
6,97,6.193286000780063,161.4651737178046,3,0.5525353252887726
6,98,5.961177999779466,167.75207853833507,2,0.5500563383102417
6,99,6.318080000710324,158.27593191089267,5,0.5251523375511169
6,100,5.935925000812858,168.46574036280128,3,0.597984383503596
6,101,6.433986000047298,155.42464655543992,5,0.48277432918548585
6,102,6.116382999607595,163.49532069266368,3,0.6373511850833893
6,103,6.311498998911702,158.44096627004632,5,0.5423221588134766
6,104,6.127738000941463,163.19235578387335,3,0.7556448976198832
6,105,6.186423999679391,161.64427140005674,3,0.6986635227998098
6,106,6.667466001090361,149.98201713161575,7,0.5027905319418225
6,107,6.266414000492659,159.5809022387255,4,0.6706935539841652
6,108,6.322838999039959,158.15680268813375,4,0.7112782746553421
6,109,6.216935000338708,160.85096594149988,3,0.6764386395613352
6,110,6.003759001032449,166.56231534744032,3,0.7017744779586792
6,111,6.119637000665534,163.40838515278702,3,0.7207910021146139
6,112,5.901759001062601,169.44100899747886,2,0.7928921580314636
6,113,6.420312000045669,155.75567043983014,6,0.4903828799724579
6,114,5.962679999356624,167.7098217760974,3,0.7131127715110779
6,115,6.705141000566073,149.13929474646042,7,0.4562046911035265
6,116,6.780288000300061,147.48636045485753,6,0.4595740735530853
6,117,6.268002000069828,159.54047238479816,4,0.5263618677854538
6,118,6.185113999890746,161.6785074644807,3,0.4776663879553477
6,119,6.3274170006479835,158.04237335670956,2,0.6972767263650894
6,120,6.040691998350667,165.5439476591485,2,0.4824153929948807
6,121,5.92803399922559,168.68999066648996,1,0.8151419758796692
6,122,5.879323000044678,170.08761042596245,2,0.4053046703338623
6,123,5.872359999557375,170.28928745434106,2,0.3199622333049774
6,124,5.849627999850782,170.95104167743813,2,0.5744509100914001
6,125,6.498403001387487,153.88396191902658,4,0.4852803722023964
6,126,6.474591998994583,154.4498865959873,3,0.5472576320171356
6,127,5.993753000439028,166.84037529186676,2,0.42210596799850464
6,128,5.674418998751207,176.2294959572203,1,0.3910565972328186
6,129,5.193376000534045,192.55297515472944,0,0.0
6,130,5.1406289985607145,194.5287240685882,0,0.0
6,131,5.067532998509705,197.33467947699341,0,0.0
6,132,5.1727359987125965,193.32129075384526,0,0.0
6,133,5.1068459997622995,195.81557776493466,0,0.0
6,134,5.676315999153303,176.17060081735463,1,0.561010479927063
6,135,5.6913970001915,175.70378590113336,1,0.28204861283302307
6,136,5.697615999451955,175.51200363383361,1,0.4727046489715576
6,137,5.224466998697608,191.40708521066114,0,0.0
6,138,5.676648999724421,176.1602663910603,1,0.53817218542099
7,0,8.590739998908248,116.40440755128019,2,0.6502415686845779
7,1,6.287596001129714,159.04329728251093,1,0.27613183856010437
7,2,6.053153001630562,165.2031593668004,2,0.29988011717796326
7,3,6.2161710011423565,160.87073534756817,3,0.3378879229227702
7,4,5.763731000115513,173.49872851109095,1,0.29476580023765564
7,5,6.395910999344778,156.3498929397929,2,0.28586457669734955
7,6,7.058106999465963,141.68104848448218,2,0.2837682217359543
7,7,6.369247999828076,157.0044061758928,2,0.3390495777130127
7,8,6.222617999810609,160.7040637928338,2,0.49443548917770386
7,9,5.579394999585929,179.23090228854818,0,0.0
7,10,5.598599000222748,178.61611448868075,0,0.0
7,11,5.380098000387079,185.87022019451197,0,0.0
7,12,5.940693001321051,168.3305297509275,1,0.26830849051475525
7,13,6.248162999327178,160.04704104353283,2,0.4347386062145233
7,14,5.360797000321327,186.53942686881445,0,0.0
7,15,6.062795999241644,164.9404004563379,2,0.30513668060302734
7,16,6.137502999990829,162.9327105830326,1,0.5388796329498291
7,17,5.8666189997893525,170.45593041510043,1,0.3950894773006439
7,18,5.305057999066776,188.4993529148809,0,0.0
7,19,5.758817000241834,173.64677501611988,1,0.2907646894454956
7,20,5.665242000759463,176.51496615077406,1,0.60370934009552
7,21,6.140436000350746,162.8548852138316,3,0.3036477367083232
7,22,5.795818999104085,172.5381693518344,1,0.4355616569519043
7,23,6.213979000676773,160.92748300100286,1,0.5181000232696533
7,24,6.231404000573093,160.47747825498578,2,0.4117744415998459
7,25,5.919134000578197,168.94363261624375,1,0.8848876357078552
7,26,6.005675000778865,166.50917671540864,2,0.60428187251091
7,27,6.069166000088444,164.76728433287659,3,0.6019415259361267
7,28,5.808858000818873,172.15087713609634,1,0.8761385679244995
7,29,6.0922150005353615,164.14391151857308,1,0.8867375254631042
7,30,6.036759999915375,165.6517734702089,1,0.8299350142478943
7,31,6.060622999939369,164.99953882793966,2,0.5346425324678421
7,32,5.862968999281293,170.56204802082087,0,0.0
7,33,5.979487999866251,167.23839901047847,1,0.4137062728404999
7,34,6.211219000761048,160.99899228758028,4,0.38559533655643463
7,35,7.0809400003781775,141.2241877415417,2,0.4094751328229904
7,36,6.593272999452893,151.66973976096236,4,0.4460054263472557
7,37,6.313972999123507,158.37888444230248,4,0.48596038669347763
7,38,6.545546000779723,152.77564314434233,5,0.36780691146850586
7,39,6.233801999769639,160.4157462872503,2,0.32615774869918823
7,40,6.053989000065485,165.18034637809603,2,0.414859414100647
7,41,6.317244999081595,158.29685252754652,3,0.4434008498986562
7,42,6.30922199889028,158.49814766002663,3,0.5125685632228851
7,43,6.234632999621681,160.39436484243424,3,0.5761370062828064
7,44,5.899592000787379,169.50324698157715,1,0.6144927144050598
7,45,5.8871739984169835,169.8607855430963,1,0.6397589445114136
7,46,5.838346000018646,171.28138688539636,1,0.3567676544189453
7,47,5.8543619998090435,170.8128059099553,1,0.25396162271499634
7,48,5.826307000461384,171.63530859613306,1,0.3183137774467468
7,49,5.3439009989233455,187.1292151934464,0,0.0
7,50,5.9995619994879235,166.67883423579127,3,0.2944411635398865
7,51,5.835715999637614,171.35857880371458,2,0.3391942232847214
7,52,6.060955000066315,164.9905006701186,4,0.2948983907699585
7,53,6.175923001137562,161.91911716124164,4,0.39669135957956314
7,54,6.143317999885767,162.77848550548657,3,0.3066623608271281
7,55,5.946855999354739,168.15608114750123,2,0.4287374019622803
7,56,6.374062000759295,156.88582882954032,5,0.3826472282409668
7,57,6.084854998334777,164.3424535627664,3,0.437102347612381
7,58,6.918879000295419,144.53208387620342,3,0.4584045509497325
7,59,6.617660999836517,151.11079277477407,7,0.41386299048151287
7,60,6.0789250001107575,164.50276981238954,3,0.4888321856657664
7,61,6.184718999065808,161.68883342170412,5,0.3201150119304657
7,62,6.24653699924238,160.0887019673919,4,0.3724072426557541
7,63,6.440679999286658,155.26310888147768,5,0.397979325056076
7,64,6.1425660005625105,162.79841354711112,4,0.45721863210201263
7,65,6.22162599938747,160.729687078338,5,0.4149474501609802
7,66,5.9582270005194005,167.83516302967752,3,0.5125482181708018
7,67,6.228601998373051,160.549670738507,4,0.5883481577038765
7,68,6.06378200063773,164.91358031915226,4,0.508145309984684
7,69,6.208106000485714,161.07972381943242,5,0.5337251245975494
7,70,6.278896998992423,159.26364139441537,4,0.5144182816147804
7,71,6.241040000531939,160.22970529186924,4,0.5612698867917061
7,72,6.310515000222949,158.4656719720451,4,0.4959180951118469
7,73,6.1692369999946095,162.09459938090785,4,0.6210736036300659
7,74,6.083541000407422,164.3779502649902,4,0.6154625788331032
7,75,6.179838001116877,161.81653949816658,3,0.6102839708328247
7,76,6.129605000751326,163.1426494655735,3,0.697418212890625
7,77,5.80012499995064,172.41007737048946,1,0.8727589249610901
7,78,5.964103000223986,167.6698071717481,1,0.7519170641899109
7,79,6.005617999107926,166.51075711917406,2,0.5205220878124237
7,80,5.72412299879943,174.6992509087835,1,0.7974198460578918
7,81,6.132733000413282,163.05943857862562,2,0.5802007168531418
7,82,5.893321000257856,169.6836130182364,0,0.0
7,83,5.824243000461138,171.6961328572356,1,0.2879795432090759
7,84,5.177033001018572,193.16083165845222,0,0.0
7,85,5.168727999262046,193.4711983572695,0,0.0
7,86,5.779161001555622,173.0354976666721,1,0.359097421169281
7,87,5.227928000749671,191.2803695568498,0,0.0
7,88,5.1875689987355145,192.7685203307663,0,0.0
7,89,5.103501000121469,195.94392162874053,0,0.0
7,90,5.1489779998519225,194.21329825622846,0,0.0
7,91,5.117009999594302,195.42662611159332,0,0.0
7,92,5.1182070001232205,195.38092147815144,0,0.0
7,93,5.251003000012133,190.43980740397393,0,0.0
7,94,5.177925000680261,193.12755589712535,0,0.0
7,95,5.823311001222464,171.7236121838717,2,0.4191299080848694
7,96,5.62098200134642,177.9048571513777,1,0.5064879655838013
7,97,5.191002999708871,192.64099829186833,0,0.0
7,98,5.2280190011515515,191.27704007574087,0,0.0
7,99,5.130149998876732,194.9260743290068,0,0.0
7,100,5.167207000340568,193.52814778546525,0,0.0
7,101,5.167849998542806,193.5040684776015,0,0.0
7,102,5.139150000104564,194.58470758387153,0,0.0
7,103,5.106308999529574,195.8361705278953,0,0.0
7,104,5.1469570007611765,194.28955785954912,0,0.0
7,105,5.187500999454642,192.77104719693148,0,0.0
7,106,5.272870999760926,189.65000282490135,0,0.0
7,107,5.230221999227069,191.19647314163367,0,0.0
7,108,5.166201999600162,193.5657955452371,0,0.0
7,109,5.184061001273221,192.8989646831696,0,0.0
7,110,6.013203999827965,166.30069427689622,0,0.0
7,111,5.337780999980168,187.3437670079974,0,0.0
7,112,5.289374999847496,189.05825357983358,0,0.0
7,113,5.179051999220974,193.08552996772744,0,0.0
7,114,5.131653999342234,194.8689448135393,0,0.0
8,0,8.082426000328269,123.72522803912895,1,0.8959234356880188
8,1,6.574943001396605,152.09257324171278,3,0.5535722970962524
8,2,5.876244998944458,170.17670301010742,1,0.7449925541877747
8,3,5.934705999607104,168.5003435833558,1,0.5639125108718872
8,4,5.476061000081245,182.61301325627375,0,0.0
8,5,5.86896999993769,170.3876489419126,1,0.26888158917427063
8,6,6.202900000062073,161.2149156023784,3,0.38986008365948993
8,7,5.977550001261989,167.29261985075468,2,0.26317456364631653
8,8,6.125567000708543,163.2501937999095,3,0.42667314410209656
8,9,5.725639999582199,174.65296457216488,1,0.29460108280181885
8,10,5.938349000643939,168.39697361868807,2,0.4868002086877823
8,11,5.762385999332764,173.53922491755873,1,0.3653942942619324
8,12,5.925319999732892,168.7672564595801,1,0.25881579518318176
8,13,5.886984999960987,169.86623883135883,1,0.2808816432952881
8,14,5.68665900027554,175.850178453033,1,0.43848928809165955
8,15,5.947698000454693,168.1322757012127,2,0.33329059183597565
8,16,6.039549998604343,165.5752498499203,2,0.39851638674736023
8,17,5.982731001495267,167.14774569507964,2,0.3945496529340744
8,18,6.423972999982652,155.66690582334334,3,0.47442304094632465
8,19,6.521570001496002,153.3373098457284,4,0.3872050344944
8,20,6.062819000362651,164.93977470549333,2,0.4864988327026367
8,21,6.427600999813876,155.57904108063912,4,0.4555250331759453
8,22,6.048998000551364,165.31663589719327,3,0.5237832466761271
8,23,5.987593000099878,167.01201968525905,2,0.3223005533218384
8,24,5.9042729990324005,169.36886220604657,2,0.3011450320482254
8,25,5.211177000091993,191.8952282722976,0,0.0
8,26,5.639414999677683,177.32335713139648,1,0.3772992193698883
8,27,5.216767000092659,191.68960392178494,0,0.0
8,28,5.1439079998090165,194.40472108698836,0,0.0
8,29,5.695142999684322,175.5882161440774,1,0.3647925853729248
8,30,5.746775001171045,174.01064071522302,0,0.0
8,31,5.926967000050354,168.72035899499767,1,0.41376742720603943
8,32,6.168596999486908,162.11141692076464,4,0.3288936987519264
8,33,5.8591289998730645,170.67383224053688,2,0.429255872964859
8,34,5.788761000076192,172.7485380700357,1,0.7926400303840637
8,35,5.954514999757521,167.93979023324687,3,0.40806583563486737
8,36,6.3732710004842374,156.9053002648123,4,0.4600615128874779
8,37,6.1955450000823475,161.40630081561972,5,0.4524010181427002
8,38,6.070251998608001,164.7378066395456,4,0.4199627637863159
8,39,6.103014000473195,163.8534664876183,3,0.4525534411271413
8,40,6.098837999161333,163.96566036637023,4,0.39612066000699997
8,41,6.232337000255939,160.45345429153363,4,0.5285477638244629
8,42,6.383466999977827,156.6546831061355,6,0.45698780318101245
8,43,6.133214999863412,163.04662400099625,4,0.559127651154995
8,44,6.017396999595803,166.18481381021917,3,0.5407918890317281
8,45,5.9584549999271985,167.8287408417481,3,0.6641779541969299
8,46,6.060296000214294,165.0084418260494,4,0.5562702268362045
8,47,6.096921999414917,164.01718770487201,4,0.5207445919513702
8,48,6.156346000352642,162.43401523285388,4,0.537189893424511
8,49,5.99445499938156,166.82083694066745,3,0.6850382486979166
8,50,6.0223039999982575,166.04940567601525,3,0.7353874444961548
8,51,5.842866999955731,171.1488555203424,2,0.5725188106298447
8,52,5.732847001127084,174.43340103152917,1,0.9010817408561707
8,53,5.665224000040325,176.5155270105616,1,0.6974636316299438
8,54,5.679165000401554,176.08222334256772,1,0.8501324653625488
8,55,5.826658001751639,171.62496918462952,0,0.0
8,56,5.393749999711872,185.39976826019353,0,0.0
8,57,5.214488999627065,191.7733453980858,0,0.0
8,58,5.237543000475853,190.92922003869865,0,0.0
8,59,5.203822000112268,192.16644996282076,0,0.0
8,60,5.178738998438348,193.09719997504232,0,0.0
8,61,5.1562799999373965,193.938265573658,0,0.0
8,62,5.1173310002923245,195.41436736120363,0,0.0
8,63,5.189843999687582,192.6840190302826,0,0.0
8,64,5.136554000273463,194.68305014349335,0,0.0
8,65,5.782778000138933,172.92726782456023,1,0.3224928677082062
8,66,5.290246999720694,189.02709080555152,0,0.0
8,67,5.102267001348082,195.99131126140352,0,0.0
8,68,5.215993000092567,191.71804869796668,0,0.0
8,69,5.9105800010001985,169.188133792416,2,0.359246626496315
8,70,5.230134000157705,191.19969009777702,0,0.0
8,71,5.196957999942242,192.42025816085368,0,0.0
8,72,5.7723079989955295,173.24092896186679,1,0.5181735754013062
9,0,7.612055998833966,131.37055220733825,0,0.0
9,1,5.761476999396109,173.56660455380023,0,0.0
9,2,5.233088000750286,191.09176070737328,0,0.0
9,3,5.226162998951622,191.34496956956792,0,0.0
9,4,5.2742900006705895,189.59897917498978,0,0.0
9,5,5.169935000594705,193.42602951197037,0,0.0
9,6,5.217260000790702,191.67149037012626,0,0.0
9,7,5.192700000407058,192.5780422365262,0,0.0
9,8,5.211644000155502,191.87803310628328,0,0.0
9,9,5.186938999031554,192.7919337757218,0,0.0
9,10,5.179674000828527,193.06234327489386,0,0.0
9,11,5.909475999942515,169.21974131204317,1,0.3480946123600006
9,12,5.235601998720085,191.00000348469263,0,0.0
9,13,5.2935860003344715,188.90785942399268,0,0.0
9,14,5.154807000508299,193.99368393450874,0,0.0
9,15,5.864069000381278,170.5300534381469,0,0.0
9,16,6.136959000286879,162.94715346041156,2,0.5606040507555008
9,17,5.8250799993402325,171.67146204228325,1,0.3789770007133484
9,18,5.990906000079121,166.91966123100462,1,0.8623379468917847
9,19,5.7961570000770735,172.52810784571616,1,0.6185336112976074
9,20,5.776875001174631,173.10397053712722,1,0.587640643119812
9,21,5.683317000148236,175.95358484735542,1,0.7832944989204407
9,22,6.217998001375236,160.82346758214297,4,0.5619541555643082
9,23,6.010117000187165,166.38611194571726,3,0.44885674118995667
9,24,6.3743009995960165,156.87994653270638,3,0.4448784490426381
9,25,6.097571000282187,163.99973037685356,2,0.5491881370544434
9,26,6.512203999591293,153.5578430993194,5,0.4210869550704956
9,27,5.980330999591388,167.21482474269837,2,0.6166049242019653
9,28,6.035047999830567,165.69876495233754,2,0.7101503312587738
9,29,5.65506800012372,176.83253322119597,1,0.688368022441864
9,30,5.8040120002260664,172.29461275425516,1,0.48083770275115967
9,31,5.998781998641789,166.7005069073046,3,0.46672020355860394
9,32,6.075496999983443,164.5955878182024,3,0.4172987739245097
9,33,5.14305100114143,194.43711520225324,0,0.0
9,34,5.232010000327136,191.1311331471985,0,0.0
9,35,5.184736000956036,192.87385120777714,0,0.0
9,36,5.180730999200023,193.02295374039184,0,0.0
9,37,5.176953998670797,193.1637793684769,0,0.0
9,38,5.758812998465146,173.64689568258643,1,0.3600202202796936
9,39,6.06642999991891,164.84159547103766,2,0.4630487412214279
9,40,5.584505999649991,179.06686823555654,0,0.0
9,41,5.906707998292404,169.29904107145543,1,0.2944304645061493
9,42,6.138391998320003,162.9091137017132,2,0.2650323361158371
9,43,6.277583001065068,159.29697780663957,2,0.3785054683685303
9,44,6.127385000581853,163.20175734102565,2,0.5116835087537766
9,45,7.196309001301415,138.9601252279683,4,0.2854127958416939
9,46,6.481909998910851,154.27551449619466,3,0.4459676841894786
9,47,6.23848800023552,160.29525102272333,3,0.4170294503370921
9,48,5.984986999465036,167.08474054987659,3,0.296352744102478
9,49,6.1309739994612755,163.10622098346352,3,0.3741094768047333
9,50,6.126856998889707,163.21582177962003,3,0.41254034638404846
9,51,5.177306999030407,193.1506090303854,0,0.0
9,52,5.665910999596235,176.49412425844,1,0.3076242506504059
9,53,6.386772000041674,156.57361809588238,5,0.407804399728775
9,54,6.3165729989123065,158.31369322767216,5,0.3418216288089752
9,55,6.667315999948187,149.98539142404098,6,0.3978503843148549
9,56,6.500534000224434,153.8335158258498,5,0.4133013427257538
9,57,6.584274999113404,151.87701001775497,6,0.3452526529630025
9,58,6.284625000262167,159.11848359421356,5,0.43033540844917295
9,59,6.070714000088628,164.72526954578996,3,0.5186918874581655
9,60,5.874566999409581,170.22531194222557,3,0.4193076292673747
9,61,5.972998998913681,167.42008498274848,3,0.4383218189080556
9,62,5.878162999579217,170.12117562435475,2,0.5915523171424866
9,63,6.606478998946841,151.36656003287274,1,0.5828523635864258
9,64,5.985285999486223,167.07639369043352,1,0.744192361831665
9,65,5.232170999079244,191.1252518650441,0,0.0
9,66,5.736990000514197,174.30743297624218,1,0.7184556722640991
9,67,5.887106999580283,169.86271866152498,2,0.6143401116132736
9,68,5.871446999663021,170.31576714520165,2,0.6417759507894516
9,69,5.751962999056559,173.8536913683243,1,0.8605096936225891
9,70,5.682036999132833,175.99322217588787,1,0.8802210688591003
9,71,5.677884999386151,176.12191865599817,1,0.8303132057189941
9,72,5.6198410002252785,177.94097732656738,1,0.8651816844940186
9,73,5.673023000781541,176.27286190488485,1,0.8722575306892395
9,74,5.600655000307597,178.5505445247169,1,0.8529407382011414
9,75,5.6676920012250775,176.43866317785952,1,0.8512092232704163
9,76,5.678427000020747,176.1051079808451,1,0.8533503413200378
9,77,5.884230999072315,169.94574144992882,2,0.5551193058490753
9,78,6.062390999431955,164.95141934819114,3,0.46054837107658386
9,79,5.924208000578801,168.79893479470994,2,0.66597580909729
9,80,6.1728040000161855,162.0009318289351,4,0.4921629801392555
9,81,6.246017999728792,160.10200419586062,5,0.491589879989624
9,82,6.295271999988472,158.8493714015584,4,0.6694503650069237
9,83,6.238829000722035,160.28648964160863,4,0.6117997020483017
9,84,6.186815999171813,161.63402954506213,3,0.6669116616249084
9,85,6.089073000111966,164.2286108216492,4,0.6429400369524956
9,86,6.226113999218796,160.61382752154427,4,0.5848832651972771
9,87,6.144459001006908,162.74825820078343,5,0.573003488779068
9,88,6.418542998289922,155.79859794760708,3,0.6996068557103475
9,89,6.7937129988422384,147.194913910908,6,0.5833700845638911
9,90,6.395872998837149,156.3508218787041,5,0.5843035399913787
9,91,6.193519000589731,161.45909940774905,5,0.5709426462650299
9,92,6.093044999943231,164.12155170515186,2,0.5298001766204834
9,93,5.942800000411808,168.27084874650077,2,0.6472055912017822
9,94,6.480306999947061,154.31367680700455,1,0.5454587936401367
9,95,6.17802099986875,161.86413092821223,2,0.6016001254320145
9,96,5.797018000521348,172.50248315773146,1,0.37347739934921265
9,97,6.058234999727574,165.0645773967117,2,0.6350306272506714
9,98,6.51641100012057,153.45870602414388,2,0.5501699894666672
9,99,6.197571001393953,161.35353669608315,2,0.2734653651714325
9,100,6.36693600063154,157.06141853802353,2,0.48584960401058197
9,101,5.886652999834041,169.87581908228537,1,0.9169486165046692
9,102,5.766453001342597,173.41683002829834,1,0.9163497090339661
9,103,6.15130200094427,162.56720932356967,2,0.7850708365440369
9,104,5.99929800046084,166.68616893562952,1,0.7472646832466125
9,105,5.950985001618392,168.03940855640644,1,0.7910771369934082
9,106,5.9722209989558905,167.44189476156822,1,0.6927351951599121
9,107,6.086043000323116,164.3103737431544,1,0.7286170721054077
9,108,5.864148000910063,170.52775609428838,1,0.555628776550293
9,109,5.184015000850195,192.9006763745855,0,0.0
9,110,5.847043999892776,171.0265905333256,1,0.3226839303970337
9,111,5.159992000699276,193.79875004931813,0,0.0
9,112,5.089254998893011,196.49241396186963,0,0.0
9,113,5.119575000207988,195.32871380131633,0,0.0
9,114,5.069369999546325,197.26317078640807,0,0.0
9,115,5.90239800112613,169.42266512851353,2,0.6228567659854889
9,116,6.484804000137956,154.2066653022553,1,0.9235509037971497
9,117,6.79229200068221,147.22570818503698,5,0.5309226393699646
9,118,6.468241999755264,154.60151305993753,3,0.671445777018865
9,119,6.308054998953594,158.52747006262376,4,0.7817674726247787
9,120,6.464149999374058,154.69938044396136,5,0.6728978157043457
9,121,6.3655699996161275,157.09512267720007,4,0.6595334783196449
10,0,8.20049699905212,121.94382854058578,1,0.663833498954773
10,1,6.43108599979314,155.49473293191315,1,0.5002200603485107
10,2,5.954158999884385,167.949831373233,1,0.3048672378063202
10,3,6.213468001078581,160.94071778053936,3,0.31375457843144733
10,4,6.249867999940761,160.00337927288678,3,0.445819487174352
10,5,6.250853999517858,159.97814059920967,4,0.3568757101893425
10,6,6.132828000772861,163.05691271204404,2,0.33500872552394867
10,7,5.944237000221619,168.230169820402,2,0.29023006558418274
10,8,5.79781600026763,172.47874026251256,1,0.33133500814437866
10,9,5.835691999891424,171.3592835294607,1,0.3056817352771759
10,10,5.892390001463355,169.71042306290886,2,0.30824075639247894
10,11,6.024562999300542,165.98714298715126,3,0.40364428361256915
10,12,6.267734999710228,159.54726867779704,4,0.40469618141651154
10,13,6.300551998720039,158.71625219554582,5,0.3557520091533661
10,14,5.850761999681708,170.9179077963523,2,0.5082455277442932
10,15,6.15088700033084,162.57817774025318,3,0.44650201002756756
10,16,6.813074000092456,146.77662388320303,5,0.3591713547706604
10,17,7.185947000834858,139.1605031158483,3,0.4290458063284556
10,18,6.14437399963208,162.75050966296635,1,0.37125760316848755
10,19,5.94638399888936,168.1694287127733,1,0.6122263669967651
10,20,6.171813000037218,162.0269441076665,2,0.3967351019382477
10,21,5.906193000555504,169.3138033088227,2,0.33858080208301544
10,22,5.201324998779455,192.25870335629102,0,0.0
10,23,5.148334999830695,194.23755447788176,0,0.0
10,24,5.144729999301489,194.37366006297162,0,0.0
10,25,5.647257999953581,177.07708767834225,1,0.3037114143371582
10,26,5.647365000186255,177.07373261105295,1,0.2960214614868164
10,27,5.183887000384857,192.9054394753896,0,0.0
10,28,5.166740000277059,193.54563998698916,0,0.0
10,29,5.615396999928635,178.08179902733661,1,0.4766846001148224
10,30,6.099733998780721,163.94157518998213,3,0.375193456808726
10,31,6.0740099997929065,164.63588305486738,4,0.2900054007768631
10,32,5.804071999591542,172.29283166548836,1,0.6294885873794556
10,33,6.166505001601763,162.16641350979978,3,0.5343318780263265
10,34,5.9977290002279915,166.72977387974464,2,0.3811822086572647
10,35,5.729729000449879,174.528324100753,1,0.2899666726589203
10,36,5.944493999777478,168.22289669018645,2,0.26175080239772797
10,37,6.489770999905886,154.08864195893844,6,0.4133101900418599
10,38,7.100673001332325,140.83172113578055,6,0.3410531630118688
10,39,6.817605999458465,146.67905421337517,5,0.5566802322864532
10,40,6.874438000522787,145.4664366634701,4,0.3218879997730255
10,41,6.572541000423371,152.1481569967513,5,0.5552923619747162
10,42,6.259834999582381,159.7486195828986,4,0.5011463537812233
10,43,6.248064999454073,160.0495513550796,5,0.5388418734073639
10,44,7.115350001186016,140.5412242311785,4,0.5493765100836754
10,45,6.381090999639127,156.71301350451725,4,0.5296579226851463
10,46,6.343515000480693,157.64130768575828,4,0.4720304384827614
10,47,6.234487998881377,160.39809526931882,4,0.6410959586501122
10,48,6.29204100005154,158.9309414849345,4,0.6162344962358475
10,49,6.624396000916022,150.95715894124083,3,0.6086412668228149
10,50,6.22709399976884,160.58855062042127,3,0.6606054902076721
10,51,5.741726001360803,174.16365736766218,1,0.8599532842636108
10,52,5.856827001480269,170.740914790083,1,0.8674936294555664
10,53,5.742559998907382,174.13836341113839,1,0.8812105655670166
10,54,5.681459999323124,176.01109576044496,1,0.7162420153617859
10,55,5.962530000033439,167.7140408508455,2,0.5665993839502335
10,56,5.747187000451959,173.9981663936392,1,0.36286911368370056
10,57,5.665327000315301,176.51231781401947,1,0.27280670404434204
10,58,5.207234999033972,192.04049753573952,0,0.0
10,59,5.1245180002297275,195.1403039183726,0,0.0
10,60,5.203467000683304,192.17956025639884,0,0.0
10,61,5.146276998857502,194.31523025713634,0,0.0
10,62,5.178915000215056,193.09063770277646,0,0.0
10,63,5.1741999996011145,193.26659195181693,0,0.0
10,64,5.153359999894747,194.04815499410563,0,0.0
10,65,6.0161069995956495,166.22044788551986,1,0.7826583981513977
10,66,5.205657000260544,192.09871106566374,0,0.0
10,67,5.179129999305587,193.08262201066182,0,0.0
10,68,5.1048629993601935,195.89164295404848,0,0.0
10,69,5.293270000038319,188.91913694044717,0,0.0
10,70,6.2154879997251555,160.88841295232479,1,0.3613407611846924
10,71,5.238548999841441,190.8925544134965,0,0.0
10,72,5.201681999096763,192.2455083132039,0,0.0
10,73,5.204230001254473,192.15138450048352,0,0.0
10,74,5.184026998904301,192.90022991997546,0,0.0
10,75,5.104992000269704,195.88669285812176,0,0.0
10,76,5.122700000356417,195.20955744635134,0,0.0
10,77,5.341471000065212,187.21434600839194,0,0.0
10,78,5.26809700022568,189.82186545865824,0,0.0
10,79,5.220514000029652,191.55201958932014,0,0.0
10,80,5.13316000069608,194.81177283864042,0,0.0
10,81,5.162086001291755,193.72013557111623,0,0.0
10,82,5.121586000313982,195.2520176247542,0,0.0
10,83,5.116206000820966,195.45733690933008,0,0.0
10,84,5.2022620002389885,192.22407482630837,0,0.0
10,85,5.238675999862608,190.88792664906677,0,0.0
10,86,5.195576999540208,192.47140405935602,0,0.0
10,87,5.168269999558106,193.48834331130172,0,0.0
10,88,5.1105269994877744,195.67453612909773,0,0.0
10,89,5.153562000487,194.04054902327795,0,0.0
10,90,5.158433999895351,193.85728304758518,0,0.0
10,91,5.200716999752331,192.28117970034174,0,0.0
10,92,5.14244499936467,194.4600282790669,0,0.0
11,0,8.910268999898108,112.2300572532025,3,0.3056747317314148
11,1,6.641681000473909,150.56429237246508,2,0.34530970454216003
11,2,6.550793999849702,152.653250891868,4,0.39115723222494125
11,3,6.175728998641716,161.92420363975475,3,0.5644406874974569
11,4,6.041636999725597,165.51805413754892,2,0.7599064409732819
11,5,6.153717999040964,162.50338415830018,4,0.43767472356557846
11,6,6.009695000102511,166.39779555916604,2,0.7158688306808472
11,7,6.381633998898906,156.69967913743426,5,0.4973145484924316
11,8,6.0698710003634915,164.74814702653737,3,0.47329991062482196
11,9,6.675272999927984,149.80660716210235,2,0.5320162624120712
11,10,6.146319001345546,162.6990072889287,2,0.5645795464515686
11,11,6.165418000819045,162.19500443719386,3,0.5186791718006134
11,12,6.132565998996142,163.0638789967679,3,0.49831252296765643
11,13,6.63655700009258,150.68054112788454,3,0.4837849736213684
11,14,6.23508600074274,160.38271162272298,3,0.497754047314326
11,15,6.31901800079504,158.25243730500262,4,0.4947466477751732
11,16,6.275158000789816,159.35853724705197,3,0.29881882667541504
11,17,5.967648001387715,167.57020517420938,2,0.532118409872055
11,18,5.86327299970435,170.55320467773274,1,0.6817567944526672
11,19,5.895710999539006,169.61482679157638,1,0.48774009943008423
11,20,5.801766999866231,172.36128235123135,1,0.6890739798545837
11,21,5.880688000615919,170.04813040502475,1,0.8659473061561584
11,22,6.036300001142081,165.66439703308282,2,0.5085416287183762
11,23,6.211482999788132,160.9921495453033,4,0.34483087807893753
11,24,6.182571998579078,161.74498254607096,3,0.37164218227068585
11,25,6.026734999977634,165.9273221742305,1,0.6538039445877075
11,26,5.974834000880946,167.36866661945038,2,0.3662285655736923
11,27,5.7991310004581464,172.43962930325205,1,0.34773004055023193
11,28,6.107531000452582,163.732283950077,2,0.5276172459125519
11,29,6.179082000016933,161.83633750082288,3,0.4036250313123067
11,30,5.855228999280371,170.7875131993819,1,0.29948368668556213
11,31,6.230498000149964,160.50081389576414,3,0.3883558412392934
11,32,6.002219000947662,166.6050505391614,0,0.0
11,33,5.974920999506139,167.3662296259073,1,0.5649368762969971
11,34,6.1107469991839025,163.64611399122745,2,0.40370550751686096
11,35,6.1533369989774656,162.5134459832406,2,0.45118607580661774
11,36,6.050759999197908,165.26849521920562,3,0.4854840536912282
11,37,5.972930001007626,167.42201898085216,2,0.5332480370998383
11,38,5.670704000294791,176.3449476375447,1,0.48076125979423523
11,39,6.0201579999557,166.10859715099815,2,0.347463995218277
11,40,5.689052000889205,175.7762101390001,1,0.25506705045700073
11,41,6.0035659989807755,166.567669976439,2,0.3972020894289017
11,42,5.194990000745747,192.49315202848297,0,0.0
11,43,6.1478440002247225,162.65864910746708,1,0.33061712980270386
11,44,6.65531800041208,150.255780405697,4,0.38517067581415176
11,45,6.595200999072404,151.62540158224854,6,0.44198112686475116
11,46,6.44395400013309,155.1842238444512,5,0.398170405626297
11,47,6.211989000803442,160.97903584031826,4,0.434148445725441
11,48,6.412814000213984,155.9377833142567,6,0.5219269941250483
11,49,5.930705001446768,168.61401802248716,2,0.5057069808244705
11,50,6.1430240002664505,162.7862759378159,4,0.3811572566628456
11,51,5.9859240009245696,167.05858608387655,3,0.38874581456184387
11,52,6.258800000068732,159.77503674650387,4,0.32298750430345535
11,53,5.986999000015203,167.02858978220317,3,0.39994646112124127
11,54,5.7905890007532435,172.69400398990834,2,0.732222318649292
11,55,5.913413000598666,169.1070790926934,2,0.5977145731449127
11,56,6.742847001078189,148.30530780842258,2,0.4879784882068634
11,57,6.082093999793869,164.41705768340498,2,0.6038525402545929
11,58,6.111169999712729,163.63478679974662,2,0.5343228429555893
11,59,6.491477999588824,154.0481227947381,5,0.49925093054771424
11,60,6.388547999449656,156.53009104512407,5,0.5549206137657166
11,61,6.21917400167149,160.79305704121415,4,0.48227569460868835
11,62,5.996207999487524,166.7720666270194,2,0.5507055521011353
11,63,6.1917160001030425,161.50611558788518,3,0.4510998527208964
11,64,5.942220001088572,168.287273075855,2,0.4313533753156662
11,65,5.914254999879631,169.0830036953686,1,0.6383261680603027
11,66,5.711560999770882,175.0834841893687,1,0.6318893432617188
11,67,6.049101999451523,165.31379369874585,3,0.29924259583155316
11,68,5.196000000069034,192.4557351783514,0,0.0
11,69,5.8277440002711955,171.59298691800203,1,0.3588700592517853
11,70,5.113757000799524,195.55094226097415,0,0.0
11,71,5.780956000307924,172.98176978803068,1,0.299970805644989
11,72,5.749309000748326,173.93394577849978,1,0.37543627619743347
11,73,5.730959999709739,174.49083575014444,1,0.548832893371582
11,74,5.759867000961094,173.61511990348728,1,0.7006652355194092
11,75,5.627274000289617,177.7059371817568,1,0.4052032232284546
11,76,5.239437999989605,190.86016477377612,0,0.0
11,77,5.096053999295691,196.2302597535675,0,0.0
11,78,5.218856000283267,191.61287453528558,0,0.0
11,79,5.711892999897827,175.0733075738442,1,0.3346979320049286
11,80,5.14911499885784,194.2081309548955,0,0.0
11,81,6.004454999128939,166.5430085070284,1,0.4818935990333557
11,82,6.0749809999833815,164.60956832667222,1,0.7006362080574036
11,83,5.271514999549254,189.69878679762954,0,0.0
11,84,5.196987000090303,192.41918442024658,0,0.0
11,85,5.1568529997894075,193.9167162687859,0,0.0
11,86,5.179756000870839,193.0592869300941,0,0.0
11,87,5.108036999445176,195.7699210300587,0,0.0
11,88,5.234688998825732,191.03331644426714,0,0.0
11,89,6.15372600077535,162.50317285397549,2,0.35745933651924133
11,90,5.2463430001807865,190.60896322744063,0,0.0
11,91,5.844581999554066,171.09863461173077,1,0.44682398438453674
11,92,7.274646999576362,137.46371474220464,4,0.36039207875728607
11,93,6.352899999910733,157.40842764942803,4,0.40856052935123444
11,94,5.277557000226807,189.48161051733297,0,0.0
11,95,5.927841999437078,168.69545444952183,3,0.44754864772160846
11,96,6.816956998591195,146.6930186308439,8,0.39318424090743065
11,97,6.347487000311958,157.54266215131332,6,0.532237191994985
11,98,6.393899000613601,156.3990923072187,6,0.5967512478431066
11,99,6.64356599918392,150.52157231866707,7,0.5119458990437644
11,100,6.491792999440804,154.04064795136551,6,0.48771795133749646
11,101,6.325023001409136,158.1021918461344,5,0.5221012771129608
11,102,6.089858999985154,164.20741432641344,4,0.45789485424757004
11,103,6.129428998974618,163.14733397960697,3,0.5421468218167623
11,104,6.472588998803985,154.49768248606262,5,0.40454832911491395
11,105,6.045980999260792,165.3991304508341,3,0.4900134007136027
11,106,5.823131001307047,171.72892036527122,2,0.42961233854293823
11,107,5.922509999436443,168.8473299488148,1,0.5352481603622437
11,108,6.404710000424529,156.135094318668,1,0.42490676045417786
11,109,5.376713999794447,185.98720334357196,0,0.0
11,110,5.76287100011541,173.524619929888,1,0.2847731113433838
11,111,5.2618829995481065,190.04603486734322,0,0.0
11,112,5.239339001491317,190.86377111986104,0,0.0
11,113,5.197741000301903,192.3912715046626,0,0.0
11,114,5.174584999622311,193.25221251037314,0,0.0
11,115,5.117796999911661,195.39657395892434,0,0.0
11,116,5.162990999451722,193.68617921398544,0,0.0
11,117,5.150970000613597,194.13819142430987,0,0.0
11,118,5.306708000716753,188.44074327529128,0,0.0
11,119,6.025184000463923,165.97003509320257,1,0.45423004031181335
11,120,5.937930000072811,168.4088562828693,1,0.2888062596321106
11,121,5.779629000244313,173.02148631992273,1,0.40268799662590027
11,122,5.728730999180698,174.55872865090302,1,0.5785028338432312
11,123,5.713761000151862,175.01607084605422,1,0.7047953009605408
11,124,5.117155998959788,195.4210503262514,0,0.0
11,125,5.1929229994129855,192.56977238311472,0,0.0
11,126,5.211173000134295,191.89537556596747,0,0.0
11,127,5.127165999510908,195.03952087671675,0,0.0
11,128,5.194283001401345,192.51935247467532,0,0.0
11,129,5.25860699963232,190.1644294905323,0,0.0
11,130,5.27494400012074,189.57547226607724,0,0.0
11,131,5.923414000790217,168.8215613270648,1,0.3839229643344879
11,132,5.7401809990551556,174.21053450485306,1,0.27899667620658875
11,133,5.152796000402304,194.06939454267646,0,0.0
11,134,5.6279860000358894,177.68345550142146,1,0.527606725692749
11,135,7.031913999526296,142.20879266546277,3,0.4969230592250824
11,136,6.381993000104558,156.69086443429455,4,0.5313391909003258
11,137,6.685944999844651,149.56748821942676,6,0.46582122643788654
11,138,7.0778330009488855,141.28618178274843,8,0.5120427384972572
11,139,7.2774970012687845,137.40988142292005,10,0.4945254921913147
11,140,6.19584200103418,161.39856371952106,4,0.5311083644628525
11,141,6.402385999535909,156.1917697671598,6,0.522079810500145
11,142,6.306532999587944,158.5657285968912,5,0.5835066735744476
11,143,6.3565290001861285,157.31856174505276,5,0.41621477007865904
11,144,5.8598359992174665,170.6532401475983,2,0.5295554548501968
11,145,6.418992999897455,155.78767573293433,5,0.3803045988082886
11,146,5.996760999551043,166.7566874976119,2,0.43840673565864563
11,147,5.806254001072375,172.22808368619542,2,0.3323992192745209
11,148,5.733251000492601,174.4211094044339,1,0.27381259202957153
11,149,5.200187999435002,192.3007399172202,0,0.0
11,150,5.2392139987205155,190.86832495183688,0,0.0
11,151,6.6520150012365775,150.3303885836254,2,0.4691572040319443
11,152,5.639050001263968,177.3348347285189,0,0.0
11,153,5.488909000632702,182.18556727479555,0,0.0
11,154,5.25670800016087,190.23312688652237,0,0.0
11,155,5.147353998836479,194.27457296040694,0,0.0
11,156,5.212285999732558,191.8543994038911,0,0.0
11,157,5.258832999970764,190.15625710220488,0,0.0
11,158,5.170516000362113,193.40429464486056,0,0.0
11,159,5.9466759994393215,168.16117106334437,1,0.43271055817604065
11,160,5.708414999389788,175.17997554608363,1,0.6270483732223511
11,161,5.751631000748603,173.86372663160157,1,0.6431542634963989
11,162,6.322963001366588,158.1537010075607,1,0.6624788641929626
11,163,6.498847998955171,153.87342497636064,1,0.7570926547050476
11,164,5.378025998652447,185.94183074804147,0,0.0
11,165,5.219059999944875,191.60538487976038,0,0.0
11,166,5.286232999424101,189.17062492495947,0,0.0
11,167,5.180197000299813,193.04285144795134,0,0.0
11,168,5.232708001130959,191.10563780433904,0,0.0
11,169,5.13048799984972,194.9132324311628,0,0.0
11,170,5.201951000344707,192.23556698894993,0,0.0
11,171,6.721931000356562,148.76677549158944,1,0.3989521861076355
11,172,6.5185099992959294,153.40929140371205,4,0.40458815544843674
11,173,5.296487999657984,188.80435489791992,0,0.0
11,174,5.279433000396239,189.414279890463,0,0.0
11,175,5.984223000268685,167.1060720757066,3,0.5103553334871928
11,176,6.415724999897066,155.86702983934694,5,0.48039507269859316
11,177,6.676618999335915,149.77640630676458,6,0.5006198137998581
11,178,6.991577000007965,143.0292479077125,9,0.47541895177629256
11,179,7.033342999420711,142.17989938530843,10,0.4878911226987839
11,180,6.4439069992658915,155.18535573432746,5,0.6211722254753113
11,181,6.3656649999757065,157.09277820994606,6,0.5128804594278336
11,182,6.233022000742494,160.43582067909873,4,0.45410628616809845
11,183,5.933054999331944,168.54723243128524,3,0.4618263343969981
11,184,5.976264999844716,167.3285906876592,2,0.44002899527549744
11,185,6.041826000000583,165.51287640522972,3,0.49234646558761597
11,186,6.0333059991535265,165.74660727307716,2,0.35124070942401886
11,187,6.059535999156651,165.02913756749314,1,0.3285970687866211
11,188,5.951934001132031,168.0126156993348,1,0.41784635186195374
11,189,5.680057000063243,176.0545712813913,1,0.28172969818115234
11,190,5.265347999738879,189.9209700953465,0,0.0
11,191,5.199229999561794,192.3361728725759,0,0.0
11,192,5.128040998897632,195.00624121666903,0,0.0
11,193,5.227915000432404,191.28084521597796,0,0.0
11,194,5.241316999672563,190.7917418584818,0,0.0
11,195,5.1735329998336965,193.29150892284733,0,0.0
11,196,5.199188999540638,192.3376896066584,0,0.0
11,197,5.22342799922626,191.44515826543963,0,0.0
11,198,5.797440999231185,172.48989685839197,1,0.42449960112571716
11,199,5.7428330001130234,174.13008526981704,1,0.3634030222892761
11,200,5.83431599989126,171.39969792836695,1,0.5096762180328369
11,201,5.652955000186921,176.89863088719684,1,0.4594152271747589
11,202,5.734104999646661,174.39513229381404,1,0.42969974875450134
11,203,5.223800999374362,191.43148832043312,0,0.0
11,204,5.135569001140539,194.72039023872796,0,0.0
11,205,5.201107000175398,192.26676166559866,0,0.0
11,206,5.187540000406443,192.76959790606918,0,0.0
11,207,5.1105020011164015,195.6754932845242,0,0.0
11,208,5.090240998470108,196.45435261327586,0,0.0
11,209,5.182330000025104,192.96339677233135,0,0.0
11,210,5.0755369993567,197.02348739192428,0,0.0
11,211,5.709543000193662,175.14536626943365,1,0.2800147533416748
11,212,6.049674000678351,165.29816315521626,2,0.288262739777565
11,213,5.917716000112705,168.98411481405236,2,0.47282274067401886
11,214,6.967348999751266,143.5266124943217,4,0.4123067781329155
11,215,6.830246000390616,146.40761107913403,6,0.4763225068648656
11,216,6.396663000487024,156.33151221564475,5,0.4711074590682983
11,217,7.14463800068188,139.96510388693738,8,0.45139721781015396
11,218,6.632669999817153,150.76884573295033,7,0.5392897937979017
11,219,6.479577999925823,154.33103822678697,6,0.475365087389946
11,220,6.190498999785632,161.53786633914788,5,0.551918888092041
11,221,6.54705700071645,152.74038394511751,7,0.5127919614315033
11,222,6.17678499838803,161.89652064317804,3,0.5392700731754303
11,223,5.983802999253385,167.11780119177934,3,0.45997201402982074
11,224,6.2847130011505214,159.11625555803954,4,0.3767024427652359
11,225,5.917758999203215,168.98288695680966,2,0.4285662770271301
11,226,5.7965560008597095,172.51623202668725,1,0.35449427366256714
11,227,5.879513000763836,170.0821139216947,2,0.2619956135749817
11,228,5.1695840011234395,193.43916256756498,0,0.0
11,229,6.201241001690505,161.25804491833046,1,0.33950483798980713
11,230,5.670734999512206,176.34398364339359,1,0.6726150512695312
11,231,5.229368000073009,191.22769711101583,0,0.0
11,232,5.17442199998186,193.2583001547817,0,0.0
11,233,5.246929998975247,190.58763890414113,0,0.0
11,234,5.135303999850294,194.7304385542029,0,0.0
11,235,5.204471999604721,192.14244981545679,0,0.0
11,236,5.174043999431888,193.27241904201054,0,0.0
11,237,5.227767998803756,191.28622391598574,0,0.0
11,238,6.102934001319227,163.85561432973668,1,0.4113267660140991
11,239,5.425765000836691,184.30580753972814,0,0.0
11,240,5.835986999954912,171.35062158427115,1,0.5336868166923523
11,241,6.329928999548429,157.97965507533166,1,0.5444227457046509
11,242,6.663960000878433,150.0609247156618,1,0.5526750683784485
11,243,5.776914000307443,173.1028019366016,0,0.0
11,244,5.534518000786193,180.68420770479875,0,0.0
11,245,5.355371000405285,186.7284264571627,0,0.0
11,246,5.346968000594643,187.0218785466434,0,0.0
11,247,5.307573999743909,188.40999674206148,0,0.0
11,248,5.29506900056731,188.8549516338429,0,0.0
11,249,5.191210000702995,192.63331667657053,0,0.0
11,250,6.1190100004751,163.42512921573206,2,0.37960027158260345
11,251,5.863787999260239,170.53822548259888,1,0.3761051595211029
11,252,5.1884810000046855,192.73463659192294,0,0.0
11,253,5.939372000284493,168.36796886137128,2,0.29838036000728607
11,254,6.0335339985613246,165.74034392421532,3,0.4962566097577413
11,255,6.6920549998030765,149.43092966651147,5,0.5421552777290344
11,256,6.412423999790917,155.94726737230818,6,0.4520395149787267
11,257,6.673806999970111,149.83951438878566,7,0.48433254446302143
11,258,6.9147699996392475,144.61796994725367,9,0.5019442670875125
11,259,6.735097000273527,148.4759610677304,7,0.5587818920612335
11,260,6.13836199954676,162.90990985442653,4,0.6964103356003761
11,261,6.441282999730902,155.2485739318979,5,0.567039406299591
11,262,6.006433999573346,166.48813590077452,3,0.505962977806727
11,263,6.706429001496872,149.11065185015758,3,0.4356801410516103
11,264,6.460657999923569,154.78299578956666,4,0.42148837447166443
11,265,5.822346000059042,171.75207381867367,1,0.36281585693359375
11,266,5.799843998829601,172.4184305994779,1,0.44464993476867676
11,267,5.75788500100316,173.6748823267183,1,0.398826539516449
11,268,5.290400000376394,189.0216240603458,0,0.0
11,269,5.233115000010002,191.09077480584483,0,0.0
11,270,5.324076999386307,187.8259837555444,0,0.0
11,271,5.238427998847328,190.8969637876175,0,0.0
11,272,5.214570999669377,191.77032972863995,0,0.0
11,273,5.286061999868252,189.17674443185183,0,0.0
11,274,5.144491999089951,194.38265239345262,0,0.0
11,275,5.194904000745737,192.4963386920044,0,0.0
11,276,5.161450999366934,193.7439685318436,0,0.0
11,277,5.764012999861734,173.49024022395295,1,0.330899715423584
11,278,5.749175999881118,173.9379695491455,1,0.36481136083602905
11,279,5.646231000355328,177.10929643811386,1,0.4886187016963959
11,280,5.827723000038532,171.59360525429713,1,0.542798638343811
11,281,5.74928199966962,173.93476264644255,1,0.6512004733085632
11,282,5.144913999174605,194.36670859035337,0,0.0
11,283,5.146741999851656,194.29767414586215,0,0.0
11,284,5.100860000311513,196.04537272909454,0,0.0
11,285,5.166871000255924,193.54073286336515,0,0.0
11,286,5.129201001182082,194.9621392824221,0,0.0
11,287,5.1350220001040725,194.7411325559526,0,0.0
11,288,5.097911000120803,196.15877954250348,0,0.0
11,289,5.198609000217402,192.3591483718396,0,0.0
11,290,6.464371001129621,154.69409163323922,1,0.4470771551132202
11,291,6.738258000041242,148.40630916683207,3,0.4899604916572571
11,292,6.364619999658316,157.11857110930185,3,0.42919275164604187
11,293,6.08585900045,164.31534150332075,3,0.454550306002299
11,294,6.020115999490372,166.10975603869662,3,0.43618886669476825
11,295,6.629827001233934,150.83349834224654,7,0.459654974085944
11,296,7.069281999065424,141.45708151580348,7,0.4303153966154371
11,297,6.812948000515462,146.77933838983373,8,0.4674389883875847
11,298,6.722000000081607,148.76524843615883,9,0.49766459729936385
11,299,6.600630000320962,151.50069007827648,7,0.5469186135700771
11,300,6.430602001273655,155.50643622509034,6,0.5328829139471054
11,301,6.362332000207971,157.1750735370792,5,0.4154340445995331
11,302,6.002852000165149,166.5874820789332,3,0.5254812439282736
11,303,6.321093998849392,158.2004634295941,5,0.4513538360595703
11,304,5.6789289992593694,176.08954085011757,1,0.4147633910179138
11,305,5.919118000747403,168.9440892838647,2,0.3853955566883087
11,306,5.757999000707059,173.67144382574642,1,0.4086718261241913
11,307,5.757704000643571,173.68034200581073,1,0.3515954911708832
11,308,5.188496999835479,192.7340422537989,0,0.0
11,309,5.154903999937233,193.9900335703975,0,0.0
11,310,5.128292001245427,194.9966967086012,0,0.0
11,311,5.160819999218802,193.767657107082,0,0.0
11,312,5.176053000468528,193.19740348668796,0,0.0
11,313,5.0850349998654565,196.6554802526352,0,0.0
11,314,5.232883000644506,191.09924679700185,0,0.0
11,315,5.115952999403817,195.46700294481482,0,0.0
11,316,5.151389999809908,194.1223630975137,0,0.0
11,317,5.816758999571903,171.917041787978,0,0.0
11,318,5.302499999743304,188.5902876093183,0,0.0
11,319,5.2039249985682545,192.16264651683642,0,0.0
11,320,5.180914000447956,193.0161357462288,0,0.0
11,321,5.772177999460837,173.24483065030344,1,0.35646963119506836
11,322,5.155808001291007,193.9560200359675,0,0.0
11,323,5.214095001065289,191.78783658442944,0,0.0
11,324,5.145724000612972,194.336112834827,0,0.0
11,325,5.178282000997569,193.11424132701833,0,0.0
11,326,5.172387000129675,193.33433480034063,0,0.0
11,327,5.09746600073413,196.17590384241532,0,0.0
11,328,5.247650000455906,190.56148941204577,0,0.0
11,329,5.88285899902985,169.98537618612164,1,0.383674681186676
11,330,5.688471001121798,175.7941632826808,1,0.2795718014240265
11,331,5.185787000300479,192.83476161710018,0,0.0
11,332,5.704753999452805,175.2923964987656,1,0.5285847187042236
11,333,6.13290399996913,163.05489210413754,3,0.4970080256462097
11,334,6.115599999247934,163.51625353570788,4,0.5313051342964172
11,335,6.488065999292303,154.12913495471173,6,0.46420709788799286
11,336,6.9519270000455435,143.845008728292,8,0.511973176151514
11,337,7.088966000083019,141.06429625819746,10,0.4944282591342926
11,338,6.117055998402066,163.47733292963576,4,0.531278558075428
11,339,6.337336000797222,157.79501037568502,6,0.5220427910486857
11,340,6.286553998506861,159.06965886835826,5,0.5834251999855041
11,341,6.303975998889655,158.63004557379884,5,0.41576175689697265
11,342,5.911023001317517,169.17545402498155,2,0.5296618044376373
11,343,6.8267450005805586,146.48269415584707,5,0.3807533264160156
11,344,6.050779000361217,165.2679762292264,2,0.43870188295841217
11,345,5.893816000025254,169.66936192031025,2,0.33241376280784607
11,346,5.808183001136058,172.17088370053145,1,0.2744118273258209
11,347,5.339248000382213,187.292292833825,0,0.0
11,348,5.343615999663598,187.13919564260493,0,0.0
11,349,6.775353000193718,147.59378588413156,2,0.4696573317050934
11,350,5.41496199912217,184.67350281721497,0,0.0
11,351,5.238921999989543,190.87896326801507,0,0.0
11,352,5.197508000492235,192.39989623975453,0,0.0
11,353,5.123341999933473,195.18509598090174,0,0.0
11,354,5.159395999726257,193.82113721316549,0,0.0
11,355,5.252900000414229,190.37103312858474,0,0.0
11,356,5.139415001394809,194.57467430215414,0,0.0
11,357,5.867222000233596,170.43841190263234,1,0.43250200152397156
11,358,5.694322000636021,175.61353219721437,1,0.6284751296043396
11,359,5.684522999217734,175.91625544264897,1,0.643592894077301
11,360,5.666080000082729,176.48886002057847,1,0.662542998790741
11,361,6.184401001519291,161.69714734771162,1,0.757029116153717
11,362,5.198037000809563,192.38031584697376,0,0.0
11,363,5.101888000353938,196.00587075424355,0,0.0
11,364,5.145324999830336,194.35118287629535,0,0.0
11,365,5.070116001661518,197.23414605746535,0,0.0
11,366,5.104964000565815,195.8877672573526,0,0.0
11,367,5.076298000858515,196.99395107042136,0,0.0
11,368,5.093526999189635,196.32761349043543,0,0.0
11,369,7.5062029991386225,133.22314892293153,1,0.39803919196128845
11,370,6.687604000035208,149.5303848724798,4,0.40473414212465286
11,371,5.307366000124603,188.4173806699072,0,0.0
11,372,5.260857000394026,190.08309861399053,0,0.0
11,373,6.435012999645551,155.3998414696414,3,0.510262131690979
11,374,6.560644998899079,152.42403760115153,5,0.47996591329574584
11,375,6.902758999785874,144.86960938822003,6,0.5005317529042562
11,376,7.117676001143991,140.49529647588267,9,0.4752765761481391
11,377,6.951031999051338,143.86352992425842,9,0.5141964687241448
11,378,6.5114509998238645,153.57560089556844,5,0.6206922113895417
11,379,6.414112000129535,155.90622676682364,6,0.5131695518891016
11,380,6.227934998605633,160.566865297067,4,0.453938826918602
11,381,6.12640999861469,163.22773046957695,3,0.46179304520289105
11,382,5.983483000818524,167.12673870105468,2,0.44121120870113373
11,383,6.154153999887058,162.4918713471181,3,0.49238054951032
11,384,6.02929500018945,165.8568704912562,2,0.3510635495185852
11,385,5.875687000298058,170.1928642470698,1,0.3287331163883209
11,386,5.844994000653969,171.08657423568178,1,0.4179495573043823
11,387,5.7412490004935535,174.1781274273305,1,0.28217029571533203
11,388,5.20431399854715,192.14828318951598,0,0.0
11,389,5.188318000364234,192.74069167113453,0,0.0
11,390,5.172928998945281,193.31407800182296,0,0.0
11,391,5.158785001185606,193.8440930897832,0,0.0
11,392,5.1214479990449036,195.25727883725258,0,0.0
11,393,5.186114000025555,192.82260281881048,0,0.0
11,394,5.185264999454375,192.85417430068202,0,0.0
11,395,5.2216730000509415,191.50950279541522,0,0.0
11,396,6.406485999832512,156.09181070966883,1,0.42167577147483826
11,397,5.835129999468336,171.37578770157896,1,0.3628031611442566
11,398,5.807614999866928,172.18772250276805,1,0.5089421272277832
11,399,5.811274999359739,172.07927694183732,1,0.4591779410839081
11,400,5.7675619991641724,173.38348510946543,1,0.42958545684814453
11,401,5.124215000250842,195.15184276051016,0,0.0
11,402,5.1906919998145895,192.65254036180914,0,0.0
11,403,5.083955000372953,196.69725635389008,0,0.0
11,404,5.223665000812616,191.4364722554826,0,0.0
11,405,5.109850999360788,195.70042260040344,0,0.0
11,406,5.1677760002348805,193.50683929693335,0,0.0
11,407,5.155683000339195,193.96072255299822,0,0.0
11,408,5.074260001492803,197.0730706951967,0,0.0
11,409,5.762169001172879,173.5457602504286,1,0.2805795967578888
11,410,6.0318959986034315,165.78535177521803,2,0.28803957998752594
11,411,5.918626000493532,168.95813317425595,2,0.4727197587490082
11,412,6.257532000745414,159.80741287154063,4,0.41268277913331985
11,413,6.708267001158674,149.06979698740028,6,0.476058026154836
11,414,6.2647690010635415,159.62280489994674,5,0.47129037976264954
11,415,6.959950000236859,143.67919309276192,8,0.4515525512397289
11,416,6.638758000917733,150.63058479639736,7,0.5393744323934827
11,417,6.50620499982324,153.69943000983952,6,0.4755150228738785
11,418,6.316954000794794,158.30414466753766,5,0.5520874500274658
11,419,6.693280998661066,149.40355861348738,7,0.5124760482992444
11,420,6.096438000895432,164.03020909145997,3,0.5392922163009644
11,421,6.818206000389182,146.6661464823621,3,0.4596245090166728
11,422,6.450976999985869,155.01527908132218,4,0.3766016513109207
11,423,6.018387000949588,166.15747705194414,2,0.42825131118297577
11,424,5.830048999996507,171.5251449860197,1,0.35436466336250305
11,425,5.933661999733886,168.529990424943,2,0.26200322806835175
11,426,5.205527000725851,192.10350841721913,0,0.0
11,427,6.36868699984916,157.0182362586958,1,0.33974096179008484
11,428,5.764516001363518,173.4751017715041,1,0.67205411195755
11,429,5.171422000785242,193.37041143580188,0,0.0
11,430,5.144078999364865,194.39825868216042,0,0.0
11,431,5.1823989997501485,192.96082761057409,0,0.0
11,432,5.086897001092439,196.58349673391157,0,0.0
11,433,5.129061999468831,194.9674229134997,0,0.0
11,434,5.100365000544116,196.06439929168172,0,0.0
11,435,5.095086000437732,196.2675409039391,0,0.0
11,436,5.722572001104709,174.74659992167088,1,0.4110686182975769
11,437,5.087163001007866,196.57321768574755,0,0.0
11,438,5.7405259994993685,174.20006460857596,1,0.5335163474082947
11,439,5.638898001052439,177.33961490584878,1,0.5453029870986938
11,440,5.7536799995432375,173.80181033345374,1,0.5528518557548523
11,441,5.139454000527621,194.57319783333776,0,0.0
11,442,5.133349999596248,194.8045623381715,0,0.0
11,443,5.166961000213632,193.53736170229544,0,0.0
11,444,5.135128001711564,194.7371126224497,0,0.0
11,445,5.141125999216456,194.5099186739261,0,0.0
11,446,5.1759379985014675,193.20169605770374,0,0.0
11,447,5.138723998243222,194.60083871830253,0,0.0
11,448,6.834148000052664,146.32401873537037,2,0.3784744292497635
11,449,5.869882999832043,170.3611468965588,1,0.3771449327468872
11,450,5.230691000178922,191.17932983726124,0,0.0
11,451,5.7821259997581365,172.94676733814336,2,0.29832710325717926
11,452,5.997448000925942,166.7375856940503,3,0.4958440363407135
11,453,6.6292000010435,150.84776441238617,5,0.5422706246376038
11,454,6.41521200122952,155.8794938979948,6,0.4517667293548584
11,455,6.567456999619026,152.26593795102266,7,0.49390456080436707
11,456,6.9268540009943536,144.36568171589144,9,0.5017979111936357
11,457,6.757266999557032,147.98882448563216,7,0.5584751793316433
11,458,6.208677999893553,161.06488370264088,4,0.6964804604649544
11,459,6.369336999341613,157.00221233440283,5,0.5674677491188049
11,460,5.939642000157619,168.36031531419962,3,0.5063797434171041
11,461,6.078824999349308,164.5054759936406,3,0.435647318760554
11,462,6.138947001090855,162.89438560429107,4,0.4213128015398979
11,463,5.8089670001209015,172.14764690162417,1,0.3625103235244751
11,464,5.683664001480793,175.9428424585734,1,0.44475528597831726
11,465,5.7279789998574415,174.58164564236148,1,0.39838242530822754
11,466,5.144627999470686,194.37751380719592,0,0.0
11,467,5.158686000868329,193.84781315080554,0,0.0
11,468,5.202174001169624,192.22732645527935,0,0.0
11,469,5.125861998749315,195.08913822572575,0,0.0
11,470,5.151413999556098,194.12145870748708,0,0.0
11,471,5.061255000327947,197.579454094924,0,0.0
11,472,5.133628999828943,194.79397518467363,0,0.0
11,473,5.162643999938155,193.69919754528482,0,0.0
11,474,5.1758989993686555,193.2031517852218,0,0.0
11,475,6.4292839997506235,155.5383150034728,1,0.33085155487060547
11,476,5.8128170003328705,172.03362843570252,1,0.36525166034698486
11,477,5.856240999492002,170.75799989903845,1,0.5062746405601501
11,478,5.7412490004935535,174.1781274273305,1,0.5428244471549988
11,479,5.742212000768632,174.14891680525616,1,0.6517930626869202
11,480,5.263126000500051,190.00115138892545,0,0.0
11,481,5.2239779997762525,191.42500218087267,0,0.0
11,482,5.158111000127974,193.86942234767528,0,0.0
11,483,5.1446310008032015,194.37740040906255,0,0.0
11,484,5.202059999646735,192.23153905720207,0,0.0
11,485,5.1052670005447,195.8761412269537,0,0.0
11,486,5.233011999735027,191.09453600538944,0,0.0
11,487,5.1830820011673495,192.93540016823522,0,0.0
11,488,6.036022999978741,165.67199959369307,1,0.4463728368282318
11,489,6.401839000318432,156.20511542859157,3,0.49096908171971637
11,490,6.345353998767678,157.59562038527852,3,0.42927443981170654
11,491,6.0775900001317495,164.5389043976843,3,0.45496214429537457
11,492,5.942755000432953,168.27212293408462,3,0.43608806530634564
11,493,6.626800999583793,150.90237356800162,7,0.4595896601676941
11,494,6.953680000151508,143.80874586955568,7,0.43029261912618366
11,495,6.846311000117566,146.06406281906092,8,0.46738530695438385
11,496,6.859068998892326,145.7923808845618,9,0.4976812203725179
11,497,6.507496000267565,153.66893809214537,7,0.5467173968042646
11,498,6.497067000964307,153.91560528028694,6,0.5329980254173279
11,499,6.317057999694953,158.30153847697605,5,0.41554406881332395
11,500,6.824485999459284,146.53118199366688,3,0.5257271230220795
11,501,6.53824899927713,152.94614813699513,5,0.4513538360595703
11,502,6.019158001436153,166.1361937602241,1,0.41496357321739197
11,503,6.088598000133061,164.24142306293598,2,0.38508638739585876
11,504,5.94807800007402,168.12153438262843,1,0.40819355845451355
11,505,5.7802369992714375,173.00328691125358,1,0.35127198696136475
11,506,5.65523499972187,176.8273113405864,1,0.2503212094306946
11,507,5.212011001276551,191.8645221115372,0,0.0
11,508,5.218890000833198,191.61162619644205,0,0.0
11,509,5.144471000676276,194.38344581367903,0,0.0
11,510,5.243143999905442,190.72525950422772,0,0.0
11,511,5.110259999128175,195.68475971293103,0,0.0
11,512,5.291097999361227,188.99668842284265,0,0.0
11,513,5.2370390003488865,190.9475946108824,0,0.0
11,514,5.178774999876623,193.09585761571483,0,0.0
11,515,5.172758001208422,193.32046845539406,0,0.0
11,516,5.080069000541698,196.8477199607659,0,0.0
11,517,5.2429650004341966,190.7317710336012,0,0.0
11,518,5.141706998983864,194.48793954957492,0,0.0
11,519,5.663122999976622,176.581013692291,1,0.35631757974624634
11,520,5.145361001268611,194.34982302572075,0,0.0
11,521,5.188713999814354,192.72598182050098,0,0.0
11,522,5.20793100076844,192.01483273346904,0,0.0
11,523,5.195624000407406,192.4696629166365,0,0.0
11,524,5.163940000784351,193.6505846017014,0,0.0
11,525,5.202418999033398,192.21827388101545,0,0.0
11,526,5.241942000793642,190.76899359981428,0,0.0
11,527,6.491545000244514,154.04653283037143,1,0.38404911756515503
11,528,5.806357999972533,172.22499887274097,1,0.27922695875167847
11,529,5.246200000328827,190.61415880776963,0,0.0
11,530,5.7757009999477305,173.13915661649554,1,0.5279898643493652
11,531,6.18272100109607,161.74108451969943,3,0.49672138690948486
11,532,6.065585999749601,164.86453246912697,4,0.5311846062541008
11,533,6.4341060005972395,155.42174777772948,5,0.5065321624279022
11,534,7.009606999417883,142.6613503557397,8,0.5122039541602135
11,535,7.142734999433742,140.00239405203715,10,0.49439493119716643
11,536,6.130640998890158,163.1150804917515,4,0.5311944037675858
11,537,6.396642998879543,156.3320010472936,6,0.5221350987752279
11,538,6.288801001574029,159.01282291325631,5,0.5833110094070435
11,539,6.488506000096095,154.11868309672366,5,0.41576175689697265
11,540,6.035348000295926,165.690528524779,3,0.43663279215494794
11,541,6.478265000623651,154.362317673595,5,0.38278250098228456
11,542,6.003811999107711,166.5608450345581,2,0.4387998580932617
11,543,5.905082000026596,169.34565853539308,2,0.3325072228908539
11,544,5.8181920012430055,171.87469918255684,1,0.2742384970188141
11,545,5.234299000221654,191.0475500076808,0,0.0
11,546,5.145892000655294,194.3297682642109,0,0.0
11,547,6.65058000049612,150.36282548670974,2,0.4698125869035721
11,548,5.341914999007713,187.19878548905308,0,0.0
11,549,5.123234999700799,195.18917247762417,0,0.0
11,550,5.14398599989363,194.40177325923486,0,0.0
11,551,5.806445000416716,172.22241835206088,0,0.0
11,552,5.301786000927677,188.61568532283752,0,0.0
11,553,5.252815999483573,190.37407746593718,0,0.0
11,554,5.232700999840745,191.10589350135515,0,0.0
11,555,5.846940000992618,171.02963256510807,1,0.4316096901893616
11,556,5.777115000455524,173.0967792611278,1,0.6279494166374207
11,557,5.730769000365399,174.49665131088673,1,0.643257737159729
11,558,5.683659001078922,175.9429972505689,1,0.6624324917793274
11,559,6.007812000461854,166.4499488204898,1,0.7570884227752686
11,560,5.2086870000493946,191.98696331542226,0,0.0
11,561,5.178316998353694,193.11293617558042,0,0.0
11,562,5.176823999136104,193.16863006485784,0,0.0
11,563,5.164676998901996,193.62295071165124,0,0.0
11,564,5.134344000907731,194.76684846656244,0,0.0
11,565,5.2047630015295,192.13170699725129,0,0.0
11,566,5.086616001790389,196.59435657183863,0,0.0
11,567,6.780011999580893,147.4923643294164,1,0.3977028727531433
11,568,6.42968799911614,155.52854199728904,4,0.40473414212465286
11,569,5.205433000810444,192.1069774299867,0,0.0
11,570,5.11734300016542,195.4139091258246,0,0.0
11,571,5.925760000536684,168.75472511701994,3,0.5097070137659708
11,572,6.318075998933637,158.27603216054695,5,0.48019989728927615
11,573,6.776755000828416,147.56325112502316,6,0.5007680654525757
11,574,6.999786999585922,142.86148993664463,9,0.47532626655366683
11,575,6.912503000421566,144.66539832807507,10,0.48787069618701934
11,576,6.389746999047929,156.5007190658722,5,0.619965523481369
11,577,6.474988998888875,154.44041683647689,6,0.5132719924052557
11,578,6.300393999481457,158.7202324302739,4,0.45379650592803955
11,579,6.654169999819715,150.28170305644335,3,0.4616720179716746
11,580,6.12868600001093,163.16711281965115,2,0.44121120870113373
11,581,6.26877600006992,159.5207740695865,3,0.49229668577512103
11,582,5.9127559998159995,169.12586956592142,2,0.3514660447835922
11,583,5.790141000034055,172.7073658472425,1,0.3286113739013672
11,584,5.897662000279524,169.55871664951368,1,0.41790178418159485
11,585,5.721575998904882,174.77701951200186,1,0.2822015881538391
11,586,5.252335999102797,190.39147536844933,0,0.0
11,587,5.210274999626563,191.92844908794126,0,0.0
11,588,5.109422998430091,195.71681583365825,0,0.0
11,589,5.143696000232012,194.4127335586889,0,0.0
11,590,5.142515999978059,194.45734344905617,0,0.0
11,591,5.157645000508637,193.88693869030962,0,0.0
11,592,5.179904999749851,193.05373362026756,0,0.0
11,593,5.199334000280942,192.332325629776,0,0.0
11,594,5.8133710008405615,172.0172340377741,1,0.4217497706413269
11,595,5.69149699913396,175.7006988059844,1,0.3628307580947876
11,596,5.8612400007405085,170.6123618677379,1,0.5094321370124817
11,597,5.6704210001043975,176.35374868666526,1,0.45954862236976624
11,598,5.718448999687098,174.87259221070573,1,0.42977824807167053
11,599,5.114329000207363,195.52907135216654,0,0.0
11,600,5.18229000044812,192.96488616297594,0,0.0
11,601,5.198052000196185,192.379760718488,0,0.0
11,602,5.240713000603137,190.81373085778847,0,0.0
11,603,5.214119999436662,191.78691708438643,0,0.0
11,604,5.201228999794694,192.26225187152357,0,0.0
11,605,5.16394899932493,193.6502471520783,0,0.0
11,606,5.782292999356287,172.9417724268426,0,0.0
11,607,5.795580000267364,172.54528450195969,1,0.28001341223716736
11,608,6.101654000303824,163.8899878541468,2,0.2875080406665802
11,609,5.913811999562313,169.09566960769314,2,0.4727197587490082
11,610,6.1383510001178365,162.91020177581947,4,0.4127029478549957
11,611,6.494500001281267,153.97644157405728,6,0.47643498579661053
11,612,6.396654998752638,156.3317077746107,5,0.47119948267936707
11,613,7.203790999483317,138.81579852493275,8,0.45154670253396034
11,614,6.8174749994796,146.6818726986653,7,0.5388549608843667
11,615,6.605842998396838,151.3811333758142,6,0.47543250024318695
11,616,6.4451040016137995,155.15653428549928,5,0.5519064962863922
11,617,6.650642999375123,150.36140115985137,7,0.5128178639071328
11,618,6.094115999076166,164.0927084669203,3,0.5393707056840261
11,619,5.952391000391799,167.9997164054206,3,0.4594254990418752
11,620,6.355219000397483,157.35098978295724,4,0.3767582103610039
11,621,5.969130999801564,167.52857326020214,2,0.4287368506193161
11,622,5.925749999732943,168.75500992196214,1,0.3541206419467926
11,623,5.952326000624453,168.00155097269388,2,0.2619638293981552
11,624,5.204962000789237,192.12436130145971,0,0.0
11,625,6.32135100022424,158.1940316183244,1,0.33956602215766907
11,626,5.948671001533512,168.10477495598752,1,0.6722667813301086
11,627,5.432590000054915,184.07426291877198,0,0.0
11,628,5.235367998466245,191.00854042981513,0,0.0
11,629,5.208735999985947,191.98515724404115,0,0.0
11,630,5.216342999119661,191.70518506332226,0,0.0
11,631,5.193074999624514,192.56413590643407,0,0.0
11,632,5.681313001332455,176.01564986218273,0,0.0
11,633,5.304345999320503,188.52465509001522,0,0.0
11,634,5.850179000844946,170.93494059849607,1,0.4103260934352875
11,635,5.157219000466284,193.90295426848968,0,0.0
11,636,5.829847999848425,171.53105879021197,1,0.5325524210929871
11,637,5.8448319996387,171.09131623660275,1,0.5445951819419861
11,638,5.92396399952122,168.80588742281702,1,0.5534659028053284
11,639,5.2621470003941795,190.0365002963793,0,0.0
11,640,5.288268001095275,189.09782934467123,0,0.0
11,641,5.135758001415525,194.7132243622808,0,0.0
11,642,5.143267999301315,194.4289117611302,0,0.0
11,643,5.21367100009229,191.8034337000356,0,0.0
11,644,5.085110999061726,196.65254115092355,0,0.0
11,645,5.156353001439129,193.9355198763354,0,0.0
11,646,6.114015999628464,163.55861680125926,2,0.37978045642375946
11,647,5.913430999498814,169.10656437603717,1,0.3766779899597168
11,648,5.423982000138494,184.3663935415837,0,0.0
11,649,6.1027039992040955,163.86178981160128,2,0.2981646955013275
11,650,6.094604999816511,164.07954248554367,3,0.4959605038166046
11,651,6.68107799901918,149.67644445204886,5,0.5421982526779174
11,652,6.493745000625495,153.99434377291954,6,0.45178255438804626
11,653,6.69906099938089,149.27465208816838,7,0.4856581262179783
11,654,7.075995999912266,141.32286112264603,9,0.5017567839887407
11,655,6.8955939987063175,145.02013897390276,7,0.5584830897194999
11,656,6.5506120008649305,152.65749213477488,4,0.6967184320092201
11,657,7.109449999916251,140.65785679789295,5,0.5678156614303589
11,658,6.247217001146055,160.0712765086517,3,0.5064629316329956
11,659,6.011935000060475,166.33579704204067,3,0.4352681338787079
11,660,6.249173000469455,160.02117398972268,4,0.41653329879045486
11,661,5.76928800001042,173.33161388341057,1,0.3625556528568268
11,662,5.7846010004141135,172.87277029624187,1,0.444593608379364
11,663,5.669727999702445,176.3753040802806,1,0.39834874868392944
11,664,5.160750000868575,193.77028529413283,0,0.0
11,665,5.238986999756889,190.8765950452643,0,0.0
11,666,5.125330000737449,195.1093880503532,0,0.0
11,667,5.1949210010207025,192.4957087515901,0,0.0
11,668,5.156763998456881,193.92006310531985,0,0.0
11,669,5.255877000308828,190.2632043979038,0,0.0
11,670,5.125888999828021,195.08811057624365,0,0.0
11,671,5.085573999167536,196.63463753819946,0,0.0
11,672,5.200272000365658,192.29763364871778,0,0.0
11,673,5.715276000046288,174.96967775342802,1,0.33078208565711975
11,674,5.752139000833267,173.848371858736,1,0.3652578592300415
11,675,5.733619000238832,174.40991456850296,1,0.4801906645298004
11,676,5.838131999553298,171.2876653142674,1,0.5438230633735657
11,677,5.780190000223229,173.00469361065646,1,0.6520676612854004
11,678,5.207630001677899,192.02593111987602,0,0.0
11,679,5.209900999034289,191.94222696081187,0,0.0
11,680,5.120878999150591,195.27897459906234,0,0.0
11,681,5.19784899915976,192.38727407465117,0,0.0
11,682,5.142503001479781,194.45783497107243,0,0.0
11,683,5.232307999904151,191.1202475118664,0,0.0
11,684,5.833912000525743,171.4115673856379,0,0.0
11,685,5.315345999406418,188.1345071631599,0,0.0
11,686,6.284265999056515,159.12757355435534,1,0.446530282497406
11,687,6.312899999102228,158.40580401118538,3,0.49017971754074097
11,688,6.221216999620083,160.74025388618787,3,0.42891500393549603
11,689,6.1409659992932575,162.84082994680097,3,0.45476598540941876
11,690,6.038150999302161,165.61361253065246,3,0.4362051983674367
11,691,6.548653000209015,152.70315895010512,7,0.4601677826472691
11,692,7.054400999550126,141.75548002782548,7,0.430508234671184
11,693,6.880959999762126,145.32855881077202,8,0.46743547916412354
11,694,6.803537000450888,146.98237107165397,9,0.49771052598953247
11,695,6.591993998881662,151.6991672276478,7,0.5469440008912768
11,696,6.5181270001630764,153.4183055922324,6,0.5335894872744879
11,697,6.348512999466038,157.5172012854204,5,0.4153857111930847
11,698,6.064103999960935,164.90482353311256,3,0.5260245303312937
11,699,6.450290000429959,155.03178925805548,5,0.4509649336338043
11,700,5.687058999683359,175.8378100272351,1,0.41471025347709656
11,701,5.944021999312099,168.23625486509468,2,0.3853428214788437
11,702,5.736504999731551,174.32217004025912,1,0.4079260230064392
11,703,5.731311999625177,174.48011904872726,1,0.35094785690307617
11,704,5.931950001468067,168.57862924544463,1,0.2505238354206085
11,705,5.937383999480517,168.42434312611306,1,0.27766937017440796
11,706,5.3364169998531,187.39165249408506,0,0.0
11,707,5.183334000321338,192.92602019048078,0,0.0
11,708,5.250831000012113,190.44604558739238,0,0.0
11,709,5.100891999973101,196.04414286859503,0,0.0
11,710,5.695899000784266,175.56491080026356,0,0.0
11,711,5.296276000080979,188.81191236723882,0,0.0
11,712,5.242672999884235,190.74239419892893,0,0.0
11,713,5.178354000236141,193.11155628881272,0,0.0
11,714,5.2175330001773546,191.6614614542942,0,0.0
11,715,5.134807999638724,194.7492486711009,0,0.0
11,716,5.140916999152978,194.51782632646294,0,0.0
11,717,5.777525000667083,173.0844955036176,1,0.3571660816669464
11,718,5.2039049987797625,192.1633850415188,0,0.0
11,719,5.193711000174517,192.54055529204425,0,0.0
11,720,5.111445001602988,195.63939349565385,0,0.0
11,721,5.099722000522888,196.08912013193412,0,0.0
11,722,5.163535000974662,193.66577350811826,0,0.0
11,723,5.173244000616251,193.3023070013472,0,0.0
11,724,5.143444999703206,194.42222091569042,0,0.0
11,725,5.955008000455564,167.92588690451785,1,0.38436365127563477
11,726,5.778786000519176,173.0467264076154,1,0.2789268493652344
11,727,5.1399419990048045,194.55472458514512,0,0.0
11,728,5.5925409997144016,178.80959657713154,1,0.5279898643493652
11,729,6.105006999860052,163.79997599067838,3,0.4967527389526367
11,730,6.087539999498404,164.26996784947568,4,0.5312235355377197
11,731,6.5247010006714845,153.26372808456446,5,0.5067756175994873
11,732,7.174669000960421,139.37925218099082,8,0.5120912417769432
11,733,7.256803000927903,137.8017289255521,10,0.4941799134016037
11,734,6.229124999663327,160.53619088620763,4,0.531599149107933
11,735,6.743402000211063,148.2931019044543,6,0.5226352761189142
11,736,6.869746001029853,145.56578945569294,5,0.5835187613964081
11,737,6.572324999069679,152.1531573897443,5,0.4162788212299347
11,738,6.015833001583815,166.22801858640784,3,0.43666794896125793
11,739,6.465608999860706,154.6644716718168,5,0.3834752976894379
11,740,5.987817999994149,167.00574399572216,2,0.43895041942596436
11,741,5.950753000433906,168.04595988559495,2,0.3328609764575958
11,742,5.735069000365911,174.36581842976912,1,0.2744430899620056
11,743,5.162035000466858,193.72204952301936,0,0.0
11,744,5.209417000514804,191.96006000310172,0,0.0
11,745,6.610594000449055,151.27233648475016,2,0.46997205913066864
11,746,5.313609999575419,188.19597224484002,0,0.0
11,747,5.22630999876128,191.3395876320035,0,0.0
11,748,5.220916998950997,191.53723382327723,0,0.0
11,749,5.222351999691455,191.4846031173467,0,0.0
11,750,5.1246880011603935,195.1338305421848,0,0.0
11,751,10.690391000025556,93.54194809129146,0,0.0
11,752,5.3911200011498295,185.49021349677207,0,0.0
11,753,5.84611999875051,171.05362192594916,1,0.4321139454841614
11,754,6.0036209997633705,166.56614400532854,1,0.6277130246162415
11,755,5.829723999340786,171.53470732286436,1,0.643783688545227
11,756,5.767451000792789,173.38682198817827,1,0.6626433730125427
11,757,6.710576000841684,149.01850450312665,1,0.7570931911468506
11,758,5.239042000539484,190.87459117468921,0,0.0
11,759,5.295098999340553,188.85388169787555,0,0.0
11,760,5.148877999090473,194.21707023872884,0,0.0
11,761,5.172410999875865,193.3334377380296,0,0.0
11,762,5.090388000098756,196.448679350297,0,0.0
11,763,5.261852000330691,190.04715448803066,0,0.0
11,764,5.774368999482249,173.1790954283773,0,0.0
11,765,6.962199999179575,143.6327597767717,1,0.3978339731693268
11,766,6.531341001391411,153.10791455950073,4,0.404775895178318
11,767,5.224766999162966,191.39609482302367,0,0.0
11,768,5.270872999972198,189.72189237063284,0,0.0
11,769,6.05855300091207,165.05591349113516,3,0.5098216732343038
11,770,6.346026999381138,157.57890725922212,5,0.48006185293197634
11,771,6.616907001443906,151.1280118916263,6,0.5006913642088572
11,772,6.955449000088265,143.77217056545305,9,0.47520730561680263
11,773,6.821613998909015,146.5928737920279,9,0.5143711699379815
11,774,6.426226998883067,155.61230566144155,5,0.621149891614914
11,775,6.34991200058721,157.48249738067625,6,0.5132277011871338
11,776,6.116672999269213,163.4875691604692,4,0.45415984839200974
11,777,6.122886999946786,163.3216487595951,3,0.4616720179716746
11,778,5.890305001230445,169.77049571984927,2,0.43963347375392914
11,779,6.262978999075131,159.66842618307876,3,0.4922405779361725
11,780,5.8360780003567925,171.34794975990116,2,0.3510049134492874
11,781,5.7426180010224925,174.13660456292698,1,0.3284895718097687
11,782,5.644774000757025,177.15501096516695,1,0.4182327389717102
11,783,5.789464999907068,172.72753182134306,1,0.28227654099464417
11,784,5.264532001092448,189.9504077081285,0,0.0
11,785,5.141020001246943,194.51392909528695,0,0.0
11,786,5.108533001475735,195.7509131704001,0,0.0
11,787,5.0895730000775075,196.4801369358041,0,0.0
11,788,5.253396999250981,190.35302303301617,0,0.0
11,789,5.33515300048748,187.43604914584992,0,0.0
11,790,5.325917998561636,187.76105833211642,0,0.0
11,791,5.177938999622711,193.12703376244193,0,0.0
11,792,5.733801001042593,174.4043784948531,1,0.4209875464439392
11,793,5.744568999944022,174.07746342845644,1,0.3628285527229309
11,794,5.765248999523465,173.45304601460518,1,0.5090650916099548
11,795,5.707049000193365,175.22190539561132,1,0.4594261646270752
11,796,5.683172999852104,175.95804316110446,1,0.4284690320491791
11,797,5.151002998900367,194.13694773881502,0,0.0
11,798,5.199106000873144,192.34076009068846,0,0.0
11,799,5.119872999785002,195.31734479390266,0,0.0
12,0,8.822940000754897,113.34090449605678,2,0.30740986764431
12,1,6.79421499989985,147.18403818759643,3,0.5001891454060873
12,2,6.808174999605399,146.88224084397947,3,0.41483282049496967
12,3,6.533010999191902,153.06877642234105,3,0.45347723364830017
12,4,6.379713000569609,156.74686305022115,3,0.44940738876660663
12,5,5.904819001443684,169.3532011320766,1,0.25456780195236206
12,6,5.750880000050529,173.88643129246546,1,0.5979378819465637
12,7,5.87028699919756,170.34942246208664,1,0.2839522659778595
12,8,5.97973600088153,167.23146303659232,2,0.2820185273885727
12,9,6.013121001160471,166.30298971316398,3,0.30074286460876465
12,10,6.404097999620717,156.15001520264448,4,0.4118272662162781
12,11,6.109788000685512,163.67180005064023,2,0.641987532377243
12,12,6.191340000441414,161.5159238434175,2,0.48987339437007904
12,13,6.883304000439239,145.279069460856,5,0.4689538896083832
12,14,5.774508999820682,173.17489678015107,2,0.36624421179294586
12,15,5.99184999919089,166.89336350793747,2,0.4864327609539032
12,16,5.709278999347589,175.15346510728799,1,0.2867943048477173
12,17,5.8789720005734125,170.0977653750458,2,0.3485517054796219
12,18,5.755314999987604,173.7524357923335,1,0.320547878742218
12,19,5.730926000978798,174.49187091740632,1,0.45526933670043945
12,20,5.616126998575055,178.05865149661392,1,0.2606905996799469
12,21,5.89075100106129,169.7576420765091,3,0.2866644859313965
12,22,5.93378799931088,168.52641181588135,3,0.3849603434403737
12,23,5.7075229997280985,175.207353531057,1,0.3258409798145294
12,24,5.887085000722436,169.86335340449213,2,0.3890541195869446
12,25,5.863411999598611,170.54916148966788,2,0.27010826766490936
12,26,6.644249000601121,150.50609932131195,2,0.49069640040397644
12,27,6.152412001029006,162.5378794256216,3,0.3976970613002777
12,28,5.783003000033204,172.92053972551255,1,0.6720046997070312
12,29,5.848736000189092,170.97711368194248,2,0.5118202418088913
12,30,6.031652999809012,165.79203081338804,2,0.33218519389629364
12,31,5.982709999443614,167.148332460206,3,0.45751949151357013
12,32,6.4354799997090595,155.3885646517756,4,0.46660683304071426
12,33,6.17816900012258,161.86025341491293,4,0.5867851227521896
12,34,5.92664100076945,168.72963958339486,2,0.5746881365776062
12,35,5.878927000594558,170.0990673806404,2,0.3853500932455063
12,36,6.429708999348804,155.52803402164534,4,0.6222734451293945
12,37,6.087104999096482,164.28170700988917,3,0.6982732812563578
12,38,6.071100000553997,164.71479631512386,4,0.4936063587665558
12,39,6.321826000203146,158.18214546997433,4,0.5682831257581711
12,40,6.185870999615872,161.6587219588151,4,0.42271988093852997
12,41,6.216261999725248,160.86838039390858,4,0.5878707095980644
12,42,6.266225000217673,159.58571547706353,4,0.4437096565961838
12,43,6.191536000187625,161.51081088274324,3,0.61481773853302
12,44,6.238858999495278,160.28571892406924,3,0.6484065453211466
12,45,5.922491998717305,168.84784314045172,2,0.43090207874774933
12,46,5.8469810010137735,171.0284332763551,2,0.6493918895721436
12,47,5.8009040003526025,172.3869245102515,1,0.8803952932357788
12,48,5.761138001616928,173.57681758696611,1,0.8906575441360474
12,49,5.16615799824649,193.5674441895549,0,0.0
12,50,5.240440999841667,190.82363488687568,0,0.0
12,51,5.14369499978784,194.4127713717953,0,0.0
12,52,5.761847000030684,173.55545886495676,1,0.3968406021595001
12,53,5.617834000076982,178.00454765774438,0,0.0
12,54,5.318478000845062,188.02371652963654,0,0.0
12,55,5.232120000073337,191.12711481884654,0,0.0
12,56,5.251400998531608,190.4253741581759,0,0.0
12,57,5.20036400121171,192.294231666667,0,0.0
12,58,5.181571999855805,192.99162494081494,0,0.0
12,59,5.235431000983226,191.0062418571074,0,0.0
12,60,5.852002999745309,170.88166223488298,1,0.6005136966705322
12,61,6.002670999805559,166.59250524181525,2,0.3311249315738678
12,62,5.746732998886728,174.01191254121647,1,0.5050204396247864
12,63,5.236139999396983,190.980378697889,0,0.0
12,64,5.140086001119926,194.54927403590509,0,0.0
12,65,5.123191998791299,195.19081077498703,0,0.0
12,66,5.146470000909176,194.30794308008012,0,0.0
12,67,5.712436999601778,175.05663521010587,1,0.3975619375705719
12,68,5.2083240007050335,192.0003440386261,0,0.0
12,69,5.759612999099772,173.62277641853714,2,0.4336564838886261
12,70,5.1913080005761,192.62968020564875,0,0.0
12,71,5.146441000761115,194.30903800356566,0,0.0
12,72,5.122200998812332,195.22857463654137,0,0.0
12,73,5.159042999366648,193.83439915557312,0,0.0
12,74,5.106939001052524,195.81201181253647,0,0.0
12,75,5.199102000915445,192.34090806910933,0,0.0
12,76,5.200497000259929,192.2893138771195,0,0.0
12,77,5.262119999315473,190.0374754148681,0,0.0
12,78,5.267243999696802,189.8526060417104,0,0.0
12,79,5.195554998863372,192.47221908319116,0,0.0
12,80,5.2013939985045,192.2561529250657,0,0.0
12,81,6.049525998605532,165.3022071862339,0,0.0
12,82,5.4841389992361655,182.34402886930485,0,0.0
12,83,5.3745540008094395,186.0619504147496,0,0.0
12,84,5.349584998839418,186.93038809869327,0,0.0
12,85,5.43512100011867,183.98854413327064,0,0.0
12,86,5.300611999700777,188.6574606963216,0,0.0
12,87,5.358839000109583,186.60758421358636,0,0.0
13,0,7.60685699970054,131.46033901246824,0,0.0
13,1,5.9392399998614565,168.37171086255594,0,0.0
13,2,6.202006999956211,161.2381282393039,1,0.25104403495788574
13,3,5.308994999722927,188.35956712187323,0,0.0
13,4,5.847946000358206,171.00021100378606,1,0.26401299238204956
13,5,6.253760000618058,159.90380185699004,2,0.32376545667648315
13,6,5.745844000557554,174.0388357050703,1,0.539211630821228
13,7,5.860887000380899,170.62263782512954,2,0.39555294811725616
13,8,5.204670998864458,192.13510329820608,0,0.0
13,9,5.8952729996235576,169.6274286303374,2,0.3463323563337326
13,10,5.724040000131936,174.70178405059198,1,0.6541153192520142
13,11,6.080193999878247,164.4684363722645,2,0.6255660951137543
13,12,6.3039870001375675,158.62976874447514,4,0.47091044485569
13,13,5.878034000488697,170.1249090966232,2,0.5806955397129059
13,14,5.92188400150917,168.86517867373857,2,0.5149439126253128
13,15,5.2438069997151615,190.70114518980563,0,0.0
13,16,6.0495090001495555,165.30267166728376,3,0.3946683903535207
13,17,6.249237001611618,160.01953514358786,2,0.4563313126564026
13,18,6.245676999242278,160.1107454198031,3,0.42577826976776123
13,19,6.831624999904307,146.3780579311668,6,0.38295235733191174
13,20,6.194170999151538,161.44210421975393,3,0.42852624257405597
13,21,6.534138001370593,153.04237525902286,5,0.4757091701030731
13,22,6.076480000047013,164.56896097613472,2,0.6089681386947632
13,23,6.708151999191614,149.07235258242628,2,0.42010243237018585
13,24,6.569883998963633,152.20968896220165,2,0.4576393663883209
13,25,5.959619000350358,167.79596144337606,1,0.6495569348335266
13,26,6.252782000956358,159.9288124625248,4,0.5275773704051971
13,27,6.103113000790472,163.850808574326,2,0.5036355704069138
13,28,5.794797998532886,172.56856930184242,1,0.518017590045929
13,29,6.194544999743812,161.43235702401986,3,0.31803956627845764
13,30,6.321496999589726,158.19037801724835,2,0.35902146995067596
13,31,5.952130999503424,168.00705496626807,1,0.3557157516479492
13,32,5.258488999970723,190.16869675025802,0,0.0
13,33,5.786613999589463,172.8126327539639,1,0.2638534605503082
13,34,5.912540998906479,169.13201958091273,3,0.37913591663042706
13,35,5.850599998666439,170.92264045190848,2,0.28089380264282227
13,36,6.051872000170988,165.23812796631296,3,0.48433802525202435
13,37,5.938756999967154,168.38540455612693,2,0.4839422255754471
13,38,5.671685999914189,176.31441515188425,1,0.36489734053611755
13,39,5.840165000336128,171.22803892397653,2,0.2720489054918289
13,40,5.971251999653759,167.4690667983841,2,0.445125475525856
13,41,5.8141720001003705,171.99353579198154,2,0.5365144610404968
13,42,6.167269999423297,162.14629813410315,3,0.42763930559158325
13,43,6.213448999915272,160.94120994855453,4,0.4151006117463112
13,44,6.205007999597001,161.1601467822358,3,0.35635125637054443
13,45,6.386990000464721,156.56827393298556,7,0.3551640680858067
13,46,6.6475559997343225,150.43122615890204,6,0.35924585660298664
13,47,6.298031999904197,158.7797585047538,5,0.4455435276031494
13,48,6.5981419993477175,151.55781735204525,4,0.38312145322561264
13,49,6.586620000234689,151.8229380113577,5,0.460451740026474
13,50,6.1254849988472415,163.2523792300839,4,0.5666670799255371
13,51,5.665425998813589,176.5092334114703,1,0.635119616985321
13,52,6.08749999992142,164.27104723004658,3,0.6684084932009379
13,53,6.132262999017257,163.0719361123712,4,0.6035226061940193
13,54,6.449300000895164,155.05558740657122,4,0.5451316013932228
13,55,6.137386999398586,162.93579011686762,4,0.5239323154091835
13,56,6.001891000778414,166.6141554170686,3,0.6657864252726237
13,57,6.0615980000875425,164.9729988668925,4,0.6406181827187538
13,58,5.813615000079153,172.01001442069776,2,0.6393653750419617
13,59,5.625005000183592,177.7776197474245,1,0.8987045288085938
13,60,5.7279839984403225,174.58149329193148,1,0.835204005241394
13,61,5.706052999812528,175.25249065034185,1,0.8744891285896301
13,62,5.312950999723398,188.21931541474066,0,0.0
13,63,5.158568999831914,193.8522097955041,0,0.0
13,64,5.141350000485545,194.50144415485443,0,0.0
13,65,5.125845000293339,195.08978518522753,0,0.0
13,66,5.096425998999621,196.21593646141244,0,0.0
13,67,5.743210998844006,174.11862461631307,1,0.4928591251373291
13,68,5.174190000616363,193.2669654343728,0,0.0
13,69,5.165635999219376,193.58700461107185,0,0.0
13,70,5.0737879992084345,197.09140392858566,0,0.0
13,71,5.689653999070288,175.7576120030153,1,0.3173355460166931
13,72,5.679051000697655,176.0857579685678,1,0.3233855068683624
13,73,5.134380000527017,194.76548286207006,0,0.0
13,74,5.9263210005156,168.73875038375382,0,0.0
13,75,5.359255999792367,186.59306441766225,0,0.0
13,76,5.2496010011964245,190.49066772352649,0,0.0
13,77,5.668591000357992,176.4106812322227,1,0.37771883606910706
13,78,5.851061998328078,170.90914440587827,1,0.45255765318870544
13,79,5.158038000445231,193.87216610534512,0,0.0
13,80,5.1493419996404555,194.19956958963365,0,0.0
13,81,5.1217729997006245,195.24488884190134,0,0.0
13,82,5.214781000177027,191.76260709050925,0,0.0
13,83,5.786630001239246,172.81215487871927,1,0.696219801902771
13,84,5.2495449999696575,190.4926998446113,0,0.0
13,85,5.144033000760828,194.3999970163673,0,0.0
13,86,5.158813999514678,193.8430034682538,0,0.0
13,87,5.220873999860487,191.53881132291684,0,0.0
13,88,5.175944999791682,193.20143472163005,0,0.0
13,89,5.1506559993867995,194.1500267381578,0,0.0
13,90,5.1704839988815365,193.40549167472852,0,0.0
13,91,5.145784998603631,194.33380918001077,0,0.0
13,92,5.114682999192155,195.51553833501436,0,0.0
13,93,5.134708999321447,194.75300355524536,0,0.0
13,94,5.180423000638257,193.03442979015313,0,0.0
13,95,5.158128999028122,193.86874585502161,0,0.0
13,96,5.2268029994593235,191.32154016584192,0,0.0
13,97,5.232368999713799,191.1180194009058,0,0.0
13,98,5.3106699997442774,188.3001579928997,0,0.0
13,99,5.089628999485285,196.47797513357656,0,0.0
13,100,5.128525999680278,194.9877996255341,0,0.0
13,101,5.250993001027382,190.44017004104657,0,0.0
13,102,5.235338001511991,191.00963485283953,0,0.0
14,0,8.615605000159121,116.06845949663791,3,0.5048173268636068
14,1,6.754107000233489,148.05806303711654,2,0.6341314762830734
14,2,5.855376999534201,170.78319638164214,1,0.9241272211074829
14,3,5.848359000083292,170.98813530184418,1,0.898543119430542
14,4,5.865062999873771,170.5011523357076,2,0.6160262227058411
14,5,5.908807999730925,169.23887187492602,2,0.6281407475471497
14,6,7.0758539986854885,141.32569724951566,3,0.6058802803357443
14,7,6.113082999945618,163.5835796780276,1,0.8119636178016663
14,8,5.781973999546608,172.95131387280793,1,0.8145195245742798
14,9,5.772582999270526,173.23267593144504,1,0.5323572158813477
14,10,5.695660000128555,175.57227783565546,1,0.7756205797195435
14,11,5.669194999427418,176.39188634382813,1,0.7978858351707458
14,12,5.721663001168054,174.77436189371065,1,0.7609944939613342
14,13,5.6655200005479855,176.50630478813545,1,0.7792539596557617
14,14,5.726792000132264,174.61783141013404,1,0.8550872802734375
14,15,5.989540999507881,166.95770178084817,3,0.6058600942293803
14,16,5.799630000183242,172.42479261063284,1,0.8929972648620605
14,17,5.865819999598898,170.47914870698037,2,0.6001886129379272
14,18,5.7059400005528005,175.25596131454563,1,0.7739959359169006
14,19,5.710040000849403,175.13012165435686,1,0.6196836829185486
14,20,5.920411998886266,168.90716392509808,3,0.3399917085965474
14,21,5.7063780004682485,175.24250933217937,1,0.3383333683013916
14,22,5.9856010011571925,167.0676010323225,2,0.31396622955799103
14,23,5.62757599982433,177.696400729411,1,0.39354321360588074
14,24,6.103633000748232,163.836849279341,3,0.4807737072308858
14,25,5.742703999203513,174.13399683123063,1,0.32766956090927124
14,26,5.9690540001611225,167.5307343463482,2,0.522759273648262
14,27,6.037506000211579,165.63130537095216,3,0.3046491742134094
14,28,5.727149000449572,174.60694665382402,1,0.3803110122680664
14,29,5.954261998340371,167.94692613101836,3,0.3884902894496918
14,30,6.849740000689053,145.9909427072275,3,0.40523696939150494
14,31,6.426134001230821,155.6145576498197,5,0.362976485490799
14,32,5.894973999602371,169.6360323332134,2,0.40103238821029663
14,33,5.9043100009148475,169.367800783674,2,0.4327498823404312
14,34,5.997127998853102,166.74648268158379,2,0.4623640775680542
14,35,6.235565000679344,160.3703914386352,4,0.3840172439813614
14,36,6.74598200021137,148.23638722556143,3,0.4422793487707774
14,37,6.257674000153202,159.80378651484847,2,0.5153742730617523
14,38,6.602833000215469,151.4501426838097,2,0.5130586624145508
14,39,7.019048998699873,142.4694428241245,1,0.3907909393310547
14,40,6.332967999696848,157.90384540832494,1,0.33107686042785645
14,41,5.522887000552146,181.06472211001707,0,0.0
14,42,5.369831998905283,186.225565381536,0,0.0
14,43,5.48761500067485,182.2285273068579,0,0.0
14,44,5.822590999741806,171.74484693229243,1,0.36007165908813477
14,45,5.752972001573653,173.82319950913416,1,0.31358766555786133
14,46,5.186358999708318,192.81349402465972,0,0.0
14,47,5.79764900066948,172.4837084626071,2,0.33972401916980743
14,48,5.938230999163352,168.4003199169739,2,0.473243772983551
14,49,5.963149000308476,167.6966314187805,2,0.44142666459083557
14,50,5.938767999396077,168.38509268280754,2,0.41316087543964386
14,51,6.0453360001702094,165.4167774912502,2,0.5414659231901169
14,52,5.822955999974511,171.73408145353963,1,0.8561233878135681
14,53,5.856239000422647,170.75805818851137,2,0.48184168338775635
14,54,6.166072000269196,162.17780135495374,3,0.505111555258433
14,55,7.053250999888405,141.77859259734578,4,0.3744249567389488
14,56,6.31108800007496,158.4512844676104,4,0.4065300524234772
14,57,6.170713000756223,162.05582724029617,4,0.5404251888394356
14,58,6.261553999138414,159.704763408189,5,0.43963625431060793
14,59,5.971701999442303,167.45644710559736,3,0.4809502263863881
14,60,6.383092000760371,156.6638863862337,5,0.556320708990097
14,61,6.183587000123225,161.7184330033801,4,0.5314756259322166
14,62,5.9278379994793795,168.69556828102023,2,0.6565079689025879
14,63,6.138333999842871,162.91065295984188,4,0.5215650796890259
14,64,6.489030000011553,154.10623775791137,4,0.5041449964046478
14,65,6.2383299991779495,160.29931089438585,4,0.5583747923374176
14,66,6.235131000721594,160.38155411398247,4,0.5458880513906479
14,67,6.253320998439449,159.91502759086822,4,0.49105869978666306
14,68,6.279735998759861,159.2423630862002,4,0.5807965695858002
14,69,5.984980998618994,167.08490807752693,2,0.5913238674402237
14,70,6.121835000158171,163.34971458299069,4,0.35875680297613144
14,71,5.9536339995247545,167.9646414408115,3,0.48168609539667767
14,72,5.91445500140253,169.07728603275604,2,0.566672757267952
14,73,5.222947000220302,191.46278910312904,0,0.0
14,74,5.185244001040701,192.85495529222842,0,0.0
14,75,5.118565000884701,195.36725621871724,0,0.0
14,76,5.168354000488762,193.4851985574966,0,0.0
14,77,5.1485210005921545,194.23053725234598,0,0.0
14,78,5.159020000064629,193.83526328400987,0,0.0
14,79,5.176036000193562,193.19803802805933,0,0.0
15,0,9.397398000146495,106.41243458927791,5,0.4093116641044617
15,1,6.906806998813408,144.78470299977982,4,0.39737778902053833
15,2,6.533757999932277,153.0512761584321,4,0.37431053817272186
15,3,6.322422999801347,158.16720900063478,2,0.3940001428127289
15,4,6.048693001503125,165.32497181647273,2,0.4130025953054428
15,5,5.957729999863659,167.84916403107974,1,0.4897003471851349
15,6,5.660937998982263,176.64917018695178,1,0.2931586802005768
15,7,5.893990000913618,169.66435298414004,1,0.5367632508277893
15,8,6.171664001158206,162.0308558295356,2,0.39486856758594513
15,9,6.351798998366576,157.43571234813308,3,0.5431400636831919
15,10,6.1773020006512525,161.88297089806736,3,0.37951526045799255
15,11,6.871218998639961,145.53458421248584,6,0.38424767553806305
15,12,6.246539998755907,160.08862509471888,4,0.3027960881590843
15,13,6.089442998927552,164.21863217639378,2,0.5336680859327316
15,14,6.0510890016303165,165.25950944211442,2,0.5655660331249237
15,15,6.614706999243936,151.17827594091477,2,0.5040144771337509
15,16,6.408915998690645,156.0326270783237,3,0.40948890646298725
15,17,6.267184000535053,159.5612957772783,3,0.5517068008581797
15,18,5.875852999452036,170.18805611598128,2,0.40070657432079315
15,19,5.987731999994139,167.00814264916647,1,0.5447096228599548
15,20,6.080925999413012,164.44863826603537,2,0.4096616506576538
15,21,5.2152680000290275,191.7447003671593,0,0.0
15,22,5.817639999804669,171.89100735583082,2,0.3375442326068878
15,23,5.207858001085697,192.01752424730614,0,0.0
15,24,5.09837699974014,196.14085032373424,0,0.0
15,25,5.8668889996624785,170.44808586927925,2,0.33543761074543
15,26,5.842436001330498,171.1614812335591,2,0.37484151124954224
15,27,6.363562999467831,157.1446688095376,4,0.3160223886370659
15,28,6.044567000571988,165.43782208144464,3,0.42553045352300006
15,29,6.328409999696305,158.0175747222429,5,0.38576836585998536
15,30,6.432746999053052,155.454582645207,5,0.4495737373828888
15,31,6.091799999921932,164.15509373466222,3,0.4864402612050374
15,32,6.470181000622688,154.55518167169672,6,0.42124853531519574
15,33,6.197373000759399,161.35869180013282,4,0.3707161471247673
15,34,6.0328679992380785,165.75864085312244,3,0.5226677656173706
15,35,6.378036001478904,156.78807704568075,5,0.40120482444763184
15,36,6.328269000732689,158.02109548191135,4,0.5260630026459694
15,37,6.432010999560589,155.47237093784764,6,0.4524991313616435
15,38,6.262795999646187,159.67309170799982,5,0.5209480583667755
15,39,5.853126000147313,170.84887630555565,2,0.5497737675905228
15,40,6.683345000055851,149.6256739688948,3,0.6284172534942627
15,41,6.368293001287384,157.02795078647367,4,0.5714843273162842
15,42,6.1421469999913825,162.80951921232153,4,0.5056636035442352
15,43,6.318718998954864,158.2599258117671,5,0.44508724212646483
15,44,5.952458001047489,167.99782540658398,3,0.6850845615069071
15,45,6.107528000939055,163.7323643618574,3,0.6742613911628723
15,46,5.857535001268843,170.72027734932573,2,0.5841699093580246
15,47,5.697618000340299,175.51194199756347,1,0.8974475264549255
15,48,5.694269999366952,175.61513593685808,1,0.8318629860877991
15,49,5.73426200026006,174.39035746093361,1,0.43652233481407166
15,50,5.171812999833492,193.355792259348,0,0.0
15,51,5.148383999767248,194.2357058147195,0,0.0
15,52,5.232642999544623,191.10801178047618,0,0.0
15,53,5.095349000839633,196.25741040215613,0,0.0
15,54,5.131287998665357,194.88284428005193,0,0.0
15,55,5.753258999902755,173.81452842934806,1,0.270927369594574
15,56,5.184005000046454,192.90104851192058,0,0.0
15,57,5.2125040001556044,191.84637555580733,0,0.0
15,58,5.170791000637109,193.39400874581605,0,0.0
15,59,5.270125999231823,189.74878402257568,0,0.0
15,60,5.683667999619502,175.9427186927431,1,0.30557388067245483
15,61,5.269747000056668,189.76243071806798,0,0.0
15,62,5.18378800006758,192.90912359590385,0,0.0
15,63,5.167923000044539,193.50133506079362,0,0.0
15,64,5.864282000402454,170.52385951619857,2,0.28055721521377563
15,65,5.715716999475262,174.95617786741474,1,0.6167499423027039
15,66,5.8596220005711075,170.6594725568535,1,0.2976629137992859
15,67,5.532668999876478,180.74459180954545,0,0.0
15,68,5.364511000152561,186.41028044710154,0,0.0
15,69,5.124716999489465,195.13272637291428,0,0.0
15,70,5.23183999939647,191.13734367170193,0,0.0
15,71,5.1161110004613874,195.46096632966265,0,0.0
15,72,5.319758000041475,187.97847571115145,0,0.0
15,73,5.212322999796015,191.85303751113182,0,0.0
15,74,5.218622000029427,191.62146635536376,0,0.0
16,0,8.296697000332642,120.5298927946756,1,0.2502986490726471
16,1,6.404697998732445,156.13538689847832,1,0.28458550572395325
16,2,5.426883999462007,184.26780452634236,0,0.0
16,3,5.173298000954674,193.30028925754158,0,0.0
16,4,5.168794001292554,193.46872785990917,0,0.0
16,5,5.120869998791022,195.2793178182786,0,0.0
16,6,5.388040999605437,185.59621206914153,0,0.0
16,7,6.014959000822273,166.25217226971876,1,0.5322672128677368
16,8,6.340784000713029,157.70920439610444,1,0.35643813014030457
16,9,5.769285000496893,173.331704000387,1,0.5893459916114807
16,10,5.663100999299786,176.5816996948571,1,0.9561017155647278
16,11,5.887704999622656,169.8454661135519,1,0.9424724578857422
16,12,6.17516300007992,161.93904516966725,2,0.7707959711551666
16,13,6.066812999051763,164.8311889877435,2,0.677102655172348
16,14,6.181525999636506,161.7723520145031,3,0.5649060408274332
16,15,7.7936810012033675,128.30907498595298,5,0.40264570713043213
16,16,5.907100001422805,169.2878061585442,2,0.3906516879796982
16,17,7.247042000017245,137.98733331442267,4,0.37732062488794327
16,18,6.5203579997614725,153.36581212819632,6,0.3868033091227214
16,19,6.298866999713937,158.75871010539117,4,0.43776293843984604
16,20,7.467522000297322,133.9132311843453,6,0.38836558163166046
16,21,7.2585489997436525,137.76858157674718,7,0.41859501600265503
16,22,6.301466999502736,158.69320589616868,5,0.3971036791801453
16,23,6.456679999246262,154.87835855528502,5,0.33253671526908873
16,24,6.374268999934429,156.8807340904952,6,0.3720049411058426
16,25,6.317004999800702,158.3028666324547,5,0.4183011591434479
16,26,5.170078999071848,193.42064215643975,0,0.0
16,27,5.800629000077606,172.39509715008856,2,0.5596961677074432
16,28,6.04698700044537,165.37161398335212,3,0.4273523191610972
16,29,5.743394998717122,174.1130464165125,1,0.6301480531692505
16,30,6.0322749995975755,165.77493566966226,2,0.4567088931798935
16,31,6.125687999883667,163.24696915987087,4,0.5133907794952393
16,32,6.089499000154319,164.2171219626866,4,0.36489294469356537
16,33,6.216112000402063,160.87226226543524,4,0.501281663775444
16,34,6.323309000435984,158.14504714715844,4,0.3503907546401024
16,35,6.066386000384227,164.8427910681356,3,0.29075608650843304
16,36,5.953976000455441,167.95499342347136,2,0.4043305963277817
16,37,5.743615000028512,174.106377254575,1,0.33494964241981506
16,38,6.007236001096317,166.46590875029725,3,0.3454353908697764
16,39,6.443029000365641,155.20650301950374,5,0.3769522845745087
16,40,6.332762999591068,157.90895696942613,4,0.3700917959213257
16,41,6.973190000280738,143.40638932249664,7,0.4083138704299927
16,42,6.740302998878178,148.36128289283656,7,0.3239655707563673
16,43,6.229192000319017,160.5344641726867,4,0.48011691123247147
16,44,6.359802000588388,157.23759952078433,4,0.41625674813985825
16,45,6.6384820001985645,150.6368473952462,4,0.47399241477251053
16,46,6.345874000544427,157.5827064820713,4,0.47441960126161575
16,47,6.21003700143774,161.0296363400864,4,0.30571606755256653
16,48,6.103359000917408,163.8442044535948,4,0.5407884940505028
16,49,6.163787000332377,162.23792287859328,3,0.631380041440328
16,50,6.19523599925742,161.41435130475466,4,0.4014393910765648
16,51,5.772341000920278,173.23993849992075,1,0.3098268210887909
16,52,5.753700999775901,173.8011759802862,1,0.28470784425735474
16,53,5.330759999196744,187.5905124505105,0,0.0
16,54,5.120394000186934,195.2974712421529,0,0.0
16,55,5.763127001046087,173.5169118810823,1,0.6245051622390747
16,56,5.221336999966297,191.52182669045396,0,0.0
16,57,5.66875699951197,176.40551536890558,1,0.7492485046386719
16,58,5.684151999957976,175.92773733133689,1,0.8828431367874146
16,59,5.672478000633419,176.28979784290652,1,0.8787589073181152
16,60,5.963053001323715,167.69933116107032,2,0.6062011122703552
16,61,5.648161999488366,177.0487461391129,1,0.8948794603347778
16,62,6.044064000889193,165.45159016398264,3,0.5663003027439117
16,63,5.803901998660876,172.29787826030284,2,0.568848043680191
16,64,5.688347000614158,175.79799542679663,1,0.8719068765640259
16,65,5.6868940009735525,175.84291175970708,1,0.8555002212524414
16,66,6.064557999707176,164.89247856946614,3,0.4761648376782735
16,67,6.147570000393898,162.66589887320131,4,0.5296073704957962
16,68,5.822523000460933,171.7468526823915,1,0.7646385431289673
16,69,6.0665169985441025,164.8392315129075,1,0.7896043062210083
16,70,5.782325999462046,172.94078543704285,1,0.8064959645271301
16,71,5.856764000782277,170.74275143516655,2,0.6775059103965759
16,72,5.808899999465211,172.14963247638343,1,0.8267830610275269
16,73,5.731722001655726,174.4676381218645,1,0.8370682001113892
16,74,5.942697998762014,168.27373698079904,3,0.5001121163368225
16,75,5.985600999338203,167.0676010830934,2,0.6467664986848831
16,76,5.91696000083175,169.00570560886493,2,0.7394028007984161
16,77,6.511829000373837,153.56668609427416,5,0.4814212083816528
16,78,6.121882999650552,163.34843381637347,3,0.6523573895295461
16,79,6.541624001329183,152.86723905207813,3,0.7033533056577047
16,80,7.384290998743381,135.42261541022347,4,0.6657544374465942
16,81,7.2501619997638045,137.92795251093395,5,0.5936134338378907
16,82,7.322634000956896,136.56288159005675,4,0.6941484734416008
16,83,6.812603000071249,146.786771515901,4,0.7612102776765823
16,84,6.431294999856618,155.4896797646966,4,0.6903921291232109
16,85,6.162865000078455,162.26219461034273,3,0.7156479159990946
16,86,6.020914999680826,166.08771259069607,2,0.8376710116863251
16,87,7.373779000772629,135.61567276361544,3,0.7655635476112366
16,88,7.394377998934942,135.2378793921593,4,0.6115084663033485
16,89,7.230576000438305,138.30156822075887,5,0.5805330038070678
16,90,6.463781999627827,154.70818787786752,4,0.6790609806776047
16,91,6.371991999913007,156.93679464971902,5,0.6032769024372101
16,92,7.124051000573672,140.36957342381095,5,0.4431469440460205
16,93,6.188044000737136,161.60195368372902,3,0.6122501492500305
16,94,6.121042000813759,163.37087702829933,2,0.6281312257051468
16,95,6.346587999360054,157.56497823725647,1,0.9147010445594788
16,96,5.990940999254235,166.91868608361892,2,0.6024689227342606
16,97,5.873397998584551,170.25919241995746,2,0.6350217163562775
16,98,5.83482200090657,171.38483399230134,1,0.603768527507782
16,99,5.796162000478944,172.52795900414253,1,0.3159564733505249
16,100,5.878236999706132,170.1190339977773,1,0.4060281813144684
16,101,5.990339999698335,166.93543272174176,1,0.3551674783229828
16,102,6.353557999318582,157.39212581474033,2,0.3538290560245514
16,103,5.996837000566302,166.75457410390953,1,0.4433414936065674
16,104,5.926424999415758,168.73578929938074,2,0.5124130696058273
16,105,5.924400998992496,168.79343585453788,2,0.4100073426961899
16,106,6.161748000522493,162.2916094451126,4,0.30771661549806595
16,107,6.019606000336353,166.12382935762304,3,0.5124106009801229
16,108,7.193104998805211,139.02202180645241,4,0.47435880452394485
16,109,6.183554000017466,161.7192960548538,2,0.5939016044139862
16,110,6.176028999107075,161.9163381753193,2,0.7207794487476349
17,0,8.494858000631211,117.71827144440729,2,0.755970686674118
17,1,6.46462799886649,154.68794185455687,1,0.6854987740516663
17,2,6.084856000597938,164.34242649320436,2,0.394901379942894
17,3,5.940565000855713,168.33415674366904,2,0.2896113991737366
17,4,5.816124999910244,171.9357819880818,1,0.3461982309818268
17,5,6.239095999262645,160.27963027306888,3,0.30047400792439777
17,6,6.059930001356406,165.01840776645406,2,0.39560532569885254
17,7,5.817934999868157,171.88229157298275,2,0.3245982676744461
17,8,6.114887000876479,163.53531959898274,3,0.33180590470631915
17,9,5.822610999530298,171.74425701470847,1,0.36464133858680725
17,10,5.847668999194866,171.00831119847663,1,0.3213944733142853
17,11,5.81460600005812,171.9806982605536,1,0.36529091000556946
17,12,5.804418000479927,172.28256130370295,1,0.27679914236068726
17,13,5.76055199962866,173.59447498511645,1,0.3792433440685272
17,14,6.496492000223952,153.92922826127196,2,0.35048557817935944
17,15,6.090650998885394,164.18606158569958,2,0.32330021262168884
17,16,6.375360999300028,156.85386288083032,4,0.35907094925642014
17,17,6.363744998452603,157.1401745738018,4,0.42728035151958466
17,18,6.082083000364946,164.41735503116226,2,0.5515745282173157
17,19,6.288704000326106,159.01527563519355,3,0.2996921439965566
17,20,5.905136000365019,169.34410993043787,1,0.7108200788497925
17,21,6.061885000235634,164.9651882147432,2,0.4095430374145508
17,22,6.07441699867195,164.62485209998425,2,0.3985206186771393
17,23,5.2633670002251165,189.99245159177187,0,0.0
17,24,5.723924999983865,174.70529400766412,1,0.5875465869903564
17,25,6.038159001036547,165.61339306042353,2,0.3330809026956558
17,26,5.302835999827948,188.57833808785435,0,0.0
17,27,5.134200999236782,194.77227326095212,0,0.0
17,28,5.184466999708093,192.88385866016782,0,0.0
17,29,5.222499001320102,191.47921325542194,0,0.0
17,30,5.17623999985517,193.1904239424717,0,0.0
17,31,5.725663000703207,174.6522629566538,1,0.32025012373924255
17,32,5.161346000022604,193.74790994357295,0,0.0
17,33,5.792105001091841,172.6488038133796,1,0.6297105550765991
17,34,5.299852000462124,188.68451419262357,0,0.0
17,35,5.803152000225964,172.3201460104891,1,0.4529038369655609
17,36,5.952227000307175,168.00434525571575,2,0.32400189340114594
17,37,5.917976999626262,168.97666213693515,1,0.3277431130409241
17,38,5.6810200003383216,176.02472794330015,1,0.5183511972427368
17,39,5.859638000401901,170.65900656856482,1,0.3536398112773895
17,40,6.54766300067422,152.72624750189937,3,0.5050397316614786
17,41,5.931927000347059,168.57928291118435,1,0.8598781824111938
17,42,6.690063000860391,149.47542345586172,7,0.4159948400088719
17,43,6.610731999899144,151.26917866512457,7,0.43033088530812946
17,44,5.989994999254122,166.94504755421676,3,0.46894189715385437
17,45,6.085012000767165,164.33821328107908,3,0.48176151514053345
17,46,6.28435900034674,159.12521864916135,4,0.36228905618190765
17,47,6.21867300105805,160.80601115862808,4,0.48049940913915634
17,48,6.140356999821961,162.85698047019008,4,0.38482464849948883
17,49,6.534117999763112,153.0428437374798,6,0.5139369666576385
17,50,6.3267330006056,158.05945974079816,5,0.4699529469013214
17,51,6.317918001514045,158.2799903006587,5,0.5693325877189637
17,52,6.180189000588143,161.80734924204327,4,0.5431504622101784
17,53,6.57319899983122,152.13292645265676,4,0.5457756519317627
17,54,6.2147420012479415,160.90772550158906,4,0.5508878901600838
17,55,6.439147999117267,155.30004903398532,4,0.5437115207314491
17,56,6.078039999920293,164.52672243241472,3,0.6791049639383951
17,57,6.25100800061773,159.97419934531823,3,0.5090262095133463
17,58,6.15785300033167,162.39426305664307,3,0.5653160115083059
17,59,6.177924999064999,161.86664618805594,3,0.45972734689712524
17,60,5.987578999338439,167.0124102096171,2,0.7850234508514404
17,61,5.762334998507868,173.54076086498716,1,0.8558508157730103
17,62,5.721835999793257,174.7690776240585,1,0.8754245638847351
17,63,6.074982999052736,164.60951415928713,3,0.44152958194414776
17,64,5.939368000326795,168.36808225134024,1,0.45609843730926514
17,65,5.951772000116762,168.01718882718995,1,0.27939340472221375
17,66,5.604511999990791,178.427666851573,0,0.0
17,67,5.339792000086163,187.27321213707648,0,0.0
17,68,5.147312998815323,194.276120420529,0,0.0
17,69,5.192800001168507,192.57433364947147,0,0.0
17,70,5.74087499990128,174.1894746039926,1,0.26813948154449463
17,71,5.303940000885632,188.539086006445,0,0.0
17,72,5.192575999899418,192.5826410666633,0,0.0
17,73,6.535792999784462,153.00362175377617,1,0.6228958368301392
17,74,5.3573350014630705,186.65997174470203,0,0.0
17,75,6.089737000365858,164.21070399919114,1,0.2631039321422577
17,76,5.877642000996275,170.1362552925982,1,0.5560914278030396
17,77,5.166158000065479,193.56744412140034,0,0.0
17,78,5.762998000136577,173.5207959427196,1,0.33904287219047546
17,79,5.317118000675691,188.07180880185874,0,0.0
17,80,5.102834000354051,195.96953377880152,0,0.0
17,81,5.247005999990506,190.5848783099942,0,0.0
17,82,5.119282001032843,195.3398933284481,0,0.0
17,83,5.18576799913717,192.83546818260754,0,0.0
17,84,5.216321998886997,191.7059568434175,0,0.0
17,85,5.159780999747454,193.806675137752,0,0.0
17,86,5.223238998951274,191.45208561216148,0,0.0
17,87,5.237605000729673,190.92695991024252,0,0.0
17,88,5.203361999519984,192.18343834087483,0,0.0
17,89,5.136918000061996,194.66925498673157,0,0.0
17,90,5.20211000002746,192.22969141266165,0,0.0
17,91,5.1808299995173,193.01926527084856,0,0.0
17,92,5.307062001520535,188.42817357579173,0,0.0
17,93,5.448504000014509,183.5366184914863,0,0.0
17,94,5.590054001004319,178.88914844478037,0,0.0
17,95,5.367877998651238,186.29335470203782,0,0.0
17,96,5.249924999588984,190.47891161841167,0,0.0
17,97,5.1399380008660955,194.55487592097353,0,0.0
17,98,5.165759999727015,193.5823576884805,0,0.0
18,0,7.406357999570901,135.01912816770897,0,0.0
18,1,6.46303000030457,154.72618879269862,0,0.0
18,2,5.525939999643015,180.96468656275707,0,0.0
18,3,5.22724499933247,191.30536260070116,0,0.0
18,4,5.101041999296285,196.03837806823685,0,0.0
18,5,5.1541479988372885,194.0184876774178,0,0.0
18,6,5.115908999869134,195.46868406486124,0,0.0
18,7,5.14899100016919,194.2128079010317,0,0.0
18,8,5.0923710005008616,196.37218103348022,0,0.0
18,9,5.148972999450052,194.21348686559577,0,0.0
18,10,5.335248999472242,187.4326765440412,0,0.0
18,11,5.1521620007406455,194.093275765833,0,0.0
18,12,5.939421000221046,168.3665798337554,1,0.8104400634765625
18,13,5.823924999276642,171.70550790475573,1,0.8600433468818665
18,14,5.718542999602505,174.86971770073424,1,0.5225138664245605
18,15,5.999199000143562,166.68891963344936,2,0.5577848106622696
18,16,5.845808000231045,171.0627512844207,1,0.42557865381240845
18,17,5.751664999479544,173.86269890379356,1,0.7608120441436768
18,18,5.841186000907328,171.1981093984453,1,0.8024008870124817
18,19,5.670151000231272,176.36214625663627,1,0.8780187964439392
18,20,6.022941999617615,166.0318163554436,3,0.5369935135046641
18,21,5.821214999741642,171.7854434245054,2,0.6375929713249207
18,22,6.06839099964418,164.78832693190583,2,0.6321562081575394
18,23,6.151724999654107,162.55603104108636,2,0.5692241936922073
18,24,6.021662000421202,166.06710903568685,2,0.6669468283653259
18,25,5.865936000191141,170.47577743218048,2,0.7839967906475067
18,26,6.784621000406332,147.3921682493554,2,0.5624747574329376
18,27,6.185595999340876,161.66590900966662,3,0.5111099779605865
18,28,5.967323000731994,167.579331616092,2,0.44063955545425415
18,29,5.967973000224447,167.56107977740373,2,0.3327272832393646
18,30,5.2199399997334694,191.57308322529764,0,0.0
18,31,5.2964440001233015,188.8059233660773,0,0.0
18,32,5.190955000216491,192.6427795961041,0,0.0
18,33,5.145341001480119,194.35057845774224,0,0.0
18,34,5.881917999431607,170.0125707459087,2,0.517027735710144
18,35,5.185225001696381,192.85566193807276,0,0.0
18,36,5.8141669996985,171.99368371287858,1,0.7807078957557678
18,37,6.061168998712674,164.98467543346658,3,0.3486252824465434
18,38,5.805218999739736,172.25878990005936,1,0.45123419165611267
18,39,5.927907001023414,168.69360464449875,2,0.36053989827632904
18,40,7.062970998958917,141.58347813510775,2,0.4001791477203369
18,41,6.334255000183475,157.871762341591,3,0.28850839535395306
18,42,6.112817000030191,163.59069803579285,4,0.29401468485593796
18,43,5.859118000444141,170.6741526496303,2,0.4240415543317795
18,44,6.154936998427729,162.47119999042212,5,0.39423627853393556
18,45,5.974589001198183,167.37552989828313,3,0.3975670238335927
18,46,6.212972000867012,160.95356616132366,4,0.4805144742131233
18,47,5.704539000362274,175.2990031160263,1,0.30325138568878174
18,48,5.825845000799745,171.64891957522462,2,0.2809220850467682
18,49,6.025355000019772,165.96532486413142,3,0.3264192044734955
18,50,5.957969999144552,167.84240272166198,2,0.2988031953573227
18,51,6.47635099994659,154.4079374339419,5,0.37993870973587035
18,52,6.161785000585951,162.29063492233269,3,0.3553899625937144
18,53,6.468071000199416,154.60560033573677,4,0.38436202704906464
18,54,6.3248059996112715,158.1076162749436,5,0.3601767122745514
18,55,6.827019999036565,146.47679370224796,6,0.43827619155248004
18,56,6.975935000809841,143.34995952283234,4,0.4123945087194443
18,57,6.27710200024012,159.30918439141928,4,0.4727632403373718
18,58,6.3558030014974065,157.33653163328114,5,0.29353582859039307
18,59,6.053909000911517,165.18252914760254,3,0.5455712378025055
18,60,5.951847000687849,168.01507160456762,3,0.5233569244543711
18,61,5.912044000069727,169.14623774589734,1,0.31778550148010254
18,62,5.317633000231581,188.05359451403478,0,0.0
18,63,5.222960000537569,191.4623125386899,0,0.0
18,64,5.2483769995888,190.53509305416668,0,0.0
18,65,5.380933000196819,185.84137731568538,0,0.0
18,66,5.17430300169508,193.26274469670682,0,0.0
18,67,5.253498000456602,190.3493633980799,0,0.0
18,68,5.134837998411967,194.7481109061798,0,0.0
18,69,5.851699001141242,170.89053962019793,2,0.6072140634059906
18,70,5.884799998966628,169.9293094371262,2,0.5775003582239151
18,71,5.754175001129624,173.78685907253188,1,0.8455297350883484
18,72,5.909195999265648,169.2277596011831,1,0.8796431422233582
18,73,5.891064000024926,169.74862265895752,1,0.8736739754676819
18,74,5.849189999935334,170.9638428587643,2,0.6067794412374496
18,75,5.887903998882393,169.83972567993874,2,0.6376453042030334
18,76,5.666926999765565,176.46248134859846,1,0.7437605857849121
18,77,5.909139999857871,169.22936332935967,2,0.47717297077178955
18,78,6.56704900029581,152.2753979687003,2,0.690222442150116
18,79,6.075780998799019,164.58789416499164,2,0.6372728198766708
18,80,5.864340999323758,170.52214394001206,1,0.8439301252365112
18,81,6.384439000612474,156.63083317172703,3,0.4600359996159871
18,82,6.199301999004092,161.30848281962201,3,0.485202431678772
18,83,6.0185359998286,166.15336354696203,3,0.4654785494009654
18,84,5.911475000175415,169.16251865572067,2,0.6872950792312622
18,85,6.361955998727353,157.18436282804223,5,0.47323134541511536
18,86,5.970492000415106,167.49038436538794,2,0.6448316723108292
18,87,5.819043999508722,171.84953406168194,1,0.7075464129447937
18,88,6.156728999485495,162.42391050240607,2,0.5468779057264328
18,89,5.947592999291373,168.13524397502403,2,0.5214129537343979
18,90,5.7174749999830965,174.90238260822417,1,0.8123548030853271
18,91,5.9344130004319595,168.50866293384217,2,0.6571541130542755
18,92,5.9927340007561725,166.86874469546262,3,0.5427353978157043
18,93,6.566625999766984,152.28520705084847,6,0.5743463883797327
18,94,6.172876001073746,161.9990422334831,4,0.6369752138853073
18,95,6.2248470003396505,160.6465186928187,5,0.6268443465232849
18,96,6.210286999703385,161.02315401007422,4,0.7756288349628448
18,97,6.133531000159564,163.03822381821905,4,0.7619482129812241
18,98,6.030001999533852,165.8374242790143,4,0.6271283328533173
18,99,6.186941000123625,161.63076389123776,3,0.7104698220888773
18,100,6.358196000292082,157.2773157597001,5,0.5456697940826416
18,101,6.284140999923693,159.13073879343935,5,0.5908836126327515
18,102,6.550541998876724,152.6591235002353,7,0.467480799981526
18,103,6.643789000008837,150.5165200157124,4,0.5556542724370956
18,104,6.7074060007144,149.08893242685636,7,0.43398864354406086
18,105,6.095634000303107,164.05184431189187,3,0.5267902314662933
18,106,5.973815999823273,167.3971880000294,2,0.5879110842943192
18,107,6.041915999958292,165.51041093701124,3,0.6274226506551107
18,108,5.954402000497794,167.94297729921476,3,0.42454051971435547
19,0,7.257270999616594,137.7928425234266,0,0.0
19,1,5.790850000266801,172.68622049507883,0,0.0
19,2,5.313797999406233,188.18931395430172,0,0.0
19,3,5.28874199881102,189.0808816585898,0,0.0
19,4,5.869546999747399,170.37089915849313,1,0.2541463375091553
19,5,5.2688599989778595,189.79437680902444,0,0.0
19,6,5.116826001540176,195.43365353815,0,0.0
19,7,5.2365400006237905,190.96579036556147,0,0.0
19,8,5.126169000504888,195.07745450871943,0,0.0
19,9,5.153072999746655,194.05896249658483,0,0.0
19,10,5.130740000822698,194.90365909004416,0,0.0
19,11,5.2934510003979085,188.91267717880643,0,0.0
19,12,5.955946999165462,167.8994121573141,1,0.8651466369628906
19,13,5.836252999870339,171.3428119072659,1,0.9019297957420349
19,14,5.986496000332409,167.04262392298827,1,0.707726776599884
19,15,5.181601000003866,192.99054481409394,0,0.0
19,16,5.9538580007938435,167.95832212771407,2,0.4638472646474838
19,17,5.7797600002231775,173.0175647364919,1,0.8247183561325073
19,18,5.915191000894993,169.05624853849957,2,0.5580808222293854
19,19,6.08439900133817,164.35477025422978,2,0.6069198548793793
19,20,6.071345998861943,164.70812241427967,2,0.6502637416124344
19,21,6.588663000002271,151.77586105096822,2,0.6974296867847443
19,22,6.370082999637816,156.9838258083697,2,0.46422840654850006
19,23,5.399140000008629,185.21468233800232,0,0.0
19,24,6.135790001280839,162.97819837237768,2,0.5840282291173935
19,25,6.378374000632903,156.77976862140315,3,0.43876443306605023
19,26,6.211150999661186,161.00075494132236,1,0.5443084836006165
19,27,6.0261729995545465,165.94279654333187,2,0.36585259437561035
19,28,6.2859669997124,159.08451317764676,4,0.3697883188724518
19,29,5.899543999476009,169.5046261353113,1,0.2642565369606018
19,30,5.193545001020539,192.5467093870369,0,0.0
19,31,5.159027001354843,193.83500023112575,0,0.0
19,32,5.256369999187882,190.2453594694631,0,0.0
19,33,5.726890000005369,174.61484330920666,1,0.4170718491077423
19,34,5.26991500009899,189.75638126634223,0,0.0
19,35,5.181775999517413,192.98402711601807,0,0.0
19,36,5.2034630007256055,192.1797079868836,0,0.0
19,37,5.187430999285425,192.77364848568612,0,0.0
19,38,6.051477999790222,165.24888631085918,3,0.45774542291959125
19,39,5.774747000032221,173.1677595562923,1,0.3921126425266266
19,40,5.860990000655875,170.61963932511316,2,0.2625913619995117
19,41,6.273875000260887,159.3911258924376,3,0.38710161050160724
19,42,6.10283999958483,163.85813818943785,3,0.4210001826286316
19,43,6.359360000715242,157.2485281360906,4,0.31135842949151993
19,44,6.028935998983798,165.86674666451165,3,0.3280872305234273
19,45,6.057826998585369,165.0756946729448,3,0.4024675289789836
19,46,5.896927999856416,169.57982190461692,2,0.33694130182266235
19,47,6.119170999227208,163.42082941076336,3,0.3664502600828807
19,48,6.234692000361974,160.39284698296916,4,0.4110715985298157
19,49,6.104741998569807,163.8070863984548,3,0.3444339434305827
19,50,5.9615050013235305,167.74287697116537,2,0.34464724361896515
19,51,6.927024998731213,144.3621179630743,5,0.4343171536922455
19,52,6.1710499994660495,162.0469774327748,4,0.376271054148674
19,53,6.242204999580281,160.19980120281838,4,0.3081144765019417
19,54,6.198340999617358,161.33349231056067,4,0.34537990391254425
19,55,6.373362999511301,156.90303534832057,6,0.38008535901705426
19,56,6.48246799937624,154.26223470693918,5,0.4672390818595886
19,57,6.770394000341184,147.7018914925197,7,0.4039971785885947
19,58,6.459424999775365,154.8125413693597,3,0.4958312213420868
19,59,6.502166001155274,153.7949046244474,5,0.38729103207588195
19,60,6.3416220000362955,157.68836426931102,4,0.42232222855091095
19,61,5.958214000202133,167.83552923175884,3,0.38429779807726544
19,62,6.135679999715649,162.98112027458146,4,0.5462144166231155
19,63,6.103416000769357,163.8426743112294,3,0.3839989900588989
19,64,6.1455790000763955,162.71859819678,3,0.3551315367221832
19,65,5.245881000519148,190.62574997432023,0,0.0
19,66,5.202747999646817,192.20611877951495,0,0.0
19,67,5.165349999515456,193.59772330893483,0,0.0
19,68,5.1342200004000915,194.77155243095808,0,0.0
19,69,5.179882000447833,193.05459080217344,0,0.0
19,70,5.8414169998286525,171.19133936668675,2,0.546741709113121
19,71,5.980409001494991,167.21264377570475,2,0.5976328104734421
19,72,5.819702999360743,171.83007450893,1,0.8913402557373047
19,73,5.979180001304485,167.24701376808002,2,0.6106570661067963
19,74,5.787391999547253,172.78940152632305,1,0.8974484801292419
19,75,6.456369999796152,154.88579496397716,2,0.6195497065782547
19,76,5.903485000089859,169.3914696124033,1,0.889529287815094
19,77,5.780516001323122,172.99493674459282,1,0.8136950731277466
19,78,6.026035000104457,165.94659672283112,3,0.5272998015085856
19,79,6.372531999659259,156.92349603791246,5,0.48955588340759276
19,80,6.343551998725161,157.64038825581727,4,0.5620972588658333
19,81,5.9740899996540975,167.38951037863515,2,0.5873518884181976
19,82,5.728668000301695,174.56064829508986,1,0.8179671168327332
19,83,5.760768999607535,173.58793592802058,1,0.7833527326583862
19,84,5.924017999859643,168.80434867410816,2,0.5572002977132797
19,85,5.742827999711153,174.13023688856725,1,0.844057559967041
19,86,5.8951390001311665,169.63128434762098,2,0.5542755126953125
19,87,6.030718999681994,165.81770764857905,2,0.5603624582290649
19,88,5.762491999121266,173.53603270121536,1,0.8126941323280334
19,89,6.367214999045245,157.05453642604317,4,0.5612985789775848
19,90,6.407806000424898,156.05965597798848,5,0.5081624984741211
19,91,6.219462000444764,160.7856113484556,4,0.5798244252800941
19,92,6.307830000878312,158.53312468166683,5,0.6270508289337158
19,93,6.089217000408098,164.2247270762366,3,0.7027224004268646
19,94,6.5331669993611285,153.0651214178038,6,0.5706017861763636
19,95,6.080912000470562,164.44901684527198,3,0.8566971222559611
19,96,6.214101000296068,160.92432355900803,4,0.70440374314785
19,97,6.387311999787926,156.56038096044196,4,0.6892352402210236
19,98,6.256475999180111,159.83438602354528,3,0.7365505496660868
19,99,6.075559998862445,164.59388108869544,3,0.666603555281957
19,100,6.78958199932822,147.28447201888758,3,0.6535088022549947
19,101,6.365702000039164,157.0918651224716,4,0.6592915505170822
19,102,6.387404999259161,156.5581014693736,4,0.5741520076990128
19,103,6.214929999259766,160.9028581366332,5,0.6510053277015686
19,104,6.369719998474466,156.99277209037413,4,0.5586347803473473
19,105,6.338299001072301,157.771036019415,6,0.4619127959012985
19,106,6.034734000422759,165.7073865939983,3,0.6264674464861552
19,107,6.6430039987608325,150.53430649545555,4,0.46130144596099854
19,108,6.046726999556995,165.37872473377143,3,0.6042261222998301
19,109,5.95389899899601,167.95716557647808,2,0.4951092451810837
19,110,6.273843999224482,159.39191349412118,2,0.5968710631132126
19,111,6.572391999725369,152.15160630129571,3,0.5222039620081583
19,112,6.40548800038232,156.11613040884842,2,0.3541902005672455
19,113,5.224737000389723,191.39719375834767,0,0.0
19,114,6.120568999904208,163.383502418754,1,0.3278849422931671
19,115,5.20636600049329,192.07255116241396,0,0.0
19,116,5.681122000169125,176.0215675653912,1,0.26921939849853516
19,117,5.748929999754182,173.94541245810245,1,0.2591131925582886
19,118,5.2305389999673935,191.1848855359331,0,0.0
19,119,5.954981001195847,167.92664826288873,2,0.3459647446870804
19,120,5.241861999820685,190.77190510437097,0,0.0
19,121,5.231895998804248,191.13529784012343,0,0.0
19,122,5.7326520000060555,174.43933453468722,1,0.4028462767601013
19,123,6.010351999066188,166.37960641163235,3,0.32326053579648334
20,0,7.67622700004722,130.27233300863153,0,0.0
20,1,5.7548610002413625,173.76614308461305,0,0.0
20,2,5.3556760012725135,186.7177924434561,0,0.0
20,3,5.30583799991291,188.47164199442463,0,0.0
20,4,5.253653000181657,190.343747477312,0,0.0
20,5,5.254836998574319,190.30086000218623,0,0.0
20,6,5.182397000680794,192.96090204371325,0,0.0
20,7,5.861933999767643,170.5921629345602,0,0.0
20,8,5.329609000909841,187.631025058177,0,0.0
20,9,5.3344770003604935,187.45980157612863,0,0.0
20,10,5.223580001256778,191.43958736334142,0,0.0
20,11,5.191315998672508,192.6293834271915,0,0.0
20,12,5.234608999671764,191.03623595624907,0,0.0
20,13,5.960930999208358,167.75902961010706,1,0.855778694152832
20,14,6.050853000488132,165.26595505118507,1,0.9166897535324097
20,15,5.954428999757511,167.94221579276942,1,0.8096113204956055
20,16,5.938909000178683,168.38109490647412,1,0.7907088398933411
20,17,5.839442999786115,171.2492099052303,1,0.8439487218856812
20,18,5.833393999637337,171.4267886006277,1,0.6034590601921082
20,19,5.813580999529222,172.0110204159844,1,0.6045302748680115
20,20,6.075790999602759,164.58762325191583,2,0.6438072323799133
20,21,5.998553000608808,166.7068707900901,2,0.6247448474168777
20,22,6.1211190004542,163.3688219304016,2,0.6670428812503815
20,23,6.440733999625081,155.26180712605282,3,0.4774572054545085
20,24,6.0804310014646035,164.46202576085943,2,0.324593648314476
20,25,6.006208001053892,166.49440043110943,2,0.5634056925773621
20,26,6.025537999448716,165.96028439145041,2,0.3748580068349838
20,27,6.015428998580319,166.23918264782222,2,0.3728591948747635
20,28,5.916964999414631,169.00556283481998,2,0.36560358107089996
20,29,6.051117999959388,165.25871748108557,2,0.4257001727819443
20,30,5.987480000840151,167.01517163475822,2,0.32465893030166626
20,31,5.4911530005483655,182.1111158075793,0,0.0
20,32,6.1439599994628225,162.76147632592526,1,0.524599015712738
20,33,5.903070999920601,169.40334954694777,1,0.3125353455543518
20,34,5.376518000048236,185.99398346495417,0,0.0
20,35,5.295151999234804,188.85199143376977,0,0.0
20,36,5.359244998544455,186.5934474485856,0,0.0
20,37,6.205453000802663,161.14858977590387,2,0.48543962836265564
20,38,6.261754000661313,159.69966240998747,3,0.2806355158487956
20,39,6.192857999849366,161.47633290224383,4,0.3135051503777504
20,40,5.965847998595564,167.6207640951316,2,0.33239103853702545
20,41,6.368663998728152,157.01880334709196,5,0.37303070425987245
20,42,6.738969999787514,148.39062943321173,8,0.34308383613824844
20,43,5.978488999971887,167.26634438981193,2,0.40739357471466064
20,44,6.263555000259657,159.65374295564496,4,0.32945341616868973
20,45,5.836297001224011,171.34152010945914,1,0.3705263137817383
20,46,6.044917001418071,165.42824322739435,2,0.31969769299030304
20,47,5.951039998763008,168.03785560303098,2,0.3522530347108841
20,48,5.876909999642521,170.1574466957683,2,0.34323401749134064
20,49,6.191471000420279,161.5125064677069,3,0.3810438911120097
20,50,6.056217000150355,165.11957876925044,2,0.37909068167209625
20,51,6.332443001156207,157.91693660999638,6,0.3732508023579915
20,52,6.381582001267816,156.70095593872054,5,0.45527865886688235
20,53,6.4836179990379605,154.2348732063456,7,0.45583856105804443
20,54,6.298511998465983,158.76765817760642,5,0.3810796678066254
20,55,6.441745999836712,155.23741544999575,5,0.39561268091201784
20,56,6.718855000144686,148.83488332140905,4,0.39323922246694565
20,57,6.666391000180738,150.00620275241704,6,0.44095492859681445
20,58,6.369394999637734,157.00078265783108,5,0.31235706210136416
20,59,6.185964999531279,161.65626544537054,3,0.6498225231965383
20,60,6.313666999631096,158.38656046611732,4,0.4651021510362625
20,61,5.847940999956336,171.00035722102302,2,0.6108755469322205
20,62,5.691419000868336,175.70310670281535,1,0.2701047956943512
20,63,5.199459999857936,192.32766480121452,0,0.0
20,64,5.116121001265128,195.46058424980905,0,0.0
20,65,5.153067999344785,194.05915080630618,0,0.0
20,66,5.103790999783087,195.9327880084628,0,0.0
20,67,5.8800629994948395,170.06620508758337,2,0.5331423282623291
20,68,5.689513000106672,175.76196767302423,1,0.4091707766056061
20,69,5.588607000390766,178.93546637472954,1,0.8633233904838562
20,70,5.780679000963573,172.9900587514566,2,0.564996525645256
20,71,5.964467000012519,167.6595746104222,1,0.876007080078125
20,72,5.707422998966649,175.2104233698911,1,0.8807325959205627
20,73,5.8274809998692945,171.6007310916036,2,0.5934110730886459
20,74,5.895486001463723,169.62130005087306,2,0.625630795955658
20,75,5.683609000698198,175.9445450728852,1,0.8565396666526794
20,76,5.7048939997912385,175.28809475453767,1,0.8747304081916809
20,77,6.25304499953927,159.92208597150363,4,0.6116771325469017
20,78,7.06383599936089,141.56614056307032,5,0.3882822751998901
20,79,5.786251000245102,172.82347412126447,2,0.5633467137813568
20,80,5.797883000923321,172.4767470886785,1,0.8513887524604797
20,81,5.6029909992503235,178.47610323375486,1,0.813991904258728
20,82,6.122300999777508,163.3372812013557,3,0.49101980527242023
20,83,6.785644998672069,147.36992580597675,3,0.6375696460405985
20,84,6.343490998915513,157.64190414567634,4,0.5371101573109627
20,85,6.241058999876259,160.2292175125771,5,0.4847667932510376
20,86,6.377534000421292,156.80041845859876,5,0.5807104647159577
20,87,6.215711000550073,160.88264076491055,4,0.6419078484177589
20,88,6.377765999786789,156.7947146435649,5,0.5564858496189118
20,89,6.154188000436989,162.4909736148771,3,0.705183188120524
20,90,6.510369999887189,153.60110101535363,4,0.6055102795362473
20,91,6.150594999780878,162.585896167058,3,0.710059771935145
20,92,6.122540999058401,163.33087849534894,3,0.6802881062030792
20,93,6.1379179987852694,162.9216943266277,3,0.7306880950927734
20,94,6.17046799925447,162.06226174754042,4,0.7073912248015404
20,95,6.301039000391029,158.70398515831153,5,0.5455305099487304
20,96,6.142507001641206,162.79997722962491,4,0.5106974616646767
20,97,5.781587999081239,172.96286075017997,2,0.6169540584087372
20,98,6.058554001356242,165.0558862355843,2,0.33864615857601166
20,99,5.9733479993155925,167.41030325281181,1,0.6243747472763062
20,100,5.759600000601495,173.62316825744264,1,0.7653355002403259
20,101,6.2162710000848165,160.86814747721837,3,0.5406180222829183
20,102,6.718548000208102,148.84168424025933,3,0.475925753513972
20,103,6.509348000690807,153.62521713294092,3,0.3973592122395833
20,104,6.036521999703837,165.65830457489625,2,0.6318482607603073
20,105,6.504406999738421,153.74191683272826,3,0.5203239421049753
20,106,6.249788999411976,160.0054017974186,1,0.7946639657020569
20,107,6.899723999595153,144.93333357373075,1,0.8270967602729797
20,108,6.2644099998578895,159.63195257377555,1,0.7293661832809448
20,109,6.153821999760112,162.50063782133802,1,0.676914632320404
20,110,6.102063000071212,163.87900288612718,1,0.421294629573822
20,111,5.286565999995219,189.15870907521148,0,0.0
20,112,5.763428000136628,173.5078498380294,1,0.2581445872783661
20,113,5.203357999562286,192.18358607732188,0,0.0
20,114,5.071364999821526,197.18557036127206,0,0.0
20,115,5.140896000739303,194.51862085056607,0,0.0
20,116,5.718569000237039,174.86892262007316,1,0.26824185252189636
20,117,5.657552999764448,176.75486204753804,1,0.2513638734817505
20,118,5.740557000535773,174.19912386666812,1,0.9050264954566956
20,119,5.848232998687308,170.99181927677293,2,0.654687225818634
20,120,6.1570729994855355,162.41483576425952,3,0.6101729373137156
20,121,6.4024180010164855,156.19098906713592,5,0.6528914928436279
20,122,6.467822000558954,154.61155237629904,5,0.7036149442195893
20,123,6.205738000062411,161.14118900764794,4,0.7390449419617653
20,124,6.495333998827846,153.95667107810945,5,0.6535793542861938
20,125,6.204721999893081,161.16757527851075,4,0.6138241067528725
