episode,step,detection_index,class_id,class_name,confidence,predicted_distance_m,gt_distance_m,signed_error_m,absolute_error_m,relative_error_pct,bottom_y_px,lowest_x_px,lowest_y_px,lowest_pixel_depth_m,lowest_point_height_m,contact_valid
0,0,0,56,chair,0.3297191858291626,1.1822867244426092,0.535427404962034,0.6468593194805752,0.6468593194805752,120.81176896921116,479,382,479,0.7358856797218323,0.7786518179626972,False
0,0,1,60,dining table,0.29252079129219055,1.1822867244426092,0.7277074014555741,0.4545793229870351,0.4545793229870351,62.46732162923957,479,586,479,1.6790986061096191,-0.14592783954755983,True
0,1,0,56,chair,0.3878832459449768,1.1822867244426092,0.540049672512267,0.6422370519303422,0.6422370519303422,118.92184823346116,479,334,479,1.6838507652282715,-0.1505861192715079,False
0,1,1,58,potted plant,0.3402545750141144,2.542172777113504,1.4993134622730153,1.0428593148404888,1.0428593148404888,69.55578943841904,329,537,329,1.6545417308807373,0.6272835629460689,False
0,1,2,60,dining table,0.31260788440704346,1.1822867244426092,0.7133250797753996,0.4689616446672096,0.4689616446672096,65.74304730949159,479,548,479,1.6841720342636108,-0.15090104160383877,False
0,2,0,56,chair,0.5273714661598206,1.1822867244426092,0.8639692104072942,0.31831751403531494,0.31831751403531494,36.843617828146094,479,382,479,1.1015070676803589,0.42025331832409374,False
0,2,1,56,chair,0.45382532477378845,1.1822867244426092,0.8610020022216252,0.32128472222098403,0.32128472222098403,37.31521197302444,479,294,479,0.7324161529541016,0.7820528038704245,False
0,2,2,58,potted plant,0.40736010670661926,2.8389123183635725,1.6748631920620731,1.1640491263014994,1.1640491263014994,69.50114682909324,313,467,313,1.8212729692459106,0.6272990391245956,False
0,3,0,56,chair,0.49819087982177734,1.1822867244426092,0.8785676886637366,0.3037190357788726,0.3037190357788726,34.569793505702,479,250,479,0.7302611470222473,0.7841652374372936,False
0,3,1,60,dining table,0.26421603560447693,1.1822867244426092,0.7150618793725007,0.46722484507010853,0.46722484507010853,65.34047731367242,479,498,479,1.0322130918502808,0.48817838449749473,False
0,3,2,56,chair,0.25716432929039,1.1822867244426092,0.9036681974426659,0.2786185269999433,0.2786185269999433,30.831950021968158,479,338,479,1.1021366119384766,0.4196362107778824,False
0,4,0,56,chair,0.4853430986404419,1.1822867244426092,0.8818085849425784,0.30047813950003077,0.30047813950003077,34.075211404252464,479,202,479,1.6847132444381714,-0.15143156011544634,False
0,4,1,59,bed,0.41263464093208313,1.1822867244426092,0.7179320609612743,0.4643546634813349,0.4643546634813349,64.67947160063974,479,475,479,1.6931803226470947,-0.15973137031895956,False
0,4,2,56,chair,0.3211008310317993,1.1822867244426092,0.9292255348068692,0.25306118963574,0.25306118963574,27.233559578013143,479,294,479,1.0987873077392578,0.4229193491263683,False
0,5,0,60,dining table,0.6262192726135254,1.1822867244426092,0.7234263564303726,0.4588603680122366,0.4588603680122366,63.428760085049575,479,455,479,1.6972397565841675,-0.16371060971890938,False
0,5,1,56,chair,0.6197707056999207,1.1822867244426092,0.8756316860625437,0.30665503838006547,0.30665503838006547,35.02100749220284,479,150,479,0.6614357829093933,0.851630949366393,False
0,5,2,56,chair,0.47718605399131775,1.1822867244426092,0.942596957856105,0.2396897665865042,0.2396897665865042,25.428659045502116,479,250,479,1.1032236814498901,0.4185706164370566,False
0,6,0,56,chair,0.5361487865447998,1.1822867244426092,0.9477556619590117,0.23453106248359745,0.23453106248359745,24.745941585705914,479,214,479,1.6798213720321655,-0.1466363271545812,True
0,6,1,60,dining table,0.4162534773349762,1.1822867244426092,0.7847051220612523,0.39758160238135687,0.39758160238135687,50.66637023306222,479,426,479,1.1253342628479004,0.39689683186052904,False
0,6,2,56,chair,0.3022042214870453,1.1822867244426092,0.8934986411839327,0.28878808325867644,0.28878808325867644,32.3210433623063,479,86,479,1.6823986768722534,-0.1491627170710912,True
0,7,0,56,chair,0.4860725998878479,1.1822867244426092,0.9343763956618185,0.24791032878079067,0.24791032878079067,26.53216946958467,479,182,479,1.0939513444900513,0.4276597774216069,False
0,7,1,58,potted plant,0.36476051807403564,2.922685298749407,1.725595173909106,1.197090124840301,1.197090124840301,69.37259346457563,309,187,309,1.8693464994430542,0.626834229409151,False
0,7,2,60,dining table,0.2500242292881012,1.1822867244426092,1.3118330145220862,-0.12954629007947704,0.12954629007947704,9.875211909243802,479,462,479,1.695181965827942,-0.1616934708318234,False
0,8,0,0,person,0.40896186232566833,3.789430025844956,2.0802862870305807,1.709143738814375,1.709143738814375,82.15906384952535,277,333,277,2.968555450439453,0.40013768196783395,False
0,8,1,56,chair,0.3659802973270416,1.1822867244426092,0.8946970326982154,0.28758969174439375,0.28758969174439375,32.14380748275028,479,142,479,1.6835297346115112,-0.15027143064777237,False
0,9,0,0,person,0.34720686078071594,3.789430025844956,1.479623955601826,2.3098060702431296,2.3098060702431296,156.10764218153207,277,282,277,2.941439628601074,0.41018420835429303,False
0,13,0,75,vase,0.337360680103302,2.702039260394133,1.0262625483919225,1.6757767120022105,1.6757767120022105,163.2892786186175,320,412,320,1.1979396343231201,0.9006701999720311,False
0,22,0,25,umbrella,0.26238808035850525,1.1822867244426092,0.8770323861766305,0.3052543382659787,0.3052543382659787,34.80536672046017,479,32,479,1.7161808013916016,-0.18227747222789903,False
0,29,0,0,person,0.3087751567363739,3.103932365323887,2.2280987468156557,0.8758336185082314,0.8758336185082314,39.308563848884674,301,216,301,2.4465744495391846,0.41629313641154186,False
0,30,0,62,tv,0.44245463609695435,1.5561150456107948,1.753468725364098,-0.1973536797533031,0.1973536797533031,11.255044181773115,417,133,417,2.1078174114227295,-0.17170317604587382,False
0,31,0,0,person,0.38207197189331055,2.922685298749407,2.0185680476969265,0.9041172510524804,0.9041172510524804,44.790030838149235,309,254,309,2.333627939224243,0.40996985393978114,False
0,31,1,62,tv,0.2642287611961365,1.5267529496504633,0.8341732281124603,0.692579721538003,0.692579721538003,83.02588697375838,421,501,421,0.970666229724884,0.7184478558730275,False
0,32,0,58,potted plant,0.577607274055481,2.476288589174513,1.458452166462158,1.017836422712355,1.017836422712355,69.7888107761102,333,2,333,1.6165207624435425,0.6278203859839814,False
0,32,1,0,person,0.2607823312282562,3.010904127673106,2.0428395525573437,0.9680645751157622,0.9680645751157622,47.38818444668762,305,303,305,2.3906219005584717,0.4122126998346909,False
0,33,0,0,person,0.4196910262107849,2.6834240906752167,1.8050029945211348,0.8784210961540819,0.8784210961540819,48.66590796915138,321,301,321,2.1419942378997803,0.4218935595875173,False
0,45,0,58,potted plant,0.5377334356307983,1.98267585584337,1.1360472645889361,0.8466285912544338,0.8466285912544338,74.52406406354716,370,93,370,1.3307780027389526,0.6333622160645958,False
0,46,0,58,potted plant,0.37443655729293823,1.5486910255277297,0.8863299347985634,0.6623610907291664,0.6623610907291664,74.73075936216703,418,46,418,1.0878582000732422,0.6339394579475555,False
0,48,0,58,potted plant,0.5968026518821716,1.3435329484955398,0.7886164146600767,0.5549165338354631,0.5549165338354631,70.36583610482582,449,60,449,0.9820007681846619,0.6263243744638751,False
0,48,1,75,vase,0.43807467818260193,1.3435329484955398,0.7886582501757816,0.5548746983197582,0.5548746983197582,70.35679880304097,449,59,449,0.982069730758667,0.6262630191962067,False
0,51,0,79,toothbrush,0.7523535490036011,1.1822867244426092,0.9915945086603108,0.19069221578229834,0.19069221578229834,19.23086645971166,479,86,479,1.3904563188552856,0.13701228947996413,True
0,51,1,75,vase,0.26908019185066223,1.1822867244426092,0.39278507352922465,0.7895016509133845,0.7895016509133845,201.000930055618,479,422,479,1.0767433643341064,0.44452781215047543,False
0,52,0,79,toothbrush,0.7208051085472107,1.1822867244426092,0.7621673281106263,0.4201193963319829,0.4201193963319829,55.12167483922952,479,2,479,1.0371134281158447,0.48337485488149223,False
0,55,0,56,chair,0.43570947647094727,2.611143892272438,2.8515229629708916,-0.24037907069845366,0.24037907069845366,8.429848674548705,325,631,325,3.1690123081207275,-0.1332870543201543,True
0,61,0,58,potted plant,0.3083260953426361,7.306101522862765,3.6495385178918296,3.656563004970935,3.656563004970935,100.19247603620754,221,566,221,3.7356960773468018,0.7473797743592582,False
0,63,0,62,tv,0.30182063579559326,2.2398168151806668,2.2216184406752872,0.018198374505379533,0.018198374505379533,0.8191494170280619,349,562,349,2.4981958866119385,0.03146670135171825,True
0,66,0,71,sink,0.25105658173561096,8.35581679185428,5.345054142321148,3.0107626495331328,3.0107626495331328,56.32801033191548,213,214,213,5.961477279663086,0.4429164912524646,False
0,70,0,61,toilet,0.39538538455963135,3.930619911182698,4.252447775887276,-0.32182786470457847,0.32182786470457847,7.568061541624196,273,184,273,4.481019496917725,-0.10613247223384636,True
0,72,0,58,potted plant,0.4260062873363495,5.815615322550515,2.9979103163899348,2.8177050061605806,2.8177050061605806,93.98896927489291,237,324,237,3.0193073749542236,0.7458872511962243,False
0,72,1,56,chair,0.3309657573699951,4.24359786465229,3.3580470008840893,0.8855508637682004,0.8855508637682004,26.3710086111081,265,446,265,3.514103651046753,0.3252984023320815,False
0,72,2,75,vase,0.29168692231178284,5.815615322550515,2.9976490361989034,2.817966286351612,2.817966286351612,94.00587768356186,237,318,237,3.016918420791626,0.746483924726474,False
0,74,0,58,potted plant,0.5287190079689026,5.267474899589832,2.689590084164361,2.5778848154254708,2.5778848154254708,95.8467548866802,245,381,245,2.7552690505981445,0.7452997463494763,False
0,74,1,56,chair,0.46352508664131165,3.202174322980737,3.0703450563844017,0.13182926659633543,0.13182926659633543,4.293630330643548,297,595,297,2.7418057918548584,0.31862557301359984,False
0,74,2,57,couch,0.31844788789749146,3.202174322980737,3.0703450563844017,0.13182926659633543,0.13182926659633543,4.293630330643548,297,595,297,2.7418057918548584,0.31862557301359984,False
0,75,0,75,vase,0.34560030698776245,5.028117720157712,2.557338555429108,2.470779164728604,2.470779164728604,96.61525492912376,249,442,249,2.6411094665527344,0.7446804367487231,False
0,75,1,62,tv,0.3213241696357727,1.1822867244426092,1.041012305190495,0.14127441925211426,0.14127441925211426,13.570869292103366,479,542,479,1.6704386472702026,-0.13743895909035042,True
0,75,2,58,potted plant,0.3077237904071808,6.974543802967849,2.8696113569238393,4.10493244604401,4.10493244604401,143.04837608547828,224,430,224,2.906130790710449,0.8881933430713427,False
0,76,0,61,toilet,0.5248496532440186,3.202174322980737,3.5288931813987165,-0.32671885841797943,0.32671885841797943,9.258394675706242,297,333,297,3.7808189392089844,-0.12905878349088673,True
0,76,1,58,potted plant,0.5107207894325256,4.605315013119116,2.331392289918459,2.2739227232006565,2.2739227232006565,97.53496796886924,257,517,257,2.4344332218170166,0.7449998410928551,False
0,77,0,58,potted plant,0.5179661512374878,4.08165363695277,2.077388040488247,2.004265596464523,2.004265596464523,96.48007774192547,269,531,269,2.182736396789551,0.7439959929737713,False
0,77,1,61,toilet,0.3489055037498474,2.922685298749407,3.2486915109073227,-0.3260062121579157,0.3260062121579157,10.035000586031817,309,338,309,3.4906342029571533,-0.13046407104511482,True
0,78,0,75,vase,0.7436460852622986,3.5329678035523537,1.8122163746645583,1.7207514288877954,1.7207514288877954,94.95286837402664,285,557,285,1.9159045219421387,0.743883750404095,False
0,78,1,61,toilet,0.4955252408981323,2.7592573694091684,3.035046726218192,-0.2757893568090237,0.2757893568090237,9.086824081705982,317,341,317,3.31785249710083,-0.12987827426904852,True
0,78,2,58,potted plant,0.29627692699432373,5.145215465329874,2.5735939440408773,2.5716215212889963,2.5716215212889963,99.92335920915387,247,575,247,2.6552796363830566,0.7566579905386286,False
0,81,0,58,potted plant,0.27762308716773987,3.103932365323887,1.5711638336804166,1.5327685316434705,1.5327685316434705,97.55625090051838,301,536,301,1.7067532539367676,0.7439959404907592,False
0,82,0,56,chair,0.27712780237197876,2.2952155523968525,2.542631234522996,-0.24741568212614373,0.24741568212614373,9.730694674352158,345,618,345,2.8488874435424805,-0.14028528268089402,True
0,83,0,57,couch,0.43043163418769836,1.4437228492128802,1.576484621362055,-0.13276177214917473,0.13276177214917473,8.421380732180623,433,623,433,1.9447755813598633,-0.13632067563051886,True
0,83,1,57,couch,0.30670851469039917,2.7399517084563145,3.007782224304176,-0.26783051584786133,0.26783051584786133,8.904584703097033,318,530,318,3.3175899982452393,-0.13976352884620558,True
0,83,2,75,vase,0.26766642928123474,3.6571519736962883,1.8752231767405059,1.7819287969557824,1.7819287969557824,95.02489191996406,281,408,281,1.9753204584121704,0.7442852736664244,False
0,83,3,56,chair,0.25400030612945557,2.542172777113504,2.754198504850713,-0.21202572773720885,0.21202572773720885,7.698273285813921,329,165,329,3.0472755432128906,-0.10733779339533145,True
0,84,0,57,couch,0.34453368186950684,2.542172777113504,2.756580863052346,-0.21440808593884197,0.21440808593884197,7.778044490283123,329,550,329,3.087938070297241,-0.1287859413001735,True
0,84,1,58,potted plant,0.3419487178325653,3.202174322980737,1.634943806075397,1.5672305169053402,1.5672305169053402,95.85837207869552,297,421,297,1.754644513130188,0.7439682772492522,False
0,84,2,75,vase,0.25222212076187134,3.202174322980737,1.6351855578000587,1.5669887651806784,1.5669887651806784,95.82941567126298,297,418,297,1.7546262741088867,0.743976135979948,False
0,85,0,75,vase,0.5032297968864441,3.3060809373083413,1.693260630463832,1.6128203068445093,1.6128203068445093,95.24938322121812,293,360,293,1.8040974140167236,0.7444430827728147,False
0,85,1,56,chair,0.5007381439208984,2.8389123183635725,3.103220919978994,-0.2643086016154217,0.2643086016154217,8.517234461580351,313,478,313,3.418653726577759,-0.1381192948358423,True
0,85,2,57,couch,0.43091142177581787,1.47059365802198,1.6191544848796213,-0.14856082685764127,0.14856082685764127,9.175210163388842,429,582,429,1.9738099575042725,-0.13691807301648384,True
0,85,3,58,potted plant,0.34762147068977356,3.5329678035523537,1.7093258152133144,1.8236419883390393,1.8236419883390393,106.68779305316107,285,377,285,1.8567886352539062,0.7672139748606521,False
0,85,4,57,couch,0.28768160939216614,2.8389123183635725,3.103220919978994,-0.2643086016154217,0.2643086016154217,8.517234461580351,313,478,313,3.418653726577759,-0.1381192948358423,True
0,86,0,57,couch,0.8280449509620667,1.8276597569332034,2.006970522258072,-0.17931076532486845,0.17931076532486845,8.93439955077782,385,638,385,2.3461921215057373,-0.13413263177066614,True
0,86,1,56,chair,0.6216568946838379,3.010904127673106,3.339348235277704,-0.3284441076045983,0.3284441076045983,9.83557522197994,305,418,305,3.6030805110931396,-0.13948352540593856,True
0,86,2,57,couch,0.28928735852241516,1.1822867244426092,0.9259717666961097,0.2563149577464995,0.2563149577464995,27.680645022367973,479,506,479,1.595369577407837,-0.06385288646434417,True
0,87,0,56,chair,0.8017596006393433,2.8389123183635725,3.1072310943006025,-0.26831877593703,0.26831877593703,8.635301585041105,313,426,313,3.416217088699341,-0.13695172893347185,True
0,87,1,57,couch,0.3842943608760834,1.8669919745293975,2.0542442032361823,-0.18725222870678482,0.18725222870678482,9.11538308891389,381,637,381,2.391644239425659,-0.13691333539839823,True
0,87,2,57,couch,0.3375084102153778,1.8669919745293975,2.054848570223318,-0.18785659569392066,0.18785659569392066,9.142113848005094,381,637,381,2.391644239425659,-0.13691333539839823,True
0,88,0,56,chair,0.8693966269493103,2.922685298749407,3.241341591226406,-0.3186562924769989,0.3186562924769989,9.831000019853844,309,370,309,3.5093257427215576,-0.13919482948223627,True
0,88,1,57,couch,0.840761661529541,1.5561150456107948,1.6951199087188296,-0.13900486310803473,0.13900486310803473,8.20029676915862,417,637,417,2.060420274734497,-0.13411266013694734,True
0,88,2,57,couch,0.4310896396636963,1.1822867244426092,0.9045588350221472,0.277727889420462,0.277727889420462,30.703131589407572,479,478,479,1.458243489265442,0.07056426162962914,True
0,89,0,56,chair,0.8896681666374207,3.010904127673106,3.3172543949862954,-0.3063502673131895,0.3063502673131895,9.23505498330812,305,320,305,3.602693557739258,-0.13930745283502688,True
0,89,1,57,couch,0.8235450983047485,1.617605508838784,1.6824793447934159,-0.06487383595463192,0.06487383595463192,3.8558473930387236,409,613,409,1.3242758512496948,0.4816999088860996,False
0,89,2,28,suitcase,0.45294898748397827,1.7896679701346712,1.9725665712991498,-0.18289860116447865,0.18289860116447865,9.272112983442684,389,406,389,2.3083271980285645,-0.13563046480008456,True
0,89,3,75,vase,0.36221805214881897,2.6834240906752167,1.3692559783969462,1.3141681122782705,1.3141681122782705,95.9768029508135,321,193,321,1.5004994869232178,0.7447700689084507,False
0,90,0,56,chair,0.8925356864929199,2.7592573694091684,3.0537198652529933,-0.2944624958438249,0.2944624958438249,9.642747496074902,317,319,317,3.3377866744995117,-0.13967083818981552,True
0,90,1,57,couch,0.8815521001815796,1.47059365802198,1.4748344992442795,-0.004240841222299396,0.004240841222299396,0.28754692302576645,429,613,429,1.8280398845672607,-0.016028183902116577,True
0,91,0,56,chair,0.8912509083747864,2.559117828135323,2.8119731801121004,-0.25285535197677733,0.25285535197677733,8.992096858004071,328,320,328,3.124629020690918,-0.13870746331570905,True
0,91,1,57,couch,0.8809065818786621,1.2752496292077253,1.3906289821531785,-0.1153793529454532,0.1153793529454532,8.296918475466097,461,637,461,1.7670634984970093,-0.13614453620997025,True
0,91,2,75,vase,0.3793772757053375,1.7174406329589356,0.8732625728084356,0.8441780601505,0.8441780601505,96.66944243763946,397,136,397,1.0284671783447266,0.7464149431645053,False
0,91,3,58,potted plant,0.27314743399620056,1.7174406329589356,0.8724361017446229,0.8450045312143126,0.8450045312143126,96.85575018325639,397,137,397,1.028687834739685,0.7462532623977903,False
0,92,0,57,couch,0.9067450165748596,1.2326200688054518,1.3115735201847112,-0.07895345137925935,0.07895345137925935,6.019750335317855,469,636,469,1.7173930406570435,-0.13162594196070398,True
0,92,1,56,chair,0.6906760334968567,2.2952155523968525,2.5405591043580853,-0.2453435519612328,0.2453435519612328,9.657069246701228,345,314,345,2.8470988273620605,-0.13925546284587131,True
0,92,2,75,vase,0.5405877828598022,1.2326200688054518,0.6254768757044491,0.6071431931010027,0.6071431931010027,97.06884725629578,469,80,469,0.7927733659744263,0.7468179622269181,False
0,92,3,56,chair,0.36692285537719727,2.2952155523968525,2.5405591043580853,-0.2453435519612328,0.2453435519612328,9.657069246701228,345,314,345,2.8470988273620605,-0.13925546284587131,True
0,93,0,57,couch,0.9067015647888184,1.1921038660878276,1.22997521879509,-0.037871352707262496,0.037871352707262496,3.0790337991006096,477,635,477,1.672703742980957,-0.1295611341944325,True
0,93,1,56,chair,0.8589611649513245,2.0864826102176868,2.305606185338093,-0.21912357512040614,0.21912357512040614,9.503946359697764,361,314,361,2.6276662349700928,-0.13982072886518893,True
0,93,2,57,couch,0.5093618631362915,1.1822867244426092,0.5999601590134716,0.5823265654291376,0.5823265654291376,97.06087257305064,479,0,479,0.5405886173248291,0.9700907667007078,False
0,94,0,57,couch,0.9071136713027954,1.1822867244426092,1.189717043173998,-0.007430318731388885,0.007430318731388885,0.62454503564695,479,629,479,1.573952078819275,-0.04285849277470777,True
0,94,1,56,chair,0.8369540572166443,1.8669919745293975,2.0594853361430627,-0.19249336161366526,0.19249336161366526,9.346673085527309,381,318,381,2.396700620651245,-0.14037407496851384,True
0,94,2,57,couch,0.3852027952671051,1.1822867244426092,0.6105561410320632,0.571730583410546,0.571730583410546,93.64095207430263,479,2,479,0.7545925974845886,0.7603144572944117,False
0,95,0,57,couch,0.8842025399208069,1.1822867244426092,1.1687821647119103,0.013504559730698862,0.013504559730698862,1.155438552916964,479,615,479,1.6675827503204346,-0.1346394806800899,True
0,95,1,56,chair,0.8394616842269897,1.617605508838784,1.7883621399836538,-0.17075663114486983,0.17075663114486983,9.548213268842215,409,320,409,2.1350433826446533,-0.1417386672327432,True
0,95,2,57,couch,0.35700756311416626,1.1822867244426092,0.6105167742641073,0.5717699501785019,0.5717699501785019,93.65343824789919,479,2,479,0.7766336798667908,0.7387087987734497,False
0,96,0,57,couch,0.8218740820884705,1.1822867244426092,1.1469631641539286,0.035323560288680556,0.035323560288680556,3.079746707884678,479,603,479,1.5753856897354126,-0.04426378255897934,True
0,96,1,56,chair,0.7715387344360352,1.3922302760127698,1.5383422464699041,-0.1461119704571343,0.1461119704571343,9.498014553810982,441,321,441,1.897378921508789,-0.1422596375716474,True
0,96,2,57,couch,0.31767550110816956,1.1921038660878276,0.6147921608865751,0.5773117052012525,0.5773117052012525,93.90355667006668,477,2,477,0.7831372618675232,0.7370615238748276,False
0,97,0,56,chair,0.7879914045333862,1.1921038660878276,1.309632276768035,-0.11752841068020747,0.11752841068020747,8.974153490646165,477,319,477,1.6827024221420288,-0.13930192602474523,True
0,97,1,57,couch,0.6218333840370178,1.1822867244426092,1.1243940542515802,0.05789267019102895,0.05789267019102895,5.148788360461715,479,590,479,1.6759451627731323,-0.14283669281021294,True
0,97,2,57,couch,0.5586825013160706,1.1822867244426092,0.606009306135231,0.5762774183073782,0.5762774183073782,95.09382322567534,479,2,479,0.6894513368606567,0.8241688455799042,False
0,98,0,56,chair,0.6881265640258789,1.1822867244426092,1.0923834298296877,0.08990329461292146,0.08990329461292146,8.230012663862741,479,318,479,1.4052940607070923,0.12246766875248194,True
0,99,0,56,chair,0.5928468704223633,1.1822867244426092,0.9277116813681592,0.25457504307445,0.25457504307445,27.441181154365868,479,310,479,1.6800568103790283,-0.14686711439256017,True
0,99,1,57,couch,0.2820518910884857,1.1822867244426092,1.2105394351178023,-0.028252710675193082,0.028252710675193082,2.3338942834558467,479,578,479,1.675827980041504,-0.1427218250355633,True
0,101,0,59,bed,0.6318427920341492,1.1822867244426092,0.9140537081899827,0.2682330162526265,0.2682330162526265,29.345432751843862,479,402,479,1.2442991733551025,0.28028208545992084,False
0,101,1,59,bed,0.529364824295044,1.1822867244426092,0.5782477647145505,0.6040389597280587,0.6040389597280587,104.46023254862729,479,2,479,0.6107685565948486,0.9012972393867192,False
0,102,0,59,bed,0.7339559197425842,1.1822867244426092,0.9171433130076148,0.2651434114349944,0.2651434114349944,28.90970338817626,479,454,479,1.2266770601272583,0.2975560720190369,False
0,102,1,59,bed,0.35885581374168396,1.1822867244426092,0.557975334706954,0.6243113897356551,0.6243113897356551,111.8887074217251,479,2,479,0.5826593637466431,0.92885113222406,False
0,103,0,59,bed,0.26303941011428833,1.1822867244426092,0.8182273752925491,0.3640593491500601,0.3640593491500601,44.49366522598859,479,486,479,1.276108741760254,0.2491009183673354,False
1,1,0,9,traffic light,0.25240617990493774,1.1822867244426092,1.2743238086260344,-0.09203708418342527,0.09203708418342527,7.222425223511982,479,0,479,1.6475553512573242,-0.11500772495606082,True
1,4,0,33,kite,0.3011775612831116,1.1822867244426092,1.2709941394039241,-0.08870741496131496,0.08870741496131496,6.97937246216708,479,366,479,1.641413927078247,-0.10898762524658978,True
1,12,0,13,bench,0.3375399708747864,4.417679139474614,4.905631668432462,-0.48795252895784813,0.48795252895784813,9.946782839359965,261,68,261,5.079284191131592,-0.13658563216798147,True
1,13,0,13,bench,0.3315689265727997,4.24359786465229,4.7547985250617675,-0.5112006604094779,0.5112006604094779,10.751258075710728,265,58,265,4.894361972808838,-0.13609711037153316,True
1,16,0,56,chair,0.46478506922721863,4.808152731105021,5.365202654396851,-0.5570499232918307,0.5570499232918307,10.382644592843501,253,197,253,5.5094523429870605,-0.14214616316350726,True
1,16,1,57,couch,0.45069605112075806,4.654529232334054,5.015897512555041,-0.36136828022098655,0.36136828022098655,7.204459008910445,256,25,256,5.429574012756348,-0.16750544952852597,False
1,17,0,57,couch,0.5626871585845947,4.24359786465229,4.818507480025052,-0.5749096153727624,0.5749096153727624,11.931279919270217,265,2,265,4.993714809417725,-0.16930897532677847,False
1,17,1,59,bed,0.35314691066741943,4.24359786465229,4.818507480025052,-0.5749096153727624,0.5749096153727624,11.931279919270217,265,2,265,4.993714809417725,-0.16930897532677847,False
1,17,2,56,chair,0.3438248038291931,4.808152731105021,5.319960617794109,-0.5118078866890885,0.5118078866890885,9.620520215454277,253,185,253,5.49970006942749,-0.13923940263433154,True
1,18,0,59,bed,0.25165489315986633,5.0860420297425675,5.518726255019257,-0.4326842252766898,0.4326842252766898,7.840291496306152,248,93,248,5.903788089752197,-0.17057833059803507,False
1,19,0,59,bed,0.32609304785728455,5.5289069561326665,6.117019732633176,-0.5881127765005099,0.5881127765005099,9.614367816455394,241,193,241,6.362541198730469,-0.16595228393299855,False
1,19,1,56,chair,0.31382277607917786,5.028117720157712,5.608606092174432,-0.5804883720167195,0.5804883720167195,10.349957948137286,249,304,249,5.724506855010986,-0.13712715141620047,True
1,19,2,56,chair,0.2756321132183075,4.24359786465229,4.727003910508144,-0.48340604585585467,0.48340604585585467,10.226478653449842,265,322,265,4.900223255157471,-0.13805643155924785,True
1,19,3,56,chair,0.25268828868865967,6.48109328551411,7.2417376011754175,-0.7606443156613079,0.7606443156613079,10.503616087081733,229,330,229,7.3388671875,-0.1557610511241334,False
1,20,0,59,bed,0.6222060322761536,5.267474899589832,5.928653514086859,-0.6611786144970271,0.6611786144970271,11.15225595366679,245,154,245,3.853503704071045,0.4444804955529491,False
1,21,0,59,bed,0.7596134543418884,5.5289069561326665,6.2274560170152,-0.6985490608825335,0.6985490608825335,11.217245998589098,241,242,241,6.364471912384033,-0.16645781729149656,False
1,22,0,59,bed,0.678462028503418,5.5289069561326665,6.262511910335773,-0.7336049542031065,0.7336049542031065,11.71422848701254,241,303,241,6.362058639526367,-0.16582593180684402,False
1,23,0,59,bed,0.5226773619651794,5.5289069561326665,6.220501240889114,-0.6915942847564471,0.6915942847564471,11.117983229557167,241,356,241,6.362541198730469,-0.16595228393299855,False
1,24,0,59,bed,0.5285942554473877,5.267474899589832,5.9763803046123325,-0.7089054050225005,0.7089054050225005,11.861785376599872,245,416,245,6.083391189575195,-0.16631163400578464,False
1,24,1,56,chair,0.43010157346725464,3.103932365323887,3.2895082365872605,-0.1855758712633735,0.1855758712633735,5.641447229081919,301,638,301,3.5921261310577393,-0.09112744099650905,True
1,24,2,59,bed,0.3219858705997467,3.416156690958381,3.173241369276976,0.24291532168140506,0.24291532168140506,7.65511643814077,289,230,289,3.30484676361084,0.1558314501693423,False
1,24,3,59,bed,0.30628547072410583,4.161189358631817,4.260288617609715,-0.09909925897789762,0.09909925897789762,2.3261160891371353,267,161,267,4.5624189376831055,-0.05267801787435489,True
1,25,0,59,bed,0.2909269630908966,5.267474899589832,5.852251443392222,-0.5847765438023904,0.5847765438023904,9.992334564890605,245,414,245,6.090236663818359,-0.16818668905587209,False
1,27,0,59,bed,0.32779961824417114,2.7592573694091684,2.3212180085956295,0.4380393608135389,0.4380393608135389,18.871099534444806,317,197,317,2.533468008041382,0.25544664252841165,False
1,29,0,59,bed,0.5678380727767944,1.417612327684669,1.4883092982323272,-0.07069697054765811,0.07069697054765811,4.750153118819138,437,84,437,1.8426157236099243,-0.07261195684481603,True
1,29,1,56,chair,0.26208844780921936,3.416156690958381,3.7942805867080707,-0.3781238957496895,0.3781238957496895,9.965628189815845,289,524,289,4.029247760772705,-0.13880158654884855,True
1,31,0,59,bed,0.46790486574172974,1.1822867244426092,1.3014871487589024,-0.11920042431629319,0.11920042431629319,9.158786118630728,479,0,479,1.6709544658660889,-0.1379445876365455,True
1,32,0,59,bed,0.2573254108428955,4.417679139474614,4.916389791744765,-0.49871065227015166,0.49871065227015166,10.143838739303163,261,285,261,5.1809234619140625,-0.16933461095460922,False
1,33,0,59,bed,0.6504569053649902,4.24359786465229,4.768117787611294,-0.5245199229590041,0.5245199229590041,11.000565554857555,265,269,265,4.99104118347168,-0.16841523029753036,False
1,33,1,56,chair,0.3985287547111511,3.689432512762532,4.066112337435038,-0.3766798246725056,0.3766798246725056,9.263881403486277,280,416,280,4.310625076293945,-0.1361398771215805,True
1,34,0,56,chair,0.4065614342689514,4.417679139474614,4.881943743166322,-0.4642646036917082,0.4642646036917082,9.509831086062379,261,452,261,5.121145725250244,-0.1500737503163445,False
1,35,0,59,bed,0.525880753993988,3.789430025844956,4.2650460697026675,-0.4756160438577117,0.4756160438577117,11.151486668252302,277,264,277,4.504600524902344,-0.16897349833723596,False
1,36,0,59,bed,0.49782994389533997,3.6571519736962883,4.0746624402618306,-0.41751046656554225,0.41751046656554225,10.246504408318884,281,259,281,4.3660407066345215,-0.1703523945819878,False
1,37,0,56,chair,0.5756945013999939,2.7592573694091684,3.0413977992932884,-0.2821404298841199,0.2821404298841199,9.276669758545864,317,443,317,3.3384509086608887,-0.1399971398652522,True
1,37,1,56,chair,0.3380354940891266,3.3060809373083413,3.7399870909943442,-0.43390615368600294,0.43390615368600294,11.601808860004407,293,259,293,3.9868314266204834,-0.16968703507820138,False
1,37,2,57,couch,0.3122313320636749,3.3060809373083413,3.7399870909943442,-0.43390615368600294,0.43390615368600294,11.601808860004407,293,259,293,3.9868314266204834,-0.16968703507820138,False
1,38,0,56,chair,0.5489230751991272,3.202174322980737,3.5551182180144414,-0.35294389503370427,0.35294389503370427,9.927768175057366,297,253,297,3.8797919750213623,-0.17170374901590746,False
1,38,1,56,chair,0.5330867171287537,2.542172777113504,2.7949334422368532,-0.25276066512334916,0.25276066512334916,9.043530744011516,329,452,329,3.1077287197113037,-0.1392248590507883,True
1,38,2,59,bed,0.2798619270324707,2.4132886231462733,1.648551228302566,0.7647373948437073,0.7647373948437073,46.38845197617065,337,63,337,1.4540477991104126,0.6979249707992772,False
1,39,0,56,chair,0.5832211971282959,2.2952155523968525,2.5339727732895825,-0.23875722089273,0.23875722089273,9.42224886586991,345,463,345,2.8509695529937744,-0.14148408521611877,True
1,39,1,59,bed,0.5659157037734985,1.1822867244426092,1.3033596621771404,-0.1210729377345312,0.1210729377345312,9.289296059100845,479,42,479,1.3555947542190552,0.17118516030254427,False
1,39,2,59,bed,0.42922282218933105,2.1355772235358987,1.3611911529244398,0.7743860706114589,0.7743860706114589,56.890324988355644,357,10,357,1.5452488660812378,0.554329829123737,False
1,39,3,56,chair,0.4203016757965088,2.922685298749407,3.2648026760404143,-0.34211737729100733,0.34211737729100733,10.478960330488665,309,252,309,3.574218988418579,-0.16950625697952626,False
1,40,0,56,chair,0.5555132031440735,2.6834240906752167,3.0139319331362113,-0.3305078424609946,0.3305078424609946,10.966002212169325,321,245,321,3.319493532180786,-0.17076423112167594,False
1,40,1,56,chair,0.45502570271492004,2.0864826102176868,2.292708770302119,-0.2062261600844324,0.2062261600844324,8.994869420648536,361,477,361,2.6262264251708984,-0.13892220152449375,True
1,40,2,59,bed,0.40307503938674927,1.971673925051138,2.2074760871137213,-0.23580216206258342,0.23580216206258342,10.681980359338576,371,2,371,2.5374529361724854,-0.16011571921245626,False
1,40,3,57,couch,0.3490476608276367,2.6834240906752167,3.0139319331362113,-0.3305078424609946,0.3305078424609946,10.966002212169325,321,245,321,3.319493532180786,-0.17076423112167594,False
1,40,4,56,chair,0.2705976665019989,3.5329678035523537,3.479376823517438,0.05359098003491569,0.05359098003491569,1.5402465083025552,285,560,285,3.843792200088501,-0.016961680121073908,True
1,41,0,56,chair,0.5660368204116821,2.4132886231462733,2.6583788951566656,-0.24509027201039224,0.24509027201039224,9.219538736819095,337,539,337,2.9952661991119385,-0.15223469653917365,False
1,41,1,57,couch,0.5415835976600647,2.542172777113504,2.7783265538355364,-0.2361537767220323,0.2361537767220323,8.499856735559657,329,239,329,3.1739883422851562,-0.17417463435951341,False
1,41,2,56,chair,0.4796576499938965,2.542172777113504,2.7783265538355364,-0.2361537767220323,0.2361537767220323,8.499856735559657,329,239,329,3.1739883422851562,-0.17417463435951341,False
1,42,0,57,couch,0.6882132887840271,2.2952155523968525,2.5212884010795005,-0.226072848682648,0.226072848682648,8.966560453213283,345,234,345,2.902209520339966,-0.1709861859444286,False
1,42,1,56,chair,0.4176991581916809,2.2952155523968525,2.5212884010795005,-0.226072848682648,0.226072848682648,8.966560453213283,345,234,345,2.902209520339966,-0.1709861859444286,False
1,43,0,56,chair,0.6033613681793213,2.039251667457873,2.2675281896018875,-0.2282765221440144,0.2282765221440144,10.06719665893517,365,227,365,2.622203826904297,-0.1680725398407683,False
1,43,1,57,couch,0.4613263010978699,2.039251667457873,2.2675281896018875,-0.2282765221440144,0.2282765221440144,10.06719665893517,365,227,365,2.622203826904297,-0.1680725398407683,False
1,44,0,57,couch,0.6184924244880676,1.8276597569332034,2.0214476202891003,-0.19378786335589693,0.19378786335589693,9.586588413712253,385,216,385,2.402088165283203,-0.173064460194426,False
1,44,1,56,chair,0.5383160710334778,1.8276597569332034,2.0214476202891003,-0.19378786335589693,0.19378786335589693,9.586588413712253,385,216,385,2.402088165283203,-0.173064460194426,False
1,45,0,57,couch,0.7041535973548889,1.9077368367123282,2.1142519272405074,-0.20651509052817918,0.20651509052817918,9.767761725430699,377,269,377,2.472862720489502,-0.16264418493231148,False
1,45,1,56,chair,0.4388647675514221,1.9077368367123282,2.1142519272405074,-0.20651509052817918,0.20651509052817918,9.767761725430699,377,269,377,2.472862720489502,-0.16264418493231148,False
1,45,2,59,bed,0.43375495076179504,1.7001215839982453,1.9098959230274892,-0.20977433902924392,0.20977433902924392,10.98354818710321,399,2,399,2.255570650100708,-0.1663331327214359,False
1,46,0,57,couch,0.8236219882965088,1.9077368367123282,2.1397037461115045,-0.2319669093991763,0.2319669093991763,10.841076005065236,377,317,377,2.4862751960754395,-0.17166214389692835,False
1,46,1,59,bed,0.7990555167198181,1.4774340607865322,1.6493864875397701,-0.17195242675323796,0.17195242675323796,10.425235568027643,428,0,428,2.007800817489624,-0.15904675523752476,False
1,47,0,59,bed,0.7290502190589905,1.4843246234757443,1.6427303258740238,-0.15840570239827945,0.15840570239827945,9.642830591442257,427,2,427,1.9012494087219238,-0.0652643203451031,True
1,47,1,57,couch,0.6741493940353394,1.7174406329589356,1.9000504074715412,-0.18260977451260563,0.18260977451260563,9.610785787289212,397,317,397,2.266662836074829,-0.1608437081089007,False
1,47,2,56,chair,0.40866270661354065,1.7174406329589356,1.9000504074715412,-0.18260977451260563,0.18260977451260563,9.610785787289212,397,317,397,2.266662836074829,-0.1608437081089007,False
1,48,0,57,couch,0.6445002555847168,1.47059365802198,1.6421435046887891,-0.17154984666680906,0.17154984666680906,10.446702506631436,429,317,429,2.013439178466797,-0.16978333837118043,False
1,48,1,59,bed,0.5825392603874207,1.3435329484955398,1.499745839123656,-0.15621289062811616,0.15621289062811616,10.415957594481194,449,2,449,1.86601984500885,-0.1601779837348951,False
1,48,2,56,chair,0.41450464725494385,1.47059365802198,1.6421435046887891,-0.17154984666680906,0.17154984666680906,10.446702506631436,429,317,429,2.013439178466797,-0.16978333837118043,False
1,49,0,59,bed,0.7626316547393799,1.2918146462428892,1.4401263476010837,-0.1483117013581945,0.1483117013581945,10.29852009896544,458,2,458,1.808472990989685,-0.15810933841918717,False
1,49,1,57,couch,0.6996089220046997,1.47059365802198,1.6228844529503954,-0.15229079492841535,0.15229079492841535,9.383957967651455,429,363,429,2.001549005508423,-0.15992259218695093,False
1,49,2,56,chair,0.35708415508270264,1.47059365802198,1.6228844529503954,-0.15229079492841535,0.15229079492841535,9.383957967651455,429,363,429,2.001549005508423,-0.15992259218695093,False
1,50,0,57,couch,0.7472032904624939,1.3922302760127698,1.5464141535547573,-0.15418387754198748,0.15418387754198748,9.97041298332426,441,411,441,1.9268182516098022,-0.16774059081402704,False
1,50,1,59,bed,0.7392095923423767,1.222299145971686,1.3527709180764709,-0.13047177210478478,0.13047177210478478,9.64477949380409,471,2,471,1.7292885780334473,-0.15336719092127016,False
1,50,2,56,chair,0.32442203164100647,1.3922302760127698,1.5464141535547573,-0.15418387754198748,0.15418387754198748,9.97041298332426,441,411,441,1.9268182516098022,-0.16774059081402704,False
1,51,0,59,bed,0.8604976534843445,1.1822867244426092,1.2260746823542032,-0.043787957911594066,0.043787957911594066,3.5713940220604012,479,2,479,1.551493525505066,-0.02084361050316219,True
1,51,1,57,couch,0.854704737663269,1.1921038660878276,1.294949062335713,-0.10284519624788535,0.10284519624788535,7.942026388465227,477,428,477,1.6737717390060425,-0.13060158431673075,True
1,51,2,58,potted plant,0.5114890336990356,2.922685298749407,2.403650822902157,0.51903447584725,0.51903447584725,21.593588840020043,309,347,309,3.0117194652557373,0.09323547107666919,True
1,52,0,57,couch,0.889814019203186,1.1822867244426092,1.1696734668733586,0.01261325756925058,0.01261325756925058,1.0783571591964842,479,462,479,1.708700180053711,-0.1749446313379437,False
1,52,1,59,bed,0.659242570400238,1.1822867244426092,1.2127642094617173,-0.030477485019108075,0.030477485019108075,2.513059404402727,479,0,479,1.520089864730835,0.009939667705717525,True
1,53,0,57,couch,0.8505979180335999,1.1822867244426092,1.0608258154508814,0.12146090899172779,0.12146090899172779,11.449656222789358,479,497,479,1.708700180053711,-0.1749446313379437,False
1,53,1,59,bed,0.4406718909740448,1.1921038660878276,1.3224182603703398,-0.13031439428251224,0.13031439428251224,9.854249460077632,477,33,477,1.6937956809997559,-0.1501090659991524,False
1,54,0,58,potted plant,0.3016382157802582,2.2952155523968525,1.9084369150350649,0.38677863736178764,0.38677863736178764,20.266776140969853,345,525,345,1.928213357925415,0.3898052114895343,False
1,54,1,59,bed,0.2906857132911682,1.4305745836274326,1.5805195249108632,-0.1499449412834306,0.1499449412834306,9.487066684094717,435,110,435,1.9467840194702148,-0.14976336753249853,True
1,54,2,57,couch,0.2721928358078003,1.1822867244426092,0.9863325081925254,0.1959542162500838,0.1959542162500838,19.866953042962553,479,532,479,1.7082477807998657,-0.17450116927813064,False
1,56,0,59,bed,0.5677627325057983,1.3736536463169389,1.5108826002162736,-0.13722895389933476,0.13722895389933476,9.082701321710323,444,152,444,1.886159062385559,-0.1496286036033041,True
1,57,0,59,bed,0.7170049548149109,1.1822867244426092,1.1791326888608935,0.003154035581715675,0.003154035581715675,0.26748775701932626,479,2,479,0.8936118483543396,0.6240415460984916,False
1,58,0,59,bed,0.7852344512939453,1.1822867244426092,1.2144336668974378,-0.03214694245482863,0.03214694245482863,2.647072732836509,479,52,479,1.2543745040893555,0.2704057939259896,False
1,59,0,59,bed,0.47069671750068665,1.1822867244426092,1.0190653587288396,0.16322136571376955,0.16322136571376955,16.016771084964404,479,2,479,1.1230218410491943,0.39916357152752546,False
1,59,1,59,bed,0.33929529786109924,1.1822867244426092,1.0177986507464836,0.16448807369612561,0.16448807369612561,16.161160517896658,479,0,479,1.1211457252502441,0.40100262446489965,False
1,60,0,59,bed,0.7313603162765503,1.1822867244426092,0.9752060242403715,0.20708070020223768,0.20708070020223768,21.234559165438036,479,2,479,1.106541633605957,0.41531821076886866,False
1,61,0,59,bed,0.34130027890205383,1.1822867244426092,0.8692824535507211,0.3130042708918881,0.3130042708918881,36.00719991682483,479,0,479,1.114013910293579,0.4079935496797529,False
1,61,1,59,bed,0.32352033257484436,1.1822867244426092,1.1312007978061727,0.05108592663643652,0.05108592663643652,4.516079438373055,479,547,479,1.71286940574646,-0.17903149354608527,False
1,61,2,59,bed,0.31190356612205505,1.1822867244426092,1.1305707930789095,0.051715931363699674,0.051715931363699674,4.574320483095136,479,544,479,1.7115938663482666,-0.17778115256057836,False
1,62,0,59,bed,0.7425516843795776,1.1822867244426092,1.1217042743890575,0.06058245005355167,0.06058245005355167,5.400928875531676,479,2,479,1.0342620611190796,0.4861698928284395,False
1,63,0,59,bed,0.7221500277519226,1.1822867244426092,1.3143735060039403,-0.13208678156133113,0.13208678156133113,10.049409924802239,479,0,479,0.9821501970291138,0.5372522816555755,False
1,63,1,59,bed,0.425693541765213,1.1822867244426092,0.9697805428034181,0.2125061816391911,0.2125061816391911,21.912811431015452,479,446,479,1.710564136505127,-0.1767717651369516,False
1,65,0,59,bed,0.33894455432891846,1.1822867244426092,1.3189808926510875,-0.13669416820847835,0.13669416820847835,10.3636200471206,479,2,479,1.085732102394104,0.43571664754017925,False
1,66,0,59,bed,0.3236793875694275,1.1822867244426092,1.3274801809053518,-0.14519345646274262,0.14519345646274262,10.937523478785163,479,2,479,1.0417113304138184,0.4788677846187821,False
1,66,1,58,potted plant,0.291612446308136,1.1822867244426092,0.8212451330854057,0.3610415913572035,0.3610415913572035,43.96270696920609,479,528,479,1.4483989477157593,0.08021432324319178,True
1,77,0,59,bed,0.4213695526123047,1.1822867244426092,1.3262840351926637,-0.1439973107500545,0.1439973107500545,10.857200036275534,479,0,479,1.0781134366989136,0.4431848057068837,False
1,77,1,59,bed,0.40937480330467224,1.1822867244426092,0.9262557040373596,0.2560310204052496,0.2560310204052496,27.641505395244813,479,2,479,1.0786123275756836,0.44269577047096353,False
1,78,0,59,bed,0.7585018277168274,1.1822867244426092,0.8635255209123375,0.3187612035302717,0.3187612035302717,36.91392967673869,479,0,479,1.0738006830215454,0.4474123604894693,False
1,79,0,59,bed,0.5898866653442383,1.1822867244426092,0.8497667697962017,0.3325199546464075,0.3325199546464075,39.130731686078434,479,0,479,1.0826983451843262,0.43869047256262417,False
1,79,1,28,suitcase,0.3142085671424866,2.922685298749407,2.1576785890153047,0.7650067097341022,0.7650067097341022,35.455081847163655,309,54,309,2.3302247524261475,0.4115594716077251,False
1,80,0,28,suitcase,0.5958825349807739,2.6288945772338357,2.3124404129494245,0.3164541642844112,0.3164541642844112,13.684857024306485,324,36,324,2.1300556659698486,0.4086136344801399,False
1,80,1,59,bed,0.47006189823150635,1.1822867244426092,0.846338506837177,0.33594821760543214,0.33594821760543214,39.69430847012892,479,2,479,1.0813236236572266,0.44003803632382654,False
1,80,2,59,bed,0.35109463334083557,1.1822867244426092,1.003251414917912,0.17903530952469726,0.17903530952469726,17.84550780218399,479,2,479,1.0813236236572266,0.44003803632382654,False
1,81,0,59,bed,0.46034908294677734,1.1822867244426092,0.8508984840734746,0.3313882403691346,0.3313882403691346,38.94568465825583,479,2,479,1.0899500846862793,0.4315819919242738,False
1,81,1,28,suitcase,0.3905566334724426,2.2398168151806668,1.6499570262929777,0.5898597888876891,0.5898597888876891,35.7500092116308,349,0,349,1.8559259176254272,0.4090170933098345,False
1,81,2,59,bed,0.25905606150627136,1.1822867244426092,0.9845967123815853,0.19769001206102388,0.19769001206102388,20.078272614057656,479,0,479,1.090240478515625,0.43129733485504995,False
1,82,0,59,bed,0.7951361536979675,1.1822867244426092,0.9565659751551568,0.22572074928745234,0.22572074928745234,23.59698705056282,479,2,479,1.0856618881225586,0.43578547472153084,False
1,82,1,59,bed,0.4076384902000427,1.1921038660878276,0.2910273056784849,0.9010765604093427,0.9010765604093427,309.61924974999266,477,542,477,0.534372866153717,0.9794097535165889,False
1,83,0,59,bed,0.5885004997253418,1.1822867244426092,0.9358037672399158,0.24648295720269342,0.24648295720269342,26.339171291186048,479,2,479,1.0898650884628296,0.4316653090385416,False
2,0,0,56,chair,0.30299243330955505,1.1822867244426092,0.9518357861439134,0.23045093829869578,0.23045093829869578,24.211207610957864,479,2,479,0.9787411093711853,0.5405940224343634,False
2,0,1,57,couch,0.2512857913970947,1.1822867244426092,0.9518357861439134,0.23045093829869578,0.23045093829869578,24.211207610957864,479,2,479,0.9787411093711853,0.5405940224343634,False
2,5,0,0,person,0.37709465622901917,2.3529875412892904,1.5729140542153668,0.7800734870739237,0.7800734870739237,49.59415837015048,341,377,341,1.9153140783309937,0.42035778697117654,False
2,6,0,62,tv,0.3421770930290222,1.2536604778467009,1.1646926191741085,0.08896785867259238,0.08896785867259238,7.638741519258541,465,122,465,0.9508617520332336,0.60810532933969,False
2,6,1,0,person,0.30053073167800903,1.949971839345048,1.3094329131544926,0.6405389261905554,0.6405389261905554,48.91727707129825,373,394,373,1.6502453088760376,0.4103727819939329,False
2,6,2,62,tv,0.28745847940444946,1.1822867244426092,1.151510023409358,0.03077670103325114,0.03077670103325114,2.6727254133775027,479,288,479,1.699991226196289,-0.16640772376437485,False
2,9,0,63,laptop,0.5062214732170105,1.1822867244426092,1.2732652215360605,-0.0909784970934513,0.0909784970934513,7.145290357000038,479,605,479,0.8245144486427307,0.6917739195349673,False
2,21,0,62,tv,0.283565491437912,1.1822867244426092,0.8533051159400263,0.32898160850258285,0.32898160850258285,38.55380711507477,479,0,479,1.096238613128662,0.4254176940114276,False
2,22,0,58,potted plant,0.7105865478515625,1.8276597569332034,1.0738501691650237,0.7538095877681796,0.7538095877681796,70.196905435542,385,65,385,1.2539900541305542,0.6265906791744413,False
2,22,1,60,dining table,0.28227123618125916,1.1822867244426092,1.1359820418442588,0.04630468259835041,0.04630468259835041,4.0761808631389185,479,2,479,0.9017820358276367,0.6160327615234275,False
2,23,0,58,potted plant,0.7367205619812012,2.0864826102176868,1.2265601460284055,0.8599224641892813,0.8599224641892813,70.10846284005764,361,139,361,1.399701714515686,0.6265025005289186,False
2,24,0,58,potted plant,0.40942487120628357,1.6498221342233514,0.9697409622386719,0.6800811719846795,0.6800811719846795,70.13018924298038,405,105,405,1.155212640762329,0.6256489531971942,False
2,25,0,75,vase,0.4998616874217987,1.2326200688054518,0.7232812829501325,0.5093387858553193,0.5093387858553193,70.42056774617743,469,48,469,0.9197118878364563,0.6262187863824678,False
2,27,0,79,toothbrush,0.3921174705028534,1.1822867244426092,1.1729087324323944,0.00937799201021483,0.00937799201021483,0.7995500204663513,479,200,479,1.5203378200531006,0.009696610766478653,True
2,28,0,79,toothbrush,0.7183575630187988,1.1921038660878276,0.9247384657000587,0.2673654003877689,0.2673654003877689,28.91254233545526,477,160,477,1.6835466623306274,-0.14012439145237288,True
2,29,0,79,toothbrush,0.4112323224544525,1.1822867244426092,0.6851574082492564,0.49712931619335277,0.49712931619335277,72.55694971811498,479,2,479,0.9941918253898621,0.5254485369080516,False
2,43,0,58,potted plant,0.5227727293968201,6.131451933135833,3.1683926420430524,2.9630592910927804,2.9630592910927804,93.5193211780132,233,592,233,3.194657802581787,0.7406636473054878,False
2,44,0,58,potted plant,0.2943371832370758,7.306101522862765,3.6651602061976227,3.640941316665142,3.640941316665142,99.3392133448484,221,502,221,3.7351138591766357,0.7474970722233054,False
2,45,0,75,vase,0.2774274945259094,6.48109328551411,3.352388110961207,3.128705174552903,3.128705174552903,93.32765392894295,229,519,229,3.390603542327881,0.7350278126367821,False
2,47,0,75,vase,0.3329806923866272,6.48109328551411,3.3691566401360094,3.1119366453781003,3.1119366453781003,92.36544862017679,229,460,229,3.4547667503356934,0.7205516083370961,False
2,48,0,56,chair,0.2820194959640503,1.6830832967517113,1.667329733684286,0.015753563067425258,0.015753563067425258,0.9448378895405846,401,586,401,1.9631167650222778,0.03786969807616347,True
2,49,0,58,potted plant,0.29023200273513794,5.815615322550515,2.9929117844367386,2.822703538113777,2.822703538113777,94.3129547884421,237,480,237,3.016972780227661,0.7464703477239892,False
2,50,0,56,chair,0.6980410814285278,3.253389362047055,3.5698033318384748,-0.3164139697914199,0.3164139697914199,8.863624698015629,295,598,295,3.8574020862579346,-0.13876923817419629,True
2,50,1,58,potted plant,0.5209400057792664,7.6688677389978395,2.8220470275874163,4.846820711410423,4.846820711410423,171.74840334088967,218,509,218,3.75022554397583,0.7784129356683909,False
2,50,2,62,tv,0.49444934725761414,1.7803714698580917,1.9343945440568429,-0.15402307419875116,0.15402307419875116,7.962340189180411,390,0,390,2.267214059829712,-0.11334221587463889,True
2,50,3,75,vase,0.47261956334114075,5.267474899589832,2.7147535024499647,2.5527213971398672,2.5527213971398672,94.03142476236353,245,492,245,2.7560384273529053,0.7450890051037731,False
2,50,4,57,couch,0.28602802753448486,2.1866480344612778,2.4118053920055265,-0.2251573575442487,0.2251573575442487,9.33563538296181,353,637,353,2.7241761684417725,-0.1342648907317654,True
2,50,5,56,chair,0.2655589282512665,2.1866480344612778,2.4118053920055265,-0.2251573575442487,0.2251573575442487,9.33563538296181,353,637,353,2.7241761684417725,-0.1342648907317654,True
2,51,0,75,vase,0.42164623737335205,4.605315013119116,2.368971062641616,2.2363439504774996,2.2363439504774996,94.40148871990756,257,579,257,2.434080123901367,0.7451093487104953,False
2,51,1,58,potted plant,0.26453831791877747,7.0818476450674135,2.4866326787935487,4.595214966273865,4.595214966273865,184.79669335413652,223,558,223,2.236835479736328,1.035847163657046,False
2,52,0,58,potted plant,0.336341917514801,4.24359786465229,2.1728738206384395,2.07072404401385,2.07072404401385,95.29886293192233,265,602,265,2.2592456340789795,0.7447748503131624,False
2,52,1,71,sink,0.2786474823951721,5.267474899589832,4.0765158993553845,1.1909590002344475,1.1909590002344475,29.21511971590182,245,392,245,4.190260410308838,0.3522389151668146,False
2,52,2,58,potted plant,0.268431156873703,7.7974987597924255,4.113276144379041,3.6842226154133844,3.6842226154133844,89.56905605396867,217,429,217,4.027989864349365,0.7371264067331214,False
2,53,0,58,potted plant,0.28727608919143677,7.930296389785197,5.341364898153366,2.588931491631831,2.588931491631831,48.46947439458563,216,492,216,3.7960457801818848,0.7925134552718701,False
2,54,0,59,bed,0.33261412382125854,4.24359786465229,3.3758640092047583,0.8677338554475313,0.8677338554475313,25.70405244647105,265,545,265,3.588284969329834,0.3005009228729054,False
2,57,0,56,chair,0.2580206096172333,1.2807351819428308,1.4022026044128122,-0.12146742246998143,0.12146742246998143,8.66261566536223,460,558,460,1.7644431591033936,-0.12839232984977977,True
2,58,0,61,toilet,0.2761490046977997,1.8669919745293975,2.0433250010994137,-0.17633302657001626,0.17633302657001626,8.62971022598657,381,636,381,2.3715293407440186,-0.12314609303459556,True
3,3,0,58,potted plant,0.3160160481929779,8.995724867412417,4.672581298213088,4.3231435691993285,4.3231435691993285,92.5215270380123,209,554,209,4.632589340209961,0.7344878639750767,False
3,9,0,59,bed,0.31853628158569336,4.24359786465229,4.017876511032529,0.2257213536197602,0.2257213536197602,5.617926608743718,265,495,265,4.303327560424805,0.06147505523531627,True
3,10,0,56,chair,0.3181811571121216,4.08165363695277,4.2869241942789476,-0.20527055732617772,0.20527055732617772,4.788294544608896,269,245,269,4.220938205718994,0.03805241822733696,True
3,10,1,58,potted plant,0.30609866976737976,9.736517592885464,5.082603671938875,4.653913920946589,4.653913920946589,91.56554831613003,205,178,205,5.049778461456299,0.7265208486064856,False
3,11,0,58,potted plant,0.3961851894855499,8.995724867412417,4.782381974678635,4.213342892733782,4.213342892733782,88.10134604559498,209,177,209,4.83428430557251,0.7011587833203342,False
3,11,1,75,vase,0.36778372526168823,8.995724867412417,4.787321897791053,4.208402969621363,4.208402969621363,87.90724875975413,209,178,209,4.834702491760254,0.7010896801518195,False
3,12,0,59,bed,0.25239232182502747,4.24359786465229,3.941433571346229,0.30216429330606065,0.30216429330606065,7.66635509228826,265,443,265,4.141030311584473,0.11572810421782309,True
3,13,0,59,bed,0.5866005420684814,3.3060809373083413,3.698763338216184,-0.3926824009078427,0.3926824009078427,10.61658627494732,293,520,293,3.9579572677612305,-0.1575945226197677,False
3,13,1,56,chair,0.2616298198699951,3.3060809373083413,3.2685784319686837,0.0375025053396576,0.0375025053396576,1.147364400770081,293,230,293,3.494778633117676,0.036384925827874115,True
3,13,2,75,vase,0.252966970205307,8.35581679185428,4.343415629516738,4.012401162337543,4.012401162337543,92.37893640825655,213,154,213,4.316059112548828,0.7346804832723046,False
3,14,0,75,vase,0.3415312170982361,7.7974987597924255,4.045616227140708,3.7518825326517176,3.7518825326517176,92.73945727925383,217,146,217,4.076633453369141,0.7279136453323656,False
3,14,1,59,bed,0.32732048630714417,1.7529492399297044,1.943371665736863,-0.1904224258071585,0.1904224258071585,9.798559337076501,393,451,393,2.2891154289245605,-0.14965636931781634,True
3,14,2,58,potted plant,0.25409480929374695,7.7974987597924255,4.0464076260598265,3.751091133732599,3.751091133732599,92.70176117637484,217,150,217,4.079508304595947,0.7273691682707641,False
3,16,0,59,bed,0.5478165745735168,1.325946112971558,1.4634019186376228,-0.13745580566606486,0.13745580566606486,9.392895001397259,452,484,452,1.8313323259353638,-0.14590059733105476,True
3,16,1,75,vase,0.2970549762248993,6.870273553372899,3.5552369360833977,3.315036617289501,3.315036617289501,93.24376059564368,225,130,225,3.5976722240448,0.731748497055599,False
3,16,2,58,potted plant,0.26212698221206665,6.870273553372899,3.555582974277985,3.3146905790949135,3.3146905790949135,93.22495363135243,225,132,225,3.5972092151641846,0.7318473685609106,False
3,17,0,58,potted plant,0.5700613856315613,6.48109328551411,3.3515649247835744,3.1295283607305353,3.1295283607305353,93.37513761374093,229,115,229,3.3588356971740723,0.7421951259754688,False
3,18,0,58,potted plant,0.48009973764419556,6.131451933135833,3.157822391179823,2.9736295419560097,2.9736295419560097,94.16709281249364,233,97,233,3.1700901985168457,0.7465031068087996,False
3,18,1,59,bed,0.2660865783691406,1.5486910255277297,1.7110744860889855,-0.16238346056125574,0.16238346056125574,9.490145629628124,418,509,418,2.067657232284546,-0.14609352878017323,True
3,19,0,59,bed,0.3133774995803833,2.611143892272438,2.8234422838411,-0.21229839156866204,0.21229839156866204,7.519133392018364,325,529,325,3.191922903060913,-0.14509501670221536,True
3,19,1,56,chair,0.263567179441452,1.8276597569332034,1.801087050643852,0.026572706289351267,0.026572706289351267,1.4753704591819736,385,123,385,2.1029298305511475,0.03530057196589054,True
3,20,0,56,chair,0.3133383095264435,1.617605508838784,1.7588097731938497,-0.14120426435506572,0.14120426435506572,8.02839889265857,409,49,409,2.1075527667999268,-0.12059979605794591,True
3,21,0,57,couch,0.6875306367874146,1.8669919745293975,2.071509767464295,-0.20451779293489758,0.20451779293489758,9.872885764147027,381,621,381,2.4267921447753906,-0.1609696202044162,False
3,21,1,59,bed,0.3130568563938141,2.8389123183635725,3.1729587624478737,-0.3340464440843012,0.3340464440843012,10.527916342240486,313,357,313,3.446251392364502,-0.1513432924774376,False
3,22,0,59,bed,0.6165887117385864,2.611143892272438,2.9205575596298874,-0.30941366735744946,0.30941366735744946,10.594335534912739,325,363,325,3.2091400623321533,-0.15396862166671,False
3,22,1,57,couch,0.26184985041618347,1.7896679701346712,2.018688439319696,-0.22902046918502506,0.22902046918502506,11.34501316420109,389,637,389,2.3636109828948975,-0.17480335277456893,False
3,23,0,57,couch,0.8642287850379944,1.9937802523066508,2.197730286637019,-0.20395003433036818,0.20395003433036818,9.28003020072376,369,560,369,2.5599474906921387,-0.15937817124491627,False
3,23,1,59,bed,0.5910740494728088,2.611143892272438,2.918579133297135,-0.307435241024697,0.307435241024697,10.533729838511718,325,313,325,3.2087719440460205,-0.1537788960447366,False
3,24,0,57,couch,0.7613456845283508,2.2952155523968525,2.4982910446342705,-0.20307549223741805,0.20307549223741805,8.128576239088535,345,490,345,2.8480653762817383,-0.13981196639308302,True
3,24,1,59,bed,0.5494338274002075,2.611143892272438,2.9193136100104313,-0.3081697177379934,0.3081697177379934,10.556238859753483,325,262,325,3.2067477703094482,-0.1527356508824611,False
3,24,2,56,chair,0.25241193175315857,2.2952155523968525,2.4982910446342705,-0.20307549223741805,0.20307549223741805,8.128576239088535,345,490,345,2.8480653762817383,-0.13981196639308302,True
3,25,0,57,couch,0.5109640955924988,2.476288589174513,2.7360942209897687,-0.25980563181525573,0.25980563181525573,9.495492875288203,333,429,333,3.071824550628662,-0.1573760220947411,False
3,25,1,56,chair,0.370863139629364,2.476288589174513,2.7360942209897687,-0.25980563181525573,0.25980563181525573,9.495492875288203,333,429,333,3.071824550628662,-0.1573760220947411,False
3,25,2,59,bed,0.3012525141239166,2.542172777113504,2.805410545250524,-0.26323776813701993,0.26323776813701993,9.383217318501693,329,209,329,3.1371326446533203,-0.15473446399568025,False
3,26,0,57,couch,0.6367529034614563,2.2398168151806668,2.479127236302202,-0.2393104211215351,0.2393104211215351,9.653010850644518,349,438,349,2.8309571743011475,-0.16414287197738564,False
3,26,1,56,chair,0.3480946123600006,2.2398168151806668,2.479127236302202,-0.2393104211215351,0.2393104211215351,9.653010850644518,349,438,349,2.8309571743011475,-0.16414287197738564,False
3,26,2,59,bed,0.2646446228027344,2.4132886231462733,2.419388289812665,-0.006099666666391723,0.006099666666391723,0.25211606967247185,337,195,337,2.672536849975586,0.02578775381688536,True
3,27,0,57,couch,0.7771317362785339,1.9937802523066508,2.2243930235713223,-0.2306127712646715,0.2306127712646715,10.367447156187199,369,449,369,2.5768940448760986,-0.17036306144009727,False
3,27,1,59,bed,0.2608581781387329,2.1355772235358987,1.2318174076977164,0.9037598158381823,0.9037598158381823,73.36800163648618,357,162,357,2.2663259506225586,0.11304098256890693,True
3,28,0,59,bed,0.682565450668335,1.5863849771239793,1.7669133434689708,-0.18052836634499148,0.18052836634499148,10.217160168735903,413,145,413,2.118971824645996,-0.15496508498704697,False
3,28,1,57,couch,0.583187997341156,1.7529492399297044,1.9666702771461897,-0.21372103721648528,0.21372103721648528,10.8671514335699,393,463,393,2.320427179336548,-0.17222125523354848,False
3,28,2,56,chair,0.43894654512405396,1.7529492399297044,1.9666702771461897,-0.21372103721648528,0.21372103721648528,10.8671514335699,393,463,393,2.320427179336548,-0.17222125523354848,False
3,29,0,59,bed,0.7631200551986694,1.2752496292077253,0.809316460244047,0.4659331689636783,0.4659331689636783,57.571196417181184,461,100,461,1.019108772277832,0.5563953977973883,False
3,29,1,57,couch,0.7292622923851013,1.5561150456107948,1.7267519453832874,-0.17063689977249252,0.17063689977249252,9.881957870597113,417,480,417,2.100192070007324,-0.1656555424161834,False
3,29,2,58,potted plant,0.2999984323978424,3.3060809373083413,2.504592699761732,0.8014882375466095,0.8014882375466095,32.00074158256778,293,396,293,2.6476950645446777,0.3911439564280279,False
3,30,0,59,bed,0.8766879439353943,1.1822867244426092,1.1636713806493069,0.01861534379330232,0.01861534379330232,1.5997079676321766,479,2,479,1.4166977405548096,0.11128926977915787,True
3,30,1,56,chair,0.6016721725463867,1.6830832967517113,1.8806599850941883,-0.197576688342477,0.197576688342477,10.505710224518966,401,423,401,2.2441658973693848,-0.17145582960300354,False
3,30,2,57,couch,0.3387693464756012,1.6830832967517113,1.8806599850941883,-0.197576688342477,0.197576688342477,10.505710224518966,401,423,401,2.2441658973693848,-0.17145582960300354,False
3,31,0,59,bed,0.8534541726112366,1.1822867244426092,1.2231642174760275,-0.040877493033418366,0.040877493033418366,3.341946440991233,479,2,479,1.5405522584915161,-0.010118489350658955,True
3,31,1,57,couch,0.5044571161270142,1.7529492399297044,1.9701188921636081,-0.21716965223390372,0.21716965223390372,11.02317495140638,393,373,393,2.320330858230591,-0.17215184120403548,False
3,31,2,56,chair,0.4051806926727295,1.7529492399297044,1.9701188921636081,-0.21716965223390372,0.21716965223390372,11.02317495140638,393,373,393,2.320330858230591,-0.17215184120403548,False
3,32,0,59,bed,0.8618633151054382,1.1822867244426092,1.2079760462344002,-0.025689321791791064,0.025689321791791064,2.126641655840104,479,2,479,1.5102107524871826,0.01962361706561655,True
3,32,1,57,couch,0.7308518290519714,1.5561150456107948,1.7338126782437233,-0.17769763263292848,0.17769763263292848,10.248952200126281,417,379,417,2.105991840362549,-0.1702553215387126,False
3,32,2,56,chair,0.3188249468803406,1.5561150456107948,1.7338126782437233,-0.17769763263292848,0.17769763263292848,10.248952200126281,417,379,417,2.105991840362549,-0.1702553215387126,False
3,33,0,57,couch,0.8100569844245911,1.3435329484955398,1.4868041009249304,-0.1432711524293906,0.1432711524293906,9.636182220661256,449,388,449,1.8653559684753418,-0.15958733985305384,False
3,33,1,59,bed,0.7638945579528809,1.1822867244426092,1.205320532639011,-0.023033808196401884,0.023033808196401884,1.9110110192821563,479,2,479,1.4798787832260132,0.049356375138075004,True
3,33,2,58,potted plant,0.47606196999549866,2.922685298749407,2.427994090715572,0.49469120803383504,0.49469120803383504,20.374481549419297,309,284,309,3.003201484680176,0.09721419255786823,True
3,33,3,59,bed,0.256925106048584,1.1822867244426092,0.8820990543891994,0.30018767005340974,0.30018767005340974,34.03106131445426,479,483,479,1.701560139656067,-0.16794564317654825,False
3,34,0,57,couch,0.7715318202972412,1.1822867244426092,1.1974120859291837,-0.015125361486574507,0.015125361486574507,1.26317093875308,479,389,479,1.7099192142486572,-0.1761395833863355,False
3,34,1,59,bed,0.6322555541992188,1.1822867244426092,1.133860078763048,0.04842664567956123,0.04842664567956123,4.270954290267533,479,2,479,1.4171884059906006,0.11080829748977994,True
3,35,0,57,couch,0.6823046207427979,1.1822867244426092,1.036447218301451,0.14583950614115815,0.14583950614115815,14.071098225355136,479,314,479,1.7080217599868774,-0.1742796135296707,False
3,35,1,59,bed,0.40543127059936523,1.1822867244426092,1.1746767622948286,0.007609962147780536,0.007609962147780536,0.6478345696490874,479,2,479,1.4076168537139893,0.12019076276158458,True
3,36,0,59,bed,0.6937670707702637,1.1822867244426092,1.087487515045481,0.09479920939712816,0.09479920939712816,8.717268758084405,479,2,479,1.2992429733276367,0.2264237059363643,False
3,36,1,57,couch,0.6785171031951904,1.1822867244426092,0.9821648526359803,0.20012187180662888,0.20012187180662888,20.375588809712784,479,355,479,1.7079347372055054,-0.17419430989234175,False
3,37,0,59,bed,0.8016093969345093,1.1822867244426092,1.116801746090159,0.06548497835245026,0.06548497835245026,5.8636171175151155,479,2,479,1.163028597831726,0.35994715236144437,False
3,37,1,57,couch,0.709751307964325,1.1822867244426092,0.9709285202972688,0.21135820414534034,0.21135820414534034,21.76866779859643,479,389,479,1.7080217599868774,-0.1742796135296707,False
3,38,0,59,bed,0.8045503497123718,1.1822867244426092,1.0139717628656346,0.16831496157697456,0.16831496157697456,16.59957088955727,479,2,479,1.277683138847351,0.24755762365746747,False
3,38,1,59,bed,0.4479331076145172,1.1822867244426092,0.9746428943800105,0.20764383006259868,0.20764383006259868,21.304606154717312,479,422,479,1.7051573991775513,-0.17147183846427283,False
3,38,2,57,couch,0.2568001449108124,1.1822867244426092,0.9746428943800105,0.20764383006259868,0.20764383006259868,21.304606154717312,479,422,479,1.7051573991775513,-0.17147183846427283,False
3,39,0,59,bed,0.8153515458106995,1.1822867244426092,1.092208125323117,0.09007859911949212,0.09007859911949212,8.247384086512213,479,0,479,1.28524911403656,0.24014111509035097,False
3,39,1,57,couch,0.3444225490093231,1.1822867244426092,0.9693325319476404,0.21295419249496883,0.21295419249496883,21.969157691126764,479,456,479,1.7090482711791992,-0.17528584588725948,False
3,40,0,59,bed,0.7726311683654785,1.1822867244426092,1.1102698713153847,0.0720168531272245,0.0720168531272245,6.486427758496502,479,2,479,1.357119083404541,0.16969094439771482,False
3,41,0,59,bed,0.6147843599319458,1.1822867244426092,1.2146869883974283,-0.0324002639548191,0.0324002639548191,2.6673755678873046,479,63,479,1.3611267805099487,0.16576241976297146,False
3,42,0,59,bed,0.4440968632698059,1.2807351819428308,1.420606694846215,-0.1398715129033843,0.1398715129033843,9.845899882833214,460,145,460,1.7836706638336182,-0.1461372603471489,True
3,43,0,59,bed,0.7673082947731018,1.1822867244426092,1.3124970348729699,-0.1302103104303607,0.1302103104303607,9.920807969136716,479,2,479,0.9652937054634094,0.5537757714876432,False
3,44,0,59,bed,0.6264773011207581,1.1822867244426092,1.189815691740179,-0.0075289672975698,0.0075289672975698,0.6327843337280431,479,444,479,1.7050880193710327,-0.17140382926300513,False
3,45,0,59,bed,0.6428234577178955,1.1822867244426092,1.0498923980248227,0.13239432641778648,0.13239432641778648,12.610275745101287,479,2,479,1.1630446910858154,0.35993137703125333,False
3,46,0,59,bed,0.7776392698287964,1.1822867244426092,0.9603452925522984,0.2219414318903108,0.2219414318903108,23.110586745363186,479,2,479,1.1304676532745361,0.39186485209250166,False
3,46,1,59,bed,0.31285712122917175,1.1822867244426092,1.3161230843902114,-0.13383635994760223,0.13383635994760223,10.16898506947863,479,6,479,1.1351410150527954,0.38728381305934056,False
3,47,0,59,bed,0.705112636089325,1.1822867244426092,1.3125966908851283,-0.13030996644251913,0.13030996644251913,9.927647033350869,479,434,479,1.710546851158142,-0.1767548212637835,False
3,47,1,59,bed,0.5659777522087097,1.1822867244426092,0.9681051207891378,0.2141816036534714,0.2141816036534714,22.1237961719368,479,446,479,1.5178894996643066,0.012096564332865434,True
3,47,2,58,potted plant,0.35388728976249695,1.8669919745293975,1.822291621147527,0.044700353381870395,0.044700353381870395,2.452974752401147,381,476,381,2.1724483966827393,0.013110899868273851,True
3,48,0,59,bed,0.5467719435691833,1.1822867244426092,1.0011489868539298,0.18113773758867935,0.18113773758867935,18.092985156774454,479,2,479,1.0463043451309204,0.4743655053822782,False
3,48,1,59,bed,0.47153332829475403,1.1822867244426092,0.9749419503851395,0.20734477405746965,0.20734477405746965,21.267396892251945,479,398,479,1.709309458732605,-0.17554187365354412,False
3,48,2,57,couch,0.29231134057044983,1.1822867244426092,0.9749419503851395,0.20734477405746965,0.20734477405746965,21.267396892251945,479,398,479,1.709309458732605,-0.17554187365354412,False
3,48,3,59,bed,0.2557774782180786,1.1822867244426092,1.31683032143492,-0.13454359699231078,0.13454359699231078,10.217231089097469,479,2,479,1.0463043451309204,0.4743655053822782,False
3,49,0,57,couch,0.6396679282188416,1.1822867244426092,0.9721232083886344,0.21016351605397476,0.21016351605397476,21.619020535713393,479,370,479,1.7019227743148804,-0.16830111395018488,False
3,49,1,59,bed,0.5641793608665466,1.1822867244426092,0.9989741820223232,0.18331254242028594,0.18331254242028594,18.3500780820169,479,2,479,1.1407521963119507,0.38178348126608763,False
3,49,2,59,bed,0.2591448724269867,1.1822867244426092,1.3172250771355771,-0.13493835269296794,0.13493835269296794,10.244137849729022,479,341,479,1.7093790769577026,-0.1756101165634072,False
3,50,0,57,couch,0.6958596110343933,1.1822867244426092,0.9858060288249633,0.19648069561764592,0.19648069561764592,19.930969163562747,479,334,479,1.706770658493042,-0.17305322767519482,False
3,50,1,75,vase,0.31664881110191345,2.1866480344612778,1.8334475276095519,0.3532005068517259,0.3532005068517259,19.264282262401508,353,310,353,2.451615333557129,0.029247516505575666,True
3,50,2,59,bed,0.273256778717041,1.1822867244426092,1.049602873854794,0.13268385058781518,0.13268385058781518,12.641338347380627,479,2,479,1.1863936185836792,0.3370437100101049,False
3,51,0,57,couch,0.5968981385231018,1.1822867244426092,1.0488359569393315,0.13345076750327767,0.13345076750327767,12.723702559998804,479,283,479,1.7045855522155762,-0.17091128839815362,False
3,51,1,75,vase,0.40939968824386597,2.1355772235358987,2.099494166895945,0.0360830566399537,0.0360830566399537,1.7186547697487387,357,261,357,2.4089515209198,0.02575617660987395,True
3,51,2,56,chair,0.293797105550766,1.1822867244426092,1.0488359569393315,0.13345076750327767,0.13345076750327767,12.723702559998804,479,283,479,1.7045855522155762,-0.17091128839815362,False
3,52,0,57,couch,0.6518333554267883,1.1822867244426092,1.0852326127897076,0.09705411165290156,0.09705411165290156,8.943162093462478,479,213,479,1.7102503776550293,-0.17646420462537638,False
3,52,1,75,vase,0.3428821563720703,2.039251667457873,1.9898534972276127,0.049398170230260385,0.049398170230260385,2.4825028726529355,365,207,365,2.2990591526031494,0.03749071655715097,True
3,52,2,56,chair,0.2777216136455536,1.1822867244426092,1.0852326127897076,0.09705411165290156,0.09705411165290156,8.943162093462478,479,213,479,1.7102503776550293,-0.17646420462537638,False
3,53,0,56,chair,0.3557453751564026,1.1822867244426092,1.061142189780468,0.12114453466214115,0.12114453466214115,11.416428055433727,479,155,479,1.7112621068954468,-0.17745594705004897,False
3,54,0,59,bed,0.5091008543968201,1.1822867244426092,0.9944393950870754,0.18784732935553383,0.18784732935553383,18.88977149171423,479,82,479,1.7133241891860962,-0.17947729269185242,False
3,55,0,59,bed,0.4942367374897003,1.1822867244426092,0.967601591544725,0.21468513289788416,0.21468513289788416,22.18734805460072,479,6,479,1.710180640220642,-0.1763958448612155,False
3,58,0,75,vase,0.5459342002868652,1.5863849771239793,1.5777838747706054,0.008601102353373857,0.008601102353373857,0.5451381834298676,413,108,413,1.90077543258667,0.015451249165323144,True
3,58,1,59,bed,0.29108113050460815,1.1822867244426092,0.9602834056388788,0.22200331880373037,0.22200331880373037,23.118520792935186,479,94,479,1.1435434818267822,0.37904733788518663,False
3,60,0,59,bed,0.47272151708602905,1.1822867244426092,0.9687507005527681,0.21353602388984105,0.21353602388984105,22.04241233250181,479,210,479,1.711331844329834,-0.17752430681420983,False
3,62,0,59,bed,0.37908294796943665,1.1822867244426092,0.969488685616073,0.21279803882653614,0.21279803882653614,21.94951235468118,479,302,479,1.7104945182800293,-0.1767035222270883,False
3,62,1,57,couch,0.3678688704967499,1.1822867244426092,0.969488685616073,0.21279803882653614,0.21279803882653614,21.94951235468118,479,302,479,1.7104945182800293,-0.1767035222270883,False
3,62,2,59,bed,0.2819212079048157,1.1822867244426092,1.0775479688575182,0.10473875558509094,0.10473875558509094,9.720101435126024,479,2,479,1.2051420211791992,0.3186656840462161,False
3,63,0,59,bed,0.6007806658744812,1.1822867244426092,0.9652506754787841,0.2170360489638251,0.2170360489638251,22.48494142272118,479,350,479,1.5300573110580444,0.00016912931121471075,True
3,63,1,59,bed,0.4128560721874237,1.1822867244426092,1.3201199057265032,-0.137833181283894,0.137833181283894,10.440959240595655,479,2,479,1.1984102725982666,0.3252644462379515,False
3,63,2,57,couch,0.3277468681335449,1.1822867244426092,0.9652506754787841,0.2170360489638251,0.2170360489638251,22.48494142272118,479,350,479,1.5300573110580444,0.00016912931121471075,True
3,64,0,59,bed,0.6784407496452332,1.1822867244426092,1.3175062691920647,-0.13521954474945552,0.13521954474945552,10.263294218127426,479,0,479,1.1151764392852783,0.40685398656847616,False
3,64,1,57,couch,0.3771427273750305,1.1822867244426092,0.9609732916963605,0.2213134327462487,0.2213134327462487,23.030133580047227,479,394,479,1.7107735872268677,-0.17697707813802954,False
3,64,2,58,potted plant,0.35294803977012634,1.8276597569332034,1.7807420844339845,0.046917672499218854,0.046917672499218854,2.634725876888107,385,434,385,2.1674246788024902,-0.009620359761123076,True
3,64,3,59,bed,0.3327862322330475,1.1822867244426092,0.9609732916963605,0.2213134327462487,0.2213134327462487,23.030133580047227,479,394,479,1.7107735872268677,-0.17697707813802954,False
3,64,4,59,bed,0.2599928379058838,1.1822867244426092,0.9564796786583027,0.22580704578430644,0.22580704578430644,23.608138345506326,479,2,479,1.1172410249710083,0.4048301869864208,False
3,65,0,59,bed,0.7736762762069702,1.1822867244426092,1.3174058302999587,-0.13511910585734954,0.13511910585734954,10.25645270042447,479,0,479,1.0575026273727417,0.4633884463639102,False
3,66,0,59,bed,0.8106733560562134,1.1822867244426092,1.3176803909027721,-0.13539366646016293,0.13539366646016293,10.275152259600805,479,2,479,1.060423493385315,0.46052528236139745,False
3,67,0,59,bed,0.705049991607666,1.1822867244426092,1.3153937827827618,-0.13310705834015257,0.13310705834015257,10.119179524975397,479,0,479,1.17631196975708,0.34692619482181475,False
3,67,1,58,potted plant,0.4223892390727997,1.1822867244426092,0.9714557138778249,0.21083101056478426,0.21083101056478426,21.702585877352657,479,593,479,1.2545714378356934,0.2702127506261711,False
3,68,0,59,bed,0.8454505801200867,1.1822867244426092,1.0785517918795011,0.10373493256310806,0.10373493256310806,9.617983424081839,479,0,479,1.0289024114608765,0.49142366205352217,False
3,69,0,59,bed,0.6556887626647949,1.1822867244426092,0.8999774162708513,0.2823093081717579,0.2823093081717579,31.368488038459397,479,0,479,0.9723765254020691,0.5468328733891491,False
3,69,1,59,bed,0.43787747621536255,1.1822867244426092,0.8431298922539803,0.3391568321886289,0.3391568321886289,40.22592904184009,479,2,479,0.9725456237792969,0.5466671155678462,False
3,70,0,59,bed,0.7964614629745483,1.1822867244426092,0.8435578571108567,0.33872886733175245,0.33872886733175245,40.15478778087395,479,0,479,0.9809156060218811,0.5384624831898185,False
3,71,0,59,bed,0.5428422093391418,1.1822867244426092,0.8499778119985287,0.33230891244408045,0.33230891244408045,39.09618671841938,479,2,479,1.078057885169983,0.4432392598096171,False
3,72,0,59,bed,0.4865214228630066,1.1822867244426092,1.3233843160459937,-0.14109759160338453,0.14109759160338453,10.66187575994219,479,2,479,1.0748463869094849,0.44638731458994907,False
3,72,1,59,bed,0.35168391466140747,1.1822867244426092,0.8330472630990624,0.3492394613435468,0.3492394613435468,41.92312691171002,479,2,479,1.0748463869094849,0.44638731458994907,False
3,73,0,58,potted plant,0.264096200466156,1.1822867244426092,0.7827646252992108,0.3995220991433984,0.3995220991433984,51.039876641165485,479,526,479,1.353331446647644,0.1734037559988837,False
3,81,0,72,refrigerator,0.41603389382362366,1.1822867244426092,0.3598845360782351,0.8224021883643741,0.8224021883643741,228.5183457245277,479,331,479,0.829914391040802,0.6864806535572583,False
3,83,0,59,bed,0.7444491386413574,1.1822867244426092,0.908029735771953,0.2742569886706562,0.2742569886706562,30.20352504618135,479,2,479,1.081100583076477,0.44025667071484365,False
3,84,0,59,bed,0.788342297077179,1.1822867244426092,0.8472699696419428,0.3350167548006664,0.3350167548006664,39.54073280116901,479,0,479,1.0752872228622437,0.44595518739701423,False
3,84,1,28,suitcase,0.312192440032959,2.6834240906752167,1.9790249468083518,0.7043991438668649,0.7043991438668649,35.59324226826327,321,2,321,2.1670329570770264,0.40929109599212654,False
3,85,0,59,bed,0.6263795495033264,1.1822867244426092,0.8616738170906983,0.32061290735191084,0.32061290735191084,37.20815243457301,479,0,479,1.0740687847137451,0.4471495551739175,False
3,86,0,59,bed,0.8408148288726807,1.1822867244426092,0.849319947321107,0.33296677712150213,0.33296677712150213,39.2039275860332,479,0,479,1.0836423635482788,0.4377651033790515,False
3,86,1,28,suitcase,0.3522198498249054,2.8389123183635725,2.522876936217835,0.31603538214573756,0.31603538214573756,12.526785496700496,313,73,313,2.2780191898345947,0.4084395533062817,False
3,87,0,59,bed,0.43012794852256775,1.1822867244426092,0.8462228969215715,0.3360638275210377,0.3360638275210377,39.71339333213343,479,0,479,1.0801887512207031,0.44115048923803446,False
3,87,1,59,bed,0.4269472360610962,1.1822867244426092,0.995538491525668,0.1867482329169412,0.1867482329169412,18.75851456338454,479,2,479,1.07932710647583,0.441995112101889,False
3,87,2,28,suitcase,0.27518507838249207,2.476288589174513,1.824847440021827,0.6514411491526859,0.6514411491526859,35.698389622361745,333,23,333,2.022589921951294,0.4087293288002052,False
3,88,0,59,bed,0.43167099356651306,1.1822867244426092,0.9738489882113235,0.2084377362312857,0.2084377362312857,21.403496718123105,479,0,479,1.0860764980316162,0.4353790554740924,False
3,88,1,28,suitcase,0.39251530170440674,2.1355772235358987,1.5761415718141727,0.559435651721726,0.559435651721726,35.49399760313432,357,8,357,1.7834999561309814,0.4085235748792819,False
3,88,2,59,bed,0.2981235682964325,1.1822867244426092,0.8506340280264642,0.33165269641614503,0.33165269641614503,38.98888187974382,479,259,479,1.712886929512024,-0.17904867112784872,False
3,88,3,59,bed,0.25967949628829956,1.1921038660878276,0.42430319301620195,0.7678006730716256,0.7678006730716256,180.95566701104397,477,409,477,1.5556076765060425,-0.015485225836319394,True
3,89,0,59,bed,0.8302083015441895,1.1822867244426092,0.9473190678718363,0.2349676565707729,0.2349676565707729,24.80343366239113,479,2,479,1.087392807006836,0.4340887503187685,False
3,89,1,59,bed,0.3199659585952759,1.1822867244426092,0.2967326011971524,0.8855541232454568,0.8855541232454568,298.43506229943534,479,548,479,0.5322790741920471,0.978236153949796,False
3,90,0,59,bed,0.6363198161125183,1.1822867244426092,0.9529495346348591,0.22933718980775009,0.22933718980775009,24.066037232037164,479,2,479,1.0936732292175293,0.42793239849816644,False
3,93,0,0,person,0.25034329295158386,1.1822867244426092,0.36289865169192875,0.8193880727506804,0.8193880727506804,225.78978150799904,479,620,479,0.5355703830718994,0.9750098652171465,False
4,2,0,9,traffic light,0.25321125984191895,1.1822867244426092,1.2690114608763587,-0.08672473643374956,0.08672473643374956,6.834038864697003,479,0,479,1.6399011611938477,-0.10750474420863831,True
4,9,0,56,chair,0.41167640686035156,2.2952155523968525,2.491913992193361,-0.19669843979650858,0.19669843979650858,7.893468250217429,345,382,345,2.810753107070923,-0.11832892528921102,True
4,11,0,56,chair,0.40222930908203125,2.2952155523968525,2.5038939531908686,-0.20867840079401612,0.20867840079401612,8.334154908121576,345,269,345,2.8055827617645264,-0.11535202940247324,True
4,12,0,56,chair,0.5468674302101135,2.7592573694091684,3.0371113753392542,-0.2778540059300858,0.2778540059300858,9.148627481567043,317,485,317,3.3225173950195312,-0.13216988180013023,True
4,12,1,56,chair,0.2785763740539551,2.1866480344612778,2.385580720498618,-0.19893268603734038,0.19893268603734038,8.338962682250417,353,217,353,2.6930854320526123,-0.11561319724130192,True
4,13,0,56,chair,0.6346133947372437,2.542172777113504,2.7918437100109306,-0.24967093289742648,0.24967093289742648,8.942869258840028,329,498,329,3.0959725379943848,-0.13302385920300175,True
4,13,1,56,chair,0.27843913435935974,5.668877899929698,3.3818523384731867,2.2870255614565114,2.2870255614565114,67.62641690290478,239,219,239,3.497182607650757,0.6054188463136214,False
4,14,0,56,chair,0.5792191028594971,2.7592573694091684,3.0432565446655007,-0.2839991752563322,0.2839991752563322,9.332081311191198,317,437,317,3.32185959815979,-0.13184674241659478,True
4,14,1,57,couch,0.38963884115219116,1.7896679701346712,1.9488429452998697,-0.15917497516519852,0.15917497516519852,8.16766561662085,389,149,389,2.280930519104004,-0.11621777377360076,True
4,14,2,56,chair,0.33290165662765503,1.7896679701346712,1.9488429452998697,-0.15917497516519852,0.15917497516519852,8.16766561662085,389,149,389,2.280930519104004,-0.11621777377360076,True
4,15,0,57,couch,0.5323166251182556,1.5863849771239793,1.7188603617106872,-0.13247538458670793,0.13247538458670793,7.707163859131784,413,77,413,2.063258409500122,-0.11145164334550284,True
4,15,1,56,chair,0.5132010579109192,2.922685298749407,3.225383244737848,-0.30269794598844113,0.30269794598844113,9.384867565188946,309,380,309,3.494123697280884,-0.13209400268221927,True
4,15,2,56,chair,0.28073132038116455,1.5863849771239793,1.7188603617106872,-0.13247538458670793,0.13247538458670793,7.707163859131784,413,77,413,2.063258409500122,-0.11145164334550284,True
4,16,0,56,chair,0.6124671697616577,3.010904127673106,3.310077157874739,-0.2991730302016333,0.2991730302016333,9.038249440497022,305,330,305,3.587287187576294,-0.13229720424615432,True
4,16,1,56,chair,0.43157318234443665,4.605315013119116,5.196182441115898,-0.5908674279967823,0.5908674279967823,11.371183261800399,257,623,257,5.336487770080566,-0.15502552228960043,False
4,16,2,59,bed,0.251447856426239,5.267474899589832,5.993697008613012,-0.7262221090231797,0.7262221090231797,12.116430109489857,245,501,245,6.076340675354004,-0.16438041611984167,False
4,17,0,56,chair,0.6146517395973206,3.010904127673106,3.288751208720024,-0.277847081046918,0.277847081046918,8.448406808949699,305,278,305,3.584298610687256,-0.1309373338355706,True
4,17,1,56,chair,0.3245217502117157,3.789430025844956,3.8943410222138963,-0.10491099636894052,0.10491099636894052,2.6939345006128814,277,638,277,4.16085147857666,-0.04161302647637055,True
4,18,0,56,chair,0.3537634313106537,4.08165363695277,4.542263698583928,-0.4606100616311579,0.4606100616311579,10.14053987607006,269,502,269,4.730020999908447,-0.13827149925597193,True
4,18,1,56,chair,0.3046674132347107,2.8389123183635725,3.132400324287541,-0.2934880059239684,0.2934880059239684,9.369428410805753,313,224,313,3.406782865524292,-0.1324311239670526,True
4,18,2,59,bed,0.2708522081375122,6.131451933135833,6.937978032697921,-0.8065260995620882,0.8065260995620882,11.624800421117222,233,374,233,7.003416061401367,-0.16463788521228762,False
4,20,0,56,chair,0.2765716314315796,4.24359786465229,4.723912798033516,-0.48031493338122644,0.48031493338122644,10.167734967105517,265,442,265,4.9007954597473145,-0.138247709254111,True
4,21,0,57,couch,0.5168417096138,2.1355772235358987,2.351961351494024,-0.21638412795812512,0.21638412795812512,9.20015661909889,357,82,357,2.6698150634765625,-0.1338885746531706,True
4,22,0,56,chair,0.4918542206287384,4.605315013119116,5.127255034844574,-0.5219400217254586,0.5219400217254586,10.179716401434682,257,330,257,5.281054973602295,-0.1378339354451994,True
4,22,1,59,bed,0.4714135527610779,5.969622035385196,6.423192738588862,-0.453570703203666,0.453570703203666,7.061452484194221,235,190,235,6.840652942657471,-0.16724808521521206,False
4,24,0,56,chair,0.31163692474365234,4.509705696011821,4.966122729784555,-0.456417033772734,0.456417033772734,9.190611239536056,259,222,259,5.1543426513671875,-0.1296531088001689,True
4,25,0,56,chair,0.39702919125556946,4.808152731105021,5.362335882848782,-0.5541831517437616,0.5541831517437616,10.33473403850539,253,196,253,5.49177885055542,-0.13687840586576772,True
4,25,1,59,bed,0.35541123151779175,4.417679139474614,5.018924995368376,-0.6012458558937626,0.6012458558937626,11.979574439717895,261,17,261,3.372609853744507,0.4133183689182911,False
4,25,2,57,couch,0.27214959263801575,4.417679139474614,5.018924995368376,-0.6012458558937626,0.6012458558937626,11.979574439717895,261,17,261,3.372609853744507,0.4133183689182911,False
4,26,0,57,couch,0.5263416171073914,4.24359786465229,4.7730798244354675,-0.5294819597831779,0.5294819597831779,11.093088304799133,265,0,265,4.992377758026123,-0.16886202311311482,False
4,26,1,56,chair,0.40676045417785645,4.605315013119116,5.132682214193425,-0.5273672010743091,0.5273672010743091,10.274690289922464,257,188,257,5.274745941162109,-0.1358772908955761,True
4,26,2,59,bed,0.35457712411880493,4.24359786465229,4.7730798244354675,-0.5294819597831779,0.5294819597831779,11.093088304799133,265,0,265,4.992377758026123,-0.16886202311311482,False
4,26,3,56,chair,0.25848662853240967,3.930619911182698,4.3718625406661875,-0.4412426294834897,0.4412426294834897,10.09278369068422,273,209,273,4.573114395141602,-0.13914206004442953,True
4,27,0,56,chair,0.4933897852897644,4.417679139474614,4.897901384550391,-0.48022224507577693,0.48022224507577693,9.804653204953402,261,184,261,5.079745769500732,-0.1367343563776593,True
4,27,1,59,bed,0.4050634801387787,4.121071870988323,4.497754631179257,-0.37668276019093394,0.37668276019093394,8.37490683861899,268,2,268,4.8632917404174805,-0.16975069493398953,False
4,27,2,57,couch,0.3898364305496216,4.121071870988323,4.497754631179257,-0.37668276019093394,0.37668276019093394,8.37490683861899,268,2,268,4.8632917404174805,-0.16975069493398953,False
4,27,3,56,chair,0.33978739380836487,3.6571519736962883,4.068645278833957,-0.4114933051376686,0.4114933051376686,10.113767038831153,281,202,281,4.285082817077637,-0.13937966350411268,True
4,28,0,59,bed,0.5094092488288879,3.789430025844956,4.260038669071873,-0.4706086432269174,0.4706086432269174,11.047050972648755,277,2,277,4.506899833679199,-0.1698254019393095,False
4,30,0,56,chair,0.2723338007926941,5.267474899589832,5.868338916443241,-0.600864016853409,0.600864016853409,10.239081713051236,245,262,245,6.021817207336426,-0.14944580378721328,True
4,31,0,57,couch,0.4823167324066162,4.605315013119116,5.23613836061096,-0.6308233474918445,0.6308233474918445,12.047491950121792,257,117,257,5.381851673126221,-0.16909440440194445,False
4,32,0,57,couch,0.37889301776885986,4.417679139474614,4.978018752504719,-0.5603396130301048,0.5603396130301048,11.256277665650954,261,109,261,5.18044376373291,-0.16918004839785739,False
4,32,1,56,chair,0.3241921365261078,4.08165363695277,4.53978953005461,-0.45813589310184,0.45813589310184,10.091566802136068,269,285,269,4.73042106628418,-0.13841006467485384,True
4,32,2,56,chair,0.2989028990268707,5.267474899589832,5.860068822706589,-0.5925939231167572,0.5925939231167572,10.112405520231688,245,314,245,6.027008533477783,-0.15086776842432004,False
4,33,0,57,couch,0.286182701587677,4.808152731105021,5.388506606225602,-0.580353875120581,0.580353875120581,10.770217381752305,253,215,253,5.59544563293457,-0.16777730440114036,False
4,34,0,59,bed,0.4991162121295929,5.028117720157712,5.60922922196161,-0.5811115018038979,0.5811115018038979,10.35991717950647,249,272,249,5.830744743347168,-0.16750966923116972,False
4,35,0,59,bed,0.41494888067245483,5.267474899589832,5.66377354611146,-0.39629864652162805,0.39629864652162805,6.997077889770368,245,329,245,5.866833686828613,-0.10699401411044662,True
4,35,1,56,chair,0.3903716802597046,5.028117720157712,5.652486620564297,-0.6243689004065853,0.6243689004065853,11.045915582269057,249,496,249,5.800907135009766,-0.15897653965692116,False
4,35,2,57,couch,0.3497931957244873,5.267474899589832,5.66377354611146,-0.39629864652162805,0.39629864652162805,6.997077889770368,245,329,245,5.866833686828613,-0.10699401411044662,True
4,36,0,57,couch,0.5403220653533936,4.808152731105021,5.400244292077624,-0.5920915609726034,0.5920915609726034,10.96416252578102,253,327,253,5.59358024597168,-0.16722130757001707,False
4,36,1,56,chair,0.3437458872795105,4.08165363695277,4.573742271075285,-0.49208863412251524,0.49208863412251524,10.758993510292948,269,498,269,4.773897171020508,-0.15346827758544612,False
4,37,0,57,couch,0.5947783589363098,4.605315013119116,5.1545059970690295,-0.5491909839499138,0.5491909839499138,10.654580366424957,257,327,257,5.376677513122559,-0.16748972221556668,False
4,37,1,56,chair,0.37257471680641174,3.416156690958381,3.7660566175949715,-0.3498999266365903,0.3498999266365903,9.29088333409174,289,464,289,4.029054164886475,-0.13872284598377527,True
4,37,2,56,chair,0.32065320014953613,4.08165363695277,4.546024924248017,-0.464371287295247,0.464371287295247,10.214886522472405,269,510,269,4.770096778869629,-0.15215198868378987,False
4,38,0,57,couch,0.4174639880657196,4.417679139474614,4.9032696354582,-0.48559049598358595,0.48559049598358595,9.903401853979595,261,328,261,5.176766872406006,-0.16799532486394653,False
4,39,0,56,chair,0.3121226131916046,3.010904127673106,3.2780783237269677,-0.26717419605386183,0.26717419605386183,8.150329847826871,305,483,305,3.6034674644470215,-0.13965959797685024,True
4,39,1,57,couch,0.29811206459999084,4.24359786465229,4.723849811910111,-0.4802519472578215,0.4802519472578215,10.16653717582163,265,327,265,4.995053291320801,-0.16975640573467898,False
4,40,0,57,couch,0.3568805754184723,3.930619911182698,4.406785847567509,-0.476165936384811,0.476165936384811,10.805288771807431,273,329,273,4.655083179473877,-0.168522143375055,False
4,41,0,59,bed,0.2784126102924347,1.9937802523066508,2.2169698577913195,-0.2231896054846687,0.2231896054846687,10.067327018465818,369,201,369,2.544109344482422,-0.14911175984821856,True
4,43,0,56,chair,0.30050015449523926,3.416156690958381,3.8656002830580927,-0.4494435920997115,0.4494435920997115,11.626747702536766,289,161,289,4.104659557342529,-0.16947355789454388,False
4,44,0,57,couch,0.3743934631347656,3.360313835767405,3.6904691875617894,-0.33015535179438427,0.33015535179438427,8.94616199227802,291,90,291,4.0504536628723145,-0.1718793238157812,False
4,45,0,57,couch,0.5481082797050476,2.8389123183635725,3.1669694051179373,-0.32805708675436485,0.32805708675436485,10.358707167306786,313,4,313,3.4696993827819824,-0.16257888654459451,False
4,46,0,60,dining table,0.26050859689712524,2.859457260905135,3.146140125394762,-0.2866828644896269,0.2866828644896269,9.112209026406774,312,222,312,3.437143564224243,-0.13660400607597056,True
4,48,0,60,dining table,0.28427255153656006,2.3529875412892904,2.6020359495698555,-0.24904840828056507,0.24904840828056507,9.571290063142111,341,206,341,2.91056752204895,-0.14065601366696634,True
4,49,0,60,dining table,0.32404130697250366,2.0864826102176868,1.843404129878517,0.24307848033916968,0.24307848033916968,13.186391220420498,361,198,361,2.0965702533721924,0.19161489566387324,False
4,59,0,56,chair,0.43145665526390076,2.922685298749407,3.265452098601856,-0.34276679985244884,0.34276679985244884,10.496763985581314,309,134,309,3.559734582901001,-0.1627406374921414,False
4,60,0,56,chair,0.5563513040542603,3.202174322980737,3.567495785916938,-0.3653214629362007,0.3653214629362007,10.240277350245103,297,224,297,3.8365845680236816,-0.1530867755471479,False
4,61,0,56,chair,0.5595537424087524,3.3060809373083413,3.6833270541367265,-0.37724611682838516,0.37724611682838516,10.241993482623322,293,250,293,1.8727895021438599,0.7156748012265965,False
4,62,0,56,chair,0.3425423204898834,3.103932365323887,3.4397545764442015,-0.3358222111203144,0.3358222111203144,9.762970108974052,301,277,301,3.72880482673645,-0.1516690855155367,False
4,63,0,56,chair,0.4802030324935913,3.103932365323887,3.4654015692397317,-0.3614692039158447,0.3614692039158447,10.430802800009893,301,328,301,3.7304632663726807,-0.15240368912302915,False
4,63,1,56,chair,0.4029967486858368,2.1866480344612778,2.3464650021750737,-0.15981696771379594,0.15981696771379594,6.810967458097708,353,252,353,2.7390308380126953,-0.14317637935882677,True
4,64,0,56,chair,0.6500935554504395,2.8389123183635725,3.132939225709556,-0.29402690734598336,0.29402690734598336,9.385017906927045,313,366,313,3.0955727100372314,0.01669171830529148,True
4,65,0,56,chair,0.692097008228302,2.6834240906752167,2.9917186773518853,-0.30829458667666865,0.30829458667666865,10.304932379188642,321,388,321,3.2614176273345947,-0.141533523615734,True
4,65,1,56,chair,0.5606167912483215,2.039251667457873,2.2350496453667867,-0.19579797790891362,0.19579797790891362,8.76034133357167,365,301,365,2.5843963623046875,-0.14402193292282184,True
4,66,0,56,chair,0.44425538182258606,1.9937802523066508,2.1399608634079192,-0.14618061110126845,0.14618061110126845,6.830994603727176,369,349,369,2.5319385528564453,-0.14122255664215766,True
4,66,1,56,chair,0.29257339239120483,2.542172777113504,2.8281554475919544,-0.2859826704784503,0.2859826704784503,10.111985560127238,329,444,329,3.138423442840576,-0.15541531765679517,False
4,67,0,59,bed,0.648409366607666,2.476288589174513,2.767309286226371,-0.29102069705185807,0.29102069705185807,10.516377713916725,333,0,333,3.0671634674072266,-0.1548611754813125,False
4,67,1,56,chair,0.3819199204444885,1.9937802523066508,2.2019824402279213,-0.20820218792127054,0.20820218792127054,9.455215632860364,369,400,369,2.4020192623138428,-0.05700784695225991,True
4,67,2,56,chair,0.28290772438049316,2.2952155523968525,2.5612371707136385,-0.26602161831678606,0.26602161831678606,10.386450007777466,345,509,345,2.85353946685791,-0.14296374770634945,True
4,68,0,56,chair,0.7196632623672485,2.039251667457873,2.258609412107064,-0.21935774464919078,0.21935774464919078,9.712070775643818,365,526,365,2.581493616104126,-0.14217539789087486,True
4,68,1,59,bed,0.3851460814476013,2.5088579164064098,2.8104046619798306,-0.30154674557342087,0.30154674557342087,10.729655755729919,331,2,331,3.1045660972595215,-0.1562990581302539,False
4,69,0,75,vase,0.4883370101451874,2.542172777113504,1.5104114739772525,1.0317613031362516,1.0317613031362516,68.30994870685089,329,451,329,1.6620651483535767,0.6233152072565025,False
4,69,1,58,potted plant,0.31826433539390564,2.611143892272438,1.538947196107271,1.072196696165167,1.072196696165167,69.67079175148193,325,450,325,1.6932657957077026,0.6273025047692092,False
4,70,0,56,chair,0.3886563181877136,2.4132886231462733,1.7746756790976284,0.638612944048645,0.638612944048645,35.98476902401465,337,583,337,1.5958247184753418,0.6197186513033257,False
4,71,0,75,vase,0.5057821273803711,1.7529492399297044,1.0281039844572732,0.7248452554724312,0.7248452554724312,70.5031073150709,393,498,393,1.211424708366394,0.6269839603307047,False
4,72,0,75,vase,0.35868731141090393,1.3201623268661429,0.7741963873877774,0.5459659394783655,0.5459659394783655,70.52034191486139,453,543,453,0.9686711430549622,0.6264877940583389,False
4,73,0,60,dining table,0.31261587142944336,1.1822867244426092,0.6949330633678179,0.4873536610747913,0.4873536610747913,70.12958323107475,479,632,479,0.7166637778282166,0.7974939891970938,False
4,92,0,56,chair,0.35897210240364075,1.5561150456107948,0.925217238732517,0.6308978068782778,0.6308978068782778,68.1891539053643,417,597,417,1.1248514652252197,0.6078839387100352,False
4,93,0,57,couch,0.31727689504623413,1.5561150456107948,0.9367556557836451,0.6193593898271498,0.6193593898271498,66.11749670291805,417,603,417,1.1248966455459595,0.6078481063436898,False
4,94,0,57,couch,0.40507450699806213,1.1822867244426092,0.7195207671153386,0.46276595732727055,0.46276595732727055,64.31585834312543,479,478,479,0.9221687316894531,0.5960488069460974,False
4,94,1,56,chair,0.2910423278808594,1.1822867244426092,0.7195207671153386,0.46276595732727055,0.46276595732727055,64.31585834312543,479,478,479,0.9221687316894531,0.5960488069460974,False
4,95,0,56,chair,0.41486552357673645,1.1822867244426092,0.9498748714592292,0.23241185298337996,0.23241185298337996,24.467628312594602,479,514,479,1.1228489875793457,0.3993330102592061,False
4,95,1,75,vase,0.29235830903053284,7.306101522862765,1.6591901447662356,5.646911378096529,5.646911378096529,340.3414247552758,221,402,221,1.6953701972961426,1.1584385148002077,False
4,96,0,62,tv,0.44835737347602844,1.1822867244426092,1.3294468455192412,-0.147160121076632,0.147160121076632,11.069274531179603,479,274,479,1.5892490148544312,-0.057853236256972584,True
4,107,0,0,person,0.3733234703540802,1.1822867244426092,0.516811203434492,0.6654755210081171,0.6654755210081171,128.76569172372226,479,550,479,0.9004703760147095,0.6173185093611406,False
4,109,0,0,person,0.3586568236351013,1.1822867244426092,0.49933501060814534,0.6829517138344638,0.6829517138344638,136.77224695354124,479,561,479,1.68552565574646,-0.1522279221543461,False
4,109,1,16,dog,0.2549683153629303,1.1822867244426092,0.49933501060814534,0.6829517138344638,0.6829517138344638,136.77224695354124,479,561,479,1.68552565574646,-0.1522279221543461,False
4,110,0,0,person,0.5731980800628662,1.1822867244426092,0.5553499587607589,0.6269367656818503,0.6269367656818503,112.89039564904886,479,482,479,1.6910300254821777,-0.1576235524968499,False
5,0,0,59,bed,0.8349897861480713,1.1822867244426092,0.8651610954538297,0.3171256289887795,0.3171256289887795,36.65509587233899,479,2,479,1.0887688398361206,0.43273990116029126,False
5,1,0,59,bed,0.8410949110984802,1.1822867244426092,0.8538652099401226,0.3284215145024866,0.3284215145024866,38.46292256426716,479,2,479,1.0832436084747314,0.4381559810048945,False
5,2,0,59,bed,0.8855814933776855,1.1822867244426092,0.8531931577710732,0.329093566671536,0.329093566671536,38.5719884968695,479,0,479,1.0872589349746704,0.4342199776950977,False
5,3,0,59,bed,0.8808959126472473,1.1822867244426092,0.9045964637102337,0.27769026073237546,0.27769026073237546,30.69769470393674,479,0,479,1.4210535287857056,0.10701953059509872,True
5,4,0,59,bed,0.8912138938903809,1.1822867244426092,0.9340712390523273,0.24821548539028193,0.24821548539028193,26.573506924601574,479,107,479,1.7087697982788086,-0.17501287424780676,False
5,5,0,59,bed,0.8525457978248596,1.1822867244426092,0.9703202382057077,0.2119664862369015,0.2119664862369015,21.845003112463644,479,182,479,1.7083868980407715,-0.1746375382435592,False
5,5,1,57,couch,0.48464444279670715,2.665030868667062,2.8533457212067717,-0.1883148525397096,0.1883148525397096,6.599790945068696,322,3,322,3.3101282119750977,-0.17604216961072705,False
5,5,2,56,chair,0.4820623993873596,2.665030868667062,2.8533457212067717,-0.1883148525397096,0.1883148525397096,6.599790945068696,322,3,322,3.3101282119750977,-0.17604216961072705,False
5,6,0,59,bed,0.7831260561943054,1.1822867244426092,0.9812339737892706,0.2010527506533386,0.2010527506533386,20.489786944180615,479,238,479,1.7074828147888184,-0.17375131524971965,False
5,6,1,57,couch,0.6293030977249146,2.9443096527118753,3.124476146163638,-0.18016649345176283,0.18016649345176283,5.7662944130003595,308,65,308,3.288651466369629,-0.026191726519632752,True
5,7,0,59,bed,0.8406718373298645,1.1822867244426092,0.8695090602648851,0.3127776641777241,0.3127776641777241,35.9717544613555,479,207,479,1.7075350284576416,-0.17380249743211706,False
5,7,1,57,couch,0.6241539716720581,2.6834240906752167,3.04219484320972,-0.3587707525345034,0.3587707525345034,11.793154976095357,321,45,321,3.04843807220459,-0.034336862672808,True
5,7,2,59,bed,0.3137317895889282,1.1822867244426092,0.8695470767875103,0.3127396476550989,0.3127396476550989,35.965809788067695,479,207,479,1.7075350284576416,-0.17380249743211706,False
5,8,0,57,couch,0.6648327708244324,3.103932365323887,3.5088938861779915,-0.4049615208541044,0.4049615208541044,11.5410022072569,301,142,301,3.786963701248169,-0.1774304807997884,False
5,8,1,59,bed,0.6485434770584106,1.1822867244426092,0.8532544936902661,0.3290322307523431,0.3290322307523431,38.562027294963514,479,178,479,1.716251015663147,-0.18234629940925062,False
5,9,0,59,bed,0.831500768661499,1.1822867244426092,0.8452398520963085,0.3370468723463007,0.3370468723463007,39.87588511241858,479,301,479,1.7090829610824585,-0.17531985048789345,False
5,9,1,59,bed,0.7569620013237,1.1822867244426092,0.8451888035291482,0.337097920913461,0.337097920913461,39.8843334774294,479,302,479,1.7091875076293945,-0.17542233170698585,False
5,9,2,62,tv,0.4386407732963562,5.267474899589832,3.3275544674507875,1.9399204321390444,1.9399204321390444,58.29868304530569,245,458,245,3.4446237087249756,0.5564774840624063,False
5,9,3,57,couch,0.3582177460193634,3.3060809373083413,3.684370448915877,-0.37828951160753554,0.37828951160753554,10.267412488851303,293,252,293,3.9925239086151123,-0.17207104944118257,False
5,10,0,59,bed,0.8294482827186584,1.1822867244426092,0.8468681906005686,0.33541853384204057,0.33541853384204057,39.60693500651781,479,343,479,1.7088392972946167,-0.17508100030337226,False
5,10,1,57,couch,0.4342585802078247,3.3060809373083413,3.6951861768784804,-0.3891052395701391,0.3891052395701391,10.5300577817932,293,307,293,3.9873054027557373,-0.16988553652541238,False
5,11,0,59,bed,0.8435029983520508,1.1822867244426092,0.8483945412759387,0.33389218316667046,0.33389218316667046,39.35576750228908,479,366,479,1.709100365638733,-0.1753369112153591,False
5,11,1,57,couch,0.39341601729393005,3.3060809373083413,3.67403895986689,-0.3679580225585486,0.3679580225585486,10.015082218177666,293,359,293,3.9829509258270264,-0.1680618793665294,False
5,12,0,59,bed,0.6298401951789856,1.1822867244426092,0.8488320210706544,0.3334547033719548,0.3334547033719548,39.2839448906934,479,422,479,1.7104071378707886,-0.1766178680268662,False
5,12,1,57,couch,0.4555775225162506,3.202174322980737,3.520258502113678,-0.31808417913294074,0.31808417913294074,9.035818788363201,297,414,297,3.8387789726257324,-0.1540322887147929,False
5,12,2,59,bed,0.4093870222568512,1.1822867244426092,0.914241070287888,0.26804565415472115,0.26804565415472115,29.318925047888676,479,298,479,1.7236920595169067,-0.189640344672366,False
5,13,0,59,bed,0.5058319568634033,1.1822867244426092,0.8499952976548901,0.33229142678771906,0.33229142678771906,39.0933253047988,479,474,479,1.710930585861206,-0.17713097524811494,False
5,13,1,59,bed,0.4734194874763489,1.1822867244426092,1.321798661789691,-0.1395119373470819,0.1395119373470819,10.554704084673931,479,338,479,1.7240287065505981,-0.1899703412091016,False
5,14,0,59,bed,0.2755732834339142,1.1822867244426092,1.3275548167574778,-0.1452680923148686,0.1452680923148686,10.94253061954026,479,394,479,1.7210044860839844,-0.18700586453047352,False
5,15,0,57,couch,0.2612527012825012,1.1822867244426092,1.0726593039267853,0.10962742051582386,0.10962742051582386,10.220152858834151,479,570,479,1.7101109027862549,-0.17632748509705465,False
5,16,0,57,couch,0.5061423182487488,2.1866480344612778,2.415126538516777,-0.22847850405549908,0.22847850405549908,9.460311930314699,353,582,353,2.7696421146392822,-0.16154043937478546,False
5,19,0,57,couch,0.37772712111473083,2.542172777113504,2.812512756935019,-0.2703399798215149,0.2703399798215149,9.612044573128346,329,460,329,3.162799119949341,-0.1682726869694533,False
5,19,1,59,bed,0.2953738868236542,1.1822867244426092,0.9348529246821089,0.24743379976050028,0.24743379976050028,26.467671355324544,479,501,479,1.7073264122009277,-0.173598002411123,False
5,20,0,57,couch,0.7196001410484314,2.6834240906752167,3.0092266859956194,-0.3258025953204027,0.3258025953204027,10.826788052778719,321,400,321,3.3240973949432373,-0.17308144281494364,False
5,20,1,59,bed,0.26063454151153564,1.1822867244426092,1.1068862866675677,0.07540043777504146,0.07540043777504146,6.811940728080097,479,342,479,1.7231433391571045,-0.18910246434000277,False
5,21,0,57,couch,0.812185525894165,2.476288589174513,2.7592295389388433,-0.28294094976433026,0.28294094976433026,10.254346214093697,333,410,333,3.0942025184631348,-0.16944985857230677,False
5,22,0,57,couch,0.7888012528419495,2.2952155523968525,2.511793177930609,-0.21657762553375637,0.21657762553375637,8.622430677679768,345,419,345,2.850727081298828,-0.14134447887484725,True
5,23,0,57,couch,0.8377557396888733,2.4132886231462733,2.63705689076857,-0.2237682676222965,0.2237682676222965,8.485530532376163,337,364,337,3.0278074741363525,-0.17018496208849343,False
5,24,0,57,couch,0.6677255630493164,2.476288589174513,2.782079794817922,-0.3057912056434091,0.3057912056434091,10.991460640812502,333,298,333,3.1049106121063232,-0.175227316677111,False
5,24,1,59,bed,0.5733497738838196,1.1822867244426092,1.0153513636094473,0.16693536083316185,0.16693536083316185,16.441142132288817,479,230,479,1.7202986478805542,-0.1863139702337271,False
5,24,2,56,chair,0.2891138792037964,2.476288589174513,2.782079794817922,-0.3057912056434091,0.3057912056434091,10.991460640812502,333,298,333,3.1049106121063232,-0.175227316677111,False
5,25,0,57,couch,0.7632903456687927,2.2398168151806668,2.4643070142619274,-0.22449019908126067,0.22449019908126067,9.109668469961184,349,310,349,2.8443477153778076,-0.17201433456499804,False
5,25,1,59,bed,0.32263311743736267,1.1822867244426092,0.9528343721810806,0.2294523522615286,0.2294523522615286,24.081032229798964,479,246,479,1.7227363586425781,-0.18870352376761756,False
5,25,2,59,bed,0.27480366826057434,1.1822867244426092,0.8394742370273914,0.34281248741521775,0.34281248741521775,40.83657035493181,479,389,479,1.7025790214538574,-0.16894439685908358,False
5,26,0,57,couch,0.8220848441123962,1.9937802523066508,2.1683703540316595,-0.17459010172500866,0.17459010172500866,8.051673525253312,369,313,369,2.5775272846221924,-0.17077353244219928,False
5,26,1,59,bed,0.34533053636550903,1.1822867244426092,0.8424386183685386,0.33984810607407057,0.33984810607407057,40.340993238441314,479,382,479,1.3714520931243896,0.15564108476674066,False
5,27,0,57,couch,0.6661333441734314,1.7529492399297044,1.916064091410555,-0.16311485148085048,0.16311485148085048,8.513016459734898,393,313,393,2.3209407329559326,-0.1725913488463473,False
5,27,1,56,chair,0.2758653461933136,1.7529492399297044,1.916064091410555,-0.16311485148085048,0.16311485148085048,8.513016459734898,393,313,393,2.3209407329559326,-0.1725913488463473,False
5,28,0,57,couch,0.7010065913200378,1.5267529496504633,1.6640316435646034,-0.13727869391414016,0.13727869391414016,8.249764627075768,421,315,421,2.0301525592803955,-0.13461964269650517,True
5,29,0,61,toilet,0.6051303744316101,1.2974092736530591,1.4136181245960673,-0.11620885094300815,0.11620885094300815,8.220667867866657,457,318,457,1.7880998849868774,-0.13403272159227497,True
5,30,0,61,toilet,0.7664284110069275,1.1822867244426092,1.1685985690178657,0.013688155424743442,0.013688155424743442,1.1713308391475683,479,234,479,1.7139369249343872,-0.18007792378208642,False
5,31,0,61,toilet,0.8409463763237,1.1822867244426092,0.9236095929549742,0.25867713148763494,0.25867713148763494,28.00719410676859,479,113,479,0.9612178206443787,0.5577711367806771,False
5,32,0,72,refrigerator,0.43895354866981506,2.039251667457873,2.256750951739252,-0.217499284281379,0.217499284281379,9.637717627359581,365,469,365,2.586189031600952,-0.1451623104920381,True
5,32,1,61,toilet,0.3193429410457611,1.1822867244426092,0.9466909907335722,0.23559573370903697,0.23559573370903697,24.886233841359203,479,72,479,1.0924128293991089,0.429167898987864,False
5,33,0,57,couch,0.26192376017570496,1.1822867244426092,0.8935227764292941,0.28876394801331506,0.28876394801331506,32.31746919393335,479,314,479,1.7073090076446533,-0.17358094168365712,False
5,34,0,57,couch,0.7210409045219421,1.1822867244426092,0.8371186167305078,0.3451681077121014,0.3451681077121014,41.23287916594271,479,0,479,0.8581957817077637,0.6587579646868741,False
5,36,0,56,chair,0.42971310019493103,1.1822867244426092,0.9422519634320918,0.24003476101051735,0.24003476101051735,25.47458326711321,479,2,479,0.9094862937927246,0.6084807019709664,False
5,38,0,62,tv,0.4914489984512329,1.1822867244426092,1.2270826465715707,-0.04479592212896155,0.04479592212896155,3.6506035069536606,479,534,479,1.6833608150482178,-0.15010584810791605,False
5,39,0,62,tv,0.6958901286125183,1.1822867244426092,1.2848278485018625,-0.10254112405925331,0.10254112405925331,7.980923216975606,479,581,479,1.680629014968872,-0.14742801502157254,True
5,41,0,62,tv,0.5328395962715149,1.1822867244426092,1.2817272118150118,-0.09944048737240263,0.09944048737240263,7.758319122490051,479,533,479,1.6840368509292603,-0.1507685288302345,False
5,42,0,57,couch,0.3241455554962158,1.1822867244426092,1.0271508707302675,0.15513585371234173,0.15513585371234173,15.103511872802649,479,536,479,1.6867457628250122,-0.1534239258914174,False
5,43,0,57,couch,0.2885547876358032,1.1822867244426092,1.061313058469902,0.1209736659727072,0.1209736659727072,11.398490295324857,479,542,479,1.6624274253845215,-0.12958599972128382,True
5,43,1,57,couch,0.2648419737815857,1.1822867244426092,1.0633669516573983,0.11891977278521093,0.11891977278521093,11.183324119661489,479,541,479,1.6722368001937866,-0.13920158931702176,True
5,44,0,61,toilet,0.710502028465271,1.7990440147893272,1.1315526418818163,0.6674913729075109,0.6674913729075109,58.98898099848423,388,499,388,1.3386567831039429,0.5554976684835972,False
5,45,0,61,toilet,0.8258877396583557,1.367546627726179,0.8708666673001346,0.49667996042604434,0.49667996042604434,57.0328362625078,445,552,445,1.0776770114898682,0.5542141904316374,False
5,46,0,61,toilet,0.6525712013244629,1.1822867244426092,0.6298200088102648,0.5524667156323444,0.5524667156323444,87.71819057891771,479,545,479,0.960145115852356,0.5588226501786288,False
5,46,1,61,toilet,0.264313668012619,1.1822867244426092,0.7487522535226814,0.4335344709199278,0.4335344709199278,57.90092368740966,479,438,479,1.2084144353866577,0.31545791671975376,False
5,51,0,79,toothbrush,0.4401761591434479,1.1822867244426092,0.6497730323192856,0.5325136921233236,0.5325136921233236,81.95380011733957,479,498,479,0.8732399940490723,0.6440109523157566,False
5,67,0,56,chair,0.267615407705307,3.416156690958381,3.774136139631218,-0.35797944867283693,0.35797944867283693,9.485069839261712,289,453,289,4.008549690246582,-0.13038313406574664,True
5,71,0,61,toilet,0.2718965411186218,2.8389123183635725,3.091704667896927,-0.2527923495333546,0.2527923495333546,8.176471451437559,313,517,313,3.3597774505615234,-0.10990749818604728,True
6,1,0,28,suitcase,0.580982506275177,1.1822867244426092,1.0111806549673725,0.17110606947523666,0.17110606947523666,16.921414450987264,479,148,479,1.4660162925720215,0.06294501085598414,True
6,2,0,59,bed,0.338771253824234,1.1822867244426092,0.8779163430513413,0.30437038139126793,0.30437038139126793,34.66963382107446,479,0,479,1.1202847957611084,0.4018465462029679,False
6,3,0,59,bed,0.5125707983970642,1.1822867244426092,0.8793293057758582,0.30295741866675097,0.30295741866675097,34.45323801638144,479,0,479,1.0128334760665894,0.5071751539677629,False
6,4,0,59,bed,0.6917843222618103,1.1822867244426092,0.8668459110731269,0.31544081336948226,0.31544081336948226,36.389490835686914,479,0,479,0.9910147190093994,0.528562879223494,False
6,5,0,59,bed,0.6948019862174988,1.1822867244426092,0.8485143961316354,0.3337723283109738,0.3337723283109738,39.33608313926516,479,0,479,1.092789888381958,0.42879828884420434,False
6,6,0,59,bed,0.7106282711029053,1.1822867244426092,0.8512014492297089,0.3310852752129003,0.3310852752129003,38.89623020643521,479,0,479,1.0834604501724243,0.43794342303735845,False
6,6,1,57,couch,0.4760596454143524,2.7592573694091684,2.006829645270578,0.7524277241385904,0.7524277241385904,37.49335305624019,317,2,317,2.1868045330047607,0.42574332296809914,False
6,6,2,28,suitcase,0.26291409134864807,1.1822867244426092,0.8993483272424017,0.2829383972002075,0.2829383972002075,31.46037954701694,479,386,479,1.6034966707229614,-0.0718194282107858,True
6,7,0,57,couch,0.662918210029602,2.7399517084563145,2.912666742668083,-0.17271503421176826,0.17271503421176826,5.929790445355123,318,2,318,3.168832778930664,-0.06623827014527017,True
6,7,1,59,bed,0.647209882736206,1.1822867244426092,0.8529522783238138,0.32933444611879537,0.32933444611879537,38.61112215632856,479,2,479,1.0895112752914429,0.4320121325941477,False
6,7,2,56,chair,0.3572252094745636,1.3435329484955398,0.8655873946319576,0.4779455538635823,0.4779455538635823,55.21632556430674,449,560,449,1.077434778213501,0.5414177520754822,False
6,8,0,57,couch,0.45065638422966003,3.5329678035523537,3.9724227986310066,-0.4394549950786528,0.4394549950786528,11.062644067748773,285,156,285,4.239175319671631,-0.17300056311805978,False
6,8,1,59,bed,0.4282766282558441,1.1822867244426092,0.874802740224192,0.30748398421841716,0.30748398421841716,35.14895073826769,479,636,479,0.9052171111106873,0.6126655465077385,False
6,9,0,59,bed,0.49886009097099304,1.1822867244426092,0.9191465269820875,0.26314019746052164,0.26314019746052164,28.628753929421062,479,18,479,1.7209868431091309,-0.18698857009441228,False
6,9,1,57,couch,0.4275813400745392,3.789430025844956,2.7889285814753793,1.0005014443695766,1.0005014443695766,35.87404320838859,277,220,277,2.8960981369018555,0.4269834223140512,False
6,10,0,57,couch,0.4140244722366333,3.930619911182698,2.8920366615257405,1.0385832496569574,1.0385832496569574,35.91182862491916,273,276,273,2.7512028217315674,0.5138859711001187,False
6,10,1,59,bed,0.33550071716308594,1.1822867244426092,0.9120535118538534,0.27023321258875577,0.27023321258875577,29.629096218211554,479,639,479,1.1260066032409668,0.3962377736214395,False
6,11,0,59,bed,0.4321724474430084,1.1822867244426092,0.8782306299253893,0.30405609451721993,0.30405609451721993,34.62144044589418,479,78,479,1.7277570962905884,-0.19362507622430836,False
6,11,1,57,couch,0.32080280780792236,4.08165363695277,4.210833648577099,-0.1291800116243289,0.1291800116243289,3.067801352541692,269,326,269,4.8246917724609375,-0.17106129627553934,False
6,11,2,59,bed,0.2833055555820465,1.1822867244426092,1.0008584199433326,0.1814283044992766,0.1814283044992766,18.127269640150388,479,78,479,1.7277570962905884,-0.19362507622430836,False
6,12,0,59,bed,0.3330037593841553,1.1822867244426092,0.8923514833031371,0.2899352411394721,0.2899352411394721,32.49114800215773,479,150,479,1.719205617904663,-0.18524253317801564,False
6,13,0,59,bed,0.5133032202720642,1.1822867244426092,0.8722594725930852,0.31002725184952395,0.31002725184952395,35.543007739183786,479,278,479,1.7132542133331299,-0.17940869921909597,False
6,13,1,62,tv,0.27857694029808044,3.930619911182698,1.3467305554020692,2.5838893557806286,2.5838893557806286,191.8638695332195,273,41,273,1.419454574584961,0.9912246896783262,False
6,14,0,62,tv,0.49002474546432495,4.417679139474614,1.5403197873252212,2.8773593521493925,2.8773593521493925,186.8027260200268,261,123,261,1.6077529191970825,0.9819692640494141,False
6,14,1,59,bed,0.4621368944644928,1.1822867244426092,0.8623047153062258,0.3199820091363834,0.3199820091363834,37.10776520835212,479,326,479,1.7126595973968506,-0.17882582998211394,False
6,14,2,57,couch,0.28812310099601746,3.444704422871351,3.59689836925421,-0.15219394638285877,0.15219394638285877,4.231255119238052,288,522,288,2.633481740951538,0.43684256651513076,False
6,15,0,59,bed,0.5043104887008667,1.1822867244426092,0.8631292327035625,0.31915749173904673,0.31915749173904673,36.976790919171634,479,198,479,1.728415608406067,-0.19427057936486336,False
6,15,1,59,bed,0.275547593832016,1.1822867244426092,0.8515205959259473,0.3307661285166619,0.3307661285166619,38.84417242509387,479,310,479,1.7159000635147095,-0.18200228035678978,False
6,16,0,57,couch,0.7084610462188721,2.702039260394133,2.819104221309235,-0.11706496091510221,0.11706496091510221,4.152558817450724,320,619,320,3.3424413204193115,-0.1722250694243217,False
6,16,1,59,bed,0.49928444623947144,1.1822867244426092,0.8879013117271163,0.2943854127154929,0.2943854127154929,33.15519515821686,479,226,479,1.7279704809188843,-0.19383424541721084,False
6,16,2,59,bed,0.36309778690338135,1.1822867244426092,0.8506118306199804,0.3316748938226288,0.3316748938226288,38.99250890748638,479,370,479,1.7148476839065552,-0.18097069061659776,False
6,16,3,62,tv,0.32710570096969604,4.08165363695277,1.4394344044775538,2.642219232475216,2.642219232475216,183.55954423878146,269,159,269,1.5102922916412354,0.9769010926188879,False
6,18,0,62,tv,0.3205564022064209,3.789430025844956,1.304528317927978,2.4849017079169777,2.4849017079169777,190.4827724908128,277,207,277,1.3775440454483032,0.9896141196237761,False
6,26,0,57,couch,0.35429736971855164,2.0864826102176868,2.333155217139077,-0.24667260692139026,0.24667260692139026,10.572490210225322,361,597,361,2.6814639568328857,-0.17339372162289957,False
6,27,0,57,couch,0.2939310669898987,2.476288589174513,2.7133412276551976,-0.23705263848068459,0.23705263848068459,8.736558309164073,333,519,333,3.0587754249572754,-0.15033548067038427,False
6,28,0,57,couch,0.5474754571914673,2.7592573694091684,3.006576282066678,-0.2473189126575095,0.2473189126575095,8.225931739457014,317,455,317,3.325613021850586,-0.13369059283884854,True
6,28,1,59,bed,0.2698569595813751,1.1822867244426092,1.3215089962090643,-0.13922227176645507,0.13922227176645507,10.535098297918053,479,370,479,1.7250745296478271,-0.19099550396291964,False
6,29,0,59,bed,0.3925994336605072,1.1822867244426092,0.9485744741494184,0.23371225029319076,0.23371225029319076,24.63826053328699,479,516,479,1.7072222232818604,-0.17349587175492376,False
6,29,1,57,couch,0.38955333828926086,2.476288589174513,2.7564330946130435,-0.28014450543853053,0.28014450543853053,10.16329784989242,333,463,333,3.0948872566223145,-0.16981930304666837,False
6,30,0,57,couch,0.7200053930282593,2.611143892272438,2.9468688619684382,-0.3357249696960003,0.3357249696960003,11.392599583537084,325,405,325,3.247403144836426,-0.173689150095226,False
6,30,1,59,bed,0.2999643087387085,1.1822867244426092,1.1170619220785523,0.06522480236405692,0.06522480236405692,5.838960318573126,479,350,479,1.7231611013412476,-0.1891198756303616,False
6,31,0,57,couch,0.7327418327331543,2.476288589174513,2.709708022089674,-0.2334194329151611,0.2334194329151611,8.61419130815255,333,415,333,3.0397117137908936,-0.14004982233978902,True
6,31,1,59,bed,0.3227848410606384,1.1822867244426092,0.17900573896406086,1.0032809854785483,1.0032809854785483,560.4742011539518,479,2,479,0.1507611870765686,1.3522171157610012,False
6,31,2,56,chair,0.2961825728416443,2.476288589174513,2.709708022089674,-0.2334194329151611,0.2334194329151611,8.61419130815255,333,415,333,3.0397117137908936,-0.14004982233978902,True
6,32,0,57,couch,0.7765324115753174,2.611143892272438,2.8325562749180686,-0.22141238264563068,0.22141238264563068,7.816698457369043,325,360,325,3.2393150329589844,-0.1695205931005226,False
6,32,1,59,bed,0.47529566287994385,1.1822867244426092,1.0124307913425228,0.1698559331000864,0.1698559331000864,16.77704140890962,479,306,479,1.7251454591751099,-0.19106503227005756,False
6,32,2,59,bed,0.270481139421463,1.1822867244426092,0.19651029890556093,0.9857764255370483,0.9857764255370483,501.64110025133766,479,2,479,0.17117929458618164,1.3322023700762244,False
6,33,0,57,couch,0.8369054794311523,2.3529875412892904,2.5756559392704252,-0.2226683979811348,0.2226683979811348,8.64511422454225,341,365,341,2.9243667125701904,-0.14843447087192807,True
6,34,0,57,couch,0.8159132599830627,2.1355772235358987,2.3269606868422485,-0.1913834633063498,0.1913834633063498,8.224610943731179,357,370,357,2.6684560775756836,-0.1330568947488444,True
6,34,1,59,bed,0.40988242626190186,1.1822867244426092,0.8505403724038343,0.3317463520387749,0.3317463520387749,39.004186374031704,479,446,479,1.572535753250122,-0.04147014686360451,True
6,35,0,57,couch,0.7372226715087891,2.1866480344612778,2.4363337728120387,-0.2496857383507609,0.2496857383507609,10.248420850094417,353,314,353,2.788933038711548,-0.17311328854889352,False
6,35,1,59,bed,0.42032191157341003,1.1822867244426092,0.9670737053491573,0.21521301909345192,0.21521301909345192,22.254045157369916,479,254,479,1.7216403484344482,-0.1876291653544635,False
6,35,2,56,chair,0.2644241154193878,2.1866480344612778,2.4363337728120387,-0.2496857383507609,0.2496857383507609,10.248420850094417,353,314,353,2.788933038711548,-0.17311328854889352,False
6,36,0,57,couch,0.751361072063446,1.949971839345048,2.11928428818523,-0.16931244884018182,0.16931244884018182,7.989133396783036,373,319,373,2.5276660919189453,-0.16897233821665592,False
6,36,1,59,bed,0.2755119800567627,1.1822867244426092,0.8424490137356337,0.33983771070697544,0.33983771070697544,40.33926150617096,479,398,479,1.7036335468292236,-0.16997808997663433,False
6,37,0,57,couch,0.746494472026825,1.7174406329589356,1.8656219883437721,-0.14818135538483657,0.14818135538483657,7.942732038465429,397,320,397,2.2316582202911377,-0.13519490187542083,True
6,39,0,61,toilet,0.7386506795883179,1.2752496292077253,1.356605785510152,-0.08135615630242676,0.08135615630242676,5.997037398143836,461,325,461,1.7308405637741089,-0.10260530189112838,True
6,40,0,61,toilet,0.7538237571716309,1.1822867244426092,1.129477765311389,0.05280895913122019,0.05280895913122019,4.675520028201807,479,220,479,1.5571236610412598,-0.026362522129750987,True
6,40,1,75,vase,0.35560595989227295,1.1822867244426092,0.8531587957267257,0.3291279287158835,0.3291279287158835,38.5775696581233,479,150,479,1.4495002031326294,0.07913482324093835,True
6,41,0,61,toilet,0.7694553136825562,1.1822867244426092,0.8916539477476227,0.29063277669498644,0.29063277669498644,32.59479503557902,479,141,479,1.333083152770996,0.19325204273657137,False
6,42,0,72,refrigerator,0.5454098582267761,1.949971839345048,2.1865402016032816,-0.23656836225823352,0.23656836225823352,10.819300833562066,373,474,373,2.499051809310913,-0.15007884342183342,False
6,44,0,57,couch,0.6452938914299011,1.1822867244426092,0.8085854356875792,0.37370128875502995,0.37370128875502995,46.216673249531596,479,2,479,0.8194643259048462,0.6967242765760436,False
6,46,0,56,chair,0.38145869970321655,1.1822867244426092,0.9158950764343661,0.2663916480082431,0.2663916480082431,29.085389239706537,479,2,479,0.9685649275779724,0.550569172704158,False
6,48,0,62,tv,0.311259001493454,1.3435329484955398,1.4896317343450494,-0.14609878584950953,0.14609878584950953,9.807711696860782,449,571,449,1.8546743392944336,-0.15008400812590383,False
6,49,0,62,tv,0.5538576245307922,1.1822867244426092,1.2850033293822163,-0.1027166049396071,0.1027166049396071,7.99348940122899,479,583,479,1.6827698945999146,-0.14952660135416296,True
6,51,0,57,couch,0.5603557825088501,1.1822867244426092,0.8567309156740408,0.3255558087685684,0.3255558087685684,37.99977365266834,479,518,479,1.6876280307769775,-0.15428876454877583,False
6,51,1,59,bed,0.31286224722862244,1.1822867244426092,0.8567309156740408,0.3255558087685684,0.3255558087685684,37.99977365266834,479,518,479,1.6876280307769775,-0.15428876454877583,False
6,52,0,57,couch,0.5147261619567871,1.1822867244426092,0.9959602179409729,0.1863265065016363,0.1863265065016363,18.70822781323975,479,524,479,1.6862541437149048,-0.15294201876765756,False
6,52,1,59,bed,0.27689966559410095,1.1822867244426092,0.9959602179409729,0.1863265065016363,0.1863265065016363,18.70822781323975,479,524,479,1.6862541437149048,-0.15294201876765756,False
6,53,0,57,couch,0.566525399684906,1.1822867244426092,1.0147740316865856,0.16751269275602354,0.16751269275602354,16.507388593459797,479,532,479,1.601155161857605,-0.06952417609514794,True
6,54,0,61,toilet,0.7636157870292664,1.7529492399297044,1.1152527586614878,0.6376964812682167,0.6376964812682167,57.17954753445953,393,484,393,1.3102623224258423,0.5557564033883508,False
6,55,0,61,toilet,0.8697534799575806,1.367546627726179,0.8413815314807687,0.5261650962454103,0.5261650962454103,62.535850450555884,445,538,445,1.0771857500076294,0.5546453290137314,False
6,56,0,61,toilet,0.8774464130401611,1.1822867244426092,0.6805390702200484,0.5017476542225607,0.5017476542225607,73.72797186505743,479,591,479,0.9640568494796753,0.5549881932535428,False
6,60,0,79,toothbrush,0.34552979469299316,1.1921038660878276,0.8991021148225008,0.2930017512653268,0.2930017512653268,32.588261826430106,477,450,477,1.1842079162597656,0.346335339871205,False
6,61,0,79,toothbrush,0.3854433298110962,1.1822867244426092,0.8084003224622787,0.3738864019803305,0.3738864019803305,46.250154977860824,479,502,479,1.0855003595352173,0.4359438122949293,False
7,8,0,56,chair,0.37501445412635803,4.808152731105021,4.853601559476689,-0.045448828371668526,0.045448828371668526,0.9363938884297041,253,354,253,5.088527679443359,-0.016685449795321494,True
7,11,0,56,chair,0.30483493208885193,4.605315013119116,4.569696381838975,0.035618631280140534,0.035618631280140534,0.7794529067991731,257,246,257,4.747420787811279,0.027664091553376124,True
7,14,0,59,bed,0.42717012763023376,4.605315013119116,4.2601998023711465,0.34511521074796914,0.34511521074796914,8.100916078064802,257,431,257,4.449644565582275,0.12001457916866776,True
7,14,1,58,potted plant,0.32733726501464844,9.736517592885464,4.980152452393261,4.756365140492203,4.756365140492203,95.50641643924948,205,170,205,4.897505283355713,0.7498446695376851,False
7,16,0,59,bed,0.7286956906318665,3.3060809373083413,3.7164238781102563,-0.410342940801915,0.410342940801915,11.041338508743195,293,517,293,3.9606668949127197,-0.1587293158529426,False
7,18,0,58,potted plant,0.33128663897514343,7.7974987597924255,3.9808757040316163,3.816623055760809,3.816623055760809,95.87395687575825,217,134,217,3.9712605476379395,0.7478705493801165,False
7,18,1,59,bed,0.30820590257644653,2.966217152206057,3.352550379574439,-0.38633322736838194,0.38633322736838194,11.523562172909738,307,543,307,3.5926644802093506,-0.15643304090376353,False
7,19,0,59,bed,0.39407068490982056,1.367546627726179,1.5148186918650688,-0.14727206413888982,0.14727206413888982,9.722091820610302,445,469,445,1.8762242794036865,-0.1466030917504788,True
7,19,1,58,potted plant,0.36461448669433594,7.306101522862765,3.7287610612728272,3.5773404615899373,3.5773404615899373,95.93911765343307,221,126,221,3.735779285430908,0.7473630106596052,False
7,19,2,75,vase,0.2922535240650177,7.306101522862765,3.729116920516539,3.5769846023462257,3.5769846023462257,95.92041972904298,221,122,221,3.7350306510925293,0.7475138359229584,False
7,20,0,58,potted plant,0.48115167021751404,6.870273553372899,3.483283231373119,3.3869903219997797,3.3869903219997797,97.23557049550115,225,113,225,3.524512529373169,0.747371111314561,False
7,20,1,59,bed,0.4206653833389282,1.1822867244426092,1.2882717872550586,-0.10598506281244946,0.10598506281244946,8.226917942391141,479,485,479,1.675777792930603,-0.14267262937622682,True
7,21,0,58,potted plant,0.3653523027896881,6.131451933135833,3.1674090661101957,2.964042867025637,2.964042867025637,93.57941475698601,233,100,233,3.1849544048309326,0.7429700422661385,False
7,21,1,59,bed,0.25490427017211914,1.617605508838784,1.7799926202502256,-0.1623871114114417,0.1623871114114417,9.122909250523401,409,470,409,1.8703885078430176,0.06176733408104895,True
7,22,0,59,bed,0.3545037508010864,1.7529492399297044,1.9434380539968688,-0.19048881406716434,0.19048881406716434,9.801640637601267,393,418,393,2.292430877685547,-0.1520456551950593,False
7,23,0,59,bed,0.5385571122169495,2.4132886231462733,2.682087268288283,-0.26879864514200946,0.26879864514200946,10.021994747156668,337,482,337,3.0009453296661377,-0.1553673919071532,False
7,24,0,59,bed,0.6393436193466187,2.542172777113504,2.842495090351286,-0.3003223132377819,0.3003223132377819,10.56544703479741,329,418,329,3.1361355781555176,-0.1542085441562302,False
7,25,0,59,bed,0.6086233258247375,2.6834240906752167,3.000932333181443,-0.31750824250622633,0.31750824250622633,10.580319955752532,321,364,321,3.2833096981048584,-0.1525522192190092,False
7,25,1,57,couch,0.597523033618927,1.8276597569332034,2.0499512794168258,-0.22229152248362238,0.22229152248362238,10.84374661562007,385,636,385,2.4041190147399902,-0.17447895534046687,False
7,26,0,57,couch,0.8520804643630981,2.039251667457873,2.250078962303406,-0.21082729484553298,0.21082729484553298,9.369773166969617,365,557,365,2.602839946746826,-0.15575452076687446,False
7,26,1,59,bed,0.5768991112709045,2.7592573694091684,3.067861834013886,-0.3086044646047177,0.3086044646047177,10.05926867967682,317,313,317,3.3673973083496094,-0.1542169124477224,False
7,27,0,57,couch,0.7506886124610901,2.2952155523968525,2.553720990112938,-0.2585054377160856,0.2585054377160856,10.122696986746904,345,485,345,2.897848606109619,-0.16847533089212208,False
7,27,1,59,bed,0.45066532492637634,2.6834240906752167,3.000218546781229,-0.3167944561060123,0.3167944561060123,10.559045988362541,321,262,321,3.2841451168060303,-0.15297270134087393,False
7,27,2,56,chair,0.2726421654224396,2.2952155523968525,2.553720990112938,-0.2585054377160856,0.2585054377160856,10.122696986746904,345,485,345,2.897848606109619,-0.16847533089212208,False
7,28,0,57,couch,0.6622151732444763,2.0864826102176868,2.308302765291618,-0.22182015507393116,0.22182015507393116,9.609664659649084,361,500,361,2.666123867034912,-0.1638205890467006,False
7,28,1,59,bed,0.4355359971523285,2.476288589174513,2.749755672156267,-0.27346708298175404,0.27346708298175404,9.945141153843325,333,256,333,2.88956356048584,-0.05903870176694492,True
7,28,2,56,chair,0.3041323721408844,2.0864826102176868,2.308302765291618,-0.22182015507393116,0.22182015507393116,9.609664659649084,361,500,361,2.666123867034912,-0.1638205890467006,False
7,29,0,57,couch,0.8194746375083923,1.8669919745293975,2.055423634568653,-0.1884316600392555,0.1884316600392555,9.167533975486245,381,519,381,2.419373035430908,-0.15589175836252345,False
7,29,1,59,bed,0.3535173535346985,2.3529875412892904,2.31568665400517,0.03730088728412051,0.03730088728412051,1.6107916509172588,341,237,341,1.6731207370758057,0.5568796023182719,False
7,29,2,59,bed,0.31862035393714905,2.542172777113504,2.8309305229323054,-0.2887577458188013,0.2887577458188013,10.200100054723464,329,298,329,0.7404683828353882,1.1094272409344463,False
7,30,0,57,couch,0.7589121460914612,1.6498221342233514,1.8072900510142422,-0.15746791679089078,0.15746791679089078,8.712929986114878,405,541,405,2.1798436641693115,-0.14986819082516178,True
7,30,1,59,bed,0.7499768733978271,2.2952155523968525,2.5570291706926644,-0.26181361829581196,0.26181361829581196,10.23897659426741,345,286,345,0.47046607732772827,1.2291228249854242,False
7,30,2,61,toilet,0.5327819585800171,1.8669919745293975,1.1623519102913829,0.7046400642380146,0.7046400642380146,60.62192164001113,381,149,381,0.8620320558547974,0.9099993031954969,False
7,31,0,57,couch,0.7037453651428223,1.8669919745293975,2.0409441117813047,-0.17395213725190728,0.17395213725190728,8.5231210520549,381,476,381,2.401916265487671,-0.1439438193496838,True
7,31,1,59,bed,0.5936076641082764,2.1866480344612778,2.4357758662471527,-0.24912783178587494,0.24912783178587494,10.2278635418829,353,237,353,0.47365641593933105,1.2158480204742912,False
7,31,2,61,toilet,0.2534446716308594,1.617605508838784,1.0127702301019283,0.6048352787368556,0.6048352787368556,59.72087851318291,409,81,409,1.2111361026763916,0.5686985626575753,False
7,32,0,59,bed,0.7146123051643372,2.039251667457873,2.283838840486035,-0.2445871730281617,0.2445871730281617,10.709476023102834,365,183,365,0.4553886651992798,1.2103118683682006,False
7,32,1,57,couch,0.6292975544929504,2.0049885525977706,2.220886230143153,-0.21589767754538247,0.21589767754538247,9.721239864298056,368,418,368,2.575430393218994,-0.16164032734896394,False
7,32,2,61,toilet,0.46427294611930847,1.3985091679134343,0.8627000910071678,0.5358090769062664,0.5358090769062664,62.108383028073035,440,2,440,1.0698976516723633,0.5771890031640039,False
7,32,3,56,chair,0.35655081272125244,2.0049885525977706,2.220886230143153,-0.21589767754538247,0.21589767754538247,9.721239864298056,368,418,368,2.575430393218994,-0.16164032734896394,False
7,33,0,59,bed,0.8577654361724854,1.1921038660878276,0.7566295376388628,0.43547432844896483,0.43547432844896483,57.55449751643393,477,36,477,0.9697909951210022,0.5552219898040134,False
7,33,1,57,couch,0.5484324097633362,1.7529492399297044,1.961112620575897,-0.20816338064619266,0.20816338064619266,10.614555149059402,393,428,393,2.319368600845337,-0.1714583881765257,False
7,33,2,56,chair,0.3795645534992218,1.7529492399297044,1.961112620575897,-0.20816338064619266,0.20816338064619266,10.614555149059402,393,428,393,2.319368600845337,-0.1714583881765257,False
7,34,0,59,bed,0.866547167301178,1.1822867244426092,1.2058745885263413,-0.023587864083732146,0.023587864083732146,1.9560793724460253,479,2,479,1.5113263130187988,0.018530094547637654,True
7,34,1,56,chair,0.5709885954856873,1.8669919745293975,2.077791928281416,-0.21079995375201865,0.21079995375201865,10.145383225469336,381,376,381,2.4413766860961914,-0.1709517194586183,False
7,35,0,59,bed,0.789846658706665,1.2807351819428308,1.423724119303133,-0.14298893736030216,0.14298893736030216,10.043303714647374,460,0,460,1.799028992652893,-0.1603113552844586,False
7,35,1,56,chair,0.6770766973495483,1.8669919745293975,2.102812111077126,-0.23582013654772838,0.23582013654772838,11.214512951750786,381,329,381,2.4429407119750977,-0.1720221858665758,False
7,35,2,57,couch,0.34503716230392456,1.8669919745293975,2.102812111077126,-0.23582013654772838,0.23582013654772838,11.214512951750786,381,329,381,2.4429407119750977,-0.1720221858665758,False
7,36,0,57,couch,0.6093473434448242,1.8669919745293975,2.097960285462892,-0.23096831093349457,0.23096831093349457,11.009184136320957,381,280,381,2.4421939849853516,-0.17151110342911813,False
7,36,1,59,bed,0.4796657860279083,1.5863849771239793,1.7815699652906742,-0.19518498816669494,0.19518498816669494,10.955785737825305,413,2,413,2.1359403133392334,-0.16821785975529902,False
7,36,2,56,chair,0.4333036541938782,1.8669919745293975,2.097960285462892,-0.23096831093349457,0.23096831093349457,11.009184136320957,381,280,381,2.4421939849853516,-0.17151110342911813,False
7,37,0,57,couch,0.5875775814056396,1.6498221342233514,1.8494721727812078,-0.19965003855785635,0.19965003855785635,10.794973911806723,405,276,405,2.2085676193237305,-0.17160862143628264,False
7,37,1,56,chair,0.5122841596603394,1.6498221342233514,1.8494721727812078,-0.19965003855785635,0.19965003855785635,10.794973911806723,405,276,405,2.2085676193237305,-0.17160862143628264,False
7,38,0,57,couch,0.7495033740997314,1.417612327684669,1.592176951304413,-0.174564623619744,0.174564623619744,10.963895908474841,437,271,437,1.9594483375549316,-0.1723247527822116,False
7,38,1,56,chair,0.29055753350257874,1.417612327684669,1.592176951304413,-0.174564623619744,0.174564623619744,10.963895908474841,437,271,437,1.9594483375549316,-0.1723247527822116,False
7,39,0,57,couch,0.8227014541625977,1.2326200688054518,1.356825483068748,-0.12420541426329623,0.12420541426329623,9.154118625659905,469,265,469,1.7373288869857788,-0.1505661864329082,False
7,40,0,57,couch,0.7645801305770874,1.2536604778467009,1.3838822366805097,-0.13022175883380882,0.13022175883380882,9.409887299815995,465,310,465,1.7649257183074951,-0.1554749824607069,False
7,40,1,56,chair,0.30565088987350464,1.2536604778467009,1.3838822366805097,-0.13022175883380882,0.13022175883380882,9.409887299815995,465,310,465,1.7649257183074951,-0.1554749824607069,False
7,41,0,57,couch,0.8454124331474304,1.2536604778467009,1.3729199600053053,-0.11925948215860438,0.11925948215860438,8.686557529409328,465,354,465,1.7539291381835938,-0.14516034819655155,True
7,41,1,59,bed,0.4824838936328888,1.1822867244426092,1.3088727151812505,-0.1265859907386413,0.1265859907386413,9.67137516661518,479,2,479,1.613179087638855,-0.08131056797946168,True
7,41,2,57,couch,0.3543034791946411,1.1822867244426092,1.3088727151812505,-0.1265859907386413,0.1265859907386413,9.67137516661518,479,2,479,1.613179087638855,-0.08131056797946168,True
7,42,0,57,couch,0.8533051013946533,1.212107743143963,1.3164554457916,-0.10434770264763693,0.10434770264763693,7.926413535772298,473,400,473,1.6982362270355225,-0.13393045296535022,True
7,42,1,59,bed,0.6736740469932556,1.1822867244426092,1.219804871570566,-0.03751814712795687,0.03751814712795687,3.0757499008550595,479,2,479,1.527967095375061,0.0022180525672779172,True
7,43,0,59,bed,0.8653885126113892,1.1822867244426092,1.1833837686337094,-0.0010970441911002382,0.0010970441911002382,0.09270400863845246,479,0,479,1.4495502710342407,0.07908574443589989,True
7,43,1,57,couch,0.863457977771759,1.1822867244426092,1.1871014993886488,-0.004814774946039657,0.004814774946039657,0.40559084025411823,479,440,479,1.7096577882766724,-0.17588332191145528,False
7,44,0,57,couch,0.8685792088508606,1.1822867244426092,1.123024525212723,0.05926219922988629,0.05926219922988629,5.2770173668879465,479,469,479,1.7084217071533203,-0.17467165969849097,False
7,44,1,59,bed,0.8050007820129395,1.1822867244426092,1.1739924125167778,0.00829431192583141,0.00829431192583141,0.7065047301328171,479,2,479,1.431932806968689,0.09635517367740531,True
7,45,0,57,couch,0.8483875393867493,1.1822867244426092,0.9601967380734575,0.22208998636915167,0.22208998636915167,23.129633497272017,479,501,479,1.7083346843719482,-0.17458635606116202,False
7,45,1,59,bed,0.6268376111984253,1.1822867244426092,1.185323106286622,-0.003036381844012892,0.003036381844012892,0.25616490794018715,479,0,479,1.1783360242843628,0.34494212570098104,False
7,46,0,57,couch,0.4058699607849121,1.1822867244426092,0.9965797559174283,0.18570696852518087,0.18570696852518087,18.634431155409466,479,538,479,1.7082651853561401,-0.17451823000559652,False
7,46,1,59,bed,0.3383035659790039,1.3144171322994538,1.4522944209300077,-0.13787728863055393,0.13787728863055393,9.493755993516883,454,104,454,1.823529601097107,-0.1498966527417953,True
7,47,0,59,bed,0.49890899658203125,1.1822867244426092,1.1701999629161353,0.012086761526473921,0.012086761526473921,1.032880012776085,479,52,479,1.4413560628890991,0.08711807515195269,True
7,47,1,58,potted plant,0.2525348663330078,1.8669919745293975,1.5532586105360642,0.3137333639933333,0.3137333639933333,20.19839850654727,381,573,381,2.1223764419555664,0.04738165346583112,True
7,48,0,59,bed,0.5515369176864624,1.1822867244426092,1.0777860222709943,0.10450070217161489,0.10450070217161489,9.695867269777937,479,2,479,1.220306634902954,0.3038006488344105,False
7,49,0,59,bed,0.8134502172470093,1.1822867244426092,1.0535275399491395,0.12875918449346968,0.12875918449346968,12.22171985173598,479,0,479,1.1718751192092896,0.3512753949283174,False
7,49,1,57,couch,0.4261687994003296,1.1822867244426092,0.9723411129289513,0.20994561151365787,0.20994561151365787,21.591765350870084,479,490,479,1.710302710533142,-0.17651550366207136,False
7,49,2,58,potted plant,0.2744312882423401,1.8276597569332034,1.763240980845264,0.06441877608793933,0.06441877608793933,3.6534300636013013,385,534,385,2.111823797225952,0.02910588695439542,True
7,50,0,59,bed,0.7479910850524902,1.1822867244426092,1.3122379476620627,-0.12995122321945352,0.12995122321945352,9.903022805504138,479,10,479,1.111305832862854,0.4106481287608519,False
7,51,0,59,bed,0.8177005648612976,1.1822867244426092,1.3138739364938226,-0.13158721205121338,0.13158721205121338,10.015208338964722,479,2,479,1.045332908630371,0.4753177510543245,False
7,51,1,58,potted plant,0.4067535996437073,1.7896679701346712,1.4932226100159398,0.29644536011873135,0.29644536011873135,19.852723775430032,389,491,389,2.09212589263916,0.017565079543226725,True
7,51,2,57,couch,0.38176703453063965,1.1822867244426092,0.969123119256373,0.21316360518623623,0.21316360518623623,21.99551336158411,479,466,479,1.4302116632461548,0.09804231602775548,True
7,52,0,59,bed,0.6802908778190613,1.1822867244426092,0.9501871949728589,0.23209952946975032,0.23209952946975032,24.42671619842025,479,2,479,1.013696312904358,0.5063293625609313,False
7,52,1,59,bed,0.5371933579444885,1.1822867244426092,0.9698830374153871,0.21240368702722212,0.21240368702722212,21.89992801536673,479,410,479,1.7103550434112549,-0.17656680269876657,False
7,53,0,57,couch,0.2540089786052704,1.1822867244426092,0.9478854790959731,0.2344012453466361,0.2344012453466361,24.728857073556142,479,394,479,1.7121002674102783,-0.1782775496172544,False
7,54,0,59,bed,0.4315989017486572,1.1822867244426092,1.3185783542027156,-0.13629162976010645,0.13629162976010645,10.336255659415537,479,484,479,1.7108433246612549,-0.1770454379021904,False
7,55,0,0,person,0.28344619274139404,1.1822867244426092,0.845184769302848,0.33710195513976116,0.33710195513976116,39.885001171734345,479,2,479,1.0243854522705078,0.4958513882480866,False
7,55,1,58,potted plant,0.25904765725135803,1.1822867244426092,0.8585947541715964,0.3236919702710128,0.3236919702710128,37.700203582459885,479,485,479,1.2568646669387817,0.26796482450110637,False
7,64,0,59,bed,0.32780927419662476,1.1822867244426092,1.3266687737369143,-0.1443820492943051,0.1443820492943051,10.88305175734368,479,2,479,1.1092852354049683,0.4126288091070518,False
7,64,1,59,bed,0.31120869517326355,1.1822867244426092,0.9752518759784438,0.20703484846416542,0.20703484846416542,21.22885928893528,479,2,479,1.1092852354049683,0.4126288091070518,False
7,66,0,59,bed,0.6492709517478943,1.1822867244426092,0.925271077982474,0.2570156464601352,0.2570156464601352,27.77733494280942,479,2,479,1.082887053489685,0.43850549220934787,False
7,67,0,59,bed,0.8399043083190918,1.1822867244426092,0.8536575922571518,0.3286291321854574,0.3286291321854574,38.49659807002135,479,0,479,1.0766465663909912,0.4446226978402166,False
7,67,1,28,suitcase,0.32971012592315674,2.6834240906752167,2.446760206838164,0.2366638838370525,0.2366638838370525,9.672540986061007,321,2,321,2.1672286987304688,0.4091925754949659,False
7,68,0,59,bed,0.5501514673233032,1.1822867244426092,0.8718863799293078,0.31040034451330134,0.31040034451330134,35.601008532610464,479,0,479,1.0747913122177124,0.44644130127549153,False
7,69,0,59,bed,0.8259980082511902,1.1822867244426092,0.8499563597043496,0.3323303647382596,0.3323303647382596,39.099697407271364,479,0,479,1.082083821296692,0.43929285646732397,False
7,69,1,28,suitcase,0.5137015581130981,2.7592573694091684,2.0363591546292734,0.722898214779895,0.722898214779895,35.499544033601545,317,63,317,2.2225823402404785,0.40816765594690474,False
7,70,0,59,bed,0.8434624075889587,1.1822867244426092,0.8430699511407761,0.3392167733018331,0.3392167733018331,40.235898912401225,479,2,479,1.0776286125183105,0.44366005213567417,False
7,70,1,28,suitcase,0.4978954792022705,3.227601181842405,2.8972472068880424,0.3303539749543627,0.3303539749543627,11.40233992353033,296,139,296,2.551576852798462,0.40829236897410937,False
7,71,0,59,bed,0.8055975437164307,1.1822867244426092,0.8477808288905405,0.33450589555206867,0.33450589555206867,39.45664777414514,479,2,479,1.0843497514724731,0.43707168997643486,False
7,72,0,28,suitcase,0.611321747303009,2.476288589174513,1.8297318905521658,0.6465566986223472,0.6465566986223472,35.33614416193146,333,102,333,2.0228095054626465,0.4086108544405649,False
7,72,1,59,bed,0.46763965487480164,1.1822867244426092,0.8507243559124669,0.3315623685301423,0.3315623685301423,38.9741243712855,479,2,479,1.0837963819503784,0.43761412762640894,False
7,72,2,59,bed,0.3212844431400299,1.1822867244426092,0.8516172013054388,0.33066952313717035,0.33066952313717035,38.82842228060789,479,2,479,1.0837963819503784,0.43761412762640894,False
7,73,0,28,suitcase,0.6991970539093018,2.1355772235358987,1.5684357091744408,0.567141514361458,0.567141514361458,36.159691534948394,357,76,357,1.7861201763153076,0.4069200376602389,False
7,73,1,59,bed,0.36714285612106323,1.1822867244426092,0.8511824009012293,0.33110432354137986,0.33110432354137986,38.89933851907742,479,0,479,1.0521440505981445,0.46864116390031363,False
7,73,2,59,bed,0.28891536593437195,1.417612327684669,0.43645354361510097,0.9811587840695681,0.9811587840695681,224.80257026732517,437,635,437,0.6036267876625061,0.9848243767885911,False
7,74,0,59,bed,0.7857497930526733,1.1822867244426092,0.8594723944575031,0.32281432998510606,0.32281432998510606,37.55959261365988,479,0,479,1.009852409362793,0.5100973293906197,False
7,74,1,62,tv,0.4716970920562744,2.1866480344612778,0.7396367184494849,1.447011316011793,1.447011316011793,195.6381125919751,353,601,353,0.8539630174636841,0.987697677708362,False
7,75,0,59,bed,0.3365475833415985,1.1822867244426092,1.3256604518459987,-0.1433737274033895,0.1433737274033895,10.815267756063763,479,2,479,1.0011985301971436,0.518580250278646,False
7,75,1,59,bed,0.2665459215641022,1.1822867244426092,0.8311645189855011,0.35112220545710804,0.35112220545710804,42.24460951312974,479,505,479,1.6920703649520874,-0.1586433399529732,False
7,82,0,0,person,0.3557063937187195,1.1822867244426092,0.3506206529816519,0.8316660714609573,0.8316660714609573,237.19825526207057,479,548,479,0.5576531291007996,0.9533633661191345,False
7,87,0,63,laptop,0.32840362191200256,1.1822867244426092,1.0466131606637965,0.13567356377881268,0.13567356377881268,12.963105078170814,479,157,479,1.7203515768051147,-0.18636585354191082,False
7,92,0,28,suitcase,0.3414193093776703,1.1822867244426092,1.3176398656172923,-0.1353531411746831,0.1353531411746831,10.272392685331544,479,2,479,1.697050929069519,-0.1635255125113353,False
7,93,0,62,tv,0.36152413487434387,1.1822867244426092,1.2029944255886476,-0.02070770114603837,0.02070770114603837,1.7213463924328418,479,2,479,1.4820095300674438,0.047267721420790165,True
7,96,0,59,bed,0.42924007773399353,1.1822867244426092,0.9012850282157985,0.2810016962268107,0.2810016962268107,31.177894609332096,479,2,479,1.052111029624939,0.4686735325407796,False
7,97,0,57,couch,0.32993417978286743,1.1822867244426092,1.0878261334446233,0.09446059099798587,0.09446059099798587,8.683427258625835,479,2,479,1.1626416444778442,0.360326461411814,False
7,97,1,59,bed,0.3118988573551178,1.1822867244426092,1.0878261334446233,0.09446059099798587,0.09446059099798587,8.683427258625835,479,2,479,1.1626416444778442,0.360326461411814,False
7,99,0,59,bed,0.4769108295440674,1.1822867244426092,0.9113290122945683,0.2709577121480409,0.2709577121480409,29.73215035323153,479,2,479,1.1138807535171509,0.408124075930296,False
7,100,0,59,bed,0.45924100279808044,1.1822867244426092,0.8993970220965857,0.2828897023460235,0.2828897023460235,31.453262062907317,479,2,479,1.039871096611023,0.4806716644125455,False
7,100,1,59,bed,0.39043477177619934,1.1822867244426092,0.9104426202290625,0.27184410421354666,0.27184410421354666,29.858455456001405,479,2,479,1.039871096611023,0.4806716644125455,False
7,101,0,59,bed,0.3980611264705658,1.1822867244426092,0.8791974045181302,0.30308931992447896,0.30308931992447896,34.473409312507684,479,2,479,1.1220378875732422,0.40012808690083124,False
7,102,0,61,toilet,0.32130253314971924,1.5863849771239793,1.0250774627724908,0.5613075143514885,0.5613075143514885,54.75757049943718,413,216,413,1.2324893474578857,0.5373978483635407,False
7,103,0,61,toilet,0.7473652362823486,1.1921038660878276,0.7706231988876822,0.42148066720014543,0.42148066720014543,54.69348286017224,477,189,477,0.9891684055328369,0.5363443642705241,False
8,24,0,56,chair,0.28949838876724243,4.417679139474614,4.946691189051204,-0.5290120495765906,0.5290120495765906,10.694260655435363,261,440,261,5.110226631164551,-0.14655553164133184,True
8,25,0,59,bed,0.33452147245407104,1.1822867244426092,0.8987972872801464,0.2834894371624628,0.2834894371624628,31.540976054826686,479,2,479,0.8819618821144104,0.6354613660508862,False
8,25,1,72,refrigerator,0.29161402583122253,1.4371252158665577,1.5750961368539829,-0.13797092098742514,0.13797092098742514,8.759523800432985,434,452,434,1.9304319620132446,-0.13007909789515115,True
8,26,0,72,refrigerator,0.5962938070297241,1.2862567357633519,1.4083961908782245,-0.12213945511487267,0.12213945511487267,8.67223696754753,459,517,459,1.7702332735061646,-0.12839250482773057,True
8,26,1,56,chair,0.3651135265827179,3.0336952498953527,1.9786812269884475,1.0550140229069052,1.0550140229069052,53.319049502108854,304,170,304,2.2318363189697266,0.49120058699057356,False
8,27,0,56,chair,0.407073050737381,1.1822867244426092,0.7885680787025624,0.3937186457400468,0.3937186457400468,49.92830123022927,479,2,479,0.8796635866165161,0.6377142584836039,False
8,27,1,72,refrigerator,0.2861505448818207,1.1822867244426092,1.2056116820762925,-0.023324957633683363,0.023324957633683363,1.934699039537619,479,466,479,1.6632184982299805,-0.1303614448408934,True
8,28,0,56,chair,0.2619214653968811,1.1822867244426092,0.6798777454043732,0.502408979038236,0.502408979038236,73.8969590392191,479,2,479,0.8786363005638123,0.6387212503941276,False
8,35,0,25,umbrella,0.34589436650276184,2.1355772235358987,2.3137991616821214,-0.17822193814622267,0.17822193814622267,7.702567322941553,357,636,357,2.6271724700927734,-0.10779191834296653,True
8,41,0,56,chair,0.4242982864379883,5.145215465329874,5.68417189888638,-0.538956433556506,0.538956433556506,9.481705394273812,247,234,247,5.845982074737549,-0.1365749215890366,True
8,44,0,56,chair,0.4572744369506836,3.6571519736962883,4.06600718806474,-0.4088552143684514,0.4088552143684514,10.055447407190899,281,14,281,4.2854108810424805,-0.13950517365531678,True
8,47,0,56,chair,0.3421182632446289,2.8389123183635725,3.150301292595916,-0.3113889742323437,0.3113889742323437,9.884418832071534,313,18,313,3.4254939556121826,-0.14139693336216452,True
8,48,0,4,airplane,0.2791348099708557,3.3060809373083413,3.431128178194558,-0.12504724088621666,0.12504724088621666,3.6444934258333617,293,38,293,3.6647846698760986,-0.0348136890835129,True
8,52,0,59,bed,0.36238881945610046,3.930619911182698,4.08509758186096,-0.1544776706782618,0.1544776706782618,3.781492793812033,273,2,273,4.225509166717529,-0.014549867291375529,True
8,54,0,59,bed,0.5670433640480042,4.417679139474614,4.972325321390691,-0.5546461819160768,0.5546461819160768,11.154663986485701,261,105,261,5.18524694442749,-0.17072767129463884,False
8,56,0,57,couch,0.3532264530658722,4.605315013119116,5.212364841494875,-0.607049828375759,0.607049828375759,11.64634185894134,257,217,257,5.341245174407959,-0.15650095443166023,False
8,56,1,59,bed,0.2694999873638153,4.605315013119116,5.212364841494875,-0.607049828375759,0.607049828375759,11.64634185894134,257,217,257,5.341245174407959,-0.15650095443166023,False
8,57,0,59,bed,0.5015292167663574,4.808152731105021,5.412940242188988,-0.6047875110839671,0.6047875110839671,11.172994417529198,253,266,253,5.596005916595459,-0.16794430242684855,False
8,58,0,59,bed,0.5090903639793396,4.808152731105021,5.37904228838894,-0.5708895572839197,0.5708895572839197,10.613219355353031,253,324,253,5.595632553100586,-0.16783301778503623,False
8,58,1,56,chair,0.29707369208335876,3.930619911182698,4.353448470767324,-0.4228285595846262,0.4228285595846262,9.712497171468756,273,460,273,4.569253444671631,-0.1377581790040161,True
8,59,0,59,bed,0.27468961477279663,1.1822867244426092,1.295784791635941,-0.11349806719333189,0.11349806719333189,8.759021399690875,479,11,479,1.1792802810668945,0.344016522808813,False
8,60,0,59,bed,0.31857624650001526,4.417679139474614,5.008301115927,-0.5906219764523861,0.5906219764523861,11.79286074821135,261,380,261,5.176127910614014,-0.1677894463092271,False
8,62,0,59,bed,0.3577938377857208,4.08165363695277,4.543704329715565,-0.4620506927627952,0.4620506927627952,10.169030800287999,269,384,269,4.819702625274658,-0.16933327484793192,False
8,63,0,59,bed,0.5728947520256042,3.789430025844956,4.260581343316504,-0.4711513174715485,0.4711513174715485,11.058380993256586,277,389,277,4.504237651824951,-0.16883905233118512,False
8,66,0,59,bed,0.2778724730014801,3.202174322980737,3.565180719423771,-0.3630063964430339,0.3630063964430339,10.181991461619525,297,400,297,3.878356695175171,-0.17108532341082028,False
8,67,0,59,bed,0.482465535402298,2.922685298749407,3.2636388471828885,-0.3409535484334816,0.3409535484334816,10.44703670958526,309,407,309,3.576962471008301,-0.1707877289218711,False
8,68,0,59,bed,0.4182155728340149,3.103932365323887,3.40468871557505,-0.300756350251163,0.300756350251163,8.83359318211167,301,353,301,1.4265270233154297,0.8681217726472525,False
8,70,0,61,toilet,0.3433208763599396,2.8389123183635725,3.166226738636899,-0.3273144202733267,0.3273144202733267,10.337681009359414,313,294,313,1.1627061367034912,0.9428650840093479,False
8,70,1,61,toilet,0.3259637653827667,2.922685298749407,3.2562908426654964,-0.33360554391608943,0.33360554391608943,10.244955381289298,309,238,309,3.57940411567688,-0.17192821333671016,False
8,71,0,61,toilet,0.3958679139614105,4.08165363695277,4.363691395297665,-0.2820377583448952,0.2820377583448952,6.4632837842020745,269,498,269,4.786290645599365,-0.1577608327727673,False
8,71,1,61,toilet,0.2753458321094513,2.7592573694091684,3.0899344417389405,-0.33067707232977206,0.33067707232977206,10.701750427548715,317,242,317,1.1315884590148926,0.9441128873650724,False
8,72,0,61,toilet,0.3713207542896271,2.476288589174513,2.7980836222314145,-0.3217950330569015,0.3217950330569015,11.500550966388793,333,114,333,3.1003777980804443,-0.17278167658429733,False
8,72,1,61,toilet,0.35620033740997314,2.611143892272438,2.9300452294107173,-0.3189013371382794,0.3189013371382794,10.883836670412625,325,190,325,1.0829219818115234,0.9418694906299161,False
8,73,0,61,toilet,0.6392534375190735,2.3529875412892904,2.654031094967164,-0.3010435536778737,0.3010435536778737,11.342879676456777,341,132,341,2.9656169414520264,-0.17168678698122064,False
8,73,1,72,refrigerator,0.33955812454223633,1.3435329484955398,1.4835528768514574,-0.1400199283559176,0.1400199283559176,9.438148821030344,449,327,449,1.846326470375061,-0.14265699804982335,True
8,74,0,61,toilet,0.7124332785606384,2.1231228482872155,2.335185462266381,-0.21206261397916526,0.21206261397916526,9.081189370430172,358,49,358,2.719848394393921,-0.1727181683632879,False
8,75,0,59,bed,0.3122403621673584,1.8669919745293975,2.1063693296973676,-0.2393773551679701,0.2393773551679701,11.364453127617587,381,0,381,2.4457898139953613,-0.17397219708229072,False
8,75,1,61,toilet,0.2939647138118744,1.8669919745293975,2.1063693296973676,-0.2393773551679701,0.2393773551679701,11.364453127617587,381,0,381,2.4457898139953613,-0.17397219708229072,False
8,76,0,61,toilet,0.6753979921340942,1.6498221342233514,1.83025045775269,-0.18042832352933846,0.18042832352933846,9.858122027237794,405,2,405,2.1997647285461426,-0.1649459374466098,False
8,78,0,57,couch,0.7744308114051819,1.7174406329589356,1.9360929377747977,-0.21865230481586218,0.21865230481586218,11.29348186493387,397,2,397,2.2845332622528076,-0.1739378412135475,False
8,79,0,61,toilet,0.7071205377578735,1.5267529496504633,1.7210588013339987,-0.19430585168353542,0.19430585168353542,11.28990197969577,421,0,421,2.0800130367279053,-0.1747658452354981,False
8,80,0,57,couch,0.8410516381263733,1.7896679701346712,1.9991011120091635,-0.20943314187449236,0.20943314187449236,10.476365633352334,389,4,389,2.364710569381714,-0.1755824958518828,False
8,81,0,57,couch,0.7142085433006287,1.9937802523066508,2.2205642021633683,-0.22678394985671746,0.22678394985671746,10.212897678696923,369,81,369,2.582009792327881,-0.17367912932115925,False
8,81,1,56,chair,0.34532859921455383,1.9937802523066508,2.2205642021633683,-0.22678394985671746,0.22678394985671746,10.212897678696923,369,81,369,2.582009792327881,-0.17367912932115925,False
8,82,0,56,chair,0.6137607097625732,2.0864826102176868,2.3512116995277452,-0.26472908931005845,0.26472908931005845,11.259262165258486,361,229,361,2.6787240505218506,-0.17168385638043082,False
8,82,1,57,couch,0.4201046824455261,2.0864826102176868,2.3512116995277452,-0.26472908931005845,0.26472908931005845,11.259262165258486,361,229,361,2.6787240505218506,-0.17168385638043082,False
8,83,0,59,bed,0.8131474256515503,1.7174406329589356,1.900804035101377,-0.1833634021424415,0.1833634021424415,9.646623152957588,397,2,397,2.2651021480560303,-0.15970015078970468,False
8,83,1,57,couch,0.691240131855011,2.1866480344612778,2.458989977061318,-0.2723419426000402,0.2723419426000402,11.075357977892605,353,280,353,2.78615403175354,-0.17144613003132614,False
8,83,2,56,chair,0.4114505648612976,2.1866480344612778,2.458989977061318,-0.2723419426000402,0.2723419426000402,11.075357977892605,353,280,353,2.78615403175354,-0.17144613003132614,False
8,84,0,57,couch,0.5882681012153625,1.9937802523066508,2.2204709684973865,-0.22669071619073566,0.22669071619073566,10.209127676374864,369,276,369,2.577646017074585,-0.17085049575509337,False
8,84,1,56,chair,0.4338453412055969,1.9937802523066508,2.2204709684973865,-0.22669071619073566,0.22669071619073566,10.209127676374864,369,276,369,2.577646017074585,-0.17085049575509337,False
8,84,2,59,bed,0.25235363841056824,1.5863849771239793,1.7621818160211333,-0.17579683889715403,0.17579683889715403,9.976089714402418,413,0,413,2.1241228580474854,-0.1589881589760045,False
8,85,0,57,couch,0.6590908765792847,1.7529492399297044,1.9632065666494474,-0.21025732671974295,0.21025732671974295,10.709893206937645,393,272,393,2.3188557624816895,-0.17108881001444098,False
8,85,1,56,chair,0.4736432135105133,1.7529492399297044,1.9632065666494474,-0.21025732671974295,0.21025732671974295,10.709893206937645,393,272,393,2.3188557624816895,-0.17108881001444098,False
8,85,2,59,bed,0.4154455363750458,1.6746673138811918,1.882380171056825,-0.20771285717563326,0.20771285717563326,11.034585912526744,402,2,402,2.2324304580688477,-0.169453900804448,False
8,86,0,59,bed,0.8087671995162964,1.417612327684669,1.5831795932743447,-0.1655672655896756,0.1655672655896756,10.457895383002509,437,0,437,1.9435365200042725,-0.15874453949374767,False
8,86,1,57,couch,0.7925204038619995,1.7896679701346712,1.9951098341555356,-0.2054418640208644,0.2054418640208644,10.297270882222943,389,319,389,2.3584280014038086,-0.1711308047785307,False
8,87,0,59,bed,0.7611510157585144,1.4111997241635743,1.5835862693097773,-0.172386545146203,0.172386545146203,10.885832271161298,438,2,438,1.9398959875106812,-0.16149307602609575,False
8,87,1,57,couch,0.6184301376342773,1.5561150456107948,1.7401764451116184,-0.18406139950082356,0.18406139950082356,10.57716877032073,417,320,417,2.1064677238464355,-0.1706327431916177,False
8,87,2,56,chair,0.49025750160217285,1.5561150456107948,1.7401764451116184,-0.18406139950082356,0.18406139950082356,10.57716877032073,417,320,417,2.1064677238464355,-0.1706327431916177,False
8,88,0,57,couch,0.8263571262359619,1.3435329484955398,1.494125696875075,-0.15059274837953507,0.15059274837953507,10.078987912094403,449,321,449,1.8739818334579468,-0.1672616800660447,False
8,88,1,59,bed,0.6304647922515869,1.3494750554754738,1.4986377036395009,-0.14916264816402713,0.14916264816402713,9.95321603091793,448,2,448,1.8734376430511475,-0.16112251402101063,False
8,88,2,58,potted plant,0.3094639480113983,2.8389123183635725,2.344010220874611,0.4949020974889615,0.4949020974889615,21.113478647900294,313,238,313,2.315079927444458,0.3906811272663506,False
8,89,0,57,couch,0.8668281435966492,1.3201623268661429,1.4668700344852417,-0.1467077076190988,0.1467077076190988,10.001411452281927,453,366,453,1.849256992340088,-0.16759231583755052,False
8,89,1,59,bed,0.768225371837616,1.264385127732926,1.4052995923470202,-0.14091446461409407,0.14091446461409407,10.027361096629217,463,2,463,1.7800559997558594,-0.15892070632430322,False
8,90,0,57,couch,0.8264732956886292,1.2536604778467009,1.3945894039741746,-0.14092892612747376,0.14092892612747376,10.105406345829623,465,413,465,1.778395652770996,-0.16810958758227268,False
8,90,1,59,bed,0.7865011096000671,1.1822867244426092,1.3144132076140744,-0.13212648317146525,0.13212648317146525,10.052126865896419,479,0,479,1.6885621547698975,-0.15520443482563873,False
8,90,2,58,potted plant,0.38108953833580017,2.922685298749407,2.2086453552081875,0.7140399435412195,0.7140399435412195,32.329316332178365,309,342,309,2.373072385787964,0.39154547911702786,False
8,91,0,57,couch,0.8834160566329956,1.1822867244426092,1.1501509282508615,0.03213579619174767,0.03213579619174767,2.7940503635135503,479,405,479,1.708404302597046,-0.1746545989710251,False
8,91,1,59,bed,0.8235535621643066,1.1822867244426092,1.2121662680719398,-0.02987954362933065,0.02987954362933065,2.464970723600218,479,2,479,1.5186725854873657,0.01132894845120247,True
8,92,0,57,couch,0.8180567026138306,1.1822867244426092,1.0951142941533842,0.08717243028922494,0.08717243028922494,7.960121674479337,479,437,479,1.7082477807998657,-0.17450116927813064,False
8,92,1,59,bed,0.8067212104797363,1.1822867244426092,1.1984876892300742,-0.016200964787465022,0.016200964787465022,1.3517839968696512,479,0,479,1.4880955219268799,0.04130195895975475,True
8,93,0,57,couch,0.7938762307167053,1.1822867244426092,0.9287736153004954,0.2535131091421138,0.2535131091421138,27.295468450629073,479,471,479,1.7082477807998657,-0.17450116927813064,False
8,93,1,59,bed,0.7329156398773193,1.1822867244426092,1.2074696373420157,-0.02518291289940655,0.02518291289940655,2.0855938833245786,479,0,479,1.5090155601501465,0.020795198254466074,True
8,93,2,58,potted plant,0.3840896785259247,2.4132886231462733,2.0127179448802446,0.40057067826602877,0.40057067826602877,19.901977785062304,337,455,337,2.6353843212127686,0.04628165753211966,True
8,94,0,57,couch,0.6512717604637146,1.1822867244426092,0.9737958754563896,0.2084908489862196,0.2084908489862196,21.410118305184447,479,509,479,1.7081259489059448,-0.17438174418587016,False
8,94,1,59,bed,0.49697592854499817,1.2974092736530591,1.4387887591576556,-0.14137948550459645,0.14137948550459645,9.826285102989518,457,74,457,1.8033217191696167,-0.14794300442719077,True
8,94,2,58,potted plant,0.3897574543952942,2.1355772235358987,1.5999904560306666,0.5355867675052322,0.5355867675052322,33.474372643068236,357,523,357,1.8136143684387207,0.3900939859256791,False
8,95,0,58,potted plant,0.5107510089874268,1.8276597569332034,1.5230096971297413,0.30465005980346205,0.30465005980346205,20.003159558183015,385,603,385,1.593626856803894,0.3900322246849752,False
8,95,1,59,bed,0.4581420123577118,1.512399672234791,1.6712116230985776,-0.15881195086378663,0.15881195086378663,9.502803156032083,423,145,423,2.0329816341400146,-0.1491707154342572,True
8,96,0,59,bed,0.6498367190361023,1.6663189989070966,1.8428385808736336,-0.17651958196653705,0.17651958196653705,9.57867844740121,403,204,403,2.196711540222168,-0.14937342934997688,True
8,96,1,0,person,0.33563125133514404,1.1822867244426092,0.7934882487763011,0.3887984756663081,0.3887984756663081,48.99864317661969,479,2,479,1.0011029243469238,0.51867396742541,False
8,96,2,62,tv,0.2765144109725952,1.1822867244426092,1.050257481773214,0.1320292426693952,0.1320292426693952,12.571130885588374,479,46,479,1.17977774143219,0.3435288898244653,False
8,97,0,59,bed,0.5643620491027832,1.417612327684669,1.5735159070137497,-0.1559035793290806,0.1559035793290806,9.907976057576539,437,185,437,1.9304319620132446,-0.14756022997017437,True
8,98,0,59,bed,0.727907657623291,1.1822867244426092,1.3274559752145283,-0.1451692507719191,0.1451692507719191,10.935899455984483,479,589,479,1.707743525505066,-0.17400687559881356,False
8,98,1,61,toilet,0.2695322632789612,1.1822867244426092,0.7471671649262959,0.4351195595163133,0.4351195595163133,58.23590488739365,479,2,479,0.9594971537590027,0.5594578117138365,False
8,99,0,59,bed,0.7731679081916809,1.1822867244426092,1.1371554129999975,0.04513131144261173,0.04513131144261173,3.968790099107749,479,2,479,0.9658271670341492,0.5532528485053868,False
8,100,0,59,bed,0.6737096905708313,1.1822867244426092,1.0778795516734556,0.10440717276915357,0.10440717276915357,9.686348776823609,479,2,479,1.2298152446746826,0.2944798826317969,False
8,101,0,59,bed,0.836876392364502,1.1822867244426092,1.0640503165148263,0.1182364079277829,0.1182364079277829,11.111918871943253,479,0,479,1.178360939025879,0.3449177031527595,False
8,101,1,59,bed,0.4193304777145386,1.1822867244426092,0.9739528091609848,0.20833391528162437,0.20833391528162437,21.390555407001123,479,494,479,1.7098668813705444,-0.1760882843496403,False
8,101,2,57,couch,0.2588113844394684,1.1822867244426092,0.9739528091609848,0.20833391528162437,0.20833391528162437,21.390555407001123,479,494,479,1.7098668813705444,-0.1760882843496403,False
8,102,0,59,bed,0.5378450751304626,1.1822867244426092,0.9235741582398248,0.2587125662027844,0.2587125662027844,28.012105351220146,479,0,479,1.1105849742889404,0.41135474669910965,False
8,102,1,59,bed,0.5118931531906128,1.1822867244426092,1.3146800725810837,-0.13239334813847448,0.13239334813847448,10.070385251869636,479,2,479,1.1105334758758545,0.41140522775572097,False
8,103,0,59,bed,0.7403775453567505,1.1822867244426092,1.3131751010111494,-0.13088837656854024,0.13088837656854024,9.96732092070248,479,2,479,1.0746742486953735,0.4465560521958436,False
8,103,1,57,couch,0.5853965282440186,1.1822867244426092,0.9697557705407482,0.21253095390186094,0.21253095390186094,21.915925675116217,479,466,479,1.4711583852767944,0.05790450072422382,True
8,103,2,58,potted plant,0.5097476840019226,1.8276597569332034,1.52908944511482,0.29857031181838334,0.29857031181838334,19.52602006195678,385,492,385,2.1217052936553955,0.022223383335844726,True
8,104,0,59,bed,0.8063810467720032,1.1822867244426092,1.3151268667723781,-0.13284014232976893,0.13284014232976893,10.100937459804847,479,0,479,0.9857742190361023,0.5336998525780148,False
8,104,1,58,potted plant,0.26238253712654114,1.5267529496504633,1.2772373708562743,0.24951557879418895,0.24951557879418895,19.53556828883819,421,520,421,1.866621971130371,-0.002949581572383231,True
8,105,0,57,couch,0.28194260597229004,1.1822867244426092,0.962838129552227,0.21944859489038215,0.21944859489038215,22.79184716048147,479,438,479,1.7112621068954468,-0.17745594705004897,False
8,106,0,59,bed,0.381613552570343,1.1822867244426092,1.0523599359041471,0.12992678853846207,0.12992678853846207,12.346230990524546,479,499,479,1.7101281881332397,-0.17634442897022273,False
8,107,0,59,bed,0.3360656797885895,1.1822867244426092,1.3233775464370348,-0.14109082199442557,0.14109082199442557,10.661418759468015,479,2,479,1.0000526905059814,0.5197034537882432,False
9,10,0,4,airplane,0.38380345702171326,3.3060809373083413,3.6695256285114546,-0.3634446912031133,0.3634446912031133,9.90440531002763,293,10,293,3.909900665283203,-0.1374683929891789,True
9,13,0,13,bench,0.3511411249637604,5.028117720157712,5.608215741262278,-0.5800980211045657,0.5800980211045657,10.34371799994269,249,44,249,5.734485626220703,-0.13998093737522987,True
9,16,0,56,chair,0.2570783495903015,5.815615322550515,6.507861003818151,-0.6922456812676359,0.6922456812676359,10.637069243819075,237,266,237,6.549316883087158,-0.13578024498638963,True
9,17,0,56,chair,0.27198129892349243,5.815615322550515,6.436094444811368,-0.6204791222608526,0.6204791222608526,9.640615556241078,237,266,237,6.547016620635986,-0.13520572340756254,True
9,18,0,56,chair,0.43255770206451416,6.131451933135833,6.860723584279792,-0.729271651143959,0.729271651143959,10.629660883218845,233,245,233,6.909391403198242,-0.14228921895901658,True
9,18,1,56,chair,0.25678738951683044,5.5289069561326665,6.1587142296017365,-0.6298072734690701,0.6298072734690701,10.22627857032096,241,262,241,6.2511210441589355,-0.13677830215640108,True
9,19,0,56,chair,0.38984933495521545,5.267474899589832,5.869431134416551,-0.6019562348267193,0.6019562348267193,10.255784948170392,245,262,245,5.974639415740967,-0.13652325770190998,True
9,20,0,56,chair,0.29369163513183594,5.267474899589832,5.88460113001726,-0.6171262304274281,0.6171262304274281,10.487137816010614,245,314,245,5.97442626953125,-0.13646487447486977,True
9,21,0,56,chair,0.4271073043346405,6.301716650165448,7.055945340283538,-0.7542286901180901,0.7542286901180901,10.689264921201644,231,356,231,7.0522847175598145,-0.13367854799207946,True
9,21,1,59,bed,0.3238551914691925,7.0818476450674135,7.676210679623008,-0.5943630345555944,0.5943630345555944,7.742922378789954,223,263,223,8.012123107910156,-0.16254948088707377,False
9,21,2,56,chair,0.31817948818206787,5.330648092378006,5.929690885121174,-0.5990427927431679,0.5990427927431679,10.102428682181236,244,370,244,6.041985034942627,-0.13673216460886017,True
9,22,0,59,bed,0.4803755581378937,6.48109328551411,7.406856487605388,-0.9257632020912787,0.9257632020912787,12.498732811152047,229,237,229,7.38311243057251,-0.16574345689675218,False
9,22,1,56,chair,0.280364066362381,5.815615322550515,6.501881112756726,-0.6862657902062104,0.6862657902062104,10.554880630772427,237,357,237,6.566748142242432,-0.1401339371164907,True
9,23,0,59,bed,0.6699700355529785,6.574430251158636,7.196409180498002,-0.6219789293393667,0.6219789293393667,8.642906673857652,228,236,228,7.447347640991211,-0.15775595159586642,False
9,23,1,56,chair,0.37569862604141235,2.476288589174513,2.7278776504508206,-0.25158906127630765,0.25158906127630765,9.222886562919307,333,97,333,3.0269880294799805,-0.13318486995007817,True
9,24,0,56,chair,0.32862791419029236,2.7592573694091684,3.0427995203592233,-0.28354215095005486,0.28354215095005486,9.318463114407905,317,165,317,3.3244266510009766,-0.13310779415364649,True
9,25,0,56,chair,0.31960105895996094,4.463257278248606,4.928128945693919,-0.46487166744531283,0.46487166744531283,9.433025648639056,260,438,260,5.120051383972168,-0.1342661765571289,True
9,25,1,56,chair,0.29670339822769165,2.542172777113504,2.7999338002441956,-0.2577610231306915,0.2577610231306915,9.205968480690897,329,155,329,3.0960867404937744,-0.13308409727165227,True
9,26,0,59,bed,0.8108689785003662,5.815615322550515,6.629550561246303,-0.8139352386957874,0.8139352386957874,12.277381870405014,237,317,237,6.662715911865234,-0.16410318223116427,False
9,26,1,59,bed,0.33458563685417175,2.2952155523968525,2.5298598674224975,-0.23464431502564498,0.23464431502564498,9.274992581494569,345,141,345,2.8370847702026367,-0.13348973467863168,True
9,28,0,56,chair,0.5184987783432007,1.8085006291262538,1.9692132077685554,-0.1607125786423016,0.1607125786423016,8.16125841571089,387,22,387,2.3218722343444824,-0.13121095580883058,True
9,29,0,59,bed,0.3794756233692169,5.267474899589832,5.920606272871038,-0.6531313732812061,0.6531313732812061,11.031494802718703,245,318,245,6.084494590759277,-0.16661386842943338,False
9,29,1,59,bed,0.2598403990268707,1.6580375389814705,1.8069933569613266,-0.14895581797985602,0.14895581797985602,8.243296379923768,404,82,404,2.16577410697937,-0.1326818724939176,True
9,31,0,59,bed,0.3092467486858368,4.808152731105021,5.4122431491776695,-0.6040904180726487,0.6040904180726487,11.161553563321219,253,318,253,5.593767166137695,-0.16727702095391295,False
9,31,1,56,chair,0.2781504988670349,3.930619911182698,4.344038622322506,-0.413418711139808,0.413418711139808,9.516920706353595,273,450,273,4.569875717163086,-0.1379812202239421,True
9,32,0,59,bed,0.4358222782611847,1.1822867244426092,1.2955260786018892,-0.11323935415927999,0.11323935415927999,8.740800824440838,479,0,479,1.2538776397705078,0.2708928426388486,False
9,32,1,59,bed,0.3766931891441345,4.605315013119116,5.165365710068011,-0.5600506969488954,0.5600506969488954,10.842421009170353,257,318,257,5.377539157867432,-0.16775694742161074,False
9,34,0,57,couch,0.2834146022796631,4.24359786465229,4.730706629268765,-0.4871087646164751,0.4871087646164751,10.296744287687282,265,316,265,4.993566513061523,-0.16925940252419291,False
9,35,0,59,bed,0.41018369793891907,3.930619911182698,4.412528297263533,-0.4819083860808351,0.4819083860808351,10.92136647326873,273,319,273,4.655211925506592,-0.1685682898343499,False
9,36,0,59,bed,0.3213435113430023,3.789430025844956,4.204020356675465,-0.4145903308305092,0.4145903308305092,9.861758404004657,277,318,277,4.510292053222656,-0.17108223359114483,False
9,36,1,56,chair,0.32032713294029236,2.8389123183635725,3.1003371709764753,-0.2614248526129028,0.2614248526129028,8.43214264113619,313,498,313,3.4180965423583984,-0.1378523083863472,True
9,36,2,56,chair,0.25167879462242126,3.930619911182698,4.408273080212291,-0.47765316902959354,0.47765316902959354,10.83538066581372,273,549,273,4.647861480712891,-0.1659336688342301,False
9,37,0,59,bed,0.4014492332935333,3.5329678035523537,3.916974851980074,-0.38400704842772004,0.38400704842772004,9.80366387171468,285,319,285,4.231904029846191,-0.17013093139603486,False
9,37,1,56,chair,0.3818737268447876,2.542172777113504,2.815041906836402,-0.2728691297228978,0.2728691297228978,9.69325284501904,329,513,329,3.10882306098938,-0.13980208814286765,True
9,38,0,56,chair,0.3249284625053406,3.202174322980737,3.6322418420029035,-0.43006751902216633,0.43006751902216633,11.840277650262875,297,321,297,3.8753111362457275,-0.1697730694773676,False
9,38,1,56,chair,0.27836722135543823,2.38281167829556,2.5982741028642167,-0.21546242456865672,0.21546242456865672,8.292520959630123,339,529,339,2.9259989261627197,-0.13169017028103136,True
9,38,2,58,potted plant,0.2503938674926758,4.463257278248606,2.612557951599078,1.850699326649528,1.850699326649528,70.83859424120195,260,549,260,2.724574565887451,0.6303446538688315,False
9,39,0,59,bed,0.3225332796573639,2.611143892272438,1.6900560696955216,0.9210878225769163,0.9210878225769163,54.50042984330445,325,146,325,1.4363830089569092,0.7596981186968066,False
9,40,0,56,chair,0.5125162601470947,2.922685298749407,3.1685369119809623,-0.24585161323155535,0.24585161323155535,7.7591525698165045,309,318,309,3.5758187770843506,-0.1702535131482179,False
9,40,1,59,bed,0.46432751417160034,2.2952155523968525,1.4701925372568834,0.8250230151399691,0.8250230151399691,56.116664602264585,345,112,345,1.638304352760315,0.5567242224763866,False
9,40,2,59,bed,0.3360288441181183,1.212107743143963,1.0625014479452353,0.1496062951987278,0.1496062951987278,14.080573300681188,473,133,473,1.3492175340652466,0.2018722239648063,False
9,41,0,56,chair,0.4253382980823517,2.611143892272438,2.910039088557218,-0.2988951962847799,0.2988951962847799,10.271174619615525,325,320,325,3.2403159141540527,-0.1700364403550847,False
9,41,1,59,bed,0.3467026650905609,1.1822867244426092,1.1300823724621143,0.05220435198049489,0.05220435198049489,4.619517413297677,479,74,479,1.0188612937927246,0.5012664164040104,False
9,41,2,59,bed,0.2722877860069275,1.949971839345048,1.8750911943454258,0.07488064499962221,0.07488064499962221,3.9934401710932383,373,53,373,0.948201596736908,0.8739195849221723,False
9,42,0,56,chair,0.5952724814414978,2.9443096527118753,3.2875767608744235,-0.34326710816254824,0.34326710816254824,10.441341240994985,308,569,308,3.5661659240722656,-0.15498015961038436,False
9,42,1,56,chair,0.4850842356681824,2.542172777113504,2.863132032016538,-0.320959254903034,0.320959254903034,11.210075236278174,329,269,329,3.1676361560821533,-0.17082406470803835,False
9,42,2,59,bed,0.37911751866340637,1.5863849771239793,1.0080064353743374,0.5783785417496419,0.5783785417496419,57.378457264992846,413,2,413,1.2106205224990845,0.5544778969680358,False
9,42,3,57,couch,0.2956734001636505,2.542172777113504,2.863132032016538,-0.320959254903034,0.320959254903034,11.210075236278174,329,269,329,3.1676361560821533,-0.17082406470803835,False
9,43,0,56,chair,0.5597453117370605,2.3529875412892904,2.6208022677139,-0.26781472642460935,0.26781472642460935,10.21880703187202,341,265,341,2.9645164012908936,-0.17106642417569695,False
9,43,1,57,couch,0.4839949309825897,2.3529875412892904,2.6208022677139,-0.26781472642460935,0.26781472642460935,10.21880703187202,341,265,341,2.9645164012908936,-0.17106642417569695,False
9,44,0,57,couch,0.5264245867729187,2.0864826102176868,2.356492842413494,-0.2700102321958071,0.2700102321958071,11.458139288013522,361,262,361,2.6786813735961914,-0.1716572234289515,False
9,44,1,56,chair,0.46866974234580994,2.0864826102176868,2.356492842413494,-0.2700102321958071,0.2700102321958071,11.458139288013522,361,262,361,2.6786813735961914,-0.1716572234289515,False
9,44,2,59,bed,0.32769668102264404,1.771153505978839,1.9907678245359541,-0.2196143185571151,0.2196143185571151,11.031638941035576,391,2,391,2.3348944187164307,-0.16855126238350637,False
9,45,0,56,chair,0.5453103184700012,1.9077368367123282,2.119873271568178,-0.21213643485584965,0.21213643485584965,10.007033802493371,377,256,377,2.4757089614868164,-0.1645578722566785,False
9,45,1,57,couch,0.4494020640850067,1.9077368367123282,2.119873271568178,-0.21213643485584965,0.21213643485584965,10.007033802493371,377,256,377,2.4757089614868164,-0.1645578722566785,False
9,46,0,56,chair,0.62335205078125,1.6498221342233514,1.8566865073864587,-0.20686437316310724,0.20686437316310724,11.141588649464431,405,249,405,2.20926570892334,-0.17213698768734598,False
9,46,1,57,couch,0.5121921896934509,1.6498221342233514,1.8566865073864587,-0.20686437316310724,0.20686437316310724,11.141588649464431,405,249,405,2.20926570892334,-0.17213698768734598,False
9,47,0,57,couch,0.8760225772857666,1.4437228492128802,1.6157199625086591,-0.17199711329577894,0.17199711329577894,10.645230441339995,433,240,433,1.9869235754013062,-0.1717837052712654,False
9,48,0,57,couch,0.7146408557891846,1.498258451834095,1.6735548719686137,-0.17529642013451885,0.17529642013451885,10.47449492518381,425,288,425,2.0440781116485596,-0.17051243938998017,False
9,48,1,56,chair,0.28803908824920654,1.498258451834095,1.6735548719686137,-0.17529642013451885,0.17529642013451885,10.47449492518381,425,288,425,2.0440781116485596,-0.17051243938998017,False
9,48,2,59,bed,0.2592574656009674,1.5340106059431189,1.7248872291570616,-0.19087662321394272,0.19087662321394272,11.066034926075867,420,2,420,2.081716299057007,-0.16985356384594685,False
9,49,0,59,bed,0.8293160200119019,1.325946112971558,1.481398895815076,-0.15545278284351793,0.15545278284351793,10.493647813743424,452,0,452,1.848177433013916,-0.16104005149240352,False
9,49,1,57,couch,0.809791624546051,1.498258451834095,1.677517055828988,-0.17925860399489313,0.17925860399489313,10.68594822162973,425,334,425,2.0450997352600098,-0.17134735608987373,False
9,50,0,57,couch,0.866837739944458,1.2752496292077253,1.427857075175376,-0.15260744596765075,0.15260744596765075,10.687865656925556,461,337,461,1.8038840293884277,-0.17023709173476353,False
9,50,1,59,bed,0.44206714630126953,1.259005490656513,1.3980021937672173,-0.13899670311070444,0.13899670311070444,9.94252396243728,464,2,464,1.6965532302856445,-0.08622149359306164,True
9,50,2,57,couch,0.41374659538269043,1.259005490656513,1.3980021937672173,-0.13899670311070444,0.13899670311070444,9.94252396243728,464,2,464,1.6965532302856445,-0.08622149359306164,True
9,51,0,59,bed,0.6899771690368652,1.1822867244426092,1.3188035607936488,-0.13651683635103962,0.13651683635103962,10.351567163564871,479,2,479,1.6936930418014526,-0.16023396065341422,False
9,51,1,57,couch,0.567674994468689,1.2536604778467009,1.3909560523627529,-0.137295574516052,0.137295574516052,9.870590395924756,465,382,465,1.7762491703033447,-0.16609621784742923,False
9,51,2,57,couch,0.31314483284950256,1.2536604778467009,1.3909560523627529,-0.137295574516052,0.137295574516052,9.870590395924756,465,382,465,1.7762491703033447,-0.16609621784742923,False
9,52,0,57,couch,0.8482583165168762,1.1822867244426092,1.1475107848543642,0.034775939588244986,0.034775939588244986,3.0305544877871067,479,363,479,1.708212971687317,-0.1744670478231991,False
9,52,1,59,bed,0.6519439220428467,1.1822867244426092,1.244616486228467,-0.06232976178585781,0.06232976178585781,5.007949233802476,479,2,479,1.5441821813583374,-0.013676702715956335,True
9,53,0,57,couch,0.8599913120269775,1.1822867244426092,1.108250001038346,0.07403672340426315,0.07403672340426315,6.680507406712959,479,397,479,1.7082303762435913,-0.17448410855066498,False
9,53,1,59,bed,0.7769210934638977,1.1822867244426092,1.191748775568471,-0.009462051125861848,0.009462051125861848,0.7939635701617058,479,0,479,1.465478539466858,0.06347214059295814,True
9,54,0,59,bed,0.8095191121101379,1.1822867244426092,1.1803768348628525,0.001909889579756685,0.001909889579756685,0.16180337696805058,479,2,479,1.4477365016937256,0.08086368257557153,True
9,54,1,57,couch,0.805866539478302,1.1822867244426092,1.0225414872456788,0.15974523719693035,0.15974523719693035,15.622372215646784,479,429,479,1.7080217599868774,-0.1742796135296707,False
9,54,2,58,potted plant,0.4109709858894348,2.476288589174513,2.074527572248225,0.40176101692628796,0.40176101692628796,19.366385981117045,333,401,333,2.7117154598236084,0.036917682705713384,True
9,55,0,59,bed,0.7331901788711548,1.1822867244426092,1.1896625664836873,-0.007375842041078107,0.007375842041078107,0.6199944630416547,479,2,479,1.4679404497146606,0.06105886563663243,True
9,55,1,57,couch,0.6027358770370483,1.1822867244426092,0.9672287336016416,0.21505799084096755,0.21505799084096755,22.234450173968916,479,463,479,1.7081607580184937,-0.1744158656408017,False
9,55,2,59,bed,0.2635020315647125,1.1822867244426092,0.9672287336016416,0.21505799084096755,0.21505799084096755,22.234450173968916,479,463,479,1.7081607580184937,-0.1744158656408017,False
9,56,0,59,bed,0.46886566281318665,1.222299145971686,1.356937479807371,-0.1346383338356849,0.1346383338356849,9.922220871576041,471,57,471,1.72360360622406,-0.14793180784504467,True
9,56,1,58,potted plant,0.32980918884277344,2.039251667457873,1.7249945805475182,0.3142570869103549,0.3142570869103549,18.217859374990546,365,527,365,2.3097574710845947,0.03068515434330954,True
9,57,0,59,bed,0.3771384656429291,1.417612327684669,1.5723481465571134,-0.15473581887244436,0.15473581887244436,9.841066001270844,437,129,437,1.9303208589553833,-0.1474654071620347,True
9,58,0,59,bed,0.3792259395122528,1.5863849771239793,1.761164923196338,-0.1747799460723587,0.1747799460723587,9.92411010293974,413,188,413,2.109248399734497,-0.14737086945862088,True
9,58,1,59,bed,0.27269604802131653,1.5940992624586994,1.7695184378128,-0.17541917535410056,0.17541917535410056,9.91338499817646,412,191,412,2.1193466186523438,-0.14886052125626104,True
9,59,0,59,bed,0.7084221839904785,1.6498221342233514,1.8448908264514738,-0.1950686922281224,0.1950686922281224,10.573454506428664,405,441,405,2.1984097957611084,-0.16392042330562862,False
9,60,0,59,bed,0.7096561789512634,1.4240704520289422,1.5987051704787418,-0.1746347184497996,0.1746347184497996,10.923509955090982,436,457,436,1.9571852684020996,-0.16448549827558212,False
9,60,1,28,suitcase,0.4281717538833618,1.1822867244426092,0.8716068701775377,0.3106798542650715,0.3106798542650715,35.64449350907354,479,42,479,1.0364726781845093,0.4840029467316882,False
9,61,0,61,toilet,0.6461907625198364,1.3201623268661429,0.8319148133282702,0.48824751353787266,0.48824751353787266,58.68960447819459,453,80,453,1.0426241159439087,0.5597997080682495,False
9,61,1,59,bed,0.6258517503738403,1.1921038660878276,1.3278983593517046,-0.13579449326387705,0.13579449326387705,10.226271634989706,477,513,477,1.7122750282287598,-0.16811179132097354,False
9,62,0,59,bed,0.39872029423713684,1.1822867244426092,1.3166835948788929,-0.13439687043628368,0.13439687043628368,10.207226015346942,479,52,479,0.960491418838501,0.5584831884437785,False
9,62,1,61,toilet,0.31728553771972656,1.1822867244426092,0.6737453467199341,0.508541377722675,0.508541377722675,75.47976104005184,479,2,479,0.8494448065757751,0.6673360634003858,False
9,62,2,59,bed,0.2590557038784027,1.1822867244426092,1.3211211509842675,-0.13883442654165834,0.13883442654165834,10.508833836943971,479,577,479,1.7071179151535034,-0.17339362424442673,False
9,63,0,59,bed,0.7987427711486816,1.1822867244426092,1.2064016404868563,-0.024114916044247092,0.024114916044247092,1.9989127364345476,479,11,479,0.9663723707199097,0.5527184153748059,False
9,64,0,59,bed,0.5951830744743347,1.1822867244426092,1.0686883248167935,0.11359839962581564,0.11359839962581564,10.629703439989385,479,2,479,1.1776742935180664,0.3455907839075745,False
9,65,0,59,bed,0.8419514298439026,1.1822867244426092,1.0288117729101942,0.15347495153241497,0.15347495153241497,14.917690055031274,479,0,479,1.1379512548446655,0.3845290898451035,False
9,65,1,59,bed,0.38225558400154114,1.1822867244426092,0.9766315510738468,0.20565517336876238,0.20565517336876238,21.057600805814232,479,506,479,1.710302710533142,-0.17651550366207136,False
9,65,2,58,potted plant,0.26427212357521057,1.8276597569332034,1.7489116867534742,0.07874807017972918,0.07874807017972918,4.502689917174158,385,550,385,2.0944764614105225,0.04118837895086713,True
9,66,0,59,bed,0.8241257667541504,1.1822867244426092,0.9643677297232737,0.2179189947193355,0.2179189947193355,22.597084908872635,479,2,479,1.1338675022125244,0.3885321675217863,False
9,66,1,59,bed,0.5349437594413757,1.1822867244426092,0.973238951776628,0.20904777266598118,0.20904777266598118,21.47959370968134,479,472,479,1.7016810178756714,-0.16806413343442728,False
9,66,2,57,couch,0.27286389470100403,1.1822867244426092,0.973238951776628,0.20904777266598118,0.20904777266598118,21.47959370968134,479,472,479,1.7016810178756714,-0.16806413343442728,False
9,67,0,59,bed,0.8320022821426392,1.1822867244426092,0.9266096461340552,0.255677078308554,0.255677078308554,27.59274947927366,479,2,479,1.090438961982727,0.43110277244936146,False
9,67,1,59,bed,0.5509096384048462,1.1822867244426092,0.9731593438756025,0.20912738056700664,0.20912738056700664,21.48953117319491,479,445,479,1.7081955671310425,-0.17444998709573323,False
9,67,2,57,couch,0.272980272769928,1.1822867244426092,0.9731593438756025,0.20912738056700664,0.20912738056700664,21.48953117319491,479,445,479,1.7081955671310425,-0.17444998709573323,False
9,68,0,59,bed,0.5680566430091858,1.1822867244426092,0.9701698192049473,0.2121169052376619,0.2121169052376619,21.863894448035026,479,410,479,1.7102676630020142,-0.17648114849854446,False
9,68,1,59,bed,0.5494786500930786,1.1822867244426092,0.954849024661603,0.22743769978100614,0.22743769978100614,23.819231512710576,479,2,479,1.01702082157135,0.5030705299063692,False
9,68,2,59,bed,0.32440823316574097,1.1822867244426092,1.315794433108907,-0.1335077086662979,0.1335077086662979,10.146547614649135,479,397,479,1.7101109027862549,-0.17632748509705465,False
9,69,0,57,couch,0.33107346296310425,1.1822867244426092,0.9599520606332481,0.22233466380936107,0.22233466380936107,23.161017401503816,479,390,479,1.7118732929229736,-0.17805505903441277,False
9,70,0,59,bed,0.5211824774742126,1.1822867244426092,1.316208530549447,-0.1339218061068379,0.1339218061068379,10.174816755741027,479,484,479,1.710180640220642,-0.1763958448612155,False
