episode,step,latency_ms,fps,detections,avg_confidence
1,0,8.116450999295921,123.20655913363453,0,0.0
1,1,7.337743998505175,136.28166916203634,0,0.0
1,2,8.006279000255745,124.90196756421516,0,0.0
1,3,7.91794100041443,126.29545988630875,0,0.0
1,4,8.029906000956544,124.53445904358996,0,0.0
1,5,7.959092999954009,125.642456999281,0,0.0
1,6,7.999870998901315,125.00201567466998,0,0.0
1,7,7.972851000886294,125.42564759943915,0,0.0
1,8,7.9526820009050425,125.74374278843246,0,0.0
1,9,7.966951001435518,125.51853272598461,0,0.0
1,10,7.939203998830635,125.95721184986428,0,0.0
1,11,7.898365000073682,126.6084816276117,0,0.0
1,12,7.9151260015351,126.34037661637413,0,0.0
1,13,7.924511999590322,126.19073578937069,0,0.0
1,14,8.006313999430859,124.90142156191808,0,0.0
1,15,7.933324999612523,126.05055258026637,0,0.0
1,16,7.892187999459566,126.70757463817095,0,0.0
1,17,7.8222610009106575,127.84027532238841,0,0.0
1,18,8.081517999016796,123.73912922320544,0,0.0
1,19,7.869384999139584,127.07473329991316,0,0.0
1,20,7.151449999582837,139.83178237397067,0,0.0
1,21,6.925728999704006,144.38913218272594,0,0.0
1,22,6.89184499969997,145.09902646439875,0,0.0
1,23,6.818793999627815,146.65349914582876,0,0.0
1,24,6.838686000264715,146.22692136490716,0,0.0
1,25,6.889941998451832,145.1391028000961,0,0.0
1,26,6.9724590011901455,143.42142418181413,0,0.0
1,27,6.864521999887074,145.67656713991894,0,0.0
1,28,6.973879999350174,143.39220062478563,0,0.0
1,29,6.759972000509151,147.92960679788044,0,0.0
1,30,6.86836100067012,145.5951426988817,0,0.0
1,31,6.728502999976627,148.62146899592284,0,0.0
1,32,6.784670000342885,147.3911037603099,0,0.0
1,33,6.829447000200162,146.42473980260647,0,0.0
1,34,6.823956000516773,146.54256269006873,0,0.0
1,35,6.849421000879374,145.9977419801781,0,0.0
1,36,13.126116999046644,76.18399257546085,1,0.25838524103164673
1,37,8.119383999655838,123.1620526929614,1,0.4717579483985901
1,38,8.265350001238403,120.98701202612948,1,0.7419913411140442
1,39,7.538371000919142,132.65465441778755,1,0.48999136686325073
1,40,6.846034000773216,146.0699727589808,0,0.0
1,41,8.132508000926464,122.96329740912384,2,0.35728195309638977
1,42,7.841372998882434,127.52868663976598,2,0.31593263149261475
1,43,6.887351999466773,145.1936825760352,0,0.0
1,44,6.7803050005750265,147.48599066195277,0,0.0
1,45,7.813637001163443,127.98137408368228,1,0.7165524363517761
1,46,7.707626000410528,129.74163509577883,1,0.6287600994110107
1,47,7.750574000965571,129.02270204444463,1,0.658995509147644
1,48,7.896344999608118,126.64086992774862,2,0.5259080231189728
1,49,7.850926000173786,127.37350982264567,3,0.4006996949513753
1,50,7.729578001089976,129.37316886626752,2,0.5544554889202118
1,51,7.871666999562876,127.03789426757145,3,0.6320833762486776
1,52,8.215346999350004,121.72340378064612,4,0.44677533209323883
1,53,7.647131998965051,130.76797943795637,2,0.7113964855670929
1,54,7.756783999866457,128.9194078392819,2,0.7919010818004608
1,55,7.899505000750651,126.59021038722996,3,0.5141306320826212
1,56,7.8506499994546175,127.37798781877548,2,0.7880602777004242
1,57,7.987462999153649,125.1961981052006,3,0.64717169602712
1,58,8.160078001310467,122.54784817490778,3,0.5928202271461487
1,59,8.265488999313675,120.98497742638519,3,0.6422419945398966
1,60,7.846348000384751,127.44782667694122,2,0.36883655190467834
1,61,7.928449000246474,126.1280737214697,3,0.3660192092259725
1,62,7.78122399970016,128.5144856437154,2,0.5762463510036469
1,63,7.887943000241648,126.77576396905566,3,0.6552945574124655
1,64,7.980411999596981,125.30681373975442,3,0.7110238075256348
1,65,7.775780999509152,128.60444501499273,2,0.5027669370174408
1,66,7.848061000913731,127.42000857072497,4,0.41300514340400696
1,67,7.815650998963974,127.94839484677064,2,0.6006708741188049
1,68,8.292820999486139,120.58622754090129,5,0.4212661385536194
1,69,7.714252000369015,129.6301961553971,2,0.7437314689159393
1,70,8.404177999182139,118.98843647734687,3,0.615067700544993
1,71,7.838573999833898,127.57422460018753,3,0.6469144225120544
1,72,8.349786998223863,119.76353411323144,3,0.557335376739502
1,73,8.126626999001019,123.05228234579081,3,0.6467885375022888
1,74,7.816439001544495,127.93549592114827,1,0.4959055185317993
1,75,7.729770000878489,129.36995536559948,1,0.45142972469329834
1,76,7.336655999097275,136.30187923804021,1,0.43302637338638306
1,77,7.638359998964006,130.91815522384783,1,0.2742695212364197
1,78,7.2985860006156145,137.01284055783586,1,0.3182942867279053
1,79,6.886614000904956,145.20924214259605,0,0.0
1,80,6.747982999513624,148.1924302524291,0,0.0
1,81,7.938703000036185,125.96516080717996,1,0.3001071810722351
1,82,6.843039000159479,146.13390336905792,0,0.0
1,83,6.7541709995566634,148.05666010908502,0,0.0
1,84,7.510208000894636,133.15210442651886,2,0.3361600935459137
1,85,6.716383999446407,148.8896406284132,0,0.0
1,86,7.4358910005685175,134.48287500765466,1,0.42921578884124756
1,87,6.730459001119016,148.57827673175612,0,0.0
1,88,6.712860998959513,148.96777993094136,0,0.0
1,89,6.757304001439479,147.98801412323235,0,0.0
1,90,6.712635999065242,148.9727731608348,0,0.0
1,91,6.701448999592685,149.22145942777152,0,0.0
1,92,6.706500000291271,149.10907328063354,0,0.0
1,93,6.798674001402105,147.0875055626682,0,0.0
1,94,6.658098000116297,150.19304311569655,0,0.0
1,95,6.760856998880627,147.9102427644257,0,0.0
1,96,6.737468000210356,148.4237105050114,0,0.0
1,97,6.747077000909485,148.21232955622162,0,0.0
1,98,6.697107999571017,149.31818332092823,0,0.0
1,99,7.581305000712746,131.90341239482996,1,0.4118722677230835
2,0,8.358172999578528,119.64337182903803,0,0.0
2,1,7.273032999364659,137.49422009873402,0,0.0
2,2,6.922652000866947,144.4533106495555,0,0.0
2,3,6.731092000336503,148.56430426890728,0,0.0
2,4,6.776320999051677,147.5727020812542,0,0.0
2,5,6.725527000526199,148.68723297397526,0,0.0
2,6,6.80460200055677,146.95936660486205,0,0.0
2,7,6.779319999623112,147.50741963140754,0,0.0
2,8,6.77524899947457,147.59605146283943,0,0.0
2,9,6.789504999687779,147.2861423691397,0,0.0
2,10,6.751540000550449,148.1143561200068,0,0.0
2,11,6.751875000190921,148.1070073085955,0,0.0
2,12,6.781176000004052,147.4670470135862,0,0.0
2,13,6.809231999795884,146.85944024670863,0,0.0
2,14,6.7213759994046995,148.7790595390837,0,0.0
2,15,7.569023000542074,132.11744764527504,1,0.7493072748184204
2,16,7.5421599995024735,132.58801193106035,2,0.3217456638813019
2,17,7.343526000113343,136.17436637176277,1,0.641751766204834
2,18,6.7279269987921,148.6341929957824,0,0.0
2,19,7.5461060005181935,132.51867916132238,2,0.27588963508605957
2,20,6.7880299993703375,147.3181468103059,0,0.0
2,21,6.732007999744383,148.54408967398294,0,0.0
2,22,6.938451000678469,144.12438740321377,0,0.0
2,23,6.783978000385105,147.40613839597256,0,0.0
2,24,6.750391999958083,148.1395450821537,0,0.0
2,25,6.777501999749802,147.54698708121606,0,0.0
2,26,6.688796000162256,149.50373729079826,0,0.0
2,27,6.852409000202897,145.93407952887668,0,0.0
2,28,6.730015000357525,148.58807891912218,0,0.0
2,29,6.722648000504705,148.75090885688564,0,0.0
2,30,6.740834998709033,148.34957393134744,0,0.0
2,31,6.7699890005314955,147.71072743567123,0,0.0
2,32,6.666822999250144,149.9964825993544,0,0.0
2,33,6.697420998534653,149.31120504725516,0,0.0
2,34,6.725438999637845,148.6891785136775,0,0.0
2,35,6.810573999246117,146.8305021149015,0,0.0
2,36,6.814590999056236,146.74394987732816,0,0.0
2,37,6.734773000061978,148.48310403198406,0,0.0
2,38,6.761380998796085,147.89877987619062,0,0.0
2,39,6.719647999489098,148.81731901373868,0,0.0
2,40,6.834777999756625,146.31053123241287,0,0.0
2,41,6.750026999725378,148.14755556395323,0,0.0
2,42,6.767822000256274,147.75802318118494,0,0.0
2,43,6.726957999489969,148.65560333152357,0,0.0
2,44,6.786695999835501,147.34710380783793,0,0.0
2,45,6.738832998962607,148.39364622241604,0,0.0
2,46,6.915599999047117,144.6006131265237,0,0.0
2,47,6.850288998975884,145.97924264939766,0,0.0
2,48,6.78111300112505,147.4684170333234,0,0.0
2,49,6.735618999300641,148.4644544330417,0,0.0
2,50,6.6938879990630085,149.39001072918717,0,0.0
2,51,6.818350999310496,146.66302748290968,0,0.0
2,52,7.392106999759562,135.27942710143756,1,0.332963764667511
2,53,7.329961999857915,136.42635528252183,1,0.2711676359176636
2,54,6.733439000527142,148.51252085623898,0,0.0
2,55,6.75829200008593,147.9663796691953,0,0.0
2,56,6.692770000881865,149.41496568210715,0,0.0
2,57,7.41282300077728,134.9013729175975,1,0.5146278142929077
2,58,6.720504999975674,148.79834179181768,0,0.0
2,59,6.720367999150767,148.8013751815923,0,0.0
2,60,6.703383000058238,149.17840737897745,0,0.0
2,61,6.786456000554608,147.35231465705772,0,0.0
2,62,6.69121200007794,149.44975588702792,0,0.0
2,63,6.797796000682865,147.10650332836497,0,0.0
2,64,6.745878999936394,148.23865059089096,0,0.0
2,65,6.809504000557354,146.85357405152425,0,0.0
2,66,6.733477001034771,148.5116827229564,0,0.0
2,67,6.822815999839804,146.56704797894,0,0.0
2,68,6.739476000802824,148.3794882392752,0,0.0
2,69,7.269153000379447,137.56760931401504,0,0.0
2,70,6.8528100000548875,145.92554003277348,0,0.0
2,71,6.729871998686576,148.591236236761,0,0.0
2,72,6.74916900061362,148.16638906346577,0,0.0
2,73,7.48237900006643,133.6473332867958,1,0.2671669125556946
2,74,6.7286000012245495,148.61932643016502,0,0.0
2,75,7.698507999521098,129.89529920111886,1,0.710331916809082
2,76,7.603642001413391,131.51592352902946,1,0.7311617136001587
2,77,7.654247001482872,130.6464241102055,1,0.7043311595916748
2,78,7.845317999453982,127.46455912553168,2,0.6050841808319092
2,79,7.8319679996639024,127.68182914471988,3,0.5035255352656046
2,80,7.907610000984278,126.46046022445819,3,0.3173134922981262
2,81,7.851541999116307,127.36351663310853,3,0.5009748140970866
2,82,7.759684000120615,128.87122722838407,2,0.6072767972946167
2,83,7.6841340014652815,130.13828231122866,2,0.7289344668388367
2,84,7.698772000367171,129.89084492336022,2,0.6025153696537018
2,85,7.8511990013794275,127.36908080209196,2,0.7980072200298309
2,86,8.2424459997128,121.32320915840323,4,0.5177329331636429
2,87,8.205698999518063,121.86652228636854,3,0.5989750226338705
2,88,8.575608000683133,116.60980771513111,4,0.49224404990673065
2,89,7.74221900064731,129.16193663811268,3,0.33420252799987793
2,90,7.699955000134651,129.8708888535729,3,0.33869244654973346
2,91,8.225057999879937,121.57968977417512,3,0.49477124214172363
2,92,7.827157000065199,127.76030939352182,3,0.5160087744394938
2,93,8.206612999856588,121.85294956853396,5,0.40139869451522825
2,94,7.902164999904926,126.54759803320121,4,0.44297802448272705
2,95,7.853929000702919,127.3248077376942,4,0.4883284419775009
2,96,7.75612199868192,128.93041137954518,3,0.6295480529467264
2,97,7.558416000392754,132.3028528660023,3,0.5687756737073263
2,98,8.15591900027357,122.61033979940918,2,0.6834858059883118
2,99,8.213831000830396,121.74586985036613,3,0.6364330649375916
2,100,7.893515999967349,126.6862574300396,3,0.5742377837498983
2,101,8.127150000291294,123.04436364090215,4,0.3825363367795944
2,102,7.806518999132095,128.09806779579694,1,0.4650612473487854
2,103,8.073381999565754,123.86382807772348,2,0.3555609881877899
2,104,6.7963809997309,147.13713078174908,0,0.0
2,105,7.568660999822896,132.12376667727617,1,0.309217631816864
2,106,6.936095000128262,144.1733424904803,0,0.0
2,107,7.679487000132212,130.21703142186237,3,0.38736702998479206
2,108,6.77304000055301,147.64418930323035,0,0.0
2,109,6.803727999795228,146.9782448725312,0,0.0
2,110,6.7676450016733725,147.76188759202637,0,0.0
2,111,7.281568001417327,137.33305790804317,1,0.3626420497894287
2,112,7.942399999592453,125.90652700082,1,0.26475226879119873
3,0,8.237062000262085,121.40250977450239,0,0.0
3,1,7.258259000082035,137.7740860430439,0,0.0
3,2,6.87148099859769,145.52903518238307,0,0.0
3,3,7.13446999907319,140.1645812695135,0,0.0
3,4,7.139549001294654,140.06486961832806,0,0.0
3,5,6.988226001340081,143.0978333855026,0,0.0
3,6,6.862049998744624,145.72904601146084,0,0.0
3,7,6.879300000946387,145.36362709322603,0,0.0
3,8,6.839239998953417,146.2150765513458,0,0.0
3,9,6.776349999199738,147.57207052736302,0,0.0
3,10,6.800035998821841,147.0580450122996,0,0.0
3,11,7.903785000962671,126.52166017651054,1,0.2932734489440918
3,12,7.826751998436521,127.76692045432907,2,0.33748659491539
3,13,7.595246999699157,131.66128764997498,2,0.5533071160316467
3,14,7.968339001308777,125.49666873306379,4,0.5732290744781494
3,15,7.8550890011683805,127.30600504351487,4,0.5750405937433243
3,16,7.593069998620194,131.69903611868705,2,0.3162061274051666
3,17,6.715272000292316,148.91429564676903,0,0.0
3,18,6.754627000191249,148.0466648967717,0,0.0
3,19,6.808115000239923,146.8835353052584,0,0.0
3,20,6.671099999948638,149.90031629082148,0,0.0
3,21,8.306465000714525,120.38815548057805,1,0.2607263922691345
3,22,6.706281001243042,149.11394255842325,0,0.0
3,23,6.779342998925131,147.5069192041988,0,0.0
3,24,6.714247001582407,148.93702894223597,0,0.0
3,25,6.677555998976459,149.75538956966903,0,0.0
3,26,8.071621999988565,123.89083631535479,1,0.5067477822303772
3,27,6.7131790001440095,148.96072337391095,0,0.0
3,28,6.79947299977357,147.0702214764734,0,0.0
3,29,7.369926999672316,135.68655429619076,1,0.4153890609741211
3,30,7.321822999074357,136.57800798058386,1,0.2588593363761902
3,31,6.720603998473962,148.79614990364982,0,0.0
3,32,7.3168960007024,136.66997588922996,1,0.4124199151992798
3,33,7.385051998426206,135.40866065846325,1,0.31154853105545044
3,34,8.040603999688756,124.368766331324,4,0.4071047455072403
3,35,8.012504000362242,124.8049298889324,4,0.5247231721878052
3,36,8.39937899945653,119.05642072642556,5,0.4666463017463684
3,37,8.213237000745721,121.75467479012293,5,0.565088939666748
3,38,8.238541999162408,121.38070062659965,6,0.5270679593086243
3,39,8.264940001026844,120.99301384834725,5,0.5764812707901001
3,40,7.727975998932379,129.39998780251778,3,0.7037173509597778
3,41,8.377065998502076,119.3735372478637,3,0.6540402173995972
3,42,8.087502001217217,123.6475737316039,4,0.6081593036651611
3,43,7.801906000167946,128.1738077821591,3,0.7138455112775167
3,44,7.954827000503428,125.7098362964668,4,0.6582338660955429
3,45,7.6225550001254305,131.18960768187895,2,0.8487584888935089
3,46,8.131884000249556,122.97273300619037,5,0.5968891143798828
3,47,7.636688000275171,130.94681882564367,2,0.76078000664711
3,48,7.644352001079824,130.81553542520572,3,0.6438345511754354
3,49,7.982719000210636,125.27060015185471,2,0.4761072099208832
3,50,8.164530001522508,122.48102460441957,4,0.4285687506198883
3,51,7.338401999732014,136.26944940281527,1,0.2836155295372009
3,52,7.47380000029807,133.80074392680004,2,0.3750615119934082
3,53,6.692416000078083,149.42286910860483,0,0.0
3,54,6.778271999792196,147.53022599722428,0,0.0
3,55,6.750879998435266,148.12883657119994,0,0.0
3,56,6.734264999977313,148.49430487267264,0,0.0
3,57,6.721560999721987,148.77496463118632,0,0.0
3,58,6.926148998900317,144.38037647742962,0,0.0
3,59,6.849134000731283,146.0038597424477,0,0.0
3,60,7.529724000050919,132.80699265912503,1,0.28561705350875854
3,61,6.7591070001071785,147.94853816993032,0,0.0
3,62,6.713971000863239,148.94315150771823,0,0.0
3,63,6.734329001119477,148.49289362515043,0,0.0
3,64,7.189466999989236,139.0923694345488,0,0.0
3,65,6.891820999953779,145.09953175027422,0,0.0
3,66,7.452464000380132,134.18380819404058,1,0.2857663035392761
3,67,6.663435999143985,150.0727252619316,0,0.0
3,68,7.3593060005805455,135.8823780287318,1,0.49950671195983887
3,69,6.8316460001369705,146.37760797031208,0,0.0
3,70,6.713616001434275,148.95102725362358,0,0.0
3,71,6.59155399989686,151.70929344061315,0,0.0
3,72,6.766543001504033,147.78595211435515,0,0.0
3,73,6.560785999681684,152.42076178807204,0,0.0
3,74,6.723598999087699,148.72986924646852,0,0.0
3,75,6.691190999845276,149.45022493351686,0,0.0
3,76,7.39515500026755,135.22367008721534,1,0.51795494556427
3,77,7.405357000607182,135.0373790106281,1,0.569709837436676
3,78,7.308189999093884,136.83278624720847,1,0.3095638155937195
3,79,6.691476999549195,149.4438372974113,0,0.0
3,80,6.685451999146608,149.57851767205108,0,0.0
3,81,6.765633999748388,147.80580800516103,0,0.0
3,82,6.809115999203641,146.86194215474592,0,0.0
3,83,6.762569000784424,147.87279802749592,0,0.0
3,84,6.756749000487616,148.00016989351428,0,0.0
3,85,6.785812000089209,147.36629897598897,0,0.0
3,86,6.737494999470073,148.42311572456134,0,0.0
3,87,6.960819999221712,143.66123533029295,0,0.0
3,88,6.782710001061787,147.43369535826488,0,0.0
3,89,7.187213999714004,139.13597118992038,0,0.0
3,90,6.894310999996378,145.0471265367236,0,0.0
3,91,6.799835000492749,147.06239194444206,0,0.0
3,92,6.622777000302449,150.99406184963377,0,0.0
3,93,6.765347001419286,147.8120781964639,0,0.0
3,94,6.620497999392683,151.04603914867627,0,0.0
3,95,6.789498000216554,147.28629421027955,0,0.0
3,96,6.74572899879422,148.2419468939157,0,0.0
3,97,6.761255999663263,147.90151416390742,0,0.0
3,98,6.610174999877927,151.28192521657405,0,0.0
3,99,6.668459998763865,149.95966087902912,0,0.0
3,100,6.7194290004408685,148.8221692549157,0,0.0
3,101,6.783992999771726,147.40581248147646,0,0.0
3,102,7.438288999765064,134.43951963033228,1,0.5319457650184631
3,103,7.415757001581369,134.8479999798747,1,0.35851067304611206
3,104,6.795294999392354,147.1606457246406,0,0.0
3,105,6.751479000740801,148.11569433753343,0,0.0
3,106,6.696124999507447,149.34010342900677,0,0.0
3,107,6.714214001476648,148.93776096205323,0,0.0
3,108,6.978071000048658,143.30607985975308,0,0.0
3,109,6.965348000449012,143.5678446985759,0,0.0
3,110,6.988765000642161,143.08679715344775,0,0.0
3,111,6.772691998776281,147.65177571646316,0,0.0
3,112,6.666752000455745,149.9980800143217,0,0.0
3,113,6.8394469999475405,146.21065124236947,0,0.0
3,114,7.2686759995121974,137.57663707491022,0,0.0
3,115,6.890024000313133,145.13737542199456,0,0.0
3,116,6.8107909992249915,146.82582391880638,0,0.0
3,117,6.68382599906181,149.614906213951,0,0.0
3,118,6.723644999510725,148.72885169766835,0,0.0
3,119,6.667711999398307,149.97648370089166,0,0.0
4,0,7.894410000517382,126.67191087547546,0,0.0
4,1,7.226923000416718,138.3714756532397,0,0.0
4,2,6.718736000038916,148.83751943731795,0,0.0
4,3,6.813627000155975,146.76471136108688,0,0.0
4,4,7.541577999290894,132.5982440404417,1,0.31418782472610474
4,5,7.349781999437255,136.05845725445548,1,0.37406378984451294
4,6,6.628656999964733,150.8601214401832,0,0.0
4,7,6.659286000285647,150.16624904788674,0,0.0
4,8,7.411462000163738,134.9261454727701,1,0.3949007987976074
4,9,7.417811999403057,134.81064228649558,1,0.421943724155426
4,10,6.6047019990946865,151.40728531538153,0,0.0
4,11,6.602610001209541,151.45525781725843,0,0.0
4,12,7.819315000233473,127.88844035189035,1,0.3108823299407959
4,13,7.420238000122481,134.7665667844473,1,0.30979156494140625
4,14,7.280146000994137,137.3598825989816,1,0.30526959896087646
4,15,6.642054000622011,150.55583708087175,0,0.0
4,16,6.6019179994327715,151.4711330988841,0,0.0
4,17,6.670380998912151,149.91647406093992,0,0.0
4,18,6.647616000918788,150.42986837112537,0,0.0
4,19,6.665604998488561,150.02389133870847,0,0.0
4,20,6.657100999291288,150.21553677891617,0,0.0
4,21,6.636797999817645,150.67506951808332,0,0.0
4,22,6.574117000127444,152.1116828283729,0,0.0
4,23,6.590647999473731,151.730148549862,0,0.0
4,24,6.530773000122281,153.12123082233546,0,0.0
4,25,6.652150999798323,150.32731518426408,0,0.0
4,26,6.757539000318502,147.9828677204626,0,0.0
4,27,6.864689999929396,145.67300198702128,0,0.0
4,28,6.651461999354069,150.34288703703203,0,0.0
4,29,6.597253001018544,151.5782401926394,0,0.0
4,30,6.623596000281395,150.9753916086543,0,0.0
4,31,6.7240620010124985,148.71962808335522,0,0.0
4,32,6.604894000702188,151.40288396659912,0,0.0
4,33,6.660412000201177,150.1408621523406,0,0.0
4,34,6.651850999332964,150.33409499104508,0,0.0
4,35,7.597365000037826,131.62458299621267,2,0.45775106549263
4,36,7.550484999228502,132.441823287137,3,0.26450949907302856
4,37,7.213327000499703,138.63228437179197,1,0.4598428010940552
4,38,6.637327000134974,150.6630605934685,0,0.0
4,39,7.280604999323259,137.351222885042,1,0.3104068636894226
4,40,7.43561999843223,134.48777643435866,2,0.4040320813655853
4,41,7.236845000079484,138.18176290759533,1,0.3575208783149719
4,42,7.433180000589346,134.5319230693612,2,0.3349369764328003
4,43,7.443020998834982,134.3540479271152,2,0.4664599597454071
4,44,6.628217999605113,150.8701132128691,0,0.0
4,45,6.708738999805064,149.05930906375357,0,0.0
4,46,7.2423069996148115,138.0775490535248,1,0.3753674030303955
4,47,7.770299000185332,128.6951763344176,1,0.5250118374824524
4,48,7.353118999162689,135.996711071026,1,0.3863760828971863
4,49,6.668512000032933,149.9584914888151,0,0.0
4,50,6.677704999674461,149.75204805374753,0,0.0
4,51,6.641091000346933,150.57766863121734,0,0.0
4,52,6.600234999496024,151.5097568611356,0,0.0
4,53,6.53962799879082,152.91389665970303,0,0.0
4,54,6.6462609993322985,150.46053715020562,0,0.0
4,55,6.615639000301599,151.15697817768037,0,0.0
4,56,6.691935001072125,149.43360923855187,0,0.0
4,57,6.67254700056219,149.86780908635725,0,0.0
4,58,6.607289000385208,151.34800368830537,0,0.0
4,59,6.612068998947507,151.23859115190382,0,0.0
4,60,6.600449001780362,151.50484455379726,0,0.0
4,61,6.670946000667755,149.9037767506889,0,0.0
4,62,6.664548998742248,150.04766266835503,0,0.0
4,63,6.668056001217337,149.96874648584796,0,0.0
4,64,6.601695999052026,151.47622673682574,0,0.0
4,65,6.621120999625418,151.0318267943712,0,0.0
4,66,6.6238390008948045,150.96985296063377,0,0.0
4,67,6.775914998797816,147.58154436373835,0,0.0
4,68,6.65705899882596,150.2164845131101,0,0.0
4,69,6.962415000089095,143.62832436549724,0,0.0
4,70,6.685861000732984,149.56936733957946,0,0.0
4,71,6.600732998776948,151.49832604731782,0,0.0
4,72,6.561234000400873,152.4103545063174,0,0.0
4,73,7.298401000298327,137.01631356774234,1,0.5802698135375977
4,74,6.615009000597638,151.17137405401175,0,0.0
4,75,6.620377000217559,151.04879978393043,0,0.0
4,76,6.536937999044312,152.97682189217613,0,0.0
4,77,6.632612999965204,150.77014142167593,0,0.0
4,78,6.620961999942665,151.03545376165272,0,0.0
4,79,6.605642998692929,151.3857167573046,0,0.0
4,80,6.5863580002769595,151.8289774041966,0,0.0
4,81,6.651061999946251,150.35192876086276,0,0.0
4,82,6.569818000571104,152.21121801442166,0,0.0
4,83,6.591789999220055,151.70386194316274,0,0.0
4,84,6.597450999834109,151.5736911157271,0,0.0
4,85,6.651823001448065,150.3347277554297,0,0.0
4,86,6.555554000442498,152.5424090675632,0,0.0
4,87,6.58049900084734,151.96415953732912,0,0.0
4,88,6.621414000619552,151.02514355792164,0,0.0
4,89,7.551783999588224,132.41904165353867,1,0.40585386753082275
4,90,7.521280000219122,132.9560925761129,1,0.5179588198661804
4,91,7.3726539994822815,135.6363665065825,1,0.6232349276542664
4,92,7.4765779991139425,133.75102889564064,1,0.5081133842468262
4,93,8.09265600037179,123.56882585322525,2,0.5035794377326965
4,94,7.546117998572299,132.5184684614257,2,0.47623711824417114
4,95,7.700222999119433,129.86636882001417,2,0.4453013837337494
4,96,7.58193200090318,131.8925044277471,1,0.6431732773780823
4,97,7.255114998770296,137.833790390572,1,0.4657120704650879
4,98,7.744110000203364,129.13039716297155,3,0.4757454792658488
4,99,7.572307000373257,132.06015022247612,2,0.7280066013336182
4,100,7.771556000079727,128.67436070585364,3,0.6843181053797404
4,101,8.14377599999716,122.79316130506889,3,0.6947606801986694
4,102,8.13263500094763,122.96137720228168,3,0.49781694014867145
4,103,8.131915999911143,122.97224909983414,3,0.5823076963424683
4,104,6.691762000627932,149.43747250816205,0,0.0
4,105,7.811961999323103,128.00881521014168,4,0.4474833458662033
4,106,7.640455998625839,130.88224055996832,3,0.6393119096755981
4,107,7.829028998457943,127.72976063787304,3,0.5829639434814453
4,108,7.894129001215333,126.67641988698766,3,0.5044937332471212
4,109,7.654819999515894,130.63664463217188,3,0.5275711218516032
4,110,7.492964999983087,133.45851742297705,3,0.5890271862347921
4,111,7.398345998808509,135.16534643838614,2,0.5767339169979095
4,112,7.519987999330624,132.9789356165213,3,0.5692504644393921
4,113,8.312384999953792,120.3024162145472,3,0.6425154606501261
4,114,7.87366800068412,127.00560906468408,1,0.4107908606529236
4,115,8.002606000445667,124.95929450285442,1,0.36683493852615356
4,116,7.679304000703269,130.22013452109985,2,0.3598426878452301
4,117,7.501778000005288,133.30173193598839,2,0.33920809626579285
4,118,7.810627999788267,128.03067820245803,3,0.42797334988911945
4,119,6.611747001443291,151.24595659539122,0,0.0
4,120,6.577460999324103,152.03434883198236,0,0.0
4,121,6.64633799897274,150.45879402380083,0,0.0
4,122,6.958354999369476,143.71212737645808,0,0.0
4,123,7.4610190004023025,134.02994952111493,1,0.2708706855773926
4,124,7.658065998839447,130.58127210597902,1,0.33159685134887695
4,125,6.636832000367576,150.67429760834924,0,0.0
4,126,6.738435999068315,148.40238894281467,0,0.0
4,127,6.707080001433496,149.09617893125937,0,0.0
4,128,10.384076998889213,96.30128899342428,0,0.0
4,129,6.870683999295579,145.5459165495787,0,0.0
4,130,6.693314000585815,149.4028219671866,0,0.0
4,131,7.378898000752088,135.52159142165618,1,0.6495134830474854
4,132,7.3032170002989005,136.9259601568833,1,0.8777527213096619
4,133,7.169049998992705,139.48849570591725,1,0.8368117809295654
4,134,7.080968000082066,141.22362931006188,1,0.8741245865821838
4,135,7.850383000914007,127.38232005796044,2,0.39592278003692627
4,136,7.841204998840112,127.53141897806806,2,0.4994075298309326
4,137,7.460874998287181,134.03253642898096,1,0.5285181999206543
4,138,7.327274999624933,136.4763844746086,1,0.9021336436271667
4,139,7.414973000777536,134.86225774458515,1,0.8677820563316345
4,140,7.362909000221407,135.81588472299867,1,0.7961868047714233
4,141,7.957084000736359,125.67417912233411,2,0.5317022800445557
4,142,8.069313000305556,123.92628715259076,2,0.5174083709716797
4,143,7.931440999527695,126.08049408166164,1,0.8692079782485962
4,144,7.89809199886804,126.612857908381,1,0.866497278213501
4,145,7.85379100125283,127.32704496980895,1,0.8090795278549194
4,146,7.890545999543974,126.73394211982212,1,0.7383717894554138
4,147,7.492193999496521,133.47225126140626,1,0.6837600469589233
5,0,9.570424999765237,104.48856764715569,2,0.6686340272426605
5,1,7.9029839998838725,126.53448368549071,1,0.8263037204742432
5,2,7.46076500035997,134.0345125401687,1,0.8034432530403137
5,3,7.2428200001013465,138.06776918189425,1,0.7228760123252869
5,4,6.716552999932901,148.88589429875563,0,0.0
5,5,6.738296000548871,148.4054722319329,0,0.0
5,6,6.807382000260986,146.8993513162125,0,0.0
5,7,6.608523000977584,151.3197426795779,0,0.0
5,8,6.647910999163287,150.42319310921297,0,0.0
5,9,6.606138000279316,151.37437334153765,0,0.0
5,10,6.748335001248051,148.18470034683486,0,0.0
5,11,6.657865000306629,150.19829929773957,0,0.0
5,12,6.769253001039033,147.7267875563976,0,0.0
5,13,6.702496999423602,149.19812721825875,0,0.0
5,14,6.7526809998526005,148.0893292637144,0,0.0
5,15,6.624134999583475,150.96310689061738,0,0.0
5,16,7.523557000240544,132.91585349430167,1,0.5632808208465576
5,17,6.611580998651334,151.24975406094026,0,0.0
5,18,7.335328000408481,136.32655553293776,1,0.6556286811828613
5,19,7.253902000229573,137.85683897691916,1,0.6606231927871704
5,20,8.135656999002094,122.91570307384619,2,0.56837198138237
5,21,7.606492999912007,131.46662989258888,2,0.5322016477584839
5,22,7.733712000117521,129.3040133877243,2,0.34392455220222473
5,23,7.373903999905451,135.61337386719737,2,0.34666505455970764
5,24,7.210232000943506,138.69179242348144,1,0.2952154278755188
5,25,7.256762999531929,137.80248852890762,1,0.2682257294654846
5,26,6.6711599993141135,149.8989681109153,0,0.0
5,27,6.756566999683855,148.00415655565774,0,0.0
5,28,6.647584001257201,150.43059249960265,0,0.0
5,29,6.676007000351092,149.79013652133827,0,0.0
5,30,6.665832001090166,150.01878232701554,0,0.0
5,31,6.6594510008144425,150.16252839426272,0,0.0
5,32,7.35238500055857,136.0102878078377,1,0.5697023272514343
5,33,7.602586998473271,131.53417385434946,2,0.4736853539943695
5,34,7.975517999511794,125.3837054923847,3,0.4356952706972758
5,35,7.211389000076451,138.6695406376495,1,0.4748157262802124
5,36,7.2445189998688875,138.03538923952,1,0.7262752652168274
5,37,7.555329999377136,132.35689242990583,1,0.33361148834228516
5,38,7.321321998460917,136.58735406122273,1,0.2721889019012451
5,39,7.366059000560199,135.75780480769276,1,0.27576977014541626
5,40,6.6736749995470745,149.84247810507216,0,0.0
5,41,7.467198000085773,133.9190416523726,1,0.33078885078430176
5,42,7.258571000420488,137.76816400116084,1,0.29129868745803833
5,43,6.672020001133205,149.87964661828886,0,0.0
5,44,6.662145000518649,150.1018065386073,0,0.0
5,45,6.677205999949365,149.76323929613423,0,0.0
5,46,6.6693669996311655,149.93926710815325,0,0.0
5,47,6.635403999098344,150.70672413252993,0,0.0
5,48,6.891809000080684,145.09978439453164,0,0.0
5,49,6.998707998718601,142.8835150977996,0,0.0
5,50,7.117689001461258,140.49503986402053,0,0.0
5,51,6.755295000402839,148.0320252395146,0,0.0
5,52,6.953157000680221,143.81956281185236,0,0.0
5,53,6.804227999964496,146.9674443603621,0,0.0
5,54,6.749132000550162,148.16720134062928,0,0.0
5,55,6.514362999951118,153.5069507191269,0,0.0
5,56,6.693813998936093,149.3916622360494,0,0.0
5,57,6.715282001096057,148.9140738746015,0,0.0
5,58,6.765869000446401,147.80067422736408,0,0.0
5,59,6.706248999762465,149.11465411371094,0,0.0
5,60,6.763660998331034,147.84892386634323,0,0.0
5,61,7.399111000268022,135.15137155852594,1,0.6104087829589844
5,62,7.329794001634582,136.42948216239023,1,0.6850958466529846
5,63,6.772486000045319,147.65626684105487,0,0.0
5,64,6.846242000392522,146.0655349230521,0,0.0
5,65,6.752305998816155,148.09755366171566,0,0.0
5,66,6.774880999728339,147.6040686235077,0,0.0
5,67,6.696341000861139,149.33528622144564,0,0.0
5,68,6.544157999087474,152.8080465262974,0,0.0
5,69,6.712704000165104,148.97126403538786,0,0.0
5,70,6.707971999276197,149.07635274981797,0,0.0
5,71,6.861802999992506,145.73429170162598,0,0.0
5,72,6.694181998682325,149.38344971750678,0,0.0
5,73,7.624898000358371,131.1492953680167,1,0.38959622383117676
5,74,7.427287000609795,134.6386641472045,1,0.30743563175201416
5,75,7.330394999371492,136.4182967064858,1,0.5272824764251709
5,76,7.407659999444149,134.99539666710368,1,0.5498122572898865
5,77,7.502933000068879,133.28121149300145,1,0.6695076823234558
5,78,7.331873999646632,136.39077813505745,1,0.667873203754425
5,79,7.345539999732864,136.1370300939573,1,0.5894069075584412
5,80,7.335934000366251,136.31529399665732,1,0.5684413313865662
5,81,7.346718999542645,136.11518285404043,1,0.35210543870925903
5,82,7.2922160015878035,137.1325259402986,1,0.7257410883903503
5,83,7.333811001444701,136.3547546838892,1,0.4700295329093933
5,84,7.344843001192203,136.14994899655196,1,0.7754339575767517
5,85,7.283207000000402,137.3021527467151,1,0.6640651822090149
5,86,8.022717000130797,124.64605195268594,2,0.43525195121765137
5,87,7.902592000391451,126.54076029111278,4,0.5395006835460663
5,88,7.6704660004907055,130.37017567590112,3,0.4457973639170329
5,89,7.487929999115295,133.54825701070266,2,0.48244181275367737
5,90,6.751285000063945,148.11995049690964,0,0.0
5,91,6.802787000196986,146.99857572654315,0,0.0
5,92,6.749546999344602,148.15809121665535,0,0.0
5,93,6.832005999967805,146.36989487490385,0,0.0
5,94,6.668494001132785,149.95889624105965,0,0.0
5,95,6.761480000932352,147.89661433031057,0,0.0
5,96,6.756893000783748,147.9970157710071,0,0.0
5,97,6.7636990006576525,147.84809316658936,0,0.0
5,98,6.638278000536957,150.64147658761988,0,0.0
5,99,7.432675000018207,134.54106361404882,1,0.47196972370147705
5,100,7.385574999716482,135.39907184456024,1,0.8222272992134094
5,101,7.991866999873309,125.12720744925466,5,0.5063284158706665
5,102,8.230317000197829,121.5020028968463,4,0.5236818939447403
5,103,8.177544999853126,122.28608953151107,6,0.6140109499295553
5,104,8.626557999377837,115.9210892771047,9,0.554613106780582
5,105,8.085241999651771,123.68213592655232,6,0.7000583509604136
5,106,9.005735000755521,111.0403537208353,9,0.5504441128836738
5,107,8.128976998705184,123.0167092561935,4,0.676716148853302
5,108,8.132934999594,122.95684153997549,4,0.5918914973735809
5,109,7.827959998394363,127.74720363991585,4,0.3740350604057312
5,110,7.439758999680635,134.41295612437537,1,0.41938090324401855
5,111,7.581358000606997,131.90249028207552,1,0.3369712233543396
5,112,6.806719000451267,146.91365986074976,0,0.0
5,113,6.821208000474144,146.60159900277046,0,0.0
5,114,6.722527999954764,148.75356413639764,0,0.0
5,115,6.745990000126767,148.23621143541698,0,0.0
5,116,6.675250999251148,149.80710090334932,0,0.0
5,117,6.714846000249963,148.92374299615724,0,0.0
5,118,6.754100000762264,148.0582164740144,0,0.0
5,119,6.74163999974553,148.3318599091239,0,0.0
5,120,6.733494001309737,148.51130777060013,0,0.0
5,121,6.755402000635513,148.02968052914176,0,0.0
5,122,7.19307600047614,139.02258226297147,1,0.42139971256256104
5,123,6.837292001364403,146.25673436214905,0,0.0
5,124,6.734478998623672,148.4895862329321,0,0.0
5,125,7.614967000336037,131.32033270214717,1,0.3319973349571228
5,126,7.385957000224153,135.39206902634982,1,0.5530366897583008
5,127,7.163099000536022,139.6043807191788,1,0.5063494443893433
5,128,6.733493999490747,148.51130781071905,0,0.0
5,129,7.4130329994659405,134.8975513898351,0,0.0
5,130,6.781451998904231,147.4610452395126,0,0.0
5,131,6.716235000567394,148.89294372747813,0,0.0
5,132,6.829776000813581,146.41768630199252,0,0.0
5,133,6.8058710003242595,146.93196505669238,0,0.0
5,134,6.725340001139557,148.69136725140405,0,0.0
5,135,7.577456000944949,131.97041327264648,2,0.30167725682258606
5,136,7.627135999427992,131.11081277100558,2,0.32356366515159607
5,137,7.613925999976345,131.33828723881828,3,0.3390071590741475
5,138,7.52760099931038,132.84444806407942,2,0.452178418636322
5,139,7.761159000438056,128.84673538366602,2,0.3151046633720398
5,140,7.431089999954565,134.56976029170877,1,0.5969699025154114
5,141,7.3677919990586815,135.72587284328347,1,0.2969942092895508
5,142,7.325544000195805,136.50863334835896,1,0.32639724016189575
5,143,7.445649998771842,134.30660857882788,2,0.4873412847518921
5,144,7.291676000022562,137.14268159980034,1,0.7106598615646362
5,145,7.543286999862175,132.568202697083,2,0.30500856041908264
5,146,6.7503350001061335,148.1407959729817,0,0.0
5,147,7.358724998994148,135.89310650101592,1,0.2673904299736023
5,148,6.70105999961379,149.23012181022617,0,0.0
5,149,7.35882600019977,135.8912413437759,1,0.5092331171035767
5,150,7.324676000280306,136.524810102417,1,0.31213921308517456
5,151,6.859356000859407,145.786280792936,0,0.0
5,152,6.742187000781996,148.3198255824133,0,0.0
6,0,9.12827100000868,109.54977125449595,1,0.5103341937065125
6,1,8.508868000717484,117.52444625015667,4,0.4733860343694687
6,2,7.986141001310898,125.21692264585027,4,0.44917766749858856
6,3,8.080391999101266,123.75637222937006,4,0.603861927986145
6,4,8.52084700090927,117.35922495654349,5,0.6256263375282287
6,5,8.617476998551865,116.04324562375348,5,0.6192952871322632
6,6,8.334807000210276,119.97878294899586,6,0.5743902325630188
6,7,8.116152001093724,123.21109805055907,5,0.46740899085998533
6,8,8.01127200065821,124.82412280070376,4,0.5182410031557083
6,9,7.754989001114154,128.94924800748663,2,0.36738309264183044
6,10,7.412509999994654,134.90706926543388,1,0.2788323163986206
6,11,7.453837999491952,134.15907349584995,1,0.3511039614677429
6,12,7.48624400148401,133.57833378150224,2,0.5501686632633209
6,13,6.754498001100728,148.0494923289692,0,0.0
6,14,7.451027999195503,134.20966880113338,1,0.40705281496047974
6,15,7.339235000472399,136.25398286546672,1,0.2956162095069885
6,16,6.798600999900373,147.08908494771998,0,0.0
6,17,6.792369000322651,147.22403920524607,0,0.0
6,18,6.854297000245424,145.89388232873395,0,0.0
6,19,6.777152000722708,147.5546069932268,0,0.0
6,20,6.71786000020802,148.85692764794663,0,0.0
6,21,6.846721000329126,146.0553161070722,0,0.0
6,22,7.454687998688314,134.14377639626963,1,0.25320619344711304
6,23,7.309169999643927,136.8144399499144,1,0.5078757405281067
6,24,6.72818500061112,148.62849340634511,0,0.0
6,25,7.368809998297365,135.707122348257,1,0.3710235357284546
6,26,7.439709999744082,134.41384140435568,1,0.7006166577339172
6,27,6.741563000105089,148.33355410079412,0,0.0
6,28,6.627826000112691,150.87903635113494,0,0.0
6,29,7.354646999374381,135.96845641742757,1,0.4337921738624573
6,30,7.379525999567704,135.5100585130509,1,0.5732979774475098
6,31,7.669065998925362,130.39397498210687,1,0.29820066690444946
6,32,6.728668000505422,148.6178244973426,0,0.0
6,33,6.8652959998871665,145.6601434251976,0,0.0
6,34,6.677322000541608,149.76063756081982,0,0.0
6,35,6.722795998939546,148.747634192342,0,0.0
6,36,6.750504000592628,148.13708723262883,0,0.0
6,37,6.788161999793374,147.31528210882993,0,0.0
6,38,6.759478999811108,147.94039600210974,0,0.0
6,39,6.864646000394714,145.6739356905659,0,0.0
6,40,6.811887998992461,146.80217880092994,0,0.0
6,41,6.697697001072811,149.3050521455097,0,0.0
6,42,6.810546001361217,146.83110572928086,0,0.0
6,43,6.702983999275602,149.18728734964472,0,0.0
6,44,6.884795000587474,145.2476072148366,0,0.0
6,45,6.8475099997158395,146.03848698891983,0,0.0
6,46,6.763800000044284,147.84588544803998,0,0.0
6,47,6.589037999219727,151.76722309363217,0,0.0
6,48,6.787762000385555,147.32396332446518,0,0.0
6,49,6.777689000955434,147.5429161560869,0,0.0
6,50,6.663676000243868,150.0673201943497,0,0.0
6,51,6.613617000766681,151.20319182137027,0,0.0
6,52,6.7018320005445275,149.21293161612368,0,0.0
6,53,7.336218001000816,136.31001694109673,1,0.6296979188919067
6,54,6.685289999950328,149.58214228663678,0,0.0
6,55,6.679731000986067,149.7066273855009,0,0.0
6,56,6.726978999722633,148.65513925957433,0,0.0
6,57,6.804564998674323,146.96016574091388,0,0.0
6,58,6.747266001184471,148.20817792339173,0,0.0
6,59,7.310875998882693,136.7825141819979,1,0.33734339475631714
6,60,7.276144000570639,137.43543282287624,1,0.6443898677825928
6,61,6.7898029992647935,147.27967808613607,0,0.0
6,62,6.822620000093593,146.57125854675797,0,0.0
6,63,6.772910001018317,147.64702319234252,0,0.0
6,64,6.801278001148603,147.03119028969547,0,0.0
6,65,6.734413998856326,148.49101943685454,0,0.0
6,66,6.802718999097124,147.00004514852412,0,0.0
6,67,6.782372998713981,147.44102103933415,0,0.0
6,68,6.724336999468505,148.71354604610693,0,0.0
6,69,6.588936999833095,151.76954947745458,0,0.0
6,70,6.723201000568224,148.73867372334743,0,0.0
6,71,6.716235999192577,148.89292158885118,0,0.0
6,72,6.730077999236528,148.5866880166087,0,0.0
6,73,6.688636000035331,149.5073135979769,0,0.0
6,74,6.730649998644367,148.57406048470978,0,0.0
6,75,6.770903000870021,147.6907880487294,0,0.0
6,76,6.616862001465051,151.12903968355215,0,0.0
6,77,6.733050999173429,148.52107909516255,0,0.0
6,78,7.762866998746176,128.8183863206101,1,0.4186122417449951
6,79,7.543832000010298,132.55862537747856,1,0.7209635972976685
6,80,7.629870000528172,131.063832009035,1,0.7832622528076172
6,81,7.330131000344409,136.42320989256737,1,0.6296594142913818
6,82,7.649234001291916,130.7320445198964,2,0.42768776416778564
6,83,7.6847070013172925,130.1285787250682,2,0.7097129821777344
6,84,7.888070998887997,126.77370679611944,3,0.5160355965296427
6,85,7.583499000247684,131.8652511152621,2,0.7447672784328461
6,86,8.280248001028667,120.76932959927873,2,0.7459898889064789
6,87,7.83600799877604,127.61600041196958,3,0.5611449678738912
6,88,8.096301000477979,123.51319447497855,3,0.6689252456029257
6,89,8.009061000848305,124.85858203528251,3,0.6612993876139323
6,90,8.179038999514887,122.26375250922653,3,0.5893614490826925
6,91,8.294936998936464,120.55546656089312,3,0.6927222609519958
6,92,7.872455000324408,127.02517829048143,4,0.6831319630146027
6,93,7.635984999069478,130.95887434585848,3,0.5697936614354452
6,94,8.389906000957126,119.19084670149098,3,0.6851266622543335
6,95,7.933032000437379,126.05520814045198,3,0.6470771034558614
6,96,7.77553700027056,128.60848067023585,4,0.49546143412590027
6,97,7.785177000187105,128.4492311447725,2,0.5713203847408295
6,98,7.413608000206295,134.88708871202434,1,0.44080090522766113
6,99,7.587567999507883,131.7945354908,1,0.3592618703842163
6,100,6.753310999556561,148.07551437593537,0,0.0
6,101,6.921199999851524,144.48361556109523,0,0.0
6,102,6.765103000361705,147.81740942400043,0,0.0
6,103,7.350034999035415,136.0537739114488,1,0.41190463304519653
6,104,7.32981200053473,136.42914714961955,1,0.4413852095603943
6,105,7.631694001247524,131.03250730919424,2,0.2785146236419678
6,106,6.682417999400059,149.6464303923788,0,0.0
6,107,7.267003000379191,137.608309773344,0,0.0
6,108,6.740762999470462,148.351158478433,0,0.0
6,109,6.853110999145429,145.91913076042374,0,0.0
6,110,6.700179999825195,149.249721653163,0,0.0
6,111,6.845152000096277,146.0887939356109,0,0.0
6,112,6.687706998491194,149.52808193086344,0,0.0
7,0,7.959697999467608,125.63290718653974,0,0.0
7,1,7.278441999005736,137.3920407879329,0,0.0
7,2,6.758412000635872,147.96375241786296,0,0.0
7,3,6.844580000688438,146.1010025303844,0,0.0
7,4,6.769644998712465,147.7182334066546,0,0.0
7,5,6.907974999194266,144.76022280286745,0,0.0
7,6,6.781148998925346,147.46763419569112,0,0.0
7,7,7.144682000216562,139.96424193122786,0,0.0
7,8,6.767387001673342,147.76752086924162,0,0.0
7,9,6.794916000217199,147.16885388546893,0,0.0
7,10,7.839886000510887,127.55287512278046,1,0.34074777364730835
7,11,6.743343999914941,148.29437739089298,0,0.0
7,12,6.745303000570857,148.2513090835756,0,0.0
7,13,6.766933998733293,147.77741295942752,0,0.0
7,14,6.745804999809479,148.24027673913534,0,0.0
7,15,6.765333000657847,147.8123840914796,0,0.0
7,16,7.4519429999782005,134.19318961550368,1,0.328025758266449
7,17,6.810073000451666,146.84130404089305,0,0.0
7,18,6.808931000705343,146.8659323903281,0,0.0
7,19,6.913802000781288,144.63821785567418,0,0.0
7,20,6.6887579996546265,149.50458665893353,0,0.0
7,21,6.702386999677401,149.20057586172388,0,0.0
7,22,6.750387001375202,148.13965477775986,0,0.0
7,23,6.721723000737256,148.77137898873806,0,0.0
7,24,6.799590999435168,147.0676692293799,0,0.0
7,25,6.716279000102077,148.89196830340157,0,0.0
7,26,7.444511000358034,134.32715727761115,1,0.2693665623664856
7,27,7.28151199837157,137.33411415426343,1,0.3457760810852051
7,28,7.969860998855438,125.47270274144195,1,0.42977237701416016
7,29,7.5555240000539925,132.3534939459995,1,0.8030499815940857
7,30,7.53749199975573,132.670124231297,1,0.6374598145484924
7,31,6.853883998701349,145.9026736065969,0,0.0
7,32,7.361208001384512,135.84726852059035,1,0.3893020749092102
7,33,7.590875999085256,131.73710124108283,1,0.6337306499481201
7,34,6.738242000210448,148.40666155486372,0,0.0
7,35,6.862246000309824,145.72488365395978,0,0.0
7,36,6.792389000111143,147.2236057127525,0,0.0
7,37,7.481242000721977,133.6676450118169,1,0.6047773957252502
7,38,7.597121000799234,131.62881042631778,1,0.6084983944892883
7,39,7.826899000065168,127.76452078807633,2,0.5794790685176849
7,40,7.587497000713483,131.7957687371693,2,0.7325361371040344
7,41,7.892998999523115,126.69455552451213,3,0.5598894158999125
7,42,7.739785998637672,129.20253869758366,2,0.7684082090854645
7,43,7.763470001009409,128.8083807717399,3,0.5418524344762167
7,44,7.86574300036591,127.13357148250083,3,0.5394178430239359
7,45,7.542573999671731,132.58073438106436,2,0.7305421829223633
7,46,7.761132999803522,128.847167034158,3,0.49754037459691364
7,47,7.993991999683203,125.09394555806777,3,0.67202756802241
7,48,7.922415999928489,126.22412153174314,3,0.510791560014089
7,49,8.021798999834573,124.66031622340851,3,0.45190131664276123
7,50,7.748002999505843,129.06551534166658,1,0.5821908712387085
7,51,7.795899000484496,128.2725699676012,3,0.4125634431838989
7,52,7.914220001111971,126.35483975167446,4,0.4626545310020447
7,53,7.79683600012504,128.2571545667964,3,0.5507055322329203
7,54,7.6249970006756485,131.14759257103844,3,0.5147357980410258
7,55,7.725479999862728,129.44179520466932,4,0.5045867711305618
7,56,7.822019999366603,127.84421416475234,3,0.6019503871599833
7,57,7.639918998393114,130.89144010693408,2,0.8291323184967041
7,58,7.648092001545592,130.75156520056393,3,0.7533807953198751
7,59,8.014962000743253,124.76665515161105,4,0.5540349185466766
7,60,7.848731000194675,127.40913148573911,3,0.6910821795463562
7,61,7.756319999316474,128.92712008892426,3,0.78519606590271
7,62,8.48235700141231,117.89176048986151,7,0.46178328139441355
7,63,8.656545000121696,115.51952886352947,8,0.5752737298607826
7,64,8.435476000158815,118.54695573565417,6,0.573103795448939
7,65,7.675845999983721,130.2787992362172,3,0.5134378870328268
7,66,7.320049999179901,136.61108873737675,1,0.8534737825393677
7,67,7.449076001648791,134.2448378535349,2,0.5533524751663208
7,68,7.471643999451771,133.83935316958016,1,0.7795488834381104
7,69,7.23832699986815,138.15347110157023,1,0.6220462322235107
7,70,7.7160500004538335,129.59998962437817,1,0.6241868138313293
7,71,7.394188000034774,135.2413544252996,1,0.8100495934486389
7,72,7.527944999310421,132.83837755079276,2,0.3390783667564392
7,73,7.372361000307137,135.64175709224486,1,0.2676151990890503
7,74,7.230830000480637,138.29671005037173,1,0.29143065214157104
7,75,6.709322000460816,149.04635668571535,0,0.0
7,76,6.7122820000804495,148.98062983468432,0,0.0
7,77,6.741465000231983,148.33571040798827,0,0.0
7,78,6.672248000541003,149.87452503547792,0,0.0
7,79,6.772890999855008,147.64743741209,0,0.0
7,80,6.692908000331954,149.41188493109453,0,0.0
7,81,6.7529850002756575,148.08266269792986,0,0.0
7,82,6.596339000680018,151.59924314031005,0,0.0
7,83,6.711522999466979,148.99747793152446,0,0.0
7,84,6.816069999331376,146.71210831140164,0,0.0
7,85,6.686753999019857,149.5493927467019,0,0.0
7,86,6.807801999457297,146.8902885365523,0,0.0
7,87,6.6727800003718585,149.8625760094402,0,0.0
7,88,6.659773000137648,150.15526805182873,0,0.0
7,89,6.762510998669313,147.87406633375886,0,0.0
7,90,6.703233999360236,149.18172334360415,0,0.0
7,91,6.772405000447179,147.6580328456391,0,0.0
7,92,7.4869290001515765,133.56611235123967,1,0.48960262537002563
7,93,7.75777799935895,128.90288947204124,1,0.6975739002227783
7,94,7.453161999364966,134.17124169382114,1,0.7664032578468323
7,95,7.356477000939776,135.93463282387097,1,0.4494093656539917
7,96,7.364401000813814,135.7883689236224,1,0.505081295967102
7,97,7.359979001194006,135.86995286776911,1,0.7363185882568359
7,98,7.442119000188541,134.3703318872845,1,0.7328962683677673
7,99,7.530042999860598,132.801366475399,2,0.3217446506023407
7,100,7.3945389995060395,135.2349348710989,1,0.40718376636505127
7,101,6.74508500014781,148.25610054996878,0,0.0
7,102,6.70454299870471,149.15259700671558,0,0.0
7,103,6.726494999384158,148.66583563825657,0,0.0
7,104,6.7497479994926834,148.15367922997433,0,0.0
7,105,6.863779000923387,145.69233651979027,0,0.0
7,106,6.810464999944088,146.83285208986607,0,0.0
7,107,6.645817000389798,150.47058923550662,0,0.0
7,108,6.774522998966859,147.61186878434157,0,0.0
7,109,7.486112999686156,133.58067130992058,1,0.4360671043395996
8,0,9.034568000060972,110.68597856513463,1,0.5263941287994385
8,1,7.341222000832204,136.2171038945069,0,0.0
8,2,7.57314799921005,132.04548492968965,2,0.4009037911891937
8,3,7.704841000304441,129.78853164659557,2,0.5656199753284454
8,4,7.565554000393604,132.17802687654788,2,0.7035744786262512
8,5,7.683882000492304,130.14255033275242,3,0.6056925853093466
8,6,7.954509001137922,125.71486182955432,4,0.6274339705705643
8,7,7.9153360002237605,126.33702472917521,4,0.636267215013504
8,8,7.984392999787815,125.24433604740835,4,0.5347085297107697
8,9,7.936620999316801,125.9982050404173,4,0.43509848415851593
8,10,7.537020999734523,132.67841499117796,2,0.3808917701244354
8,11,7.725007000772166,129.44972087404494,2,0.4198475778102875
8,12,7.3348099995200755,136.33618322293708,1,0.3397274613380432
8,13,7.322240999201313,136.57021123848244,1,0.585034966468811
8,14,6.819464999352931,146.63906920775833,0,0.0
8,15,6.9113389999984065,144.68976272184457,0,0.0
8,16,6.811703999119345,146.8061442671739,0,0.0
8,17,6.765355999959866,147.81188159291727,0,0.0
8,18,6.73800900040078,148.41179344529215,0,0.0
8,19,6.684980000500218,149.5890787893416,0,0.0
8,20,6.745777000105591,148.2408920402123,0,0.0
8,21,6.677535000562784,149.7558604957847,0,0.0
8,22,6.811852001192165,146.8029545892933,0,0.0
8,23,6.756205999408849,148.01206477237335,0,0.0
8,24,6.7751029982900945,147.59923210796657,0,0.0
8,25,6.754239000656526,148.05516948730983,0,0.0
8,26,6.726379999236087,148.66837736101286,0,0.0
8,27,6.750545999238966,148.13616559501062,0,0.0
8,28,6.731187000696082,148.56220751207604,0,0.0
8,29,6.681328999547986,149.67082148890637,0,0.0
8,30,6.722801999785588,148.74750141858905,0,0.0
8,31,7.648476001122617,130.74500068421779,1,0.28492850065231323
8,32,6.655154000327457,150.25948309397447,0,0.0
8,33,6.735417000527377,148.46890696176658,0,0.0
8,34,6.857225000203471,145.8315863881275,0,0.0
8,35,6.824624000728363,146.52821897488775,0,0.0
8,36,6.809811000493937,146.84695359789967,0,0.0
8,37,7.041711000056239,142.01094023767993,0,0.0
8,38,7.422699000017019,134.72188485586,1,0.49567902088165283
8,39,6.817335999585339,146.68486342184463,0,0.0
8,40,6.768272000044817,147.74819924396925,0,0.0
8,41,6.700001998979133,149.25368681268577,0,0.0
8,42,6.768031000319752,147.75346034212248,0,0.0
8,43,6.815247999838903,146.72980352639226,0,0.0
8,44,6.699872001263429,149.25658278418229,0,0.0
8,45,6.800731000112137,147.04301640272362,0,0.0
8,46,7.340149000810925,136.2370164269856,1,0.2870211601257324
8,47,6.784172999687144,147.4019014618459,0,0.0
8,48,7.395771999654244,135.21238892258313,1,0.5713095664978027
8,49,7.497607999539468,133.37587135275996,2,0.4603404402732849
8,50,7.576158999654581,131.99300596061843,1,0.7878408432006836
8,51,7.32273599896871,136.56097941272688,1,0.673973798751831
8,52,7.423559000017121,134.70627767593598,1,0.6016376614570618
8,53,7.384354999885545,135.421441685225,1,0.5726434588432312
8,54,7.286179999937303,137.2461289741133,1,0.607868492603302
8,55,7.400039999993169,135.1344046790184,1,0.35703641176223755
8,56,7.357844000580371,135.9093777907118,1,0.6915302872657776
8,57,7.502526999815018,133.28842402361977,1,0.656552255153656
8,58,7.408595000015339,134.97835959421855,1,0.4737183451652527
8,59,7.421891001285985,134.7365516182777,1,0.7375646233558655
8,60,7.384789001662284,135.41348300877715,1,0.8058103919029236
8,61,7.72854900060338,129.39039396941502,1,0.7448036074638367
8,62,6.7427679987304145,148.30704544310117,0,0.0
8,63,6.736921000992879,148.43576165619595,0,0.0
8,64,7.382408000921714,135.45715705162152,1,0.8040194511413574
8,65,7.691691998843453,130.01040605244765,3,0.4413630962371826
8,66,7.246060000397847,138.00603361621276,1,0.5212817192077637
8,67,6.732326999554061,148.53705116614782,0,0.0
8,68,7.334584999625804,136.34036554910986,1,0.2511489987373352
8,69,8.045959000810399,124.28599249626785,2,0.4970639944076538
8,70,7.8952229996502865,126.65886701924623,4,0.611221194267273
8,71,8.27626999853237,120.8273775719412,5,0.7035667538642884
8,72,7.904759000666672,126.50607057288677,4,0.7834505438804626
8,73,8.06304100115085,124.02268571588169,5,0.6486464977264405
8,74,7.699898998907884,129.87183340220892,2,0.38684844970703125
8,75,7.864123999752337,127.15974468758284,3,0.5164158940315247
8,76,7.482056000299053,133.6531028316322,1,0.38039809465408325
8,77,6.744148999132449,148.27667658716283,0,0.0
8,78,6.687151000733138,149.54051432222275,0,0.0
8,79,7.18823799979873,139.1161505821037,0,0.0
8,80,6.705637999402825,149.12824105462533,0,0.0
8,81,6.670831999144866,149.90633853890938,0,0.0
8,82,6.593616000827751,151.66184986727492,0,0.0
8,83,6.5872389986907365,151.80867131111495,0,0.0
8,84,6.570585999725154,152.1934268940137,0,0.0
8,85,6.58651100093266,151.82545050913882,0,0.0
8,86,6.615404001422576,151.16234772433552,0,0.0
8,87,6.623532999583404,150.97682763306176,0,0.0
8,88,6.628618000831921,150.86100901794245,0,0.0
8,89,7.474186000763439,133.79383385667103,1,0.5446966290473938
8,90,7.418249999318505,134.80268258576717,1,0.36519068479537964
8,91,7.5750040014099795,132.01313158565517,2,0.33686262369155884
8,92,7.248665999213699,137.95641847872082,1,0.3855140805244446
8,93,7.20616400030849,138.7700862701974,1,0.2843836545944214
8,94,6.671918999927584,149.88191553447425,0,0.0
8,95,6.744615000570775,148.26643180009137,0,0.0
8,96,6.63940999947954,150.61579268013114,0,0.0
8,97,6.635775000177091,150.6982982354454,0,0.0
8,98,7.2609110011399025,137.72376494395928,1,0.41431719064712524
8,99,7.220712999696843,138.49047871615784,1,0.29019367694854736
8,100,7.611684000949026,131.3769725431744,3,0.4178651173909505
8,101,7.575738000014098,132.00034108863574,3,0.4452028274536133
8,102,8.70987599955697,114.81219710256094,5,0.42059328556060793
9,0,8.057606999500422,124.10632586846204,0,0.0
9,1,7.353323000643286,135.9929381468103,0,0.0
9,2,6.803076999858604,146.9923095124139,0,0.0
9,3,6.814076001319336,146.75504056696474,0,0.0
9,4,6.765610000002198,147.80633231884119,0,0.0
9,5,6.751107999662054,148.12383390253243,0,0.0
9,6,6.701385000269511,149.22288451712336,0,0.0
9,7,6.791992998842034,147.23218945757012,0,0.0
9,8,6.6921489997184835,149.42883071522567,0,0.0
9,9,6.715023999277037,148.9197953883208,0,0.0
9,10,6.676517999949283,149.77867205744016,0,0.0
9,11,6.679076999716926,149.72128634576038,0,0.0
9,12,6.678181000097538,149.74137418338833,0,0.0
9,13,6.687441000394756,149.53402952504112,0,0.0
9,14,6.785626999771921,147.3703167052377,0,0.0
9,15,6.711472999086254,148.99858796066778,0,0.0
9,16,6.747264000296127,148.20822187424585,0,0.0
9,17,6.768514000214054,147.74291668280142,0,0.0
9,18,6.796425999709754,147.13615656857084,0,0.0
9,19,6.674325000858516,149.8278851975848,0,0.0
9,20,7.156211000619805,139.73875279996483,0,0.0
9,21,7.734622000498348,129.28880040104988,1,0.4819745421409607
9,22,6.7648089989233995,147.82383363065347,0,0.0
9,23,7.367760999841266,135.72644389815906,1,0.6153246760368347
9,24,7.521319001170923,132.955403147283,2,0.46408748626708984
9,25,7.363734001046396,135.80066850023354,1,0.32636600732803345
9,26,6.779943998481031,147.49384364001216,0,0.0
9,27,6.772655000531813,147.65258232133135,0,0.0
9,28,6.741769999280223,148.3289996702296,0,0.0
9,29,7.269495999935316,137.56111840613133,1,0.30021315813064575
9,30,6.721994999679737,148.7653591006307,0,0.0
9,31,6.6270480001549,150.89674919762555,0,0.0
9,32,6.688277999273851,149.5153162157091,0,0.0
9,33,6.747363999238587,148.20602536232607,0,0.0
9,34,6.667264000498108,149.9865611929107,0,0.0
9,35,6.690880001769983,149.4571715133829,0,0.0
9,36,6.662900999799604,150.08477538989044,0,0.0
9,37,6.727549000061117,148.64254425956844,0,0.0
9,38,6.734388000040781,148.49159270210512,0,0.0
9,39,6.8299729991849745,146.41346314536392,0,0.0
9,40,6.692519000353059,149.420569436896,0,0.0
9,41,7.205783000244992,138.77742362849403,0,0.0
9,42,7.457806999809691,134.08767483866478,1,0.26969677209854126
9,43,6.665536000582506,150.02544430224506,0,0.0
9,44,6.677587000012863,149.7546943226758,0,0.0
9,45,6.685472000754089,149.57807016276558,0,0.0
9,46,6.709690000207047,149.0381820872711,0,0.0
9,47,6.717052001476986,148.87483374851257,0,0.0
9,48,7.762233999528689,128.82889127804165,2,0.29822003841400146
9,49,7.5865590006287675,131.81206393005326,1,0.6933504939079285
9,50,7.948674001454492,125.80714718165753,3,0.4075409372647603
9,51,7.663776001209044,130.48398072206692,2,0.44166162610054016
9,52,7.539342999734799,132.63755210966997,1,0.3973575234413147
9,53,7.5953149989800295,131.66010891375663,2,0.4688759744167328
9,54,7.525895000071614,132.87456176182158,1,0.6628572344779968
9,55,7.561787000668119,132.24387303049468,1,0.6787022352218628
9,56,7.674028998735594,130.30964571084684,2,0.5499349236488342
9,57,7.556753998869681,132.3319510135671,2,0.5316607356071472
9,58,7.579549001093255,131.933971250237,2,0.700001984834671
9,59,7.665332001124625,130.45749353756423,2,0.6525712609291077
9,60,7.674512000448885,130.30144456631373,2,0.7340662181377411
9,61,7.792915999743855,128.32167060864882,3,0.5449970960617065
9,62,8.094220000202768,123.54494935583034,2,0.6991576850414276
9,63,7.955211000080453,125.70376825830097,3,0.6662582953770956
9,64,7.819181999366265,127.89061567834702,4,0.5777404308319092
9,65,8.162450998497661,122.51222092286433,3,0.5214960773785909
9,66,8.216956000978826,121.6995685361924,3,0.5527678728103638
9,67,7.438913000441971,134.4282423978593,1,0.3405466675758362
9,68,7.844499001294025,127.47786695301261,3,0.45716283718744916
9,69,7.954709000841831,125.71170106840766,4,0.47016890347003937
9,70,7.709993000389659,129.70180387316313,2,0.670179545879364
9,71,7.768273999317898,128.72872404961592,4,0.5215950310230255
9,72,8.476366001559654,117.97508505602515,4,0.5053834021091461
9,73,8.188736999727553,122.11895436784341,2,0.6622322797775269
9,74,7.7874489998066565,128.41175589398114,3,0.5955962538719177
9,75,7.78275099946768,128.48927070497274,3,0.5281485517819723
9,76,7.791039999574423,128.35256911203433,3,0.3147807717323303
9,77,6.763151999621186,147.86005106140027,0,0.0
9,78,7.378074000371271,135.5367267866491,1,0.29219257831573486
9,79,7.394026000838494,135.24431749179655,1,0.4294777512550354
9,80,6.795324999984587,147.1599960270139,0,0.0
9,81,6.797108000682783,147.12139337782304,0,0.0
9,82,6.740483999237767,148.35729898818582,0,0.0
9,83,6.7905449996032985,147.26358489022894,0,0.0
9,84,6.735465000019758,148.46784891571207,0,0.0
9,85,6.771376998585765,147.68044966464794,0,0.0
9,86,6.863869999506278,145.69040498609832,0,0.0
9,87,6.763712999600102,147.84778716351863,0,0.0
9,88,7.370879000518471,135.66902942371723,1,0.3821907639503479
9,89,6.765787000404089,147.8024655432213,0,0.0
9,90,6.739857000866323,148.37110043602746,0,0.0
9,91,6.836724998720456,146.26886413994382,0,0.0
9,92,7.373698999799672,135.61714412632898,1,0.6740425229072571
9,93,7.4756369995157,133.76786487422862,1,0.826296865940094
10,0,8.060639000177616,124.0596434076709,0,0.0
10,1,7.341613998505636,136.20983072707813,0,0.0
10,2,6.870889001220348,145.54157399754072,0,0.0
10,3,6.784062999940943,147.40429150034504,0,0.0
10,4,6.75618300010683,148.0125686329378,0,0.0
10,5,6.731866998961777,148.54720097028434,0,0.0
10,6,6.827543000326841,146.46557333320771,0,0.0
10,7,6.701076001263573,149.22976546026896,0,0.0
10,8,7.66685599955963,130.4315615237117,1,0.38657844066619873
10,9,6.737312000041129,148.42714720557626,0,0.0
10,10,6.992953000008129,143.00110411135861,0,0.0
10,11,6.814551999923424,146.74478968114664,0,0.0
10,12,6.6806529994209995,149.6859663399174,0,0.0
10,13,6.80072800059861,147.0430812571799,0,0.0
10,14,6.8244249996496364,146.532491755912,0,0.0
10,15,6.75204599974677,148.10325641109438,0,0.0
10,16,6.6809429990826175,149.67946892187425,0,0.0
10,17,6.77689999974973,147.56009385366906,0,0.0
10,18,6.724726999891573,148.70492140664203,0,0.0
10,19,6.750816999556264,148.1302189150929,0,0.0
10,20,6.773949000489665,147.624376848381,0,0.0
10,21,7.426909000059823,134.64551672734177,1,0.5088274478912354
10,22,7.563749999462743,132.20955214953304,1,0.5840874314308167
10,23,7.479441999748815,133.69981343977042,1,0.4440324306488037
10,24,6.770748999770149,147.69414728473137,0,0.0
10,25,6.795254001190187,147.16153359754472,0,0.0
10,26,6.696260999888182,149.33707034667535,0,0.0
10,27,7.455680999555625,134.12591016965482,1,0.26972293853759766
10,28,6.764370000382769,147.8334271991943,0,0.0
10,29,6.7543210006988375,148.0533720408809,0,0.0
10,30,6.755898999472265,148.01879070100287,0,0.0
10,31,6.912975000886945,144.6555209402173,0,0.0
10,32,6.831710999904317,146.37621527228035,0,0.0
10,33,6.777782000426669,147.5408916865501,0,0.0
10,34,6.8878139991284115,145.18394371952272,0,0.0
10,35,6.730044999130769,148.58741659664338,0,0.0
10,36,6.850060000942904,145.98412274671333,0,0.0
10,37,7.461388000592706,134.02332111941686,1,0.5036332011222839
10,38,6.743015999745694,148.30159086641854,0,0.0
10,39,7.756798999253078,128.91915854675267,2,0.2579716742038727
10,40,6.849805999081582,145.989536073588,0,0.0
10,41,6.776239999453537,147.57446608748273,0,0.0
10,42,6.8737990004592575,145.47995947120177,0,0.0
10,43,6.8392930006666575,146.2139434445235,0,0.0
10,44,6.781309000871261,147.46415476296986,0,0.0
10,45,6.8383010002435185,146.23515401916194,0,0.0
10,46,6.778427999961423,147.52683070553988,0,0.0
10,47,6.729550001182361,148.59834607429966,0,0.0
10,48,6.734384000083082,148.49168090023718,0,0.0
10,49,7.402950001051067,135.08128514416828,1,0.4605962038040161
10,50,7.658475000425824,130.5742984007127,1,0.5727017521858215
10,51,7.589348999317735,131.76360714073073,1,0.48432600498199463
10,52,7.648725999388262,130.7407272897446,1,0.6812916398048401
10,53,8.052377999774762,124.18691720979461,1,0.7342520356178284
10,54,7.695667000007234,129.94325248208636,1,0.6964430212974548
10,55,7.539505999375251,132.63468456459393,1,0.7261683344841003
10,56,7.534279000537936,132.72670151033716,1,0.726992666721344
10,57,7.627230001162388,131.1091968968551,2,0.48007193207740784
10,58,7.941273001051741,125.92439522826632,2,0.5324375331401825
10,59,7.724626000708668,129.4561056947299,2,0.6295966804027557
10,60,8.00745499873301,124.88362409257701,3,0.5009898543357849
10,61,7.738235999568133,129.22841847364302,2,0.7147809565067291
10,62,7.618812000146136,131.25405902925797,2,0.6951566934585571
10,63,7.9723599992576055,125.43337231298148,3,0.6011054515838623
10,64,7.684300999244442,130.1354541028943,2,0.6702889204025269
10,65,7.639274001121521,130.90249150026432,2,0.6558421850204468
10,66,7.919116998891695,126.27670485736643,3,0.6612943212191263
10,67,7.671846000448568,130.34672488753432,3,0.6843038201332092
10,68,8.196127999326563,122.00883149728325,4,0.48251836001873016
10,69,7.722882999587455,129.48532303977913,3,0.5640969077746073
10,70,7.729027000095812,129.382391857035,3,0.2918718258539836
10,71,8.153683000273304,122.64396346613928,4,0.5173420011997223
10,72,7.729195000138134,129.37957963049558,3,0.5765588680903116
10,73,8.571463000407675,116.66619805188893,5,0.46014822721481324
10,74,7.615288999659242,131.31478004902328,2,0.7100035846233368
10,75,7.7419989993359195,129.16560698157883,3,0.6074718435605367
10,76,7.3682309994183015,135.71778627447304,1,0.8199661374092102
10,77,7.434740000462625,134.50369480812714,1,0.8139339685440063
10,78,7.363565000559902,135.80378524858043,1,0.8435580134391785
10,79,7.352772001468111,136.0031291328403,1,0.6340956091880798
10,80,7.548550000137766,132.4757734905047,2,0.6215206384658813
10,81,8.642405999125913,115.70851914399061,3,0.5205207268397013
11,0,9.289333998822258,107.6503439457322,2,0.5035082995891571
11,1,8.223566999731702,121.60173316914978,1,0.8018901944160461
11,2,7.5276860006852075,132.8429480067281,1,0.7861281037330627
11,3,7.363390999671537,135.8069943650429,1,0.4014776349067688
11,4,6.747720999555895,148.1981842559607,0,0.0
11,5,6.860502000563429,145.76192819678116,0,0.0
11,6,6.7814510002790485,147.46106695438058,0,0.0
11,7,6.784954999602633,147.38491265727865,0,0.0
11,8,7.013303000348969,142.58616802243418,0,0.0
11,9,6.7747199991572415,147.60757642004356,0,0.0
11,10,6.79504999970959,147.1659516917077,0,0.0
11,11,6.870516999697429,145.54945429056343,0,0.0
11,12,6.763688001228729,147.84833360414237,0,0.0
11,13,6.754572999852826,148.0478484756607,0,0.0
11,14,6.849306999356486,146.0001720019198,0,0.0
11,15,6.845645999419503,146.07825179461486,0,0.0
11,16,7.685803999265772,130.11000541980127,2,0.39340370893478394
11,17,7.718749999185093,129.5546558841231,1,0.3470956087112427
11,18,7.613399000547361,131.3473784742013,2,0.6249247193336487
11,19,7.8782740001770435,126.93135577380625,2,0.4633575677871704
11,20,7.737121000900515,129.2470416171094,2,0.5169654190540314
11,21,7.8507849993911805,127.37579746197977,1,0.6243628859519958
11,22,7.7068800001143245,129.75419365361415,1,0.44697678089141846
11,23,7.759083000564715,128.88120927785138,2,0.543799638748169
11,24,8.238991000325768,121.37408572972834,2,0.4332776367664337
11,25,7.71724600053858,129.57990453203266,2,0.4080350995063782
11,26,6.915669999216334,144.59914948418844,0,0.0
11,27,7.616740000230493,131.28976438341581,1,0.27097541093826294
11,28,6.8554389999917476,145.86957888491222,0,0.0
11,29,6.702777998725651,149.1918724132177,0,0.0
11,30,7.120285999917542,140.4437967816996,0,0.0
11,31,6.937008998647798,144.15434666365948,0,0.0
11,32,6.7925469993497245,147.2201811920821,0,0.0
11,33,6.854057000964531,145.89899089827762,0,0.0
11,34,7.455582001057337,134.12769115250583,1,0.598533570766449
11,35,7.6251860009506345,131.14434190527675,1,0.6522821187973022
11,36,8.038532001592102,124.40082340929179,1,0.574259340763092
11,37,7.006367000940372,142.72732214367065,0,0.0
11,38,7.486812000934151,133.56819963894208,1,0.3064658045768738
11,39,7.494120000046678,133.43794868427133,1,0.30414700508117676
11,40,7.436011999743641,134.48068669529786,1,0.44079387187957764
11,41,6.7140189985366305,148.94208673194956,0,0.0
11,42,6.648684000538196,150.40570433473033,0,0.0
11,43,6.684169000436668,149.60722865245796,0,0.0
11,44,6.728021999151679,148.63209426575713,0,0.0
11,45,6.687846000204445,149.5249741051798,0,0.0
11,46,6.721802999891224,148.7696083946796,0,0.0
11,47,6.709767998472671,149.03644958031748,0,0.0
11,48,6.636316998992697,150.68599046003777,0,0.0
11,49,6.783019998692907,147.42695734240806,0,0.0
11,50,7.342487000641995,136.19363574120925,1,0.4669097065925598
11,51,7.197502000053646,138.9370923401684,0,0.0
11,52,6.579234001037548,151.99337792853993,0,0.0
11,53,6.740945998899406,148.34713112421758,0,0.0
11,54,6.606451999687124,151.367178637998,0,0.0
11,55,6.599977999940165,151.5156565687137,0,0.0
11,56,6.524997001179145,153.25677541603284,0,0.0
11,57,6.728025000484195,148.6320279618511,0,0.0
11,58,6.644047000008868,150.51067519520336,0,0.0
11,59,6.80347099842038,146.98379698130242,0,0.0
11,60,6.5278889996989165,153.18887929101163,0,0.0
11,61,7.380688999546692,135.48870573755622,1,0.6228891015052795
11,62,7.135587999073323,140.1426203600694,1,0.49671870470046997
11,63,7.18006500028423,139.2745051695791,1,0.38691067695617676
11,64,6.546077000166406,152.76325041312214,0,0.0
11,65,6.6394340010447195,150.61524820378503,0,0.0
11,66,6.625809000979643,150.92496627236724,0,0.0
11,67,6.595152999580023,151.6265051112051,0,0.0
11,68,6.573230000867625,152.13220895480706,0,0.0
11,69,6.612275001316448,151.23387938355688,0,0.0
11,70,6.610828000702895,151.26698197164941,0,0.0
11,71,6.581913999980316,151.93148983760508,0,0.0
11,72,6.586289999177097,151.830544984345,0,0.0
11,73,6.625494001127663,150.93214178894425,0,0.0
11,74,6.5642619993013795,152.34004981922232,0,0.0
11,75,6.701661000988679,149.2167389327023,0,0.0
11,76,6.634298000790295,150.73184832530546,0,0.0
11,77,6.623879999096971,150.96891853963677,0,0.0
11,78,6.606475000808132,151.36665163762456,0,0.0
11,79,6.639176999669871,150.62107849357298,0,0.0
11,80,6.552721999469213,152.60833590697155,0,0.0
11,81,6.608419000258436,151.3221240906324,0,0.0
11,82,6.656388000919833,150.23162710193756,0,0.0
11,83,6.570105000719195,152.20456901229664,0,0.0
11,84,6.596082001124159,151.60514981917623,0,0.0
11,85,6.593631000214373,151.66150486241767,0,0.0
11,86,6.649224000284448,150.3934895195621,0,0.0
11,87,6.576984000275843,152.0453751990364,0,0.0
11,88,6.568450000486337,152.24291878996698,0,0.0
12,0,8.0934960005834,123.55600100721831,0,0.0
12,1,7.16203400043014,139.6251400007235,0,0.0
12,2,6.633116001466988,150.75870824192413,0,0.0
12,3,6.6536730009829625,150.29292840995757,0,0.0
12,4,6.678030000330182,149.7447600490799,0,0.0
12,5,6.612180999582051,151.2360293923002,0,0.0
12,6,6.687050999971689,149.54275060923473,0,0.0
12,7,6.593621999854804,151.66171188187928,0,0.0
12,8,6.637216998569784,150.66555759974162,0,0.0
12,9,6.659782000497216,150.1550651245552,0,0.0
12,10,6.586755000171252,151.8198262989895,0,0.0
12,11,6.6209790002176305,151.03506595733504,0,0.0
12,12,6.5649309999571415,152.3245255748352,0,0.0
12,13,6.710163001116598,149.02767635206416,0,0.0
12,14,6.634862000282737,150.71903529529115,0,0.0
12,15,6.689257999823894,149.4934116797897,0,0.0
12,16,6.547531998876366,152.72930322014645,0,0.0
12,17,7.191266999143409,139.05755413046344,0,0.0
12,18,6.6440310001780745,150.51103764765665,0,0.0
12,19,7.496210999306641,133.40072739314496,1,0.28147023916244507
12,20,6.853357001091354,145.91389297839822,0,0.0
12,21,6.734718999723555,148.48429459952936,0,0.0
12,22,6.816085999162169,146.7117639247685,0,0.0
12,23,6.754003999958513,148.06032096015082,0,0.0
12,24,6.806792998759192,146.9120627264983,0,0.0
12,25,6.83163599933323,146.37782225188818,0,0.0
12,26,6.7738990001089405,147.6254665125532,0,0.0
12,27,6.703199998810305,149.18248003602483,0,0.0
12,28,12.092233999283053,82.6977049947338,0,0.0
12,29,6.826349999755621,146.4911702499578,0,0.0
12,30,6.785311001294758,147.37717988301233,0,0.0
12,31,6.8142780000925995,146.75069023987734,0,0.0
12,32,6.773207998776343,147.64052723327873,0,0.0
12,33,6.755643998985761,148.02437786096073,0,0.0
12,34,6.777684999178746,147.54300327046334,0,0.0
12,35,6.628781000472372,150.85729939316732,0,0.0
12,36,6.726355999489897,148.66890781216998,0,0.0
12,37,6.696005999401677,149.34275747204455,0,0.0
12,38,6.765434000044479,147.81017743923383,0,0.0
12,39,6.851267000456573,145.95840447224714,0,0.0
12,40,6.861200001367251,145.74709960367386,0,0.0
12,41,6.8170069989719195,146.69194268845715,0,0.0
12,42,6.79292200038617,147.21205395014857,0,0.0
12,43,6.807427000239841,146.89838024921426,0,0.0
12,44,6.759203999536112,147.94641500221485,0,0.0
12,45,7.447335001415922,134.2762209313634,1,0.3964201807975769
12,46,6.701745000100345,149.2148686625688,0,0.0
12,47,7.41423499857774,134.87568173814674,1,0.42247486114501953
12,48,7.603228001244133,131.52308464725348,2,0.40202760696411133
12,49,7.682088000365184,130.17294255838556,2,0.4132809042930603
12,50,7.892428000559448,126.70372158341081,1,0.7244141697883606
12,51,7.553741999799968,132.38471740582102,1,0.5799394845962524
12,52,7.7708580010948936,128.68591857670063,2,0.574655681848526
12,53,7.587568999952055,131.79451811328752,1,0.6408931612968445
12,54,7.591633000629372,131.7239650437655,1,0.7221980094909668
12,55,7.773945999360876,128.63480143574623,2,0.5090330839157104
12,56,7.986556998730521,125.21040044651932,4,0.5151558667421341
12,57,7.774346999212867,128.62816646867543,3,0.4562402367591858
12,58,7.5238170011289185,132.91126031507068,1,0.43793994188308716
12,59,7.643701999768382,130.82665965134458,2,0.6599808037281036
12,60,7.802485999491182,128.16427995708193,2,0.631778210401535
12,61,8.237783998993109,121.39186947876132,3,0.5130669474601746
12,62,7.897127999967779,126.62831348359556,3,0.5921984314918518
12,63,7.688965000852477,130.05651604463407,3,0.4484812617301941
12,64,7.794830000420916,128.29016154887287,3,0.4713356892267863
12,65,8.163766000507167,122.49248691570482,4,0.3441128581762314
12,66,7.637410999450367,130.93442268223694,3,0.5059861540794373
12,67,8.039235999603989,124.38992959645168,5,0.4504441499710083
12,68,7.802059000823647,128.17129425635363,3,0.593208392461141
12,69,7.694948999414919,129.9553772320043,3,0.5694557428359985
12,70,7.973342000695993,125.41792386589086,4,0.5958275496959686
12,71,7.871735999287921,127.03678071653574,3,0.6358166933059692
12,72,8.198261999496026,121.97707270900507,3,0.5190833210945129
12,73,7.924625000669039,126.18893637434891,4,0.4947470873594284
12,74,7.767098999465816,128.74819801688832,3,0.579319417476654
12,75,8.523947000867338,117.31654360336202,6,0.4570584495862325
12,76,8.4284309996292,118.64604456558925,6,0.5271045863628387
12,77,8.270717000414152,120.90850163896619,6,0.5427138408025106
12,78,8.872787999280263,112.7041466651877,9,0.5848779612117343
12,79,8.3121019997634,120.3065121227416,6,0.5807837545871735
12,80,7.905882001068676,126.48810086778745,4,0.4383366107940674
12,81,7.737841999187367,129.23499860878792,3,0.5181278189023336
12,82,7.3866849998012185,135.3787253723302,1,0.8569499850273132
12,83,7.7949249989615055,128.2885980472201,4,0.4102539122104645
12,84,7.3813660001178505,135.47627904970895,1,0.3008633255958557
12,85,7.284339000761975,137.28081571922937,1,0.26771652698516846
12,86,7.457574000000022,134.0918641906868,1,0.5934252142906189
12,87,7.44074000067485,134.3952348703628,2,0.526892364025116
12,88,7.402144001389388,135.09599378400355,1,0.8965288400650024
12,89,7.32294599947636,136.55706324633647,1,0.8846372365951538
12,90,7.418801998937852,134.79265252572716,1,0.8647679686546326
12,91,7.544564999989234,132.5457465077744,1,0.8203900456428528
12,92,7.313887999771396,136.72618449055497,1,0.8389500379562378
12,93,7.426881998981116,134.64600624288747,1,0.7993527054786682
12,94,7.509764000133146,133.15997679584476,2,0.3727959394454956
12,95,7.460208998963935,134.0445019890031,1,0.549841046333313
12,96,7.3154389992851065,136.69719617615894,1,0.8820033073425293
12,97,7.259953001266695,137.74193852570713,1,0.6043921113014221
12,98,6.630140000197571,150.82637771905286,0,0.0
12,99,6.732822999765631,148.52610859290522,0,0.0
12,100,6.8312639996293,146.38579332525651,0,0.0
12,101,6.675466000160668,149.80227597233386,0,0.0
12,102,7.139183000617777,140.07205024909246,0,0.0
12,103,6.848496001111926,146.01746132839085,0,0.0
12,104,6.744318001437932,148.27296100017728,0,0.0
12,105,6.793967999328743,147.18938919035267,0,0.0
12,106,6.820466000135639,146.61754783032612,0,0.0
12,107,6.74556200101506,148.2456168736603,0,0.0
12,108,6.762541999705718,147.87338844527937,0,0.0
12,109,6.677282000964624,149.76153468664893,0,0.0
12,110,6.879474998640944,145.3599293837905,0,0.0
12,111,6.743969001036021,148.2806341260433,0,0.0
12,112,6.689561998427962,149.4866181425628,0,0.0
12,113,6.659312000920181,150.16566273840607,0,0.0
12,114,6.699615998513764,149.2622861104038,0,0.0
12,115,6.752699000571738,148.08893450090576,0,0.0
12,116,6.717051999657997,148.87483378882814,0,0.0
12,117,6.687201999739045,149.53937387251395,0,0.0
12,118,6.743919000655296,148.28173349988805,0,0.0
12,119,6.674095999187557,149.8330260939805,0,0.0
12,120,6.7353890008234885,148.4695241622625,0,0.0
12,121,6.583463000424672,151.89574239811085,0,0.0
12,122,6.716822999806027,148.87990944958332,0,0.0
12,123,7.177804000093602,139.31837648213292,1,0.3521552085876465
12,124,6.7411060008453205,148.3436100655593,0,0.0
12,125,7.735148999927333,129.2799918927734,2,0.3718735873699188
12,126,7.497349000914255,133.38047887033886,1,0.6736189126968384
12,127,7.497135000448907,133.38428612264858,1,0.7766919136047363
12,128,7.307335001314641,136.84879642442738,1,0.8186712265014648
12,129,8.05010999829392,124.22190506861801,4,0.4784162789583206
12,130,7.534084001235897,132.73013678052425,2,0.562132328748703
12,131,7.6097250002931105,131.41079342045634,2,0.7514057755470276
12,132,7.345011999859707,136.14681637267583,1,0.8406356573104858
12,133,7.5302069999452215,132.7984741996169,2,0.3495565950870514
12,134,7.3540649991628015,135.9792169519635,1,0.8372306823730469
12,135,7.275871999809169,137.44057070083528,1,0.7145039439201355
12,136,7.390393999230582,135.3107831739567,1,0.7465219497680664
12,137,7.319768001252669,136.61635175170375,1,0.4795758128166199
12,138,7.363581999015878,135.80347175242255,1,0.36461204290390015
12,139,7.329288000619272,136.43890101132706,1,0.5953666567802429
12,140,6.708515000354964,149.06428620150473,0,0.0
12,141,6.663139998636325,150.07939202908233,0,0.0
12,142,6.7482390004443005,148.1868084301935,0,0.0
13,0,8.12975799999549,123.00489141258014,0,0.0
13,1,7.2786830005497904,137.3874916553538,0,0.0
13,2,6.80053700125427,147.04721109752995,0,0.0
13,3,6.89099600094778,145.116903254981,0,0.0
13,4,6.6891320002469,149.49622760667444,0,0.0
13,5,6.739009999364498,148.38974865659821,0,0.0
13,6,6.697711000015261,149.3047400817565,0,0.0
13,7,6.678245999864885,149.73991674164625,0,0.0
13,8,6.675398000879795,149.8038019408286,0,0.0
13,9,8.484814999974333,117.85760797413086,5,0.4049649477005005
13,10,8.183959000234609,122.19025046085069,4,0.4737676829099655
13,11,9.566545999405207,104.5309352050546,8,0.5130617693066597
13,12,8.495054000377422,117.71555542266965,6,0.7539214094479879
13,13,8.24029900104506,121.35481975510561,6,0.6558392643928528
13,14,8.31581000056758,120.25286772205556,6,0.7195890843868256
13,15,8.10944600016228,123.31298586611081,6,0.7617537577946981
13,16,8.164761999069015,122.47754436859577,6,0.7724035779635111
13,17,9.087993999855826,110.03528391588554,7,0.6307487743241447
13,18,8.610302000306547,116.13994491301207,6,0.69517382979393
13,19,8.059130999754416,124.08285707608833,5,0.7964082002639771
13,20,8.044882000831421,124.30263115066847,5,0.7194724440574646
13,21,8.228716000303393,121.52564263527019,5,0.6240392208099366
13,22,7.981086000654614,125.2962316053203,3,0.2913944323857625
13,23,7.686167999054305,130.1038436998825,2,0.5775918662548065
13,24,7.985394999195705,125.22862051291398,3,0.3582648038864136
13,25,8.21407600051316,121.74223855945901,4,0.4514278918504715
13,26,7.544611999037443,132.5449208160184,2,0.31650039553642273
13,27,7.70011700114992,129.86815652939586,3,0.432928999265035
13,28,7.812895000824938,127.99352863367719,3,0.3415100375811259
13,29,6.817489000241039,146.68157146489622,0,0.0
13,30,6.65927299996838,150.16654220434398,0,0.0
13,31,6.793730000936193,147.194545538636,0,0.0
13,32,6.737190000421833,148.42983498125886,0,0.0
13,33,6.679216001430177,149.71817048376283,0,0.0
13,34,6.5692000007402385,152.2255373389936,0,0.0
13,35,6.781759999284986,147.45434814936417,0,0.0
13,36,6.82389699977648,146.5438297255594,0,0.0
13,37,6.818249001298682,146.66522149741502,0,0.0
13,38,6.772016000468284,147.6665146583898,0,0.0
13,39,6.701140000586747,149.22834023948772,0,0.0
13,40,6.793511998694157,147.1992689778452,0,0.0
13,41,6.7276119989401195,148.6411523371951,0,0.0
13,42,6.759026999134221,147.95028931354946,0,0.0
13,43,6.720276998748886,148.8033901260573,0,0.0
13,44,6.676912998955231,149.76981131197527,0,0.0
13,45,6.785908999518142,147.36419248637267,0,0.0
13,46,6.657383999481681,150.20915123385646,0,0.0
13,47,6.836769000074128,146.26792275549423,0,0.0
13,48,6.712734999382519,148.9705760903695,0,0.0
13,49,6.785306000892888,147.37728849198675,0,0.0
13,50,6.721577999996953,148.77458834822022,0,0.0
13,51,6.692901999485912,149.41201889356978,0,0.0
13,52,6.742925999787985,148.30357029447492,0,0.0
13,53,6.804356999055017,146.96465810639847,0,0.0
13,54,6.717100000969367,148.87376990899148,0,0.0
13,55,7.4495619992376305,134.2360799336038,1,0.28779667615890503
13,56,6.775054000172531,147.60029956580928,0,0.0
13,57,6.666008001047885,150.0148214407786,0,0.0
13,58,7.137738000892568,140.10040714228384,0,0.0
13,59,6.781868998587015,147.45197823908828,0,0.0
13,60,6.7206549992988585,148.79502073894975,0,0.0
13,61,6.722523999997065,148.75365264600566,0,0.0
13,62,6.784056000469718,147.40444358518877,0,0.0
13,63,6.64385699928971,150.51497949262142,0,0.0
13,64,6.715491999784717,148.90941721500937,0,0.0
13,65,6.752248000339023,148.09882574659449,0,0.0
13,66,6.748907999281073,148.1721191200895,0,0.0
13,67,6.728488000590005,148.6218003082286,0,0.0
13,68,6.698221999613452,149.29334979606665,0,0.0
13,69,6.70888499917055,149.05606522151365,0,0.0
13,70,6.688560999464244,149.50899006230196,0,0.0
13,71,6.728438998834463,148.62288268842528,0,0.0
13,72,6.6398920007486595,150.6048592186813,0,0.0
13,73,6.760951000615023,147.9081862757226,0,0.0
13,74,6.743383999491925,148.29349775651872,0,0.0
13,75,6.808611999076675,146.87281345090767,0,0.0
13,76,6.729056000040146,148.60925514574913,0,0.0
13,77,6.671176999589079,149.89858612079945,0,0.0
13,78,6.689215000733384,149.49437264168714,0,0.0
13,79,6.809235999753582,146.8593539768909,0,0.0
13,80,7.355117000770406,135.9597678589281,1,0.4195539355278015
13,81,6.838598999820533,146.2287816592614,0,0.0
13,82,6.812443998569506,146.79019749886862,0,0.0
13,83,7.385414999589557,135.40200517581948,1,0.2531147003173828
13,84,6.786924999687471,147.34213212110765,0,0.0
13,85,6.6886439999507274,149.5071347805873,0,0.0
13,86,6.770440999389393,147.70086617551016,0,0.0
13,87,6.664599000941962,150.0465369122226,0,0.0
13,88,6.746058001226629,148.234717196053,0,0.0
13,89,6.770895000954624,147.69096254764113,0,0.0
13,90,6.801380999604589,147.02896368518935,0,0.0
13,91,6.66572900081519,150.02110044943385,0,0.0
13,92,6.71950099967944,148.82057463012595,0,0.0
13,93,6.665518001682358,150.0258494159948,0,0.0
13,94,6.73377699968114,148.50506633162226,0,0.0
13,95,7.591227000375511,131.73101001333956,1,0.4546501636505127
13,96,7.725684999968507,129.43836048247843,2,0.3054579198360443
13,97,7.616984999913257,131.28554145917158,1,0.6328850388526917
13,98,7.807300999047584,128.0852371545545,1,0.6624670624732971
13,99,7.508807999329292,133.17693035823032,1,0.7354013919830322
13,100,7.541901999502443,132.59254761809055,1,0.690865695476532
13,101,7.5598359999276,132.2780017991894,1,0.6450557112693787
13,102,7.695066000451334,129.95340130173642,2,0.5396662652492523
13,103,8.480283999233507,117.92057908560437,4,0.5014850050210953
13,104,7.933078999485588,126.05446133397184,2,0.39254167675971985
13,105,7.678739999391837,130.22969915366335,2,0.6419809758663177
13,106,7.68538800002716,130.1170480913216,2,0.6416952311992645
13,107,7.618137999088503,131.26567149605955,2,0.7069917023181915
13,108,7.783082999594626,128.48378978511266,2,0.7767396569252014
13,109,7.971242001076462,125.45096483897451,3,0.6303912798563639
13,110,7.999714000106906,125.004468908093,3,0.6070553064346313
13,111,8.13050699980522,122.9935599371548,3,0.5819748242696127
13,112,7.700129001023015,129.86795414299465,2,0.40385982394218445
13,113,7.80899799974577,128.05740250318362,4,0.3807988464832306
13,114,7.924378000097931,126.19286964701101,4,0.4767419695854187
13,115,7.616908998897998,131.28685141763916,3,0.5820200641949972
13,116,7.95200299944554,125.75447972916079,4,0.4848673641681671
13,117,8.362857999600237,119.57634579563616,5,0.43358311653137205
13,118,7.765261998429196,128.77865553052635,2,0.7110593616962433
13,119,8.085056999334483,123.68496599124958,4,0.5525737553834915
13,120,8.021947000088403,124.65801631311948,4,0.4836127609014511
13,121,7.695425998463179,129.94732198057727,2,0.6371057033538818
13,122,7.772743998430087,128.654693915299,2,0.6572210788726807
13,123,7.765320000544307,128.7776936339913,4,0.514498770236969
13,124,7.973088000653661,125.42191932636597,3,0.5130415161450704
13,125,7.696464999753516,129.92977945485694,1,0.7906274795532227
13,126,7.977597999342834,125.35101418777639,4,0.39069290459156036
13,127,7.313039001019206,136.74205755782674,1,0.25784629583358765
13,128,7.41389200084086,134.8819216528354,1,0.8043450117111206
13,129,7.303184000193141,136.92657886937448,1,0.8693418502807617
13,130,7.559294999737176,132.28746861112953,2,0.3831876218318939
13,131,7.752821999019943,128.98529079171595,1,0.4711654782295227
13,132,8.006311998542515,124.90145277651459,2,0.29885557293891907
13,133,8.16863900035969,122.41941404877447,1,0.5556838512420654
13,134,7.475968999642646,133.7619243803446,2,0.28933098912239075
13,135,7.837279999876046,127.59528816321684,1,0.7300469279289246
13,136,7.528201000241097,132.83386030314202,2,0.31837236881256104
13,137,7.387236000795383,135.36862771032767,1,0.7293249368667603
13,138,7.320020000406657,136.61164859446365,1,0.7343376278877258
13,139,7.507488999181078,133.20032837997908,1,0.6256411671638489
13,140,7.535329999882379,132.70818929172435,2,0.3556598424911499
13,141,7.376667999778874,135.56256022773104,1,0.832963764667511
14,0,9.1797149998456,108.93584387062339,1,0.6446244120597839
14,1,8.22488800076826,121.58220268854643,2,0.42209142446517944
14,2,8.06532099886681,123.98762555644116,3,0.5052270094553629
14,3,7.887150000897236,126.7885104107619,3,0.6317794919013977
14,4,7.872678001149325,127.02158018580347,4,0.494662269949913
14,5,8.469128000797355,118.07591051945981,5,0.451528799533844
14,6,7.587293001051876,131.79931233199554,3,0.5462915102640787
14,7,7.802976000675699,128.15623166256117,3,0.37014663219451904
14,8,7.393047000732622,135.26222677887804,1,0.2874768376350403
14,9,6.685513000775245,149.57715285035584,0,0.0
14,10,6.704594999973779,149.15144016960173,0,0.0
14,11,6.720589999531512,148.79645984500013,0,0.0
14,12,7.455304999893997,134.13267465438616,2,0.2969564199447632
14,13,6.738591999237542,148.3989533886527,0,0.0
14,14,7.308913998713251,136.81923199206503,1,0.3401257395744324
14,15,7.396709001113777,135.19526046643483,1,0.3812254071235657
14,16,6.809235999753582,146.8593539768909,0,0.0
14,17,6.708405999233946,149.06670826336287,0,0.0
14,18,6.671319000815856,149.89539547992038,0,0.0
14,19,7.1529309989273315,139.80283049703152,0,0.0
14,20,6.640356001298642,150.59433557544685,0,0.0
14,21,6.719748000250547,148.8151043703893,0,0.0
14,22,6.669207999948412,149.94284178987,0,0.0
14,23,6.766697000784916,147.78258874071102,0,0.0
14,24,7.471651999367168,133.83920986746944,1,0.3063381314277649
14,25,7.312382998861722,136.75432484262168,1,0.38538169860839844
14,26,7.867362000979483,127.10740904962813,2,0.3295774757862091
14,27,6.837754001026042,146.24685238017406,0,0.0
14,28,6.752515999323805,148.09294788788947,0,0.0
14,29,6.754635000106646,148.04648955631376,0,0.0
14,30,6.680194001091877,149.69625131194545,0,0.0
14,31,6.729184000505484,148.60642834627228,0,0.0
14,32,6.692901000860729,149.41204118683314,0,0.0
14,33,6.653589000052307,150.29482584393753,0,0.0
14,34,6.761521000953508,147.8957175255361,0,0.0
14,35,6.683509998765658,149.62198009499272,0,0.0
14,36,6.660294000539579,150.1435221807004,0,0.0
14,37,6.774502000553184,147.6123263257348,0,0.0
14,38,6.687435001367703,149.53416366596187,0,0.0
14,39,6.673954001598759,149.8362139985454,0,0.0
14,40,7.334742998864385,136.33742861267623,1,0.6546679735183716
14,41,7.964635999087477,125.5550159623832,1,0.6802868843078613
14,42,7.462524999937159,134.0029011639386,1,0.5838369727134705
14,43,6.814813999881153,146.73914798223979,0,0.0
14,44,6.687146000331268,149.54062614312025,0,0.0
14,45,6.665127000815119,150.0346504841849,0,0.0
14,46,6.698834999042447,149.27968820592585,0,0.0
14,47,6.716223999319482,148.89318761573833,0,0.0
14,48,6.5514529997017235,152.6378957531296,0,0.0
14,49,6.720092998875771,148.80746444540182,0,0.0
14,50,6.727280000632163,148.64848793361207,0,0.0
14,51,7.4361589995532995,134.47802824819524,1,0.6378198266029358
14,52,7.539460000771214,132.63549377511248,2,0.3210398852825165
14,53,7.3279320004076,136.464148404267,1,0.4433610439300537
14,54,6.78036900171719,147.48459851473288,0,0.0
14,55,6.729740000082529,148.59415073802802,0,0.0
14,56,6.760303000191925,147.92236383067592,0,0.0
14,57,6.741866000083974,148.32688753937626,0,0.0
14,58,6.7402889999357285,148.36159102518238,0,0.0
14,59,6.627737000599154,150.88106240630836,0,0.0
14,60,6.684096999379108,149.60884022073452,0,0.0
14,61,6.690444999549072,149.46688898382675,0,0.0
14,62,6.6701840005407576,149.92090172009185,0,0.0
14,63,6.551739999849815,152.63120942267594,0,0.0
14,64,6.6671710010268725,149.9886533352723,0,0.0
14,65,6.619223999223323,151.07511093707308,0,0.0
14,66,7.120751999536878,140.43460579234304,0,0.0
14,67,6.772538001314388,147.65513309868825,0,0.0
14,68,6.713815999319195,148.9465901510264,0,0.0
14,69,6.762549000995932,147.87323535145228,0,0.0
14,70,6.709588999001426,149.04042559817418,0,0.0
14,71,6.7274789998919005,148.64409090181752,0,0.0
14,72,6.666277000476839,150.0087680017602,0,0.0
14,73,6.756000999303069,148.01655596308487,0,0.0
14,74,6.74277100006293,148.30697942888273,0,0.0
14,75,6.728054000632255,148.6313873084293,0,0.0
15,0,8.013501999812433,124.7893867154967,0,0.0
15,1,7.469440000932082,133.87884498372222,0,0.0
15,2,6.99567799892975,142.9454014540102,0,0.0
15,3,7.4036900005012285,135.06778375813954,0,0.0
15,4,7.137888000215753,140.09746299882733,0,0.0
15,5,6.927861999429297,144.3446766235208,0,0.0
15,6,6.831316999523551,146.38465760990815,0,0.0
15,7,6.8403229997784365,146.19192690643274,0,0.0
15,8,7.636996000655927,130.94153773474702,1,0.27166831493377686
15,9,6.728016000124626,148.6322267933781,0,0.0
15,10,6.831944998339168,146.37120179437892,0,0.0
15,11,6.734696000421536,148.48480168034433,0,0.0
15,12,6.742333998772665,148.31659187783254,0,0.0
15,13,6.671093000477413,149.90047356983865,0,0.0
15,14,6.7742419996648096,147.61799180623902,0,0.0
15,15,6.829482999819447,146.42396796747823,0,0.0
15,16,6.778486998882727,147.52554665441215,0,0.0
15,17,6.701760999931139,149.21451242595418,0,0.0
15,18,6.729242000801605,148.6051474862811,0,0.0
15,19,6.769562000044971,147.7200445159313,0,0.0
15,20,6.694878000416793,149.36791976459384,0,0.0
15,21,6.767317998310318,147.7690275896127,0,0.0
15,22,6.767569999283296,147.7635251805157,0,0.0
15,23,6.725663000906934,148.68422635287453,0,0.0
15,24,6.679533000351512,149.71106512197406,0,0.0
15,25,7.143459000872099,139.98820457679065,0,0.0
15,26,6.782884000131162,147.4299132906685,0,0.0
15,27,6.679271999018965,149.7169152786228,0,0.0
15,28,6.740544999047415,148.3559564013476,0,0.0
15,29,6.75446499917598,148.05021569021326,0,0.0
15,30,6.7519179992814315,148.10606410007117,0,0.0
15,31,6.782626000131131,147.43552128344783,0,0.0
15,32,6.7857989997719415,147.36658130215883,0,0.0
15,33,6.856369000161067,145.8497930867648,0,0.0
15,34,6.713764998494298,148.94772161734448,0,0.0
15,35,6.718623000779189,148.840022707633,0,0.0
15,36,6.87038900105108,145.5521659467918,0,0.0
15,37,6.744386000718805,148.27146605983432,0,0.0
15,38,6.722098998579895,148.76305752284503,0,0.0
15,39,6.686304999675485,149.55943530074296,0,0.0
15,40,6.759600999430404,147.9377259226195,0,0.0
15,41,6.813470999986748,146.76807166302535,0,0.0
15,42,6.756078999387682,148.0148470866951,0,0.0
15,43,6.695730000501499,149.3489134007945,0,0.0
15,44,6.77816899951722,147.5324678495366,0,0.0
15,45,6.737229999998817,148.42895373917403,0,0.0
15,46,6.759375999536132,147.94265033763853,0,0.0
15,47,7.451359000697266,134.20370698907732,1,0.4085884690284729
15,48,6.885695998789743,145.22860146247584,0,0.0
15,49,6.820466000135639,146.61754783032612,0,0.0
15,50,6.904654001118615,144.82984952439196,0,0.0
15,51,6.761848000678583,147.8885653595948,0,0.0
15,52,6.756677999874228,148.00172511086285,0,0.0
15,53,6.733105999956024,148.51986586970878,0,0.0
15,54,6.7369709995546145,148.4346600372943,0,0.0
15,55,6.739275999279926,148.38389169798765,0,0.0
15,56,7.856340998841915,127.28571737751807,1,0.41870272159576416
15,57,6.783877999623655,147.40831130151167,0,0.0
15,58,6.69207600003574,149.43046074113016,0,0.0
15,59,6.702647999190958,149.1947660269053,0,0.0
15,60,6.7435119999572635,148.29068295664595,0,0.0
15,61,6.8369470009201905,146.26411465021,0,0.0
15,62,6.689504998576012,149.48789188630084,0,0.0
15,63,6.787383999835583,147.3321680376746,0,0.0
15,64,6.7939180007670075,147.19047240297922,0,0.0
15,65,7.67906600049173,130.22417048322868,1,0.6799217462539673
15,66,7.5420459997985745,132.59001602837043,2,0.48878946900367737
15,67,7.513018999816268,133.1022855159098,2,0.5732687711715698
15,68,8.00087499919755,124.98632963273334,2,0.49194443225860596
15,69,7.852938999349135,127.34085927356391,2,0.5436433851718903
15,70,7.924061999801779,126.19790203875425,4,0.6032653748989105
15,71,7.912533999842708,126.3817634173678,3,0.4398781855901082
15,72,7.991679000042495,125.13015099764173,1,0.38693737983703613
15,73,7.69479700102238,129.95794429237492,2,0.6718173921108246
15,74,7.7274909999687225,129.4081093079303,3,0.5761273503303528
15,75,7.797004000167362,128.25439104283325,2,0.7646796107292175
15,76,8.022780999453971,124.64505762628443,4,0.5443210899829865
15,77,7.859441999244154,127.23549586550425,2,0.5735080242156982
15,78,8.144937000906793,122.77565804237256,3,0.44194676478703815
15,79,7.495014999221894,133.42201451282173,2,0.4973721504211426
15,80,7.94011800098815,125.94271267449044,4,0.36985498666763306
15,81,8.490100999551942,117.78422895708475,7,0.4145028846604483
15,82,7.665937999263406,130.44718077501886,2,0.7478789687156677
15,83,7.9697660003148485,125.47419835921087,3,0.6845406095186869
15,84,7.840230999136111,127.54726233323824,3,0.525327225526174
15,85,7.858328999645892,127.25351662485264,3,0.604245642820994
15,86,8.282098999188747,120.74233839730152,3,0.6005102396011353
15,87,8.324648000780144,120.1251992764481,3,0.6162499189376831
15,88,7.847023000067566,127.43686363495935,1,0.4046427607536316
15,89,7.615246000568732,131.3155215110998,1,0.4385071396827698
15,90,7.34612500127696,136.12618895351935,1,0.4021955728530884
15,91,6.71154300107446,148.9970338921927,0,0.0
15,92,6.806719000451267,146.91365986074976,0,0.0
15,93,6.892040000820998,145.0949210800978,0,0.0
15,94,7.32900100047118,136.4442438929549,0,0.0
15,95,6.79256399962469,147.21981273275497,0,0.0
15,96,6.7220790006103925,148.76350008817153,0,0.0
15,97,6.75338200016995,148.07395760743802,0,0.0
15,98,7.349526000325568,136.06319645045167,1,0.4897747039794922
15,99,7.306568000785774,136.86316200608226,1,0.2850877046585083
15,100,6.745840999428765,148.23948564525602,0,0.0
15,101,6.619193000005907,151.07581845688856,0,0.0
15,102,6.701297999825329,149.2248218219911,0,0.0
15,103,6.637406000663759,150.661267353541,0,0.0
15,104,6.656653000391088,150.22564642339754,0,0.0
15,105,6.6287800000282004,150.857322161204,0,0.0
15,106,6.67969399910362,149.70745667903273,0,0.0
15,107,6.6730090002238285,149.85743312596426,0,0.0
16,0,9.05194899860362,110.47344612240556,1,0.4375709295272827
16,1,8.057373999690753,124.10991472387661,1,0.42780590057373047
16,2,7.851459000448813,127.3648630073515,2,0.3346031606197357
16,3,8.588340000642347,116.4369365820644,6,0.4229698081811269
16,4,8.470865999697708,118.05168444828263,6,0.6256319284439087
16,5,8.410561000346206,118.8981329496138,6,0.5887555082639059
16,6,8.315024000694393,120.26423494586298,7,0.6316040924617222
16,7,8.78772899886826,113.79504307982032,7,0.5857050248554775
16,8,8.502528000462917,117.61207960097931,6,0.5249809722105662
16,9,8.402060000662459,119.01843118487075,6,0.4619688590367635
16,10,7.827020999684464,127.76252932505402,3,0.38113943735758465
16,11,7.820542999979807,127.86835901325293,3,0.45018476247787476
16,12,7.841184000426438,127.53176050270159,2,0.3834119737148285
16,13,7.383101999948849,135.44442430931173,1,0.36418265104293823
16,14,7.83815499926277,127.58104427560524,1,0.4970278739929199
16,15,7.646588999705273,130.77726552826934,1,0.27942341566085815
16,16,7.449630000337493,134.23485461085943,1,0.2586755156517029
16,17,7.694806001381949,129.95779228487436,2,0.3390270173549652
16,18,6.809900998632656,146.84501290118425,0,0.0
16,19,7.6525839995156275,130.67481520794743,3,0.5661032398541769
16,20,7.512825000958401,133.10572253079653,2,0.5206246078014374
16,21,7.937476999359205,125.98461703646262,4,0.6053438633680344
16,22,7.912164001027122,126.38767344435536,3,0.6547508637110392
16,23,8.0329479987995,124.48729907743048,4,0.5394991636276245
16,24,7.814383998265839,127.9691400143529,3,0.5392594536145529
16,25,7.533107000199379,132.74735112265535,1,0.3681279420852661
16,26,7.5646730001608375,132.19342065132733,2,0.43910759687423706
16,27,7.457869998688693,134.0865421596017,2,0.49326133728027344
16,28,7.313059000807698,136.74168359499822,1,0.2563914656639099
16,29,7.5749500010715565,132.01407268147506,2,0.4334475100040436
16,30,6.784057999539073,147.40440014928274,0,0.0
16,31,6.62590300089505,150.92282514019848,0,0.0
16,32,6.860346000394202,145.76524273594057,0,0.0
16,33,6.625408999752835,150.9340781885776,0,0.0
16,34,7.818243000656366,127.90597579482332,1,0.3238146901130676
16,35,7.501120999222621,133.3134074365198,1,0.6498484015464783
16,36,6.753583998943213,148.06952873562807,0,0.0
16,37,6.763851000869181,147.8447706597168,0,0.0
16,38,6.727632000547601,148.6407104191496,0,0.0
16,39,6.718297001498286,148.84724503501175,0,0.0
16,40,6.754579000698868,148.0477169482412,0,0.0
16,41,6.737668001733255,148.41930468268123,0,0.0
16,42,6.755201999112614,148.03406324953173,0,0.0
16,43,6.756217000656761,148.01182376214257,0,0.0
16,44,6.790657000237843,147.261156021424,0,0.0
16,45,6.8098560004727915,146.84598322351786,0,0.0
16,46,6.7663480003830045,147.79021119566946,0,0.0
16,47,6.750317999831168,148.14116905677793,0,0.0
16,48,6.786276000639191,147.35622304571922,0,0.0
16,49,6.822818000728148,146.56700499607018,0,0.0
16,50,6.8177149987604935,146.67670915868538,0,0.0
16,51,6.7386099999566795,148.398556973386,0,0.0
16,52,6.751181001163786,148.12223221798044,0,0.0
16,53,6.6170939990115585,151.12374104846884,0,0.0
16,54,6.803763999414514,146.9774671911097,0,0.0
16,55,7.426958998621558,134.64461028876016,1,0.6400454640388489
16,56,7.0843530011188705,141.15615072287682,0,0.0
16,57,6.738701998983743,148.3965309863545,0,0.0
16,58,6.8104290003248025,146.8336282416729,0,0.0
16,59,6.711121000989806,149.00640293216478,0,0.0
16,60,6.674924999970244,149.81441739112543,0,0.0
16,61,6.737477000569925,148.42351223097455,0,0.0
16,62,6.801392000852502,147.02872586591945,0,0.0
16,63,6.732757001373102,148.52756453204185,0,0.0
16,64,7.501943000534084,133.29880004804187,1,0.49650055170059204
16,65,6.813826999859884,146.76040351781216,0,0.0
16,66,6.721670999468188,148.77252993773706,0,0.0
16,67,6.741557999703218,148.33366412393437,0,0.0
16,68,6.778977000067243,147.51488314388448,0,0.0
16,69,6.709037001201068,149.0526881609056,0,0.0
16,70,6.721200999891153,148.7829332906715,0,0.0
16,71,7.413688999804435,134.88561497877492,1,0.5197365283966064
16,72,7.903585999883944,126.52484581235454,2,0.34439176321029663
16,73,7.5980750007147435,131.6122833620267,1,0.5627413988113403
16,74,7.664193000891828,130.4768812428963,1,0.640143871307373
16,75,7.62219199896208,131.1958554883124,1,0.7188826203346252
16,76,7.5772960008180235,131.97319992409467,1,0.649777889251709
16,77,7.621134998771595,131.21405147149133,2,0.5800512731075287
16,78,8.191912000256707,122.07162381244615,2,0.5243178606033325
16,79,7.898759000454447,126.60216623174172,2,0.7551685869693756
16,80,7.714254999882542,129.63014575162813,2,0.679390549659729
16,81,7.635588999619358,130.96566617845082,3,0.5419836242993673
16,82,7.623449000675464,131.17422309920306,2,0.6792641282081604
16,83,8.07561799956602,123.8295323099408,4,0.5612093806266785
16,84,7.948388998556766,125.81165820917619,3,0.6024767557779948
16,85,8.12933800079918,123.01124641412275,3,0.4655809998512268
16,86,8.284489000288886,120.70750531084407,3,0.5210866332054138
16,87,7.6403069997468265,130.88479298451443,2,0.3626648485660553
16,88,7.756920998872374,128.91713092673888,4,0.40574561059474945
16,89,7.6752470013161656,130.2889665737817,3,0.5262075861295065
16,90,7.649552999282605,130.72659279487084,2,0.592017412185669
16,91,7.456500001353561,134.1111781423553,2,0.6627757251262665
16,92,7.594278000397026,131.6780871002774,3,0.570590595404307
16,93,7.815534001565538,127.95031021548738,3,0.5597547888755798
16,94,7.909597001344082,126.4286916046506,3,0.5058825413386027
16,95,7.794479999574833,128.29592224940563,2,0.7081272304058075
16,96,8.276185999420704,120.82860390885313,3,0.6090547243754069
16,97,7.597651001560735,131.619628197528,2,0.6296954154968262
16,98,7.985317000930081,125.22984370983971,3,0.5601085225741068
16,99,7.828881000023102,127.73217526196261,4,0.44222722947597504
16,100,7.878899999923306,126.92127073699808,1,0.3587800860404968
16,101,6.854381999801262,145.89207313350704,0,0.0
16,102,6.907758001034381,144.76477025545165,0,0.0
16,103,6.697376000374788,149.3122082355895,0,0.0
16,104,6.823305999205331,146.55652261769646,0,0.0
16,105,6.661127001279965,150.1247461289727,0,0.0
16,106,6.849745999716106,145.99081484794414,0,0.0
16,107,6.649851999100065,150.3792866571063,0,0.0
16,108,6.737556999723893,148.421749907419,0,0.0
16,109,6.634235000092303,150.733279720433,0,0.0
16,110,6.7861380011891015,147.35921960690675,0,0.0
16,111,6.609235999349039,151.3034184432955,0,0.0
16,112,6.788165999751072,147.31519530262972,0,0.0
16,113,6.683966999844415,149.61175003157217,0,0.0
16,114,7.379459999356186,135.51127048418775,1,0.7393665909767151
16,115,7.279078001374728,137.38003629184078,1,0.8591975569725037
16,116,7.338715999139822,136.2636188833593,1,0.8526739478111267
16,117,7.310166000024765,136.79579916469916,1,0.8794597387313843
16,118,7.625839998581796,131.13309487033212,2,0.41842442750930786
16,119,8.0498669994995,124.22565491605948,3,0.4683275818824768
16,120,7.871112000430003,127.04685182288976,3,0.467709481716156
16,121,7.960077000461752,125.62692546089586,3,0.44663671652475995
16,122,7.881100000304286,126.88584080412511,2,0.502598911523819
16,123,7.846821999919484,127.440127991977,1,0.7369182705879211
16,124,7.802578998962417,128.16275235828815,2,0.46832939982414246
16,125,7.4764340006368,133.75360498264624,2,0.5400499105453491
16,126,7.433512999341474,134.52589644877042,2,0.5162188708782196
16,127,7.377325000561541,135.55048746312286,1,0.8510162234306335
16,128,7.244549999086303,138.0347985901294,1,0.7573936581611633
17,0,8.123206000163918,123.10410446070443,0,0.0
17,1,7.3637690002215095,135.80002305475892,0,0.0
17,2,6.774038000003202,147.62243731132412,0,0.0
17,3,6.763175000742194,147.85954819892424,0,0.0
17,4,6.656031000602525,150.23968486767518,0,0.0
17,5,6.811958999605849,146.8006486912005,0,0.0
17,6,6.780613000955782,147.47929130582176,0,0.0
17,7,7.773650000672205,128.6396994865382,1,0.2836988568305969
17,8,6.8713390010088915,145.53204256887543,0,0.0
17,9,7.43736200092826,134.45627628118538,1,0.32568687200546265
17,10,7.337512999583851,136.28595956923215,1,0.4441230297088623
17,11,7.355956000537844,135.94426066807404,1,0.3369431495666504
17,12,6.740696999258944,148.352611029681,0,0.0
17,13,6.737768999300897,148.41707991232096,0,0.0
17,14,7.3064589996647555,136.865203793778,1,0.2995922565460205
17,15,7.452377998561133,134.18535669997885,1,0.2959100008010864
17,16,7.9011510006239405,126.56383860035477,3,0.3998376131057739
17,17,7.7743889996781945,128.6274715661119,2,0.3936961591243744
17,18,7.522230000176933,132.9393012413179,2,0.407839834690094
17,19,7.256876000610646,137.80034272541695,1,0.5436598062515259
17,20,7.603248999657808,131.5227214109397,1,0.7157935500144958
17,21,7.47632900129247,133.75548345011637,1,0.6635135412216187
17,22,7.637623999471543,130.93077114940343,1,0.7104278206825256
17,23,7.583668999359361,131.86229516141543,2,0.4581317901611328
17,24,7.60691000141378,131.45942305274352,2,0.4034833610057831
17,25,7.615645001351368,131.30864159536765,2,0.35705211758613586
17,26,7.4648339996201685,133.9614517952955,2,0.48525118827819824
17,27,8.268255000075442,120.94450400850914,2,0.42524194717407227
17,28,7.780193998769391,128.5314993634056,2,0.6026862561702728
17,29,7.333464000112144,136.36120665277798,1,0.4109564423561096
17,30,7.760890001009102,128.851201327422,3,0.49089733759562176
17,31,7.669896000152221,130.37986433977116,2,0.8090520203113556
17,32,7.670834000236937,130.36392131143916,2,0.6659889817237854
17,33,7.7862640009698225,128.43129899980843,2,0.6934192478656769
17,34,7.841131999157369,127.53260627514788,3,0.6149017016092936
17,35,7.800466000844608,128.19746921423967,3,0.5411356687545776
17,36,7.518889999118983,132.9983548259349,2,0.6363248527050018
17,37,8.102701000098023,123.41563634001828,3,0.6769868532816569
17,38,8.491022001180681,117.771453172651,4,0.47748464345932007
17,39,7.69639999998617,129.93087677378995,2,0.4499148726463318
17,40,7.696153001234052,129.93504674863576,4,0.4217384457588196
17,41,7.88353999996616,126.84656892770157,4,0.44216687977313995
17,42,7.782821001455886,128.48811501805525,3,0.5528663992881775
17,43,7.529926000643172,132.80342992940228,2,0.6348431408405304
17,44,7.9743030000827275,125.4028094981625,3,0.6306372682253519
17,45,7.82825500027684,127.74238958294482,3,0.6726835370063782
17,46,7.749245000013616,129.04482952832734,4,0.6329974234104156
17,47,8.41986199884559,118.76679215610726,3,0.7031907836596171
17,48,7.9087129997788,126.44282325429803,4,0.612135499715805
17,49,7.753404999675695,128.97559201948403,3,0.677933911482493
17,50,7.84032599949569,127.54571685722286,3,0.7212720910708109
17,51,9.038094998686574,110.64278480645767,7,0.5166460020201546
17,52,8.461686000373447,118.17975755137523,7,0.5584201301847186
17,53,8.158148999427794,122.57682472704766,5,0.5523058176040649
17,54,7.768970999677549,128.717175034056,3,0.575778047243754
17,55,7.670273000258021,130.37345606425754,3,0.4996395707130432
17,56,7.6058550002926495,131.47765766787865,3,0.5651410818099976
17,57,7.551036998847849,132.43214145985272,2,0.4403814375400543
17,58,7.5176789996476145,133.01977911625042,2,0.597051352262497
17,59,7.535704000474652,132.7016029208436,2,0.4653606712818146
17,60,7.534972000939888,132.7144944765904,2,0.5111657381057739
17,61,6.757764000212774,147.97794062777484,0,0.0
17,62,6.67922200045723,149.71803601250932,0,0.0
17,63,6.734260001394432,148.4944150942991,0,0.0
17,64,6.64719199994579,150.4394637627671,0,0.0
17,65,6.661304998488049,150.12073463487638,0,0.0
17,66,6.722707999870181,148.74958127280115,0,0.0
17,67,6.752184999641031,148.1002075703144,0,0.0
17,68,6.8590800001402386,145.7921470488104,0,0.0
17,69,6.787083999370225,147.3386803659407,0,0.0
17,70,6.769147999875713,147.72907905372446,0,0.0
17,71,6.7826139984390466,147.43578216748594,0,0.0
17,72,6.726101999447565,148.67452204592394,0,0.0
17,73,6.79518799915968,147.1629629855221,0,0.0
17,74,6.6608099987206515,150.13189089496188,0,0.0
17,75,6.833366000137175,146.34076383145958,0,0.0
17,76,6.782812000892591,147.43147825244222,0,0.0
17,77,6.8430470000748755,146.13373253012264,0,0.0
17,78,6.787518001146964,147.32925935975695,0,0.0
17,79,7.4876710004900815,133.55287644643417,1,0.7280194759368896
17,80,7.375567000053707,135.58279654875597,1,0.7712106108665466
17,81,7.533051000791602,132.74833794367197,2,0.4560796618461609
17,82,7.232246000057785,138.2696329732161,1,0.5046464204788208
17,83,7.257859999299399,137.78166017207965,1,0.5937838554382324
17,84,7.317601000977447,136.65680868175585,1,0.8102990388870239
17,85,7.344480000028852,136.15667821221808,1,0.33607590198516846
17,86,6.715776000419282,148.90312004712004,0,0.0
17,87,7.388269001239678,135.34970096949772,1,0.27710598707199097
17,88,6.729598999299924,148.59726413178993,0,0.0
17,89,6.772763999833842,147.65020603471984,0,0.0
18,0,8.021595000172965,124.66348649843798,0,0.0
18,1,7.3179350001737475,136.65057150360823,0,0.0
18,2,6.830930000433,146.39295087734934,0,0.0
18,3,6.717366999509977,148.86785254891518,0,0.0
18,4,6.759998999768868,147.92901597088863,0,0.0
18,5,6.7668820011022035,147.77854850093706,0,0.0
18,6,6.752872999641113,148.08511874177788,0,0.0
18,7,6.821220000347239,146.6013411016056,0,0.0
18,8,7.540410999354208,132.61876575237665,1,0.35465413331985474
18,9,7.833944000594784,127.64962321968042,2,0.47701725363731384
18,10,7.502195998313255,133.29430479086838,1,0.8219810128211975
18,11,6.698369001242099,149.29007342153992,0,0.0
18,12,7.380156999715837,135.49847246318794,1,0.8737183809280396
18,13,7.31074600116699,136.7849464118126,1,0.8908922076225281
18,14,6.7306960008863825,148.57304502659272,0,0.0
18,15,6.724419999954989,148.7117104533467,0,0.0
18,16,6.78467699981411,147.39095170299169,0,0.0
18,17,6.742030000168597,148.32327948332966,0,0.0
18,18,6.721432999256649,148.7777978461727,0,0.0
18,19,6.779073999496177,147.51277240436087,0,0.0
18,20,6.713892998959636,148.94488192691733,0,0.0
18,21,6.762294000509428,147.87881152825747,0,0.0
18,22,6.77708100010932,147.55615286048214,0,0.0
18,23,6.761624999853666,147.89344277768168,0,0.0
18,24,7.630232999872533,131.05759680165804,1,0.3307253122329712
18,25,6.712551999953575,148.97463736696804,0,0.0
18,26,6.738570000379696,148.39943785456757,0,0.0
18,27,7.555483000032837,132.35421216560925,1,0.2556265592575073
18,28,7.410766000248259,134.93881738628642,1,0.3232904076576233
18,29,7.325438999032485,136.51059003181598,1,0.4611586928367615
18,30,6.819820999226067,146.6314145361708,0,0.0
18,31,6.865168999866,145.66283801892112,0,0.0
18,32,6.694763000268722,149.3704855511481,0,0.0
18,33,8.386147001147037,119.24427271108202,5,0.37186527252197266
18,34,8.270612999695004,120.91002203063752,4,0.5429649651050568
18,35,7.795404000717099,128.28071513779273,2,0.49437546730041504
18,36,8.084810999207548,123.68872940851894,4,0.5716958045959473
18,37,7.970373000716791,125.46464260958278,5,0.5658222675323487
18,38,8.701881000888534,114.917682728354,6,0.5263466835021973
18,39,8.456514000499737,118.25203623394995,6,0.5045906603336334
18,40,7.978694999110303,125.33377953556429,4,0.5704322457313538
18,41,7.8091839986882405,128.05435243528345,3,0.6321723262468973
18,42,8.15619999957562,122.60611559942518,4,0.627228632569313
18,43,8.282054999654065,120.74297985726601,6,0.5359498063723246
18,44,8.118453000861336,123.17617653189639,5,0.533486270904541
18,45,7.649904999198043,130.7205775895037,2,0.7289575934410095
18,46,7.627426999533782,131.1058106568734,2,0.7840791344642639
18,47,7.494621000660118,133.4290286209164,2,0.8017034530639648
18,48,7.623134999448666,131.1796262393784,3,0.48416395982106525
18,49,8.349745001396514,119.76413648952726,1,0.8183879256248474
18,50,7.437270000082208,134.45793953815667,1,0.8303911685943604
18,51,6.9303309992392315,144.293252387191,0,0.0
18,52,7.405665000987938,135.03176282840192,1,0.29077839851379395
18,53,6.7872230010834755,147.33566288309157,0,0.0
18,54,6.860380000944133,145.76452031263267,0,0.0
18,55,6.774866000341717,147.60439541528365,0,0.0
18,56,6.744594998963294,148.26687149542843,0,0.0
18,57,6.714125998769305,148.9397131038797,0,0.0
18,58,6.781416001103935,147.4618280071908,0,0.0
18,59,6.671285998891108,149.89613699161131,0,0.0
18,60,6.799368999054423,147.07247101004054,0,0.0
18,61,6.696812999507529,149.3247609084408,0,0.0
18,62,7.425631998557947,134.66867199912403,1,0.5605566501617432
18,63,7.325859000047785,136.50276370231492,1,0.25778329372406006
18,64,6.758061999789788,147.9714154784471,0,0.0
18,65,6.701058000544435,149.23016632877284,0,0.0
18,66,6.701627000438748,149.21749598038375,0,0.0
18,67,6.72991200008255,148.59035303696896,0,0.0
18,68,6.819714999437565,146.6336936488507,0,0.0
18,69,6.77810199886153,147.5339261887713,0,0.0
18,70,7.2837930001696805,137.2911064299472,1,0.6057407259941101
18,71,7.31835599981423,136.6427104701362,1,0.2587629556655884
18,72,6.733377000273322,148.51388834449756,0,0.0
18,73,6.7235329988761805,148.73132922336325,0,0.0
18,74,6.8921629990654765,145.09233170132399,0,0.0
18,75,6.735351000315859,148.47036181976327,0,0.0
18,76,6.700983998598531,149.23181434385515,0,0.0
18,77,6.783225999242859,147.42248011663176,0,0.0
18,78,6.7103000001225155,149.02463376924163,0,0.0
18,79,6.739619999279967,148.37631796849612,0,0.0
18,80,7.359995001024799,135.8696575012294,1,0.28468745946884155
18,81,7.511793000958278,133.12400912437687,1,0.29474937915802
18,82,7.401337001283537,135.11072389037014,1,0.7317461967468262
18,83,7.420253001328092,134.76629433268891,1,0.3179962635040283
18,84,7.298763999642688,137.0094991493019,1,0.6722997426986694
18,85,7.378198999504093,135.53443056594332,1,0.6004048585891724
18,86,7.448259000739199,134.2595631946681,1,0.7280492782592773
18,87,7.311340001251665,136.77383350094578,1,0.6262331008911133
18,88,7.42548099879059,134.67141053392675,1,0.5590782761573792
18,89,7.380835000731167,135.48602561917954,1,0.5939350128173828
18,90,7.331770999371656,136.39269421885948,1,0.5083679556846619
18,91,7.445089999237098,134.3167107586974,1,0.5730781555175781
18,92,7.324717000301462,136.52404590632557,1,0.4568290710449219
18,93,7.4583480000001146,134.0779486288364,1,0.7100470662117004
18,94,7.516789000874269,133.0355288519727,1,0.8036816716194153
18,95,7.443669001077069,134.3423518503179,1,0.7063178420066833
18,96,7.534967000538018,132.71458254941226,1,0.5259330868721008
18,97,7.350817000769894,136.03930010708527,1,0.5301540493965149
18,98,7.333061999815982,136.3686820082926,1,0.26603055000305176
18,99,6.7053040002065245,149.13566931032506,0,0.0
18,100,6.734567999956198,148.48762385449282,0,0.0
18,101,6.751085000360035,148.12433852435126,0,0.0
18,102,6.7577120007626945,147.97907929298216,0,0.0
18,103,6.772427999749198,147.65753139598277,0,0.0
18,104,6.74464599978819,148.26575034944815,0,0.0
18,105,7.617777000632486,131.27189203844802,1,0.28478360176086426
18,106,7.301522000489058,136.9577466085865,1,0.3649614453315735
18,107,7.2938730008900166,137.1013726010828,1,0.8334627747535706
18,108,8.081695999862859,123.73640384604535,4,0.4940924644470215
18,109,8.09923099950538,123.46851201812493,5,0.7331733107566833
18,110,8.023264999792445,124.63753846169472,4,0.687324196100235
18,111,8.016293000764563,124.74593928947256,5,0.8236887335777283
18,112,8.266856999398442,120.96495682370791,6,0.683700680732727
18,113,8.296422998682829,120.53387347279228,6,0.62017422914505
18,114,8.045807999224053,124.28832506274587,5,0.5932953357696533
18,115,8.454962000541855,118.27374267748488,4,0.6408074200153351
18,116,7.893077001426718,126.6933034885184,4,0.6009156405925751
18,117,7.693808000112767,129.97464974240884,3,0.5063592195510864
18,118,6.8720109993591905,145.51781132091455,0,0.0
18,119,7.828604000678752,127.73669480705608,2,0.2806606888771057
18,120,6.799697999667842,147.0653549685367,0,0.0
18,121,6.771942000341369,147.6681282783566,0,0.0
18,122,6.722971000272082,148.74376223838084,0,0.0
18,123,6.695056999888038,149.36392625435795,0,0.0
18,124,6.697859000269091,149.30144094699878,0,0.0
18,125,6.78714400055469,147.33737783053866,0,0.0
18,126,6.696637999993982,149.3286631293044,0,0.0
18,127,6.580328001291491,151.96810855077962,0,0.0
18,128,6.703926999762189,149.16630208465477,0,0.0
18,129,6.726530999003444,148.66503999582446,0,0.0
18,130,7.558409999546711,132.3029579051641,2,0.37338271737098694
18,131,7.210826001028181,138.6803675275775,1,0.6781154870986938
18,132,7.206148999102879,138.77037515106804,1,0.5873191952705383
18,133,7.362619000559789,135.82123425427403,1,0.4688516855239868
18,134,6.712283999149804,148.9805854648973,0,0.0
18,135,6.642751999606844,150.54001715842858,0,0.0
18,136,6.733371001246269,148.51402066140594,0,0.0
18,137,6.71665300069435,148.88367761392803,0,0.0
18,138,6.655389999650652,150.25415491090544,0,0.0
18,139,6.678965999526554,149.72377461883863,0,0.0
18,140,7.637491999048507,130.93303405418715,2,0.3268376290798187
18,141,7.2530999987066025,137.87208230664453,1,0.255695641040802
18,142,6.727644999045879,148.6404232300933,0,0.0
18,143,7.725188999756938,129.44667114700542,2,0.37388908863067627
18,144,7.470239999747719,133.8645077044073,2,0.3927292227745056
18,145,7.518333999541937,133.0081903864508,3,0.3671588699022929
18,146,7.493754999813973,133.44444808041152,2,0.30773138999938965
18,147,7.587748999867472,131.79139162582553,3,0.4173824389775594
18,148,6.698178998703952,149.29430822817554,0,0.0
18,149,6.754854999599047,148.04166781660862,0,0.0
18,150,6.762544000594062,147.8733446927893,0,0.0
18,151,6.7209750013716985,148.78793624376044,0,0.0
18,152,6.698201001199777,149.2938178207672,0,0.0
18,153,6.729595999786397,148.59733036451829,0,0.0
18,154,6.678560999716865,149.73285413465484,0,0.0
18,155,6.686201000775327,149.5617615868923,0,0.0
18,156,6.7389340001682285,148.39142214110367,0,0.0
18,157,7.299111999600427,137.0029669437519,1,0.2675064206123352
19,0,8.283152999865706,120.72697437995083,0,0.0
19,1,7.402234999972279,135.09433299587826,0,0.0
19,2,7.885796998380101,126.81026409954755,2,0.6550857424736023
19,3,8.722398999452707,114.64735791870397,7,0.4528857299259731
19,4,8.467085001029773,118.1044007327645,6,0.529624342918396
19,5,8.272851000583614,120.87731302418649,6,0.5509784817695618
19,6,9.022274000017205,110.83680234030723,9,0.48993186155955
19,7,8.178688000043621,122.26899962373751,6,0.6604806880156199
19,8,8.31206899965764,120.30698975684493,6,0.6075455149014791
19,9,8.34870300059265,119.77908423967327,5,0.5646250247955322
19,10,8.054439000261482,124.15513978906982,4,0.5549706071615219
19,11,8.085022998784552,123.6854861328574,3,0.3595830798149109
19,12,7.7482910000981065,129.06071803283308,3,0.5292856494585673
19,13,7.820961000106763,127.8615249438463,2,0.41363170742988586
19,14,7.796978999977,128.25480227700368,2,0.5748489201068878
19,15,7.98244399993564,125.27491580373915,4,0.5462450087070465
19,16,7.935976000226219,126.00844558646529,2,0.7814721465110779
19,17,7.634002999111544,130.99287491980044,2,0.7207942306995392
19,18,7.444114000463742,134.33432104044934,1,0.6123194098472595
19,19,6.935792000149377,144.1796409088483,0,0.0
19,20,7.41373399978329,134.88479624831845,1,0.270378053188324
19,21,6.798456999604241,147.0922004887599,0,0.0
19,22,6.771684000341338,147.67375440873988,0,0.0
19,23,6.771788999685668,147.67146466707953,0,0.0
19,24,6.741445999068674,148.3361285009402,0,0.0
19,25,6.656683999608504,150.22494684422642,0,0.0
19,26,7.673227999475785,130.32324858173345,1,0.5422154664993286
19,27,7.701148999331053,129.85075345079846,2,0.28324055671691895
19,28,7.433396000124048,134.52801384230196,1,0.6042502522468567
19,29,6.779793000532663,147.4971285880607,0,0.0
19,30,6.872039999507251,145.51719723280183,0,0.0
19,31,6.722127000102773,148.7624378392005,0,0.0
19,32,6.673996000245097,149.83527109744685,0,0.0
19,33,6.962900000871741,143.61831993491245,0,0.0
19,34,7.4898820002999855,133.51345187546985,1,0.4552426338195801
19,35,7.362182001088513,135.82929624018368,1,0.7244474291801453
19,36,7.458509999196394,134.07503644933686,1,0.4552019238471985
19,37,6.756628001312492,148.00282031299452,0,0.0
19,38,6.739610000295215,148.3765381017888,0,0.0
19,39,6.693502999041812,149.39860341336248,0,0.0
19,40,6.744110998624819,148.27751206999832,0,0.0
19,41,6.777765000151703,147.5412617548141,0,0.0
19,42,6.694318999507232,149.3803925498038,0,0.0
19,43,6.727890000547632,148.635010370057,0,0.0
19,44,6.738512000083574,148.40071517088603,0,0.0
19,45,6.66651599931356,150.00339009206132,0,0.0
19,46,6.857176000266918,145.83262846995245,0,0.0
19,47,6.8090540007688105,146.86327937582666,0,0.0
19,48,6.646365000051446,150.45818277994957,0,0.0
19,49,6.7024460004176944,149.19926246890768,0,0.0
19,50,6.611300001168274,151.25618256973536,0,0.0
19,51,6.724278999172384,148.71482877540905,0,0.0
19,52,6.79970199962554,147.06526845662796,0,0.0
19,53,6.786608000766137,147.34901439527826,0,0.0
19,54,6.716252999467542,148.89254470897373,0,0.0
19,55,6.84831200123881,146.02138451330887,0,0.0
19,56,6.8322239985718625,146.3652245899768,0,0.0
19,57,6.675246000668267,149.80721308246748,0,0.0
19,58,6.7800750002788845,147.49099382512244,0,0.0
19,59,6.8021549996046815,147.0122336315648,0,0.0
19,60,7.563768000181881,132.20923750912954,1,0.5938338041305542
19,61,6.677637000393588,149.75357299911013,0,0.0
19,62,7.4682060003397055,133.90096630362274,1,0.49552834033966064
19,63,7.340352000028361,136.23324875920613,1,0.6651805639266968
19,64,6.70246300069266,149.198884036608,0,0.0
19,65,6.724238000970217,148.71573550128852,0,0.0
19,66,6.7350650006119395,148.4766665071742,0,0.0
19,67,6.800253999244887,147.05333067133108,0,0.0
19,68,6.784861001506215,147.38695454158952,0,0.0
19,69,6.661069999609026,150.1260308116707,0,0.0
19,70,6.722542999341385,148.75323223636815,0,0.0
19,71,7.526576000600471,132.86253934328437,1,0.4620707631111145
19,72,6.747854999048286,148.1952413235079,0,0.0
19,73,6.788823000533739,147.3009386047301,0,0.0
19,74,6.722076999722049,148.76354436900218,0,0.0
19,75,6.6146539993496845,151.17948725637265,0,0.0
19,76,6.713837999996031,148.9461020657024,0,0.0
19,77,7.64301900017017,130.83835065407206,1,0.3965662121772766
19,78,7.315211001696298,136.70145670003416,1,0.41193604469299316
19,79,7.77521700001671,128.6137737374855,1,0.6406971216201782
19,80,7.84606599881954,127.45240737848145,1,0.6545639634132385
19,81,7.819468999514356,127.88592167346746,1,0.7247812747955322
19,82,7.72304299971438,129.48264046140656,1,0.6994361281394958
19,83,7.384869999441435,135.41199778406883,1,0.6978384256362915
19,84,7.8041739998298,128.1365587212444,2,0.5146611332893372
19,85,7.72476999918581,129.45369248604163,2,0.5061488449573517
19,86,8.07049400100368,123.90815232322034,3,0.36797308921813965
19,87,7.642560000022058,130.84620859988195,2,0.6839181184768677
19,88,8.079630000793259,123.76804382153885,4,0.5128913223743439
19,89,7.739451999441371,129.20811448564825,2,0.6487026214599609
19,90,7.90720999975747,126.46685746687795,3,0.6473496158917745
19,91,7.564783998532221,132.19148097209754,2,0.7122793793678284
19,92,8.302130001538899,120.45101676493118,3,0.5504141648610433
19,93,8.16471700090915,122.4782193784119,3,0.5157131354014078
19,94,7.572107000669348,132.0636382860944,2,0.5648398995399475
19,95,7.793691000188119,128.3089103706912,4,0.3992947041988373
19,96,7.693161998759024,129.98556382425184,2,0.6294961869716644
19,97,7.60004400035541,131.57818559382494,2,0.595801055431366
19,98,8.046414999625995,124.27894907812745,4,0.6142295897006989
19,99,8.385139999518287,119.25859318478265,4,0.5505102574825287
19,100,7.834132000425598,127.6465599438041,3,0.6263198256492615
19,101,7.835727999918163,127.62056059251216,3,0.5713999072710673
19,102,8.03091600027983,124.51879710423516,4,0.5829647481441498
19,103,8.338015999470372,119.93260747682898,4,0.48189777135849
19,104,7.90363200030697,126.5241094171845,3,0.7805975675582886
19,105,8.226121000916464,121.56397892622671,5,0.4552582859992981
19,106,8.734896999158082,114.48331904730938,9,0.5010800162951151
19,107,8.557715000279131,116.85362272141366,8,0.543884813785553
19,108,7.9677489993628114,125.50596160596562,5,0.47696107625961304
19,109,7.797721000315505,128.24259805647557,3,0.4375268618265788
19,110,7.5991060002706945,131.59442702396547,2,0.5177218317985535
19,111,7.518485999753466,133.00550137790913,2,0.5956624448299408
19,112,7.5443519999680575,132.5494886776537,2,0.3367910385131836
19,113,7.354092000241508,135.97871769446996,1,0.28857243061065674
19,114,6.7292709991306765,148.60450710473472,0,0.0
19,115,7.4696760002552764,133.8746151728435,1,0.4668805003166199
19,116,7.541879000200424,132.59295196507728,2,0.4934871792793274
19,117,7.320951999645331,136.5942571469456,1,0.9112414121627808
19,118,7.282006999957957,137.32477873281,1,0.8750624060630798
19,119,7.70433000070625,129.79714003791773,1,0.8814627528190613
19,120,7.4522680006339215,134.18733731998577,1,0.8786707520484924
19,121,7.3145780006598216,136.713286796558,1,0.7752163410186768
19,122,7.448553998983698,134.2542458759704,1,0.867163360118866
19,123,7.468807998520788,133.8901736660056,2,0.39036473631858826
19,124,7.395104999886826,135.22458437240633,1,0.7832898497581482
19,125,7.155088000217802,139.76068497963405,1,0.8798159956932068
19,126,7.341975999224815,136.20311481617247,1,0.49666815996170044
19,127,6.83216600009473,146.3664670890805,0,0.0
19,128,6.758015999366762,147.97242268939607,0,0.0
19,129,6.736796000041068,148.43851587518813,0,0.0
19,130,6.763855999452062,147.84466140039197,0,0.0
19,131,6.693921000987757,149.38927421647787,0,0.0
19,132,6.707542999720317,149.08588734230952,0,0.0
19,133,6.765350000932813,147.81201266189024,0,0.0
19,134,6.79901500006963,147.08012851711,0,0.0
19,135,6.863300999611965,145.70248340507544,0,0.0
19,136,6.709531999149476,149.0416917494042,0,0.0
19,137,6.815697001002263,146.72013733194825,0,0.0
19,138,6.730050999976811,148.58728410876017,0,0.0
19,139,6.793967999328743,147.18938919035267,0,0.0
19,140,6.698086001051706,149.29638106213986,0,0.0
19,141,6.747105999238556,148.21169255572016,0,0.0
19,142,6.705433001116035,149.13280019852002,0,0.0
19,143,7.294827999430709,137.08342404756362,0,0.0
19,144,6.799200000386918,147.0761265947602,0,0.0
19,145,6.758620000255178,147.95919876576048,0,0.0
19,146,6.714731000101892,148.92629354546378,0,0.0
19,147,7.477683000615798,133.73126407172498,1,0.2620360851287842
19,148,6.68331099950592,149.62643517171765,0,0.0
19,149,7.564838999314816,132.1905198630896,2,0.49674737453460693
19,150,7.272127999385702,137.51133094528493,1,0.8271276354789734
19,151,7.30000099974859,136.98628260933657,1,0.7575443387031555
19,152,7.374639999397914,135.59983946086084,1,0.4807131886482239
19,153,7.339616000535898,136.24690991013503,1,0.5381951928138733
19,154,7.398592999379616,135.16083396989828,1,0.7742535471916199
19,155,7.358437998846057,135.89840672121161,1,0.5093267560005188
19,156,6.709188000968425,149.04933351929577,0,0.0
19,157,6.731182998919394,148.56229583425934,0,0.0
19,158,6.839210998805356,146.2156965437498,0,0.0
20,0,7.915412999864202,126.33579574649562,0,0.0
20,1,7.33822400070494,136.27275481150969,0,0.0
20,2,6.763421999494312,147.85414839925232,0,0.0
20,3,6.84496699977899,146.0927423072,0,0.0
20,4,6.784246999814059,147.40029365490494,0,0.0
20,5,6.73558999915258,148.46509364819002,0,0.0
20,6,6.756490000043414,148.00584326974132,0,0.0
20,7,6.812871999500203,146.78097578720997,0,0.0
20,8,7.597023999551311,131.63049110534087,1,0.3753945231437683
20,9,7.740216000456712,129.19536094871188,3,0.6673433383305868
20,10,8.854396000970155,112.9382512246383,7,0.4905995726585388
20,11,8.854461999362684,112.93740941820936,6,0.5990752478440603
20,12,8.32248899860133,120.15636189703095,6,0.7110772629578909
20,13,9.0905439992639,110.00441778632546,8,0.6644201949238777
20,14,9.081734000574215,110.11113075286862,8,0.6398976817727089
20,15,8.543764999558334,117.04441777737269,6,0.7832576533158621
20,16,8.141047999743023,122.8343083140605,6,0.7898097534974416
20,17,8.295948999148095,120.54076032804556,6,0.8168186148007711
20,18,8.624120000604307,115.95385963204689,8,0.6365426853299141
20,19,8.34087300063402,119.8915269329705,6,0.6103433072566986
20,20,8.068150000326568,123.9441507606482,4,0.7271719425916672
20,21,9.310910001659067,107.4008877566011,8,0.592787005007267
20,22,8.828521999021177,113.26924258792927,8,0.6563567668199539
20,23,8.77655000113009,113.9399877937501,8,0.6762505695223808
20,24,8.355819001735654,119.67707770983097,6,0.7969651619593302
20,25,8.27108799967391,120.90307829386235,6,0.6580798228581747
20,26,8.103503001620993,123.40342192752492,5,0.5620676875114441
20,27,8.32063799862226,120.18309174916408,6,0.42259196440378827
20,28,8.140636999087292,122.84050991490193,3,0.4066731532414754
20,29,7.801948000633274,128.1731177801789,2,0.39269736409187317
20,30,8.77810499878251,113.91980389146589,3,0.5022688905398051
20,31,7.62330399993516,131.1767181275344,2,0.4550665020942688
20,32,7.520568000472849,132.96868001687184,2,0.25787413120269775
20,33,7.796824000251945,128.25735196378503,3,0.34336692094802856
20,34,6.804265998653136,146.96662361494157,0,0.0
20,35,6.734228998539038,148.49509872874026,0,0.0
20,36,6.811428998844349,146.81207132448472,0,0.0
20,37,6.794551998609677,147.17673809908632,0,0.0
20,38,6.812535000790376,146.78823666725853,0,0.0
20,39,6.743259000359103,148.29624665858844,0,0.0
20,40,6.74752300074033,148.20253297251173,0,0.0
20,41,6.732830999681028,148.52593211494178,0,0.0
20,42,6.751615001121536,148.11271078606916,0,0.0
20,43,6.671856999673764,149.88330835761278,0,0.0
20,44,6.700768999508,149.23660255612816,0,0.0
20,45,6.6148379992228,151.17528201257437,0,0.0
20,46,7.463390998964314,133.98735241645102,1,0.26641225814819336
20,47,6.7369919997872785,148.43419734379603,0,0.0
20,48,6.701000000248314,149.23145798581461,0,0.0
20,49,6.752462000804371,148.0941321670344,0,0.0
20,50,6.701969999994617,149.20985919077572,0,0.0
20,51,7.407031000184361,135.00686037024957,0,0.0
20,52,6.836189000750892,146.2803324908307,0,0.0
20,53,6.709477000185871,149.04291347482035,0,0.0
20,54,6.684574000246357,149.59816436517053,0,0.0
20,55,7.345174000874977,136.1438135952773,1,0.31108951568603516
20,56,6.7278180013090605,148.6366010206319,0,0.0
20,57,6.704001998514286,149.16463333716428,0,0.0
20,58,6.827920999057824,146.4574648912881,0,0.0
20,59,6.8042519997106865,146.96692598135982,0,0.0
20,60,6.749008000042522,148.1699236382146,0,0.0
20,61,6.709662999128341,149.03878184789772,0,0.0
20,62,6.688691000817926,149.50608420656823,0,0.0
20,63,6.672442999843042,149.87014501637904,0,0.0
20,64,7.388370999251492,135.34783243847784,1,0.313340961933136
20,65,6.698873001369066,149.27884135072085,0,0.0
20,66,6.737939000231563,148.41333528926768,0,0.0
20,67,6.732488000125159,148.53349905434808,0,0.0
20,68,6.783359000110067,147.4195896139028,0,0.0
20,69,6.776942000215058,147.55917934199027,0,0.0
20,70,6.695838999803527,149.34648220026534,0,0.0
20,71,6.752311001037015,148.09744394866007,0,0.0
20,72,6.6925480005011195,149.4199219677054,0,0.0
20,73,6.7310989998077275,148.5641497812712,0,0.0
20,74,6.700461000946234,149.24346248098163,0,0.0
20,75,7.194728999820654,138.99064162457367,0,0.0
20,76,6.830444001025171,146.40336702122315,0,0.0
20,77,6.780624000384705,147.47905206707583,0,0.0
20,78,6.66906400147127,149.94607935677163,0,0.0
20,79,6.7673629982891725,147.76804499076016,0,0.0
20,80,6.760707001376431,147.91352439861794,0,0.0
20,81,6.708115999572328,149.07315259064606,0,0.0
20,82,6.663406000370742,150.07340089203052,0,0.0
20,83,6.805328999689664,146.94366724159875,0,0.0
20,84,6.685426998956245,149.5790770217256,0,0.0
20,85,6.62647999888577,150.90968359795065,0,0.0
20,86,6.724934999510879,148.70032202136267,0,0.0
20,87,7.415166999635403,134.85872941892868,1,0.3943050503730774
20,88,7.320853001147043,136.5961042850223,1,0.2674834728240967
20,89,6.683861000055913,149.61412273409556,0,0.0
20,90,6.803137001043069,146.99101309391216,0,0.0
20,91,6.697763999909512,149.30355862247612,0,0.0
20,92,6.789017999835778,147.29670771593024,0,0.0
20,93,6.7687490009120665,147.7377872728407,0,0.0
20,94,6.756910999683896,147.99662154004727,0,0.0
20,95,6.716555000821245,148.88584994505788,0,0.0
20,96,7.458527999915532,134.07471286711333,1,0.5333077311515808
20,97,6.777925000278628,147.53777888644265,0,0.0
20,98,7.138979000956169,140.07605287339598,0,0.0
20,99,6.665057000645902,150.03622623228748,0,0.0
20,100,6.7595239997899625,147.93941112289457,0,0.0
20,101,6.732956999258022,148.52315262227293,0,0.0
20,102,6.713577999107656,148.95187039353922,0,0.0
20,103,7.475913000234868,133.76292634338887,1,0.5448042154312134
20,104,6.746643000951735,148.22186380084614,0,0.0
20,105,8.230633999119163,121.4973233054731,2,0.42960575222969055
20,106,7.674622000195086,130.29957696608125,1,0.684149444103241
20,107,7.715645000644145,129.60679242195752,1,0.7265491485595703
20,108,7.675230999666383,130.28923820579038,2,0.517194002866745
20,109,7.632846998603782,131.01271389075694,2,0.545889675617218
20,110,7.641213000169955,130.86927428639382,2,0.37694576382637024
20,111,7.619343999976991,131.2448945739974,2,0.6809021532535553
20,112,7.626470998729928,131.12224515985633,2,0.5940339267253876
20,113,7.691713999520289,130.01003418254595,2,0.718115359544754
20,114,7.810625998899923,128.03071100073717,2,0.6236113905906677
20,115,7.792992000759114,128.32041915384877,2,0.7784500122070312
20,116,8.30451600086235,120.41640956512805,4,0.6099146157503128
20,117,8.01635799871292,124.74492782889146,2,0.7246211767196655
20,118,8.144880001054844,122.77651725629966,3,0.6032301187515259
20,119,8.116323000649572,123.20850216532378,2,0.33200323581695557
20,120,7.692216999203083,130.00153273153896,3,0.5361003478368124
20,121,7.949584998641512,125.79273008224806,4,0.45311905443668365
20,122,8.538490001228638,117.11672671117562,4,0.4323364198207855
20,123,8.040527000048314,124.36995734160101,2,0.5513346791267395
20,124,7.960945999002433,125.61321231488162,3,0.5917056600252787
20,125,7.954733000588021,125.71132179120016,4,0.45934736728668213
20,126,8.428216999163851,118.64905710178182,4,0.49043260514736176
20,127,8.070469999438501,123.90852082587192,5,0.5422761678695679
20,128,8.231851999880746,121.47934632625646,2,0.7149796783924103
20,129,8.259535001343465,121.07219109033908,2,0.6925585865974426
20,130,8.302865999212372,120.44033952792472,3,0.5560959180196127
20,131,7.718373000898282,129.56098388658046,2,0.6974019110202789
20,132,7.63921599900641,130.90348540086632,3,0.5321463942527771
20,133,8.194234000256984,122.03703237772298,3,0.35584141810735065
20,134,7.270800999322091,137.5364282550488,1,0.3898012638092041
20,135,7.481808001102763,133.65753302578833,1,0.3200991749763489
20,136,7.698497000092175,129.89548479242467,1,0.311573326587677
20,137,7.764509000480757,128.79114441596792,3,0.344566543896993
20,138,7.378178999715601,135.53479795469124,1,0.3180539011955261
20,139,6.730039000103716,148.58754904460272,0,0.0
20,140,6.751099001121474,148.12403133680644,0,0.0
20,141,7.144098999560811,139.97566383969144,0,0.0
20,142,6.933486998605076,144.2275726775267,0,0.0
20,143,6.783405000533094,147.41858991486018,0,0.0
20,144,6.572406000486808,152.15128218280057,0,0.0
20,145,6.767508000848466,147.76487887042418,0,0.0
20,146,6.7373500005487585,148.4263100356297,0,0.0
20,147,6.698451999909594,149.2882236094991,0,0.0
20,148,6.551708000188228,152.6319548995881,0,0.0
20,149,6.687457998850732,149.53364943329052,0,0.0
20,150,6.716732001223136,148.8819264811961,0,0.0
20,151,7.455275001120754,134.13321438171894,1,0.7434446215629578
20,152,7.349857998633524,136.05705037919353,1,0.8400522470474243
20,153,7.381109000561992,135.48099613809535,1,0.8205395340919495
20,154,7.483736999347457,133.62308163517704,1,0.8594024777412415
20,155,7.342258000790025,136.1978835247141,1,0.8519760370254517
20,156,7.392097999399994,135.27959181292897,1,0.8372066617012024
20,157,7.385212000372121,135.4057270054824,1,0.8766340613365173
20,158,7.34684999952151,136.11275581577527,1,0.8089955449104309
20,159,7.3684020007931395,135.71463661895203,1,0.858974277973175
20,160,7.71912100026384,129.5484291496169,2,0.49098706245422363
20,161,7.374265000180458,135.60673504078423,1,0.7109000086784363
20,162,7.444396000209963,134.32923234763382,2,0.4936036169528961
20,163,8.033508000153233,124.47862129233278,2,0.49791210889816284
