episode,step,detection_index,class_id,class_name,confidence,predicted_distance_m,gt_distance_m,signed_error_m,absolute_error_m,relative_error_pct,bottom_y_px,lowest_x_px,lowest_y_px,lowest_pixel_depth_m,lowest_point_height_m,contact_valid
0,0,0,13,bench,0.6967965364456177,3.3060809373083413,3.7071969127928353,-0.40111597548449396,0.40111597548449396,10.819926346515842,293,386,293,3.923524856567383,-0.14317421124844332,True
0,0,1,1,bicycle,0.41018369793891907,3.6571519736962883,4.073191206906634,-0.4160392332103453,0.4160392332103453,10.214085518619795,281,353,281,4.292647838592529,-0.14227387651116574,True
0,0,2,62,tv,0.27717289328575134,10.604093960483102,4.454788364800707,6.149305595682395,6.149305595682395,138.03810848279198,201,420,201,4.615511894226074,0.8487658797111945,False
0,1,0,1,bicycle,0.69328373670578,3.5329678035523537,3.9270041806519407,-0.39403637709958694,0.39403637709958694,10.034019801684323,285,353,285,4.159819602966309,-0.1416826418897097,True
0,1,1,13,bench,0.6424165368080139,3.103932365323887,3.455064728140468,-0.351132362816581,0.351132362816581,10.162830234603508,301,390,301,3.7100870609283447,-0.1433780763124013,True
0,1,2,56,chair,0.5834043025970459,1.1921038660878276,1.3022298579070275,-0.11012599181919991,0.11012599181919991,8.456724529123976,477,637,477,1.660370945930481,-0.11754642636963375,True
0,1,3,13,bench,0.33499637246131897,1.1921038660878276,1.3022298579070275,-0.11012599181919991,0.11012599181919991,8.456724529123976,477,637,477,1.660370945930481,-0.11754642636963375,True
0,2,0,1,bicycle,0.7197263836860657,3.202174322980737,3.562068156248286,-0.35989383326754876,0.35989383326754876,10.103507779216764,297,358,297,3.8126087188720703,-0.14275619154402808,True
0,2,1,13,bench,0.4746815860271454,2.9443096527118753,3.263580419073428,-0.3192707663615528,0.3192707663615528,9.782837416710505,308,397,308,3.538860559463501,-0.1423083328809005,True
0,2,2,71,sink,0.33512386679649353,3.202174322980737,1.539101346164944,1.663072976815793,1.663072976815793,108.05480619971877,297,125,297,1.6497910022735596,0.7891469900062785,False
0,2,3,39,bottle,0.2879337668418884,3.010904127673106,1.309223131528434,1.701680996144672,1.701680996144672,129.97639250064796,305,77,305,1.4042941331863403,0.8610142518062365,False
0,2,4,62,tv,0.25013118982315063,14.405417795833678,4.095504390906908,10.309913404926771,10.309913404926771,251.73733002990986,189,418,189,4.065864562988281,1.0735940130623787,False
0,3,0,1,bicycle,0.7555436491966248,3.3060809373083413,3.6759163249344624,-0.3698353876261211,0.3698353876261211,10.06103934187661,293,304,293,3.921049118041992,-0.14213737069118104,True
0,3,1,1,bicycle,0.46433791518211365,4.24359786465229,4.7147739329513545,-0.4711760682990649,0.4711760682990649,9.993608919529214,265,584,265,4.936266899108887,-0.15010517295675618,False
0,3,2,54,donut,0.2932530641555786,2.3529875412892904,1.00596364331635,1.3470238979729405,1.3470238979729405,133.90383508614892,341,2,341,1.1288628578186035,0.8636719910275213,False
0,3,3,60,dining table,0.2505207061767578,3.010904127673106,3.335961904473411,-0.3250577768003051,0.3250577768003051,9.744049425876648,305,340,305,3.612701416015625,-0.14386125581505627,True
0,4,0,1,bicycle,0.5523489713668823,3.202174322980737,3.5612883711147605,-0.35911404813402337,0.35911404813402337,10.083823906167218,297,253,297,3.8117423057556152,-0.14238287615384748,True
0,4,1,56,chair,0.5040239691734314,4.08165363695277,2.3263022961211863,1.7553513408315835,1.7553513408315835,75.45671702935637,269,605,269,2.1319503784179688,0.7615860388658431,False
0,4,2,13,bench,0.4359641671180725,3.010904127673106,3.332280521583849,-0.321376393910743,0.321376393910743,9.644337919005428,305,289,305,3.6128571033477783,-0.14393209708973598,True
0,4,3,60,dining table,0.4048881530761719,1.3201623268661429,1.4531069627335707,-0.13294463586742777,0.13294463586742777,9.14899173129923,453,556,453,1.8142027854919434,-0.13598171427168904,True
0,4,4,45,bowl,0.33514851331710815,3.789430025844956,1.7217123677640687,2.067717658080887,2.067717658080887,120.09657924256909,277,14,277,1.8358008861541748,0.8198280268633246,False
0,5,0,1,bicycle,0.7747112512588501,3.010904127673106,3.344696085557184,-0.333791957884078,0.333791957884078,9.979739544212505,305,247,305,3.6095147132873535,-0.1424112336445047,True
0,5,1,13,bench,0.6101630926132202,2.7592573694091684,3.0663276928096344,-0.3070703234004659,0.3070703234004659,10.014269646408911,317,288,317,3.346842050552368,-0.14411924591944913,True
0,5,2,56,chair,0.5006473064422607,4.605315013119116,5.1709958354710475,-0.5656808223519318,0.5656808223519318,10.939494835241955,257,545,257,5.3236188888549805,-0.15103444655040943,False
0,5,3,1,bicycle,0.40799570083618164,4.605315013119116,5.118890102624844,-0.5135750895057285,0.5135750895057285,10.032938375496272,257,512,257,5.318387031555176,-0.1494118704791776,True
0,5,4,60,dining table,0.38348087668418884,1.1822867244426092,1.248240194734369,-0.06595347029175991,0.06595347029175991,5.283716272715853,479,493,479,1.6595333814620972,-0.12674912793575577,True
0,5,5,60,dining table,0.2566262483596802,2.7592573694091684,3.0663276928096344,-0.3070703234004659,0.3070703234004659,10.014269646408911,317,288,317,3.346842050552368,-0.14411924591944913,True
0,6,0,1,bicycle,0.7373066544532776,4.24359786465229,4.763699295847382,-0.5201014311950924,0.5201014311950924,10.918015577693494,265,525,265,4.93699312210083,-0.15034793623115328,False
0,6,1,62,tv,0.6693950295448303,14.405417795833678,3.7527435735675647,10.652674222266114,10.652674222266114,283.8636323914638,189,298,189,3.7299654483795166,1.108821303902326,False
0,6,2,60,dining table,0.4481354355812073,1.1822867244426092,1.1018201752257186,0.08046654921689056,0.08046654921689056,7.3030564357206655,479,526,479,1.5141907930374146,0.015722202627942217,True
0,6,3,1,bicycle,0.4190676510334015,2.8389123183635725,3.1444940454149277,-0.3055817270513552,0.3055817270513552,9.717993503499626,313,241,313,3.425773859024048,-0.1415310549247264,True
0,6,4,13,bench,0.37971392273902893,2.542172777113504,2.8222063965428403,-0.28003361942933624,0.28003361942933624,9.922506722838314,329,285,329,3.1181252002716064,-0.14470866118351422,True
0,7,0,1,bicycle,0.7552316188812256,2.542172777113504,2.8209876358030184,-0.2788148586895143,0.2788148586895143,9.883590241619306,329,237,329,3.1152303218841553,-0.14318170788590479,True
0,7,1,1,bicycle,0.6845001578330994,4.08165363695277,4.5790309413595685,-0.4973773044067986,0.4973773044067986,10.862064720163724,269,533,269,4.765896320343018,-0.1506971343632515,False
0,7,2,62,tv,0.6316437721252441,12.876671115063534,3.553498912782561,9.323172202280972,9.323172202280972,262.36597874685935,193,298,193,3.507418394088745,1.08981201575202,False
0,7,3,13,bench,0.5179063677787781,2.2952155523968525,2.5489772515213938,-0.2537616991245413,0.2537616991245413,9.955432084498987,345,285,345,2.85713529586792,-0.14503409464740735,True
0,7,4,56,chair,0.2922906279563904,5.028117720157712,4.612072040340896,0.4160456798168157,0.4160456798168157,9.020797510917982,249,577,249,4.855550765991211,0.11138187176322534,True
0,7,5,60,dining table,0.2533925175666809,2.2952155523968525,2.5489772515213938,-0.2537616991245413,0.2537616991245413,9.955432084498987,345,285,345,2.85713529586792,-0.14503409464740735,True
0,8,0,62,tv,0.6988766193389893,12.876671115063534,3.2706417316105214,9.606029383453013,9.606029383453013,293.7047274426733,193,294,193,3.24501633644104,1.120499592480943,False
0,8,1,1,bicycle,0.5877113342285156,2.2952155523968525,2.56174187491822,-0.26652632252136765,0.26652632252136765,10.404105313298832,345,237,345,2.8551905155181885,-0.143914361190425,True
0,8,2,13,bench,0.5101618766784668,2.0864826102176868,2.3142548474159277,-0.2277722371982409,0.2277722371982409,9.842141519226761,361,280,361,2.636875629425049,-0.1455679412495292,True
0,8,3,60,dining table,0.28168368339538574,2.0864826102176868,2.3142548474159277,-0.2277722371982409,0.2277722371982409,9.842141519226761,361,280,361,2.636875629425049,-0.1455679412495292,True
0,8,4,1,bicycle,0.25959718227386475,3.930619911182698,4.363391365507803,-0.4327714543251049,0.4327714543251049,9.918236024990158,273,543,273,4.605249404907227,-0.15066021628446014,False
0,9,0,62,tv,0.7621651887893677,11.634047571732243,3.035002817091699,8.599044754640543,8.599044754640543,283.32905347615474,197,294,197,2.9846625328063965,1.114910595797611,False
0,9,1,13,bench,0.6968436241149902,1.8669919745293975,2.0690255546094294,-0.20203358008003192,0.20203358008003192,9.764673018655385,381,276,381,2.4044981002807617,-0.1457109048270877,True
0,9,2,1,bicycle,0.5520869493484497,2.1355772235358987,2.364740562761643,-0.22916333922574417,0.22916333922574417,9.690844857759688,357,221,357,2.6843814849853516,-0.14280301595750622,True
0,9,3,1,bicycle,0.44933339953422546,3.6571519736962883,4.095538566932241,-0.43838659323595275,0.43838659323595275,10.704003541207666,281,557,281,4.3158369064331055,-0.15114551046931268,False
0,10,0,62,tv,0.8375355005264282,11.634047571732243,3.0020826265199467,8.631964945212296,8.631964945212296,287.5325571974207,197,350,197,2.9805266857147217,1.115444214213395,False
0,10,1,1,bicycle,0.5629512071609497,2.2398168151806668,2.4795177918713973,-0.23970097669073054,0.23970097669073054,9.667241649829746,349,273,349,2.7942748069763184,-0.14257959978626178,True
0,10,2,13,bench,0.5081651210784912,1.9077368367123282,2.1044395928078563,-0.19670275609552812,0.19670275609552812,9.347037414035569,377,323,377,2.4470741748809814,-0.14530510054295198,True
0,11,0,13,bench,0.7989450097084045,1.8669919745293975,2.062671068768797,-0.19567909423939933,0.19567909423939933,9.486684387162112,381,374,381,2.403395652770996,-0.14495635655416184,True
0,11,1,1,bicycle,0.6749423742294312,2.2398168151806668,2.48222913173778,-0.24241231655711326,0.24241231655711326,9.765912157650137,349,323,349,2.7952523231506348,-0.1431542204793963,True
0,11,2,62,tv,0.6545736789703369,11.634047571732243,2.881129754705788,8.752917817026454,8.752917817026454,303.80158348405496,197,410,197,2.8895139694213867,1.1271869262644243,False
0,12,0,13,bench,0.6516153216362,1.617605508838784,1.765418525962547,-0.14781301712376305,0.14781301712376305,8.37268981547432,409,625,409,2.1365115642547607,-0.14286762345884463,True
0,12,1,1,bicycle,0.4996030032634735,2.1866480344612778,2.4234957093964815,-0.23684767493520376,0.23684767493520376,9.772976862178373,353,372,353,2.739701509475708,-0.14357872295096108,True
0,12,2,62,tv,0.4368176758289337,10.844695567817139,2.4982822806301757,8.346413287186962,8.346413287186962,334.0860779383838,200,474,200,2.7105329036712646,1.1257341789856372,False
0,12,3,71,sink,0.41667890548706055,1.9181527366557638,0.9402341078247681,0.9779186288309957,0.9779186288309957,104.0079934021337,376,2,376,1.0775455236434937,0.7787583501430883,False
0,12,4,56,chair,0.2734726369380951,1.1822867244426092,1.307256824867592,-0.1249701004249828,0.1249701004249828,9.559720633903796,479,142,479,1.6839014291763306,-0.15063578234803487,False
0,13,0,13,bench,0.6749405264854431,1.5267529496504633,1.6904587334254308,-0.16370578377496758,0.16370578377496758,9.684104115528765,421,438,421,2.045074939727783,-0.14663470830504055,True
0,13,1,1,bicycle,0.6269400119781494,2.039251667457873,2.238795328552955,-0.19954366109508204,0.19954366109508204,8.912992561229661,365,377,365,2.5794296264648438,-0.14086242427514084,True
0,13,2,62,tv,0.57623690366745,8.995724867412417,2.36091136146494,6.634813505947477,6.634813505947477,281.02764103056336,209,558,209,2.3820009231567383,1.106386303471395,False
0,14,0,1,bicycle,0.6889517903327942,1.8276597569332034,1.994271566229855,-0.16661180929665154,0.16661180929665154,8.354519620997708,385,382,385,2.356407403945923,-0.1412476187426399,True
0,14,1,39,bottle,0.49965620040893555,3.010904127673106,1.4570149370438072,1.5538891906292986,1.5538891906292986,106.64881677754403,305,71,305,1.5718727111816406,0.7847621899973554,False
0,14,2,1,bicycle,0.4106904864311218,1.7896679701346712,1.9764898128869737,-0.1868218427523025,0.1868218427523025,9.452203676143409,389,385,389,2.3171262741088867,-0.14186529880081045,True
0,14,3,13,bench,0.36915892362594604,1.3201623268661429,1.454656131538624,-0.13449380467248107,0.13449380467248107,9.245745558451937,453,457,453,1.823470115661621,-0.14433865364966492,True
0,14,4,62,tv,0.30066198110580444,8.995724867412417,1.984317814423037,7.01140705298938,7.01140705298938,353.3409316807463,209,616,209,1.9878652095794678,1.1715152518470715,False
0,15,0,1,bicycle,0.8285148739814758,1.5561150456107948,1.7219597238645652,-0.16584467825377036,0.16584467825377036,9.631158961230984,417,396,417,2.0702598094940186,-0.14191636335107116,True
0,15,1,60,dining table,0.4833785891532898,1.1822867244426092,1.2172405879333357,-0.03495386349072649,0.03495386349072649,2.871565723097692,479,467,479,1.6763471364974976,-0.14323072550209415,True
0,16,0,1,bicycle,0.6196354031562805,1.3435329484955398,1.4691589643457756,-0.1256260158502358,0.1256260158502358,8.55087971410757,449,404,449,1.843628168106079,-0.14025634725695646,True
0,16,1,60,dining table,0.5876780152320862,1.1822867244426092,0.9653693585561719,0.21691736588643729,0.21691736588643729,22.469883051898783,479,507,479,1.6770174503326416,-0.14388779721812273,True
0,16,2,1,bicycle,0.4449625313282013,1.3435329484955398,1.4691589643457756,-0.1256260158502358,0.1256260158502358,8.55087971410757,449,404,449,1.843628168106079,-0.14025634725695646,True
0,16,3,62,tv,0.3523789048194885,6.870273553372899,1.6441149739656113,5.226158579407287,5.226158579407287,317.87062718623463,225,574,225,1.7471163272857666,1.126918557147779,False
0,17,0,1,bicycle,0.8681977987289429,1.1822867244426092,1.2239658321032652,-0.04167910766065597,0.04167910766065597,3.4052509120319567,479,410,479,1.6694912910461426,-0.13651031798644175,True
0,17,1,13,bench,0.3279450535774231,1.2536604778467009,0.7865308194888356,0.46712965835786524,0.46712965835786524,59.391144858309765,465,152,465,1.5018023252487183,0.09133098222697456,True
0,18,0,1,bicycle,0.6313708424568176,1.1822867244426092,1.293190110121884,-0.11090338567927471,0.11090338567927471,8.575953745023769,479,419,479,1.6725202798843384,-0.13947946883697848,True
0,21,0,0,person,0.4193659722805023,1.1822867244426092,0.8677936155662408,0.3144931088763684,0.3144931088763684,36.24054190248446,479,2,479,1.0761977434158325,0.44506265427109826,False
0,23,0,56,chair,0.4818204641342163,1.1822867244426092,0.6561445767288161,0.5261421477137931,0.5261421477137931,80.18692318343234,479,620,479,0.9947812557220459,0.5248707508330199,False
0,28,0,61,toilet,0.42484185099601746,1.1822867244426092,0.8487620583398054,0.33352466610280374,0.33352466610280374,39.2954259471947,479,226,479,1.1784601211547852,0.34482048037706403,False
1,10,0,56,chair,0.2617422044277191,1.1822867244426092,1.2996913953301017,-0.11740467088749251,0.11740467088749251,9.033272922275023,479,573,479,1.6767491102218628,-0.14362475819397535,True
1,13,0,1,bicycle,0.9310999512672424,1.1822867244426092,1.268573851995835,-0.08628712755322576,0.08628712755322576,6.801900213966341,479,500,479,1.6315492391586304,-0.09931781525671379,True
1,14,0,1,bicycle,0.9310891032218933,1.2974092736530591,1.4198596842736733,-0.12245041062061413,0.12245041062061413,8.624120536477758,457,443,457,1.797371506690979,-0.1425054771547185,True
1,15,0,1,bicycle,0.857410192489624,1.1822867244426092,1.2733186196869029,-0.09103189524429367,0.09103189524429367,7.14918433115174,479,438,479,1.676581621170044,-0.14346057790569167,True
1,17,0,1,bicycle,0.428451269865036,1.1822867244426092,1.2906665196365465,-0.10837979519393737,0.10837979519393737,8.39719583215479,479,414,479,1.2333319187164307,0.2910326808493251,False
1,19,0,72,refrigerator,0.4708245098590851,4.704720469444975,5.109611397565537,-0.4048909281205617,0.4048909281205617,7.924104136636909,255,486,255,5.374094009399414,-0.1342448890188208,True
1,19,1,1,bicycle,0.26891815662384033,1.1822867244426092,1.2744756172669982,-0.09218889282438902,0.09218889282438902,7.233476386318011,479,326,479,1.29816734790802,0.22747808226460986,False
1,20,0,1,bicycle,0.7378014326095581,1.1822867244426092,1.2789167903820706,-0.09663006593946144,0.09663006593946144,7.555617899941218,479,285,479,1.2893283367156982,0.23614247787698117,False
1,20,1,72,refrigerator,0.5420277714729309,5.028117720157712,5.5030471924594835,-0.4749294723017714,0.4749294723017714,8.630299826476875,249,422,249,5.710672378540039,-0.1331706888544706,True
1,21,0,1,bicycle,0.722769021987915,1.1822867244426092,1.0288707572444271,0.15341596719818207,0.15341596719818207,14.911101916150123,479,266,479,1.4473744630813599,0.0812185690777194,True
1,21,1,72,refrigerator,0.6054685115814209,4.808152731105021,5.2831836928017495,-0.47503096169672876,0.47503096169672876,8.991376967337906,253,433,253,5.473325729370117,-0.13137827259183021,True
1,22,0,72,refrigerator,0.5778013467788696,4.417679139474614,4.919453340452439,-0.5017742009778257,0.5017742009778257,10.199795917399184,261,437,261,5.073907852172852,-0.1348533331348023,True
1,22,1,1,bicycle,0.43481332063674927,1.1822867244426092,1.0706675383908977,0.1116191860517115,0.1116191860517115,10.425195688613439,479,271,479,1.3997834920883179,0.12786937551846655,True
1,23,0,1,bicycle,0.5176385045051575,1.1822867244426092,1.066852673455612,0.1154340509869971,0.1154340509869971,10.820055463993725,479,227,479,1.3720128536224365,0.15509140215030848,False
1,23,1,72,refrigerator,0.42603400349617004,4.605315013119116,5.130049352276849,-0.5247343391577335,0.5247343391577335,10.228641151860318,257,381,257,5.271100044250488,-0.13474657483281272,True
1,24,0,72,refrigerator,0.5356784462928772,4.808152731105021,5.346089018688583,-0.5379362875835625,0.5379362875835625,10.062239624201402,253,324,253,5.483163356781006,-0.13431047367130544,True
1,32,0,72,refrigerator,0.2802424728870392,3.789430025844956,4.134165772787132,-0.34473574694217657,0.34473574694217657,8.33870158790865,277,175,277,4.416844367980957,-0.13645947197506625,True
1,33,0,55,cake,0.3988700807094574,2.2952155523968525,0.5578179086066324,1.73739764379022,1.73739764379022,311.46322428586916,345,580,345,0.6248467564582825,1.1402360714978066,False
1,34,0,55,cake,0.42519423365592957,2.0864826102176868,0.4996222225749106,1.5868603876427763,1.5868603876427763,317.6120508540532,361,619,361,0.5842257142066956,1.135408247918856,False
1,35,0,58,potted plant,0.2563244700431824,8.995724867412417,5.311246864767392,3.684478002645025,3.684478002645025,69.37124363558252,209,118,209,5.261512756347656,0.6305614262257211,False
1,37,0,56,chair,0.6703832745552063,1.1822867244426092,0.9216744191393407,0.2606123053032685,0.2606123053032685,28.275961651038138,479,2,479,1.0442854166030884,0.4763445497683103,False
1,37,1,0,person,0.4878370463848114,1.1822867244426092,0.7370703030237976,0.44521642141881157,0.44521642141881157,60.40352183398671,479,598,479,0.9570397138595581,0.5618667046339981,False
1,37,2,58,potted plant,0.4267818033695221,13.228480298482285,8.435137479615808,4.793342818866478,4.793342818866478,56.82590035372842,192,86,192,3.684664726257324,1.0802055170733817,False
1,38,0,56,chair,0.3807276785373688,1.1822867244426092,0.7206680932645082,0.461618631178101,0.461618631178101,64.05426235634275,479,478,479,1.0225062370300293,0.49769347939720143,False
1,38,1,60,dining table,0.2988958954811096,1.417612327684669,0.7539779959405775,0.6636343317440916,0.6636343317440916,88.01773199179594,437,566,437,0.9434189200401306,0.6948229601220896,False
1,38,2,77,teddy bear,0.2860802114009857,4.08165363695277,2.015232775940052,2.066420861012718,2.066420861012718,102.54005818502966,269,462,269,2.074662923812866,0.781427896681332,False
1,38,3,56,chair,0.2754025459289551,1.1822867244426092,1.3014511234013475,-0.11916439895873832,0.11916439895873832,9.156271550736513,479,22,479,1.0034621953964233,0.5163613040194134,False
1,38,4,56,chair,0.262787789106369,1.1822867244426092,1.3015882247134056,-0.11930150027079645,0.11930150027079645,9.165840471326115,479,2,479,1.676900029182434,-0.1437726957348775,True
1,39,0,58,potted plant,0.35516878962516785,12.224860830124292,3.79335434149375,8.431506488630543,8.431506488630543,222.27046907804498,195,241,195,3.782608985900879,1.0347930885246834,False
1,39,1,60,dining table,0.34573015570640564,1.212107743143963,0.6451203935148915,0.5669873496290716,0.5669873496290716,87.88861045608593,473,620,473,0.8367146849632263,0.6949685312088635,False
1,39,2,58,potted plant,0.26330092549324036,5.5289069561326665,5.960559287130012,-0.4316523309973457,0.4316523309973457,7.2418092028606385,241,293,241,6.198007106781006,-0.1228710782155813,True
1,40,0,60,dining table,0.6966363787651062,1.1822867244426092,0.7922535491783093,0.3900331752642999,0.3900331752642999,49.23085237911844,479,2,479,1.0066108703613281,0.5132748314539749,False
1,40,1,58,potted plant,0.6189633011817932,5.028117720157712,5.514422447244629,-0.4863047270869165,0.4863047270869165,8.818778969861233,249,298,249,5.691493511199951,-0.1276858068810336,True
1,40,2,56,chair,0.502122163772583,1.1822867244426092,0.9382511684537278,0.24403555598888138,0.24403555598888138,26.00961919302066,479,78,479,1.0142968893051147,0.5057406506090637,False
1,40,3,58,potted plant,0.39217108488082886,8.995724867412417,3.5064115772591173,5.4893132901533,5.4893132901533,156.55074052784676,209,225,209,3.5394580364227295,0.9151223251509396,False
1,40,4,72,refrigerator,0.2855304777622223,3.103932365323887,3.439597229740537,-0.3356648644166498,0.3356648644166498,9.758842154956916,301,450,301,3.695622205734253,-0.13697088814872105,True
1,41,0,60,dining table,0.4595853388309479,1.1822867244426092,0.7853857690481841,0.39690095539442505,0.39690095539442505,50.53579667930994,479,2,479,0.9334979057312012,0.5849434419088428,False
1,41,1,72,refrigerator,0.3886132836341858,2.9443096527118753,3.2347612241996586,-0.29045157148778333,0.29045157148778333,8.979072993545191,308,464,308,3.5174925327301025,-0.13239189571932952,True
1,41,2,62,tv,0.2548598051071167,14.405417795833678,9.56143784533933,4.843979950494347,4.843979950494347,50.66162672233986,189,250,189,9.32491397857666,0.5220532222497294,False
1,42,0,71,sink,0.42356815934181213,2.7592573694091684,1.341991118669085,1.4172662507400835,1.4172662507400835,105.609212387758,317,597,317,1.4576607942581177,0.7839315003029593,False
1,42,1,45,bowl,0.3371577262878418,4.08165363695277,1.953018052863361,2.128635584089409,2.128635584089409,108.99210997914595,269,554,269,2.0433313846588135,0.7922797655472208,False
1,42,2,58,potted plant,0.29238471388816833,7.306101522862765,5.221787854844881,2.0843136680178835,2.0843136680178835,39.915709445836924,221,289,221,5.32987642288208,0.4262047251778114,False
1,43,0,71,sink,0.7030300498008728,2.2952155523968525,1.1090661629311507,1.1861493894657018,1.1861493894657018,106.95028205809001,345,630,345,1.2439393997192383,0.7837851511012329,False
1,43,1,58,potted plant,0.3706824779510498,13.228480298482285,8.874138659625562,4.354341638856724,4.354341638856724,49.06776652778211,192,224,192,8.766072273254395,0.5012798855145555,False
1,43,2,58,potted plant,0.35161063075065613,7.7974987597924255,4.956100698765738,2.8413980610266876,2.8413980610266876,57.33132221736952,217,289,217,5.037799835205078,0.5458753393454794,False
1,43,3,45,bowl,0.31220921874046326,3.789430025844956,2.8133110831435637,0.9761189427013921,0.9761189427013921,34.69644535757088,277,220,277,2.9817981719970703,0.3952311977627776,False
1,44,0,58,potted plant,0.4492180347442627,13.228480298482285,8.639509820201058,4.588970478281228,4.588970478281228,53.11609771599789,192,221,192,8.516438484191895,0.5297207058295559,False
1,44,1,58,potted plant,0.26033124327659607,8.2092283735666,4.78816946710973,3.421058906456869,3.421058906456869,71.44815842372249,214,301,214,4.834005832672119,0.6282471264723484,False
1,45,0,58,potted plant,0.34578824043273926,12.224860830124292,8.363340006932956,3.861520823191336,3.861520823191336,46.171993724878476,195,217,195,8.29413890838623,0.4799393066268358,False
1,45,1,45,bowl,0.2532188296318054,3.010904127673106,2.251496668273429,0.7594074593996769,0.7594074593996769,33.72900658041089,305,206,305,2.4287593364715576,0.3948592996849509,False
1,45,2,72,refrigerator,0.2504715621471405,2.0049885525977706,2.203400516647669,-0.19841196404989825,0.19841196404989825,9.0048070040289,368,521,368,2.5353055000305176,-0.13575217256594607,True
1,46,0,72,refrigerator,0.7363010048866272,1.7529492399297044,1.943130930986767,-0.19018169105706262,0.19018169105706262,9.78738426856722,393,545,393,2.2736356258392334,-0.13850081314409723,True
1,46,1,58,potted plant,0.41174015402793884,7.306101522862765,4.319125731342344,2.986975791520421,2.986975791520421,69.15695391419172,221,297,221,4.378117561340332,0.6179529172946262,False
1,46,2,58,potted plant,0.38234075903892517,11.634047571732243,8.1107493092371,3.5232982624951426,3.5232982624951426,43.43986145007045,197,214,197,8.055593490600586,0.46064507672323685,False
1,47,0,58,potted plant,0.4983241856098175,6.48109328551411,3.949332380605869,2.5317609049082406,2.5317609049082406,64.10604783079417,229,282,229,4.055545330047607,0.5850067419126193,False
1,47,1,72,refrigerator,0.431304395198822,1.5561150456107948,1.7006932613218326,-0.1445782157110378,0.1445782157110378,8.501134155060216,417,573,417,2.058372735977173,-0.13248876376663232,True
1,47,2,58,potted plant,0.3175242245197296,10.604093960483102,7.818181012492504,2.7859129479905977,2.7859129479905977,35.63377393717346,201,210,201,7.805976390838623,0.39860143698419037,False
1,47,3,58,potted plant,0.27075842022895813,3.416156690958381,3.5694855147732376,-0.15332882381485646,0.15332882381485646,4.295544082761102,289,302,289,3.8613083362579346,-0.07049618274163105,True
1,48,0,45,bowl,0.3975379467010498,2.0864826102176868,1.548222479459526,0.5382601307581607,0.5382601307581607,34.766329639268875,361,157,361,1.7710553407669067,0.3947556500492806,False
1,48,1,58,potted plant,0.3651641607284546,6.131451933135833,3.6921804421083717,2.439271491027461,2.439271491027461,66.06587974975965,233,280,233,3.8091461658477783,0.5946062660865888,False
1,48,2,58,potted plant,0.36387619376182556,3.202174322980737,3.3191054660268633,-0.11693114304612617,0.11693114304612617,3.5229716031319325,297,300,297,3.624408006668091,-0.061665288169724164,True
1,48,3,58,potted plant,0.34794682264328003,6.870273553372899,7.625609084474686,-0.7553355311017871,0.7553355311017871,9.905248521585088,225,205,225,7.664055824279785,-0.13659222935908466,True
1,48,4,58,potted plant,0.2541317045688629,9.736517592885464,7.571562488388002,2.164955104497462,2.164955104497462,28.59324093035894,205,209,205,7.628164291381836,0.3315871502436618,False
1,49,0,54,donut,0.5398027896881104,2.542172777113504,1.2642692188728,1.2779035582407041,1.2779035582407041,101.07843639348116,329,84,329,1.3997834920883179,0.7616601690596568,False
1,49,1,60,dining table,0.4944875240325928,1.1822867244426092,1.2970542004216956,-0.11476747597908643,0.11476747597908643,8.848317667972044,479,222,479,1.6562403440475464,-0.12352114481578957,True
1,49,2,57,couch,0.3520212173461914,4.654529232334054,4.701088824292705,-0.04655959195865034,0.04655959195865034,0.9904001753392819,256,124,256,4.8302483558654785,0.01655665121083727,True
1,49,3,58,potted plant,0.319477915763855,10.604093960483102,7.353865262273036,3.2502286982100657,3.2502286982100657,44.19755573826545,201,194,201,7.231008052825928,0.47972764971652704,False
1,49,4,58,potted plant,0.2997709810733795,6.48109328551411,3.5736776533667483,2.9074156321473614,2.9074156321473614,81.35640407881489,229,293,229,3.7618298530578613,0.6512734605337578,False
1,49,5,58,potted plant,0.2916244566440582,3.010904127673106,3.0776800893968326,-0.06677596172372668,0.06677596172372668,2.169684950485335,305,298,305,3.3821280002593994,-0.03894511104253273,True
1,50,0,57,couch,0.7299011945724487,4.004843053961383,4.065640071173807,-0.060797017212424365,0.060797017212424365,1.4953861175141214,271,88,271,4.256814956665039,-7.225924863174527e-05,True
1,50,1,58,potted plant,0.391315758228302,10.604093960483102,7.135835590433865,3.468258370049237,3.468258370049237,48.60339516087932,201,190,201,7.261679172515869,0.4754000518016481,False
1,50,2,57,couch,0.2669422924518585,3.930619911182698,4.012838220041372,-0.08221830885867432,0.08221830885867432,2.0488817228676277,273,86,273,4.247223854064941,-0.022333065846319,True
1,50,3,56,chair,0.26404690742492676,6.574430251158636,6.97330277244001,-0.3988725212813744,0.3988725212813744,5.719994302524827,228,206,228,7.335658550262451,-0.13289431443194188,True
1,51,0,57,couch,0.7343379855155945,3.416156690958381,1.706196405437459,1.7099602855209222,1.7099602855209222,100.22060063375284,289,70,289,1.8158718347549438,0.761436918141991,False
1,51,1,62,tv,0.4214778542518616,12.876671115063534,7.12698391900295,5.7496871960605835,5.7496871960605835,80.67490065089066,193,234,193,7.172887325286865,0.6611402283354565,False
1,51,2,58,potted plant,0.29908281564712524,8.995724867412417,6.823314634739099,2.1724102326733172,2.1724102326733172,31.838048645933252,209,195,209,6.868377208709717,0.3650351408385406,False
1,52,0,57,couch,0.7388290166854858,3.103932365323887,3.4528186357672532,-0.3488862704433662,0.3488862704433662,10.104390274927948,301,57,301,1.661900520324707,0.7638633985504353,False
1,52,1,62,tv,0.5188595056533813,12.876671115063534,6.885969533348111,5.990701581715423,5.990701581715423,86.9986652235827,193,230,193,6.9307990074157715,0.6894521398213765,False
1,52,2,58,potted plant,0.4019775390625,8.995724867412417,6.565977989497266,2.429746877915151,2.429746877915151,37.00510238995163,209,189,209,6.568033218383789,0.41466547771753315,False
1,52,3,58,potted plant,0.35463055968284607,4.808152731105021,2.7985690130140464,2.0095837180909744,2.0095837180909744,71.80754552579933,253,273,253,2.8757946491241455,0.64284127439335,False
1,52,4,58,potted plant,0.3069961369037628,2.611143892272438,2.714371351951029,-0.10322745967859115,0.10322745967859115,3.8029969482397306,325,276,325,3.039546489715576,-0.06656126577202026,True
1,53,0,57,couch,0.8430948853492737,2.922685298749407,3.235682708271309,-0.3129974095219019,0.3129974095219019,9.67330352638697,309,37,309,3.5174190998077393,-0.14297521068974817,True
1,53,1,58,potted plant,0.29723042249679565,7.7974987597924255,6.339113449868641,1.4583853099237842,1.4583853099237842,23.006139919360567,217,186,217,6.4563164710998535,0.277218038910914,False
1,54,0,58,potted plant,0.5645981431007385,5.461314320599683,5.8339809909440525,-0.37266667034436995,0.37266667034436995,6.387862266312684,242,117,242,6.061412811279297,-0.1054020456513316,True
1,54,1,57,couch,0.5270716547966003,3.227601181842405,3.297739347486511,-0.07013816564410602,0.07013816564410602,2.1268559535356943,296,2,296,3.538114309310913,-0.01380366485152118,True
1,54,2,73,book,0.2692811191082001,3.416156690958381,3.6322997551268434,-0.2161430641684623,0.2161430641684623,5.950584443461341,289,106,289,3.892303466796875,-0.08310272175792721,True
1,54,3,58,potted plant,0.2541230320930481,2.212962180998765,2.354654357363426,-0.14169217636466103,0.14169217636466103,6.017536116142236,351,232,351,2.686143636703491,-0.09523238672027112,True
1,55,0,58,potted plant,0.3480578064918518,2.074504360572411,2.187117765582265,-0.11261340500985373,0.11261340500985373,5.148941075876326,362,160,362,2.5206785202026367,-0.08066271653794432,True
1,57,0,72,refrigerator,0.2727448642253876,1.1822867244426092,1.0722738507090979,0.11001287373351132,0.11001287373351132,10.259773999035739,479,538,479,1.6717702150344849,-0.13874422159578126,True
1,62,0,57,couch,0.7859070897102356,2.922685298749407,3.1590458523456073,-0.23636055359620034,0.23636055359620034,7.48202351734469,309,2,309,3.4740099906921387,-0.12269895467039671,True
1,63,0,57,couch,0.7161881327629089,2.966217152206057,3.0166781483211316,-0.0504609961150746,0.0504609961150746,1.6727338361620578,307,2,307,3.2613542079925537,-0.003679204659432944,True
1,64,0,57,couch,0.8809747695922852,2.611143892272438,2.8985239010990167,-0.28738000882657877,0.28738000882657877,9.914702056367883,325,21,325,3.1887075901031494,-0.14343786661288105,True
1,64,1,58,potted plant,0.2838507890701294,5.0860420297425675,5.56900421231579,-0.4829621825732229,0.4829621825732229,8.672325682662574,248,193,248,5.796498775482178,-0.14021897474050804,True
1,65,0,57,couch,0.8821037411689758,3.103932365323887,3.3949855639056774,-0.29105319858179035,0.29105319858179035,8.57303199389618,301,106,301,3.6946451663970947,-0.13653810988772275,True
1,66,0,57,couch,0.8752854466438293,2.8389123183635725,3.1374544778059876,-0.29854215944241513,0.29854215944241513,9.515426010298157,313,89,313,3.428013801574707,-0.14260437015493888,True
1,67,0,57,couch,0.8288285732269287,3.227601181842405,3.525771733426308,-0.2981705515839028,0.2981705515839028,8.45688757321064,296,161,296,3.8182485103607178,-0.1336607817014397,True
1,68,0,57,couch,0.8900010585784912,3.416156690958381,3.7915081147043903,-0.37535142374600916,0.37535142374600916,9.899792177426841,289,221,289,4.037975311279297,-0.14235131207234053,True
1,68,1,56,chair,0.4377167224884033,1.1822867244426092,1.0776068531508103,0.1046798712917989,0.1046798712917989,9.714105936290759,479,2,479,1.12203049659729,0.40013533186728933,False
1,69,0,57,couch,0.8847336173057556,3.202174322980737,3.5423407675600833,-0.3401664445793462,0.3401664445793462,9.602871855088303,297,216,297,3.8123488426208496,-0.14264421747267497,True
1,70,0,57,couch,0.8874696493148804,3.416156690958381,3.711068374795502,-0.29491168383712063,0.29491168383712063,7.946813533269155,289,273,289,4.0066351890563965,-0.12960445581754576,True
1,71,0,57,couch,0.7974165081977844,3.416156690958381,3.75549597194994,-0.33933928099155874,0.33933928099155874,9.03580468534935,289,322,289,4.0349650382995605,-0.1411269544681335,True
1,71,1,56,chair,0.6502397656440735,4.417679139474614,3.2060351982383835,1.2116439412362303,1.2116439412362303,37.79259634772541,261,39,261,1.2163077592849731,1.1080959977361016,False
1,72,0,57,couch,0.821929931640625,3.3060809373083413,3.673218444864207,-0.3671375075558658,0.3671375075558658,9.994981596294316,293,377,293,3.921049118041992,-0.14213737069118104,True
1,72,1,1,bicycle,0.5713382959365845,3.416156690958381,3.864622820299264,-0.4484661293408827,0.4484661293408827,11.604395828365858,289,10,289,4.060354232788086,-0.1514534110871757,False
1,72,2,56,chair,0.4129459857940674,3.930619911182698,4.403572856729771,-0.47295294554707334,0.47295294554707334,10.740209392113993,273,42,273,4.604238510131836,-0.15029788112258835,False
1,73,0,57,couch,0.8237833380699158,3.227601181842405,3.259289489433877,-0.03168830759147179,0.03168830759147179,0.972245874268011,296,558,296,3.7935566902160645,-0.12309623670399139,True
1,73,1,1,bicycle,0.6670995950698853,4.08165363695277,4.516096419090029,-0.43444278213725873,0.43444278213725873,9.619873931407266,269,101,269,4.763731002807617,-0.14994716348465387,True
1,73,2,56,chair,0.4542470872402191,5.5289069561326665,4.018475596975723,1.5104313591569438,1.5104313591569438,37.58717261574723,241,190,241,1.4968980550765991,1.1080558607357531,False
1,73,3,56,chair,0.33928781747817993,4.654529232334054,5.050688342912195,-0.39615911057814035,0.39615911057814035,7.843665727941501,256,126,256,5.302586555480957,-0.12850565386665824,True
1,73,4,0,person,0.2741519510746002,2.6834240906752167,2.2634589271724166,0.4199651635028001,0.4199651635028001,18.554132282286815,321,627,321,2.496300220489502,0.2435646196921506,False
1,74,0,57,couch,0.7937273383140564,2.6834240906752167,2.953147892941389,-0.2697238022661721,0.2697238022661721,9.133433612006552,321,629,321,3.227909803390503,-0.12466839850981692,True
1,74,1,1,bicycle,0.4726097881793976,4.417679139474614,4.962931551743926,-0.5452524122693125,0.5452524122693125,10.98649873737864,261,169,261,5.121145725250244,-0.1500737503163445,False
1,74,2,56,chair,0.38180574774742126,4.808152731105021,5.403844060671694,-0.595691329566673,0.595691329566673,11.023473713870068,253,200,253,5.532525539398193,-0.14902335505113462,True
1,75,0,57,couch,0.8214064836502075,2.542172777113504,2.7606399682550444,-0.21846719114154034,0.21846719114154034,7.913642983283688,329,628,329,3.0881083011627197,-0.12887573249227469,True
1,75,1,1,bicycle,0.745775043964386,4.24359786465229,4.750102556772955,-0.5065046921206653,0.5065046921206653,10.663026451891303,265,161,265,4.936412334442139,-0.15015378937086732,False
1,75,2,56,chair,0.2688690423965454,4.417679139474614,4.956761755010091,-0.5390826155354773,0.5390826155354773,10.875701560410782,261,244,261,5.1166157722473145,-0.1486141635478122,True
1,76,0,57,couch,0.8592902421951294,2.3529875412892904,2.5545504542815745,-0.20156291299228402,0.20156291299228402,7.890347699120716,341,635,341,2.889066219329834,-0.1285359575814924,True
1,76,1,1,bicycle,0.7704364657402039,3.930619911182698,4.407877046938226,-0.477257135755528,0.477257135755528,10.827369517646542,273,157,273,4.605881690979004,-0.1508868466734421,False
1,76,2,56,chair,0.4925752580165863,4.417679139474614,4.955683445692592,-0.538004306217978,0.538004306217978,10.856308965529337,261,181,261,1.1397602558135986,1.1327602101812946,False
1,77,0,57,couch,0.8452632427215576,2.1355772235358987,2.3472681727063254,-0.21169094917042663,0.21169094917042663,9.018609447013194,357,637,357,2.657719135284424,-0.12648603986964702,True
1,77,1,1,bicycle,0.6877106428146362,3.789430025844956,4.242272155427403,-0.4528421295824474,0.4528421295824474,10.67451858323371,277,145,277,4.4561448097229,-0.15102045143987075,False
1,77,2,56,chair,0.33136647939682007,4.808152731105021,4.79167752897493,0.016475202130091127,0.016475202130091127,0.34382952589081306,253,173,253,5.025425910949707,0.0021226495528074985,True
1,78,0,57,couch,0.8857749700546265,2.476288589174513,2.685257336439498,-0.20896874726498504,0.20896874726498504,7.782075275588521,333,620,333,3.014641523361206,-0.12652342074923917,True
1,78,1,56,chair,0.7487391233444214,3.930619911182698,4.310558272022465,-0.3799383608397675,0.3799383608397675,8.81413350344304,273,102,273,4.592391490936279,-0.14605155230338784,True
1,78,2,1,bicycle,0.7169882655143738,3.416156690958381,3.7754683498870776,-0.35931165892869643,0.35931165892869643,9.517008901410689,289,73,289,4.055251121520996,-0.14937784082260652,True
1,78,3,56,chair,0.4612523317337036,3.9674162932389003,4.231114314903419,-0.2636980216645184,0.2636980216645184,6.232353986175334,272,170,272,4.500975131988525,-0.09969889803871879,True
1,79,0,57,couch,0.8457585573196411,2.6834240906752167,2.9754051670684767,-0.29198107639326,0.29198107639326,9.813153503424706,321,413,321,3.2647812366485596,-0.14322649215890437,True
1,79,1,56,chair,0.3608870804309845,4.605315013119116,3.2640493911540975,1.341265621965018,1.341265621965018,41.0920749422476,257,7,257,3.447242498397827,0.43089339614777433,False
1,80,0,57,couch,0.8680906891822815,2.8389123183635725,3.1069666152609052,-0.26805429689733273,0.26805429689733273,8.627524209004836,313,361,313,3.417400360107422,-0.13751871812852712,True
1,81,0,57,couch,0.8754883408546448,2.6288945772338357,2.8567630154188874,-0.22786843818505176,0.22786843818505176,7.976455763224706,324,362,324,3.1763319969177246,-0.12747175540225775,True
1,82,0,57,couch,0.8664199709892273,2.611143892272438,2.883255142746717,-0.27211125047427887,0.27211125047427887,9.437640340599675,325,310,325,3.1877379417419434,-0.1429381165451573,True
1,82,1,62,tv,0.6450262069702148,7.306101522862765,3.6153662962160524,3.690735226646712,3.690735226646712,102.08468310692456,221,619,221,3.7679970264434814,0.7408721926143269,False
1,82,2,58,potted plant,0.3901844322681427,6.48109328551411,4.528013308315671,1.9530799771984384,1.9530799771984384,43.13326494892623,229,502,229,4.586240291595459,0.4652738151667295,False
1,83,0,57,couch,0.8913158178329468,2.542172777113504,2.816044160324966,-0.27387138321146187,0.27387138321146187,9.725393765837026,329,260,329,3.116445541381836,-0.14382269626985433,True
1,83,1,62,tv,0.6644952297210693,6.870273553372899,4.264108014778293,2.606165538594606,2.606165538594606,61.11865669355261,225,486,225,4.8549885749816895,0.46325956417614633,False
1,83,2,58,potted plant,0.3532026708126068,5.815615322550515,4.893788760726533,0.9218265618239823,0.9218265618239823,18.836664328910015,237,429,237,5.1026105880737305,0.22555416895708724,False
1,84,0,57,couch,0.8869880437850952,2.3529875412892904,2.576675284008938,-0.22368774271964753,0.22368774271964753,8.681254642673538,341,253,341,2.911426305770874,-0.14114010093418838,True
1,84,1,62,tv,0.46516871452331543,5.5289069561326665,3.645193077803631,1.8837138783290355,1.8837138783290355,51.67665575245868,241,529,241,3.918393135070801,0.47401748942370703,False
1,84,2,63,laptop,0.29087066650390625,2.0864826102176868,1.8095232341481118,0.276959376069575,0.276959376069575,15.305654596911658,361,498,361,2.58662748336792,-0.11421009587520481,True
1,84,3,56,chair,0.27063116431236267,1.8276597569332034,2.014395442680973,-0.18673568574776978,0.18673568574776978,9.270060971704837,385,20,385,2.3612160682678223,-0.14459687356777517,True
1,84,4,58,potted plant,0.2621227502822876,5.5289069561326665,4.646984729217637,0.8819222269150293,0.8819222269150293,18.97837583519473,241,435,241,4.8503570556640625,0.2299943273630367,False
1,85,0,57,couch,0.8367359638214111,2.1355772235358987,2.3273898675892566,-0.19181264405335785,0.19181264405335785,8.241534721986227,357,250,357,2.6672682762145996,-0.1323299773307125,True
1,85,1,62,tv,0.6160562634468079,6.131451933135833,3.503786779502379,2.627665153633454,2.627665153633454,74.99500737332666,233,502,233,4.399817943572998,0.4542098352153454,False
1,85,2,58,potted plant,0.39835888147354126,6.48109328551411,4.444174048476214,2.036919237037896,2.036919237037896,45.833471300168824,229,449,229,4.4732537269592285,0.49076531790759303,False
1,85,3,58,potted plant,0.26572859287261963,4.004843053961383,4.440004302919837,-0.43516124895845376,0.43516124895845376,9.800919532268987,271,445,271,4.66414213180542,-0.1436115490900891,True
1,86,0,62,tv,0.8693707585334778,6.131451933135833,3.153244207575583,2.97820772556025,2.97820772556025,94.44900329651561,233,594,233,3.3401787281036377,0.7060748632619539,False
1,86,1,57,couch,0.8631771206855774,1.8669919745293975,2.0647147086703805,-0.19772273414098307,0.19772273414098307,9.576273821786792,381,242,381,2.403120279312134,-0.14476788266678509,True
1,86,2,57,couch,0.5002398490905762,2.2952155523968525,2.5309842089956796,-0.23576865659882706,0.23576865659882706,9.31529543964964,345,636,345,2.837564706802368,-0.13376606463436347,True
1,86,3,58,potted plant,0.3570217788219452,5.815615322550515,4.117812740938584,1.6978025816119313,1.6978025816119313,41.23068940781767,237,453,237,4.242283821105957,0.44043238522924444,False
1,87,0,57,couch,0.8901695609092712,1.6498221342233514,1.8219494007512913,-0.17212726652793986,0.17212726652793986,9.447422988638552,405,233,405,2.17140793800354,-0.14348340438557017,True
1,87,1,62,tv,0.8541324138641357,6.131451933135833,2.9341660384292774,3.1972858947065554,3.1972858947065554,108.96744945007038,233,608,233,3.2251174449920654,0.7334237126390869,False
1,87,2,58,potted plant,0.2895658612251282,3.416156690958381,3.805782407604284,-0.38962571664590273,0.38962571664590273,10.237729720632391,289,460,289,4.040698528289795,-0.1434589164248874,True
1,88,0,57,couch,0.8901805877685547,1.417612327684669,1.5655767159813494,-0.14796438829668035,0.14796438829668035,9.451110685683132,437,221,437,1.9265748262405396,-0.14426829136484964,True
1,88,1,62,tv,0.7572152018547058,5.815615322550515,2.947681056562571,2.8679342659879445,2.8679342659879445,97.29459228985843,237,604,237,3.1516294479370117,0.7128380283803535,False
1,88,2,62,tv,0.5150415897369385,5.815615322550515,2.9055773531727533,2.910037969377762,2.910037969377762,100.15351910008997,237,617,237,3.068453550338745,0.7336123308883918,False
1,88,3,58,potted plant,0.33896955847740173,5.267474899589832,3.6961843386271642,1.5712905609626677,1.5712905609626677,42.51115250237427,245,476,245,3.7775840759277344,0.46527576511269353,False
1,88,4,58,potted plant,0.2875276505947113,3.3330005249678387,3.687538126753589,-0.3545376017857502,0.3545376017857502,9.614479622963946,292,470,292,3.9587976932525635,-0.14599679032870427,True
1,89,0,57,couch,0.882030189037323,1.3030409830413408,1.314198419135284,-0.011157436093943263,0.011157436093943263,0.8489917451951151,456,205,456,1.680376648902893,-0.030518941752778694,True
1,89,1,58,potted plant,0.6048858761787415,3.010904127673106,3.32695177515087,-0.31604764747776404,0.31604764747776404,9.499616130246793,305,477,305,3.6149587631225586,-0.14488840005497705,True
1,89,2,62,tv,0.47338593006134033,3.6571519736962883,2.551138366267919,1.1060136074283693,1.1060136074283693,43.35372875311211,281,593,281,2.70843243598938,0.46381254573651165,False
1,89,3,62,tv,0.4284333288669586,5.5289069561326665,2.810820625111274,2.7180863310213925,2.7180863310213925,96.70081067210717,241,558,241,3.3783822059631348,0.6154126352618514,False
1,89,4,58,potted plant,0.4234682619571686,5.028117720157712,3.4855042463577877,1.5426134737999244,1.5426134737999244,44.257971437329154,249,489,249,3.545891284942627,0.4859257669561281,False
1,90,0,57,couch,0.8883572220802307,1.1822867244426092,1.1098964674338916,0.0723902570087176,0.0723902570087176,6.522253122949899,479,178,479,1.4016780853271484,0.12601221016494701,True
1,90,1,62,tv,0.67633056640625,3.5329678035523537,2.4615088684539197,1.071458935098434,1.071458935098434,43.52854254680871,285,624,285,2.542836904525757,0.49646340328323446,False
1,91,0,57,couch,0.8622497320175171,1.1822867244426092,0.9809634030603969,0.20132332138221232,0.20132332138221232,20.52302060954837,479,135,479,1.6799224615097046,-0.14673541959904002,True
1,91,1,58,potted plant,0.4704350531101227,2.6834240906752167,2.962379444406676,-0.2789553537314595,0.2789553537314595,9.416597669760378,321,507,321,3.268916130065918,-0.14530766266104567,True
1,92,0,57,couch,0.8343570828437805,1.1822867244426092,0.9649393182524051,0.2173474061902041,0.2173474061902041,22.5244636713364,479,90,479,0.9613995552062988,0.5575929924038168,False
1,92,1,58,potted plant,0.35463184118270874,3.789430025844956,2.7013317695819237,1.0880982562630321,1.0880982562630321,40.28006735475641,277,529,277,2.808729648590088,0.4593538158208734,False
1,93,0,57,couch,0.7038900256156921,1.1822867244426092,0.9660115974730519,0.2162751269695573,0.2162751269695573,22.388460711579665,479,22,479,1.0481345653533936,0.47257144134952256,False
1,94,0,57,couch,0.7588004469871521,1.1822867244426092,0.916142551595768,0.2661441728468412,0.2661441728468412,29.05051974534556,479,14,479,0.9728050231933594,0.5464128406160272,False
1,95,0,57,couch,0.7472800016403198,1.1822867244426092,0.9164318636810459,0.2658548607615633,0.2658548607615633,29.009779264297947,479,30,479,0.8980652093887329,0.619676161671756,False
1,95,1,58,potted plant,0.2952944040298462,2.2952155523968525,1.4263387096614988,0.8688768427353537,0.8688768427353537,60.9165857204813,345,494,345,1.5960676670074463,0.5810425626714983,False
1,95,2,58,potted plant,0.2780153453350067,3.930619911182698,2.4328022613181495,1.4978176498645484,1.4978176498645484,61.56758704478496,273,478,273,2.617335796356201,0.5618679485417749,False
1,95,3,62,tv,0.25896215438842773,4.605315013119116,2.2488638502504963,2.3564511628686193,2.3564511628686193,104.78407408283694,257,619,257,2.3999576568603516,0.7556918809432102,False
1,96,0,62,tv,0.7619462609291077,4.417679139474614,2.2586667773658538,2.15901236210876,2.15901236210876,95.58790981229579,261,506,261,2.89315128326416,0.5678037212122173,False
1,96,1,57,couch,0.740942656993866,1.1822867244426092,0.8642279047355891,0.3180588197070201,0.3180588197070201,36.80265563796281,479,6,479,0.8869743347167969,0.6305479349678865,False
1,96,2,58,potted plant,0.4936136305332184,2.542172777113504,1.5762349228943113,0.9659378542191928,0.9659378542191928,61.281338218640656,329,424,329,1.6782419681549072,0.6147824659684568,False
1,97,0,57,couch,0.7556429505348206,1.1822867244426092,0.8504514267124397,0.3318352977301695,0.3318352977301695,39.01872432772952,479,6,479,0.8864400386810303,0.6310716759302268,False
1,97,1,62,tv,0.7356213927268982,4.808152731105021,2.3446522142018646,2.463500516903156,2.463500516903156,105.06890966521225,253,625,253,2.4717698097229004,0.7632648298652528,False
1,97,2,57,couch,0.4274359345436096,1.7174406329589356,1.881371009080385,-0.16393037612144945,0.16393037612144945,8.713346561111234,397,632,397,2.229849100112915,-0.13386931175350525,True
1,98,0,62,tv,0.6901373267173767,4.417679139474614,2.2703602464753403,2.1473188929992735,2.1473188929992735,94.58053612121317,261,454,261,2.8796937465667725,0.5721398462201018,False
1,98,1,57,couch,0.5437830090522766,1.1822867244426092,0.9582367665944952,0.224049957848114,0.224049957848114,23.381482078210325,479,34,479,0.8935357332229614,0.62411615756758,False
1,99,0,62,tv,0.8044959306716919,4.605315013119116,2.7784926594033172,1.8268223537157984,1.8268223537157984,65.74868382441973,257,503,257,2.594066619873047,0.6954921200269908,False
1,99,1,57,couch,0.6387794017791748,1.1822867244426092,0.9584813014487288,0.2238054229938804,0.2238054229938804,23.35000407995463,479,14,479,0.9441143870353699,0.574536690290453,False
1,99,2,57,couch,0.6072444915771484,1.6498221342233514,1.817123007320853,-0.16730087309750163,0.16730087309750163,9.206909627112601,405,638,405,2.1625356674194336,-0.13676820858610927,True
1,99,3,58,potted plant,0.3827757239341736,3.789430025844956,2.5670619427154877,1.222368083129468,1.222368083129468,47.617397258300024,277,290,277,2.758530855178833,0.4779526805567662,False
1,99,4,56,chair,0.36265018582344055,1.6498221342233514,1.817123007320853,-0.16730087309750163,0.16730087309750163,9.206909627112601,405,638,405,2.1625356674194336,-0.13676820858610927,True
1,100,0,62,tv,0.9300715327262878,5.5289069561326665,2.7048736876286705,2.824033268503996,2.824033268503996,104.40536581875625,241,425,241,2.9008548259735107,0.7404472408519873,False
1,100,1,57,couch,0.6711808443069458,1.1822867244426092,0.9166873381518823,0.2655993862907269,0.2655993862907269,28.973825124081813,479,2,479,0.8740952014923096,0.6431726395839784,False
1,100,2,57,couch,0.35176584124565125,1.9077368367123282,2.092168793452793,-0.18443195674046464,0.18443195674046464,8.81534784944808,377,600,377,2.3921215534210205,-0.10835737361895004,True
1,100,3,58,potted plant,0.3062704801559448,2.3529875412892904,2.5332040455594633,-0.18021650427017288,0.18021650427017288,7.114172448369499,341,262,341,1.6330102682113647,0.5794894478054229,False
1,101,0,62,tv,0.9336783289909363,5.815615322550515,2.838635459739414,2.9769798628111013,2.9769798628111013,104.87362343752258,237,365,237,3.0866880416870117,0.7290580206821021,False
1,101,1,57,couch,0.6784228682518005,1.1822867244426092,0.8666981606678995,0.3155885637747097,0.3155885637747097,36.412741839847584,479,0,479,0.9262518286705017,0.592046371968052,False
1,102,0,62,tv,0.9293631911277771,5.598076211353316,2.5700785345937334,3.0279976767595826,3.0279976767595826,117.81732098852906,240,287,240,2.8169353008270264,0.770923495324367,False
1,102,1,57,couch,0.6881083250045776,1.1822867244426092,0.7851387955726328,0.3971479288699764,0.3971479288699764,50.58314926093045,479,2,479,0.9113240242004395,0.6066792761174549,False
1,102,2,58,potted plant,0.5521343350410461,2.0049885525977706,2.169788808373617,-0.16480025577584634,0.16480025577584634,7.5952210251915595,368,200,368,2.5183327198028564,-0.12480151508835724,True
1,102,3,57,couch,0.3002775013446808,1.949971839345048,2.1270688052462776,-0.17709696590122959,0.17709696590122959,8.325869170965762,373,537,373,2.474759578704834,-0.13403912162284115,True
1,103,0,62,tv,0.9120672345161438,4.808152731105021,2.3345828138048317,2.473569917300189,2.473569917300189,105.95340215277437,253,376,253,2.544919729232788,0.7414617808177763,False
1,103,1,57,couch,0.4007404148578644,1.1822867244426092,0.7212403468542801,0.4610463775883291,0.4610463775883291,63.924096814494945,479,2,479,0.9010410904884338,0.6167590694108496,False
1,103,2,56,chair,0.3881121575832367,1.417612327684669,0.8841099430840234,0.5335023846006457,0.5335023846006457,60.34344356988451,437,38,437,1.0899572372436523,0.5697573228232289,False
1,103,3,57,couch,0.3052528202533722,1.7174406329589356,1.8908217682414927,-0.17338113528255716,0.17338113528255716,9.169618109686011,397,441,397,2.2354941368103027,-0.13800557919111656,True
1,103,4,56,chair,0.2771753668785095,1.1822867244426092,0.7212403468542801,0.4610463775883291,0.4610463775883291,63.924096814494945,479,2,479,0.9010410904884338,0.6167590694108496,False
1,103,5,58,potted plant,0.27522996068000793,2.922685298749407,2.1166953866329807,0.8059899121164262,0.8059899121164262,38.077746907102735,309,141,309,2.1271660327911377,0.5064075500448257,False
1,104,0,62,tv,0.9188137650489807,4.24359786465229,2.180491880047367,2.0631059846049227,2.0631059846049227,94.61654058349924,265,382,265,2.346585750579834,0.7155786214644502,False
1,104,1,57,couch,0.5077040791511536,1.498258451834095,1.6443340747877975,-0.14607562295370258,0.14607562295370258,8.883573307483381,425,456,425,2.002671957015991,-0.13667347013198783,True
1,104,2,56,chair,0.4117981195449829,1.1822867244426092,1.2653178340189515,-0.0830311095763423,0.0830311095763423,6.562075341387994,479,138,479,1.6096965074539185,-0.07789678652613508,True
1,104,3,58,potted plant,0.31108930706977844,2.6834240906752167,1.644976411509307,1.0384476791659096,1.0384476791659096,63.12842372086709,321,111,321,1.8365845680236816,0.5756120552920224,False
1,105,0,62,tv,0.9095272421836853,4.24359786465229,2.1302203551552346,2.113377509497055,2.113377509497055,99.20933786885385,265,217,265,2.2489490509033203,0.7482168127331851,False
1,105,1,58,potted plant,0.37035566568374634,2.3529875412892904,1.4347106032258992,0.9182769380633913,0.9182769380633913,64.0043320233834,341,43,341,1.591948390007019,0.6026355926373403,False
1,105,2,58,potted plant,0.283378005027771,1.3376310256760438,1.4801546754443764,-0.14252364976833265,0.14252364976833265,9.62897000785028,450,104,450,1.844154953956604,-0.14629163832343872,True
1,106,0,62,tv,0.8183425664901733,3.789430025844956,1.890507799325593,1.8989222265193628,1.8989222265193628,100.44508820311513,277,344,277,2.039952516555786,0.7441889865313266,False
1,106,1,28,suitcase,0.2897958755493164,1.1822867244426092,1.2917468018607667,-0.10946007741815755,0.10946007741815755,8.473802858306275,479,120,479,1.6799559593200684,-0.1467682556566967,True
1,107,0,62,tv,0.4589061141014099,3.3060809373083413,1.6404336719357049,1.6656472653726364,1.6656472653726364,101.53700779667487,293,186,293,1.758727788925171,0.7634439049033701,False
1,108,0,62,tv,0.7073647975921631,3.010904127673106,1.4822828479079593,1.5286212797651466,1.5286212797651466,103.12615314429279,305,124,305,1.6172531843185425,0.7641130432869186,False
1,108,1,28,suitcase,0.4555221498012543,1.1822867244426092,0.841879018647258,0.3404077057953512,0.3404077057953512,40.43427835300167,479,0,479,1.062538981437683,0.45845158599421953,False
1,108,2,57,couch,0.2840285897254944,1.2862567357633519,1.3347395928720311,-0.04848285710867928,0.04848285710867928,3.6323832279790325,459,382,459,1.7066490650177002,-0.06990301077198646,True
1,109,0,28,suitcase,0.7759405374526978,1.1822867244426092,0.9431727856223815,0.2391139388202277,0.2391139388202277,25.35208208562136,479,150,479,1.3810707330703735,0.14621246204733995,True
1,109,1,62,tv,0.5481964349746704,2.476288589174513,1.2892776290184043,1.1870109601561087,1.1870109601561087,92.0679094587132,333,44,333,1.4371705055236816,0.7245872457041028,False
1,110,0,57,couch,0.2549247443675995,1.1822867244426092,1.117992411795439,0.06429431264717023,0.06429431264717023,5.750872006717544,479,321,479,1.494897484779358,0.034634369586667546,True
1,112,0,57,couch,0.6514768004417419,1.1822867244426092,1.0797088182792807,0.10257790616332851,0.10257790616332851,9.500515734122255,479,229,479,1.4173201322555542,0.11067917349080925,True
1,113,0,57,couch,0.6639262437820435,1.1822867244426092,1.0136246672238303,0.16866205721877892,0.16866205721877892,16.63949809752752,479,176,479,1.302551507949829,0.2231805317576956,False
2,7,0,59,bed,0.39776113629341125,1.1822867244426092,1.3001567368463827,-0.11787001240377348,0.11787001240377348,9.065830992782848,479,2,479,1.6066445112228394,-0.07490508279614017,True
2,8,0,59,bed,0.5557486414909363,1.1822867244426092,1.2929192336600002,-0.11063250921739098,0.11063250921739098,8.556799708533386,479,2,479,1.2121511697769165,0.31179500190370746,False
2,9,0,59,bed,0.32970356941223145,1.1822867244426092,1.3014545219961842,-0.11916779755357498,0.11916779755357498,9.156508778408499,479,54,479,1.6526838541030884,-0.120034913697882,True
2,17,0,58,potted plant,0.443494975566864,8.35581679185428,2.0558996206985767,6.299917171155704,6.299917171155704,306.4311655943128,213,346,213,2.16792893409729,1.1155848933302681,False
2,18,0,1,bicycle,0.2921379506587982,1.1822867244426092,1.0074625763764222,0.17482414806618696,0.17482414806618696,17.352917335647682,479,63,479,1.2658642530441284,0.2591430261497185,False
2,19,0,1,bicycle,0.27859437465667725,1.1822867244426092,0.9669887385378315,0.21529798590477767,0.21529798590477767,22.264787305623265,479,32,479,1.0126501321792603,0.5073548758776423,False
2,20,0,58,potted plant,0.40773889422416687,9.736517592885464,5.6997282285463395,4.036789364339125,4.036789364339125,70.82424288444835,205,79,205,5.590225696563721,0.6437400549588953,False
2,20,1,28,suitcase,0.28743407130241394,1.1822867244426092,0.6418736758785991,0.5404130485640101,0.5404130485640101,84.19305369149009,479,516,479,1.281381368637085,0.24393245277958164,False
2,21,0,1,bicycle,0.42413294315338135,1.1822867244426092,1.2938935507807194,-0.11160682633811025,0.11160682633811025,8.62565751802133,479,2,479,1.0793687105178833,0.4419543299519879,False
2,22,0,1,bicycle,0.5552433133125305,1.1822867244426092,1.2967217276174503,-0.11443500317484112,0.11443500317484112,8.82494684384597,479,2,479,1.6777384281158447,-0.1445945320106783,True
2,22,1,58,potted plant,0.2963051497936249,4.417679139474614,4.87747587827833,-0.45979673880371585,0.45979673880371585,9.426940292035164,261,81,261,5.0564751625061035,-0.12923638232735257,True
2,22,2,58,potted plant,0.28640463948249817,4.417679139474614,4.87747587827833,-0.45979673880371585,0.45979673880371585,9.426940292035164,261,81,261,5.0564751625061035,-0.12923638232735257,True
2,23,0,55,cake,0.6938713788986206,2.922685298749407,0.7107412917889999,2.2119440069604073,2.2119440069604073,311.2164767285076,309,572,309,0.7715052366256714,1.1396323717118069,False
2,23,1,55,cake,0.36006155610084534,5.267474899589832,0.7544301222578828,4.513044777331949,4.513044777331949,598.2058038490248,245,581,245,0.7688323855400085,1.2894078633606336,False
2,23,2,72,refrigerator,0.2705259323120117,3.930619911182698,4.353815636734912,-0.4231957255522141,0.4231957255522141,9.72011129689415,273,235,273,4.564157009124756,-0.13593146286718327,True
2,24,0,55,cake,0.4528754949569702,2.0864826102176868,0.5060710097665537,1.580411600451133,1.580411600451133,312.2904829462892,361,630,361,0.5867900848388672,1.1338079274279333,False
2,24,1,0,person,0.4366358518600464,1.1822867244426092,0.8391737131552014,0.3431130112874078,0.3431130112874078,40.88700657666461,479,406,479,0.975310206413269,0.5439571475496323,False
2,27,0,58,potted plant,0.3396528661251068,11.634047571732243,3.2986163807231303,8.335431191009112,8.335431191009112,252.69477347292502,197,109,197,3.252565622329712,1.080344999186758,False
2,27,1,56,chair,0.3134768307209015,1.1822867244426092,0.8988656925806515,0.28342103186195766,0.28342103186195766,31.53096554928616,479,25,479,1.082600474357605,0.438786409941045,False
2,28,0,56,chair,0.3535197675228119,1.1822867244426092,1.3007401696573793,-0.11845344521477008,0.11845344521477008,9.106618522127386,479,26,479,1.0000944137573242,0.5196625547840444,False
2,28,1,60,dining table,0.2617955803871155,1.3435329484955398,0.7330087224615813,0.6105242260339585,0.6105242260339585,83.29017204375184,449,634,449,0.446819007396698,1.1024698875639456,False
2,29,0,60,dining table,0.36881789565086365,1.212107743143963,0.6337060314556786,0.5784017116882845,0.5784017116882845,91.27287464183428,473,619,473,0.8234743475914001,0.7077075071504652,False
2,29,1,58,potted plant,0.3624919354915619,11.358900295202895,10.009104792182052,1.349795503020843,1.349795503020843,13.485676601918946,198,246,198,10.191582679748535,0.15429037364233622,False
2,29,2,58,potted plant,0.2956358790397644,5.5289069561326665,5.945265058697005,-0.41635810256433814,0.41635810256433814,7.003188225481563,241,295,241,6.186807632446289,-0.1199386351454299,True
2,29,3,1,bicycle,0.26123687624931335,1.1822867244426092,0.8153192110783405,0.3669675133642687,0.3669675133642687,45.00906005623463,479,0,479,0.8929032683372498,0.6247361280440853,False
2,29,4,60,dining table,0.2565692365169525,1.1822867244426092,1.2952769456999613,-0.11299022125735214,0.11299022125735214,8.723248076981157,479,0,479,0.8929032683372498,0.6247361280440853,False
2,30,0,58,potted plant,0.48387041687965393,10.844695567817139,10.012976839135247,0.8317187286818921,0.8317187286818921,8.306408194525716,200,302,200,3.919674873352051,0.9587778910200631,False
2,30,1,1,bicycle,0.4179137051105499,1.1822867244426092,0.8849194561851372,0.29736726825747195,0.29736726825747195,33.60387955977529,479,2,479,0.8645017147064209,0.6525766060465621,False
2,30,2,58,potted plant,0.3173673748970032,5.267474899589832,5.854550351457977,-0.5870754518681451,0.5870754518681451,10.027677902231106,245,353,245,5.941420555114746,-0.12742422523713226,True
2,31,0,60,dining table,0.7431954741477966,1.1822867244426092,0.6724131154051449,0.5098736090374643,0.5098736090374643,75.82743366483167,479,0,479,0.8418282866477966,0.6748021181897317,False
2,31,1,56,chair,0.5842704176902771,1.1822867244426092,1.3011510125938495,-0.11886428815124028,0.11886428815124028,9.135318421978083,479,122,479,1.6784098148345947,-0.14525265541538612,True
2,31,2,62,tv,0.3067772388458252,16.33196815365948,9.861870777785404,6.470097375874078,6.470097375874078,65.60720092224746,185,314,185,10.039124488830566,0.5683637890733116,False
2,32,0,60,dining table,0.6010359525680542,1.1822867244426092,0.7233017272418849,0.4589849972007243,0.4589849972007243,63.45691983218942,479,2,479,0.9211713075637817,0.5970265268550446,False
2,32,1,62,tv,0.34274810552597046,14.405417795833678,9.616542845364993,4.788874950468685,4.788874950468685,49.798300984816386,189,310,189,9.460575103759766,0.5078258137670782,False
2,33,0,60,dining table,0.5774551033973694,1.1822867244426092,0.7231263366358294,0.4591603878067798,0.4591603878067798,63.496565474701505,479,2,479,0.9244450926780701,0.5938174157041587,False
2,33,1,62,tv,0.509091317653656,16.33196815365948,9.371330385009188,6.960637768650294,6.960637768650294,74.2758763449942,185,320,185,9.444066047668457,0.6235855359518373,False
2,33,2,58,potted plant,0.3072150945663452,12.876671115063534,9.283954922197152,3.5927161928663818,3.5927161928663818,38.69812189928347,193,281,193,3.2511792182922363,1.119778851525726,False
2,33,3,58,potted plant,0.2718244194984436,9.736517592885464,8.11136419596608,1.6251533969193837,1.6251533969193837,20.035512617317814,205,338,205,9.236104965209961,0.08529741746100372,True
2,33,4,58,potted plant,0.26544809341430664,4.605315013119116,5.108432050539632,-0.5031170374205161,0.5031170374205161,9.848756574287194,257,360,257,5.2503156661987305,-0.12830063555165605,True
2,34,0,62,tv,0.4604165852069855,16.33196815365948,8.92115098221225,7.410817171447231,7.410817171447231,83.07019112470519,185,331,185,9.031267166137695,0.6618934966003951,False
2,34,1,60,dining table,0.3277186155319214,2.2263209016841157,2.4385844240624013,-0.2122635223782856,0.2122635223782856,8.704374565990173,350,212,350,2.7417612075805664,-0.11998619136748889,True
2,34,2,60,dining table,0.3128499686717987,1.1822867244426092,0.721797718278728,0.4604890061638812,0.4604890061638812,63.79751480262503,479,2,479,0.9279731512069702,0.5903590543362552,False
2,34,3,72,refrigerator,0.25575533509254456,6.48109328551411,3.714596896764205,2.7664963887499048,2.7664963887499048,74.47635546026022,229,186,229,5.40299654006958,0.28100107253021944,False
2,35,0,58,potted plant,0.36977437138557434,11.922377532234245,4.950891892831844,6.971485639402401,6.971485639402401,140.8127220369339,196,312,196,4.975942134857178,0.8730101731704119,False
2,35,1,71,sink,0.291632741689682,2.542172777113504,1.2344421854810974,1.3077305916324067,1.3077305916324067,105.93696545802563,329,632,329,1.3545880317687988,0.7854992904096314,False
2,36,0,71,sink,0.7974226474761963,2.7592573694091684,1.351573343850771,1.4076840255583973,1.4076840255583973,104.15150845959727,317,585,317,1.4575974941253662,0.7839625961733212,False
2,36,1,58,potted plant,0.3855409324169159,4.24359786465229,4.698011010096733,-0.4544131454444438,0.4544131454444438,9.672458077851276,265,260,265,4.868654727935791,-0.12750364113364854,True
2,36,2,72,refrigerator,0.37444862723350525,2.6834240906752167,2.963035200219676,-0.27961110954445934,0.27961110954445934,9.436644881023664,321,442,321,3.254521608352661,-0.1380626261006599,True
2,36,3,58,potted plant,0.3663988411426544,11.096051823682963,8.249413396317204,2.8466384273657592,2.8466384273657592,34.50716178966843,199,157,199,7.079961776733398,0.5437817882733136,False
2,36,4,58,potted plant,0.2717283368110657,4.417679139474614,4.840321686648826,-0.42264254717421235,0.42264254717421235,8.731703686967693,261,248,261,5.054190158843994,-0.12850013603316235,True
2,37,0,72,refrigerator,0.7841843366622925,2.476288589174513,2.716197433411026,-0.23990884423651293,0.23990884423651293,8.832525989660228,333,452,333,3.0347630977630615,-0.13737983991992575,True
2,37,1,71,sink,0.7823368906974792,2.2952155523968525,1.1083356460359046,1.1868799063609479,1.1868799063609479,107.08668539227861,345,611,345,1.2432849407196045,0.784161964677231,False
2,37,2,58,potted plant,0.386758953332901,10.604093960483102,6.91262011759395,3.6914738428891516,3.6914738428891516,53.40194861126014,201,153,201,6.905409812927246,0.5256685308554665,False
2,37,3,62,tv,0.3182696998119354,12.876671115063534,8.455203136132612,4.421467978930922,4.421467978930922,52.29286520670502,193,192,193,8.484996795654297,0.5076907454708571,False
2,38,0,72,refrigerator,0.7173548340797424,2.611143892272438,2.884882348850996,-0.2737384565785579,0.2737384565785579,9.488721669623153,325,397,325,3.1791605949401855,-0.13851741124974848,True
2,38,1,39,bottle,0.5172460675239563,3.789430025844956,1.8682408140468276,1.9211892117981282,1.9211892117981282,102.83413130433694,277,518,277,1.9705411195755005,0.7699062019430469,False
2,38,2,58,potted plant,0.4959615170955658,8.664493672756427,6.15736210530093,2.507131567455497,2.507131567455497,40.717624277725754,211,89,211,7.298957347869873,0.2498198627659367,False
2,38,3,58,potted plant,0.40784943103790283,4.004843053961383,4.352997416523841,-0.34815436256245835,0.34815436256245835,7.998037426828588,271,202,271,4.626967430114746,-0.1305114403656753,True
2,38,4,71,sink,0.34709522128105164,2.611143892272438,1.2647339711339214,1.3464099211385165,1.3464099211385165,106.4579549429962,325,560,325,1.3894660472869873,0.7838787966724501,False
2,38,5,71,sink,0.34431102871894836,2.611143892272438,1.2604098660143777,1.3507340262580603,1.3507340262580603,107.16625303238084,325,561,325,1.3894084692001343,0.7839084720207057,False
2,38,6,62,tv,0.31409674882888794,14.405417795833678,7.810292293058015,6.595125502775663,6.595125502775663,84.44146845358883,189,121,189,7.746149063110352,0.6876255873624337,False
2,39,0,71,sink,0.7089042067527771,2.922685298749407,1.4273828416367638,1.4953024571126432,1.4953024571126432,104.7583320672397,309,492,309,1.5123889446258545,0.7935679614984383,False
2,39,1,72,refrigerator,0.6327356696128845,2.6834240906752167,2.9690225971088466,-0.28559850643362994,0.28559850643362994,9.619276953693042,321,344,321,3.254521608352661,-0.1380626261006599,True
2,39,2,58,potted plant,0.289787232875824,6.870273553372899,4.062842866812304,2.8074306865605942,2.8074306865605942,69.10015421697312,225,117,225,4.049964427947998,0.6351654445205883,False
2,39,3,58,potted plant,0.2802565097808838,3.7222306014654616,3.969463284588295,-0.2472326831228333,0.2472326831228333,6.228365534522781,279,121,279,4.233505725860596,-0.09408955983362,True
2,40,0,71,sink,0.7398182153701782,2.476288589174513,1.2084786338855094,1.2678099552890036,1.2678099552890036,104.9095879513179,333,478,333,1.3253220319747925,0.7849341096322164,False
2,40,1,72,refrigerator,0.5249212384223938,2.476288589174513,2.733905401523432,-0.25761681234891887,0.25761681234891887,9.423033152696702,333,346,333,3.036190986633301,-0.13815024484922622,True
2,40,2,58,potted plant,0.5232630968093872,6.870273553372899,6.215468233907771,0.6548053194651278,0.6548053194651278,10.535092366700754,225,110,225,3.973517656326294,0.6514899853726152,False
2,40,3,39,bottle,0.40136513113975525,3.6571519736962883,1.812048046670944,1.8451039270253442,1.8451039270253442,101.82422758685288,281,470,281,1.906390905380249,0.7706562243058395,False
2,40,4,69,oven,0.34307944774627686,1.47059365802198,1.6209594087637644,-0.15036575074178438,0.15036575074178438,9.276342759036874,429,2,429,1.9758089780807495,-0.13857589873446985,True
2,41,0,71,sink,0.7248739004135132,1.9077368367123282,0.9206478460569338,0.9870889906553943,0.9870889906553943,107.21678162644088,377,508,377,1.065224051475525,0.7837901755883835,False
2,41,1,72,refrigerator,0.6926760673522949,2.2398168151806668,2.473904739682811,-0.23408792450214433,0.23408792450214433,9.46228529931826,349,350,349,2.788145065307617,-0.13897630758614232,True
2,41,2,39,bottle,0.32789671421051025,3.202174322980737,1.5694637291450848,1.6327105938356523,1.6327105938356523,104.02983920660715,297,490,297,1.678275465965271,0.7768737585936899,False
2,42,0,71,sink,0.5703719854354858,1.4437228492128802,0.6945439788858607,0.7491788703270195,0.7491788703270195,107.86629689437382,433,557,433,0.8511426448822021,0.7838544863064705,False
2,42,1,72,refrigerator,0.4998178482055664,2.039251667457873,2.2455950251340933,-0.20634335767622014,0.20634335767622014,9.188805433156789,365,351,365,2.574047327041626,-0.13743856157730105,True
2,42,2,45,bowl,0.29509520530700684,3.103932365323887,1.493345802798206,1.610586562525681,1.610586562525681,107.85087817622625,301,423,301,1.6144828796386719,0.7848669787506235,False
2,42,3,45,bowl,0.29391783475875854,2.7592573694091684,1.2809140970556863,1.4783432723534822,1.4783432723534822,115.41314720101896,317,436,317,1.459334373474121,0.7831093629696041,False
2,42,4,41,cup,0.2532058358192444,2.922685298749407,1.408516827222721,1.5141684715266859,1.5141684715266859,107.50091459768258,309,469,309,1.4225597381591797,0.8355268965109721,False
2,43,0,72,refrigerator,0.6148344874382019,1.949971839345048,2.149690380481312,-0.19971854113626386,0.19971854113626386,9.290572398223564,373,403,373,2.4819717407226562,-0.13880118214379555,True
2,43,1,71,sink,0.5344774723052979,1.1822867244426092,0.5705422285991977,0.6117444958434115,0.6117444958434115,107.22159818833642,479,607,479,0.7487931251525879,0.7659993604508989,False
2,43,2,39,bottle,0.431591659784317,2.3529875412892904,1.1339288027065284,1.219058738582762,1.219058738582762,107.50752037279948,341,604,341,1.2954509258270264,0.7697680655859374,False
2,43,3,72,refrigerator,0.38516050577163696,1.949971839345048,2.149690380481312,-0.19971854113626386,0.19971854113626386,9.290572398223564,373,403,373,2.4819717407226562,-0.13880118214379555,True
2,43,4,45,bowl,0.2617621123790741,2.922685298749407,1.3823795468399835,1.5403057519094234,1.5403057519094234,111.42422899922437,309,478,309,1.5356310606002808,0.7827116434691066,False
2,44,0,72,refrigerator,0.6659937500953674,1.7174406329589356,1.8936011224438918,-0.17616048948495622,0.17616048948495622,9.302935417444331,397,413,397,2.2374022006988525,-0.1394036679820616,True
2,44,1,58,potted plant,0.4864327609539032,5.8916766697702,6.260787695055963,-0.369111025285763,0.369111025285763,5.89560041426167,236,45,236,6.462782859802246,-0.09465917755418896,True
2,44,2,57,couch,0.2835354804992676,4.509705696011821,4.681598086063109,-0.17189239005128787,0.17189239005128787,3.6716605503365014,259,2,259,4.897219657897949,-0.04835830284853038,True
2,45,0,72,refrigerator,0.7325931787490845,1.498258451834095,1.6494223953898812,-0.15116394355578633,0.15116394355578633,9.164659336400913,425,425,425,2.0051612854003906,-0.13870786109198496,True
2,45,1,58,potted plant,0.25428664684295654,8.35581679185428,5.972372514477096,2.383444277377185,2.383444277377185,39.90783012278103,213,33,213,6.035464763641357,0.429797100621897,False
2,46,0,72,refrigerator,0.5173930525779724,1.2752496292077253,1.402346442588651,-0.1270968133809256,0.1270968133809256,9.063153691630735,461,440,461,1.7689826488494873,-0.13792149972375634,True
2,47,0,72,refrigerator,0.8435221314430237,1.1822867244426092,1.2678686888713289,-0.08558196442871968,0.08558196442871968,6.750065300918956,479,631,479,0.821502685546875,0.6947261849394847,False
2,47,1,57,couch,0.38448530435562134,3.823857699581332,3.976113348432675,-0.15225564885134313,0.15225564885134313,3.8292582607424923,276,0,276,4.237462043762207,-0.05720670774853742,True
2,47,2,58,potted plant,0.30855920910835266,10.844695567817139,2.976968074110655,7.867727493706484,7.867727493706484,264.28659286367736,200,150,200,3.0039541721343994,1.0852190641181183,False
2,47,3,58,potted plant,0.2578835189342499,8.995724867412417,6.556887337899133,2.4388375295132834,2.4388375295132834,37.195050087511525,209,108,209,6.5803985595703125,0.4126221671520549,False
2,48,0,57,couch,0.36249348521232605,3.8588556334949464,3.9599965201013356,-0.1011408866063892,0.1011408866063892,2.554065037506675,275,2,275,4.162193298339844,-0.01698286385399439,True
2,49,0,57,couch,0.845115602016449,3.8944381145999625,4.0259763978327445,-0.13153828323278205,0.13153828323278205,3.267239303826805,274,8,274,4.541424751281738,-0.1414919096691576,True
2,50,0,60,dining table,0.49220937490463257,1.1822867244426092,1.1395911105228884,0.042695613919720765,0.042695613919720765,3.746573093232569,479,94,479,1.462412714958191,0.06647739942148756,True
2,50,1,57,couch,0.4519084393978119,4.463257278248606,4.625660065345569,-0.16240278709696288,0.16240278709696288,3.510910546878465,260,134,260,5.0326619148254395,-0.10637238352589917,True
2,51,0,57,couch,0.8341428637504578,3.789430025844956,4.2082261863657715,-0.4187961605208157,0.4187961605208157,9.951845313773129,277,113,277,4.43060827255249,-0.14155905668552848,True
2,51,1,59,bed,0.2587564289569855,1.1822867244426092,0.8851838452273871,0.29710287921522205,0.29710287921522205,33.563974401148485,479,2,479,1.1269973516464233,0.39526659755316396,False
2,51,2,58,potted plant,0.25089362263679504,11.358900295202895,7.3078254332341395,4.051074861968756,4.051074861968756,55.434751404234326,198,244,198,7.352052688598633,0.5292255494138778,False
2,52,0,57,couch,0.878873348236084,3.5329678035523537,3.9431641508214383,-0.4101963472690846,0.4101963472690846,10.402720545722973,285,101,285,4.160232067108154,-0.14184542183852944,True
2,52,1,59,bed,0.36042726039886475,1.1822867244426092,1.0873143635565468,0.09497236088606242,0.09497236088606242,8.734581650831224,479,2,479,1.1316953897476196,0.3906613696803769,False
2,53,0,57,couch,0.8683506846427917,3.416156690958381,3.7227912960507186,-0.3066346050923374,0.3066346050923374,8.236685344612987,289,89,289,4.008645534515381,-0.13042211646372626,True
2,53,1,56,chair,0.3490822911262512,1.1822867244426092,1.1288589243431373,0.0534278000994719,0.0534278000994719,4.73290319519426,479,2,479,1.432397484779358,0.09589967562492818,True
2,53,2,58,potted plant,0.3314827084541321,10.37357122838515,6.745044156366108,3.6285270720190415,3.6285270720190415,53.79545319350304,202,236,202,6.8032050132751465,0.5195537064110246,False
2,54,0,57,couch,0.882716715335846,3.103932365323887,3.4492244501353397,-0.3452920848114527,0.3452920848114527,10.01071660610269,301,73,301,3.708364963531494,-0.1426152755854151,True
2,55,0,57,couch,0.8659926056861877,2.922685298749407,3.21050552026961,-0.28782022152020303,0.28782022152020303,8.964950214321158,309,54,309,3.511749744415283,-0.14032707291995417,True
2,55,1,73,book,0.27134236693382263,3.5329678035523537,3.875229365596139,-0.34226156204378544,0.34226156204378544,8.832033661861308,285,178,285,4.101147651672363,-0.11852761758615982,True
2,56,0,57,couch,0.8785738945007324,2.6834240906752167,2.9578161571170596,-0.2743920664418429,0.2743920664418429,9.276846560649288,321,34,321,3.262051820755005,-0.14185272522651027,True
2,57,0,57,couch,0.8634712100028992,2.492481634016876,2.715602273216935,-0.22312063920005887,0.22312063920005887,8.216248800519212,332,14,332,3.0354769229888916,-0.12860233570681245,True
2,57,1,73,book,0.2742987871170044,3.010904127673106,3.261234099042138,-0.2503299713690321,0.2503299713690321,7.6759276938309,305,154,305,3.5602633953094482,-0.1200007645526533,True
2,58,0,57,couch,0.8921308517456055,2.8389123183635725,3.153853804347836,-0.31494148598426364,0.31494148598426364,9.985925332052233,313,100,313,3.428994655609131,-0.14307436684010066,True
2,58,1,58,potted plant,0.36377885937690735,4.808152731105021,1.3741823578214953,3.4339703732835254,3.4339703732835254,249.89189780659328,253,257,253,5.454286098480225,-0.12570332436332188,True
2,59,0,57,couch,0.8656613230705261,3.253389362047055,3.5432812468289914,-0.2898918847819365,0.2898918847819365,8.181452856483551,295,169,295,3.8343048095703125,-0.12895664781548888,True
2,59,1,56,chair,0.28482985496520996,1.3922302760127698,1.5245109231098986,-0.13228064709712872,0.13228064709712872,8.676923536060025,441,345,441,1.8827513456344604,-0.1295988679269504,True
2,60,0,57,couch,0.8811712861061096,3.416156690958381,3.792339502335242,-0.3761828113768608,0.3761828113768608,9.91954468067048,289,228,289,4.037878513336182,-0.142311941789804,True
2,60,1,56,chair,0.3483772873878479,1.1822867244426092,0.9126117707158464,0.26967495372676276,0.26967495372676276,29.549800077116206,479,2,479,1.134572982788086,0.38784062378793305,False
2,61,0,57,couch,0.8969686627388,3.202174322980737,3.5443693948453876,-0.3421950718646505,0.3421950718646505,9.654610841700311,297,222,297,3.812868356704712,-0.14286806288687526,True
2,62,0,57,couch,0.8943626284599304,2.922685298749407,3.2606788300164395,-0.3379935312670326,0.3379935312670326,10.365741273124053,309,218,309,3.5169765949249268,-0.1427685180743843,True
2,62,1,56,chair,0.31687748432159424,2.4132886231462733,2.6858826511847664,-0.2725940280384931,0.2725940280384931,10.149141397456418,337,2,337,2.986787796020508,-0.14755787957944566,True
2,63,0,57,couch,0.8669734597206116,3.103932365323887,3.4416883282315487,-0.33775596290766163,0.33775596290766163,9.81367081199975,301,272,301,3.708364963531494,-0.1426152755854151,True
2,64,0,57,couch,0.8753389120101929,3.202174322980737,3.495316879787563,-0.293142556806826,0.293142556806826,8.386723346944226,297,325,297,3.79518723487854,-0.13524971689463783,True
2,64,1,60,dining table,0.2612305283546448,1.1822867244426092,0.8776118248365339,0.3046748996060753,0.3046748996060753,34.71636217559224,479,2,479,1.1333773136138916,0.3890126723939735,False
2,65,0,57,couch,0.6827974915504456,2.922685298749407,3.237774037591265,-0.3150887388418582,0.3150887388418582,9.731646964352947,309,323,309,3.517566442489624,-0.14304403398516552,True
2,66,0,57,couch,0.8549022674560547,2.6834240906752167,2.9813583945737676,-0.2979343038985509,0.2979343038985509,9.993240143177934,321,325,321,3.2647812366485596,-0.14322649215890437,True
2,66,1,58,potted plant,0.2703193426132202,6.131451933135833,4.121994136992029,2.0094577961438036,2.0094577961438036,48.7496519733087,233,549,233,4.209077835083008,0.4995467405252958,False
2,67,0,57,couch,0.8421822786331177,2.476288589174513,2.7374833154828533,-0.2611947263083403,0.2611947263083403,9.54141801818687,333,324,333,3.046556234359741,-0.14374272344353867,True
2,68,0,57,couch,0.8413586020469666,2.2952155523968525,2.4923465199568815,-0.197130967560029,0.197130967560029,7.909452637566604,345,323,345,2.8288567066192627,-0.12875231634665685,True
2,68,1,58,potted plant,0.3139379620552063,3.5329678035523537,3.6339884736725163,-0.10102067012016258,0.10102067012016258,2.779884164521603,285,565,285,3.9064414501190186,-0.04168635477503435,True
2,69,0,57,couch,0.844105064868927,2.039251667457873,2.2392507431243036,-0.1999990756664305,0.1999990756664305,8.931517664135406,365,324,365,2.5795485973358154,-0.1409381056698793,True
2,69,1,58,potted plant,0.37753593921661377,4.704720469444975,3.4200834441705585,1.2846370252744168,1.2846370252744168,37.561569658893745,255,638,255,3.3938958644866943,0.46792706627412706,False
2,70,0,57,couch,0.8593224883079529,1.9937802523066508,2.2044670231049968,-0.21068677079834597,0.21068677079834597,9.557265705957043,369,276,369,2.537107467651367,-0.14457308801473645,True
2,70,1,62,tv,0.4772225320339203,6.48109328551411,3.2089703848555686,3.272122900658541,3.272122900658541,101.9679993340236,229,622,229,3.3494479656219482,0.7443131422667147,False
2,70,2,58,potted plant,0.3819029927253723,3.5329678035523537,3.8670840669019078,-0.334116263349554,0.334116263349554,8.640005171059789,285,500,285,4.160129070281982,-0.14180477389755253,True
2,70,3,56,chair,0.34444668889045715,1.7529492399297044,1.9382626197652142,-0.18531337983550977,0.18531337983550977,9.56079831214808,393,33,393,2.284688949584961,-0.14646641666450932,True
2,71,0,57,couch,0.8617635369300842,1.7896679701346712,1.9635602199560047,-0.17389224982133356,0.17389224982133356,8.855967240221936,389,270,389,2.3164544105529785,-0.14138923089277267,True
2,71,1,62,tv,0.5636810064315796,6.131451933135833,3.1119017883779403,3.0195501447578925,3.0195501447578925,97.03230853991104,233,626,233,3.2480947971343994,0.7279622391891803,False
2,71,2,56,chair,0.4134473204612732,1.1822867244426092,1.004053860780494,0.1782328636621151,0.1782328636621151,17.751324966129513,479,476,479,1.6267874240875244,-0.09465007033465134,True
2,71,3,58,potted plant,0.41226598620414734,3.202174322980737,3.5712014953499027,-0.3690271723691656,0.3690271723691656,10.3334178384972,297,516,297,3.816511392593384,-0.14443775445593365,True
2,72,0,57,couch,0.8935670256614685,1.6830832967517113,1.8609006360298546,-0.17781733927814325,0.17781733927814325,9.555445134217823,401,221,401,2.2087130546569824,-0.14505053545915003,True
2,72,1,62,tv,0.8860782384872437,6.131451933135833,2.94494611670312,3.186505816432713,3.186505816432713,108.20251679171706,233,616,233,3.0183839797973633,0.7825620695904882,False
2,72,2,58,potted plant,0.5413191318511963,5.5289069561326665,3.9233863144632606,1.605520641669406,1.605520641669406,40.92180868732651,241,453,241,4.041866779327393,0.44168745127859554,False
2,72,3,57,couch,0.36059412360191345,2.1355772235358987,2.353435247512936,-0.21785802397703735,0.21785802397703735,9.257022227710127,357,635,357,2.6730051040649414,-0.13584083379701006,True
2,72,4,58,potted plant,0.25827938318252563,3.6571519736962883,3.9969068511560417,-0.3397548774597534,0.3397548774597534,8.50044522207178,281,438,281,4.299247741699219,-0.14479885616642085,True
2,73,0,57,couch,0.8911716938018799,1.5561150456107948,1.3253396936318522,0.2307753519789426,0.2307753519789426,17.412543598278926,417,382,417,1.5791668891906738,0.24756784441558444,False
2,73,1,62,tv,0.8155078291893005,6.131451933135833,3.8090191584082285,2.3224327747276043,2.3224327747276043,60.9719373451022,233,632,233,2.952361583709717,0.7982548944685801,False
2,73,2,56,chair,0.44173556566238403,2.2398168151806668,2.3720776039779907,-0.13226078879732395,0.13226078879732395,5.575736163754579,349,605,349,2.701976776123047,-0.08832335333494012,True
2,73,3,58,potted plant,0.385163277387619,6.131451933135833,4.224184725547314,1.9072672075885189,1.9072672075885189,45.15113167408654,233,380,233,4.313284873962402,0.4747778301387666,False
2,73,4,58,potted plant,0.2840685546398163,3.6571519736962883,4.068539683915479,-0.41138771021919096,0.41138771021919096,10.111434130667735,281,393,281,4.294515609741211,-0.14298844520632037,True
2,74,0,62,tv,0.9136753678321838,6.870273553372899,3.3159201281105837,3.554353425262315,3.554353425262315,107.19056213478795,225,545,225,3.3717288970947266,0.7799967224913497,False
2,74,1,57,couch,0.9013521075248718,1.367546627726179,1.5168848304650993,-0.1493382027389203,0.1493382027389203,9.845058750645624,445,102,445,1.8749033212661743,-0.14544379870796909,True
2,74,2,58,potted plant,0.34188178181648254,6.48109328551411,4.379193862877325,2.1018994226367846,2.1018994226367846,47.99740519493108,229,321,229,4.516849040985107,0.4809295461009411,False
2,74,3,63,laptop,0.3075641393661499,1.47059365802198,1.2754968347461515,0.19509682327582856,0.19509682327582856,15.295751268144588,429,341,429,1.6167545318603516,0.15919477061520215,False
2,74,4,58,potted plant,0.2617735266685486,3.9674162932389003,4.3519255373701355,-0.3845092441312352,0.3845092441312352,8.835381966659149,272,341,272,4.626712322235107,-0.1443873574906327,True
2,75,0,57,couch,0.9137431383132935,1.1921038660878276,1.2768923607977463,-0.08478849470991867,0.08478849470991867,6.640222567934116,477,68,477,1.6444708108901978,-0.10205638983518228,True
2,75,1,62,tv,0.906169056892395,6.670333402254167,2.989076578432856,3.681256823821311,3.681256823821311,123.15699271081768,227,554,227,3.1666793823242188,0.8046658979539211,False
2,75,2,57,couch,0.3427337110042572,2.039251667457873,2.247956601183093,-0.2087049337252198,0.2087049337252198,9.284206537411755,365,637,365,2.572744846343994,-0.1366100095543421,True
2,75,3,58,potted plant,0.2563350200653076,6.131451933135833,4.123021422047291,2.008430511088542,2.008430511088542,48.712589761206075,233,319,233,4.291110515594482,0.4800484404660543,False
2,76,0,57,couch,0.933920681476593,1.1822867244426092,1.1498552915106164,0.0324314329319928,0.0324314329319928,2.8204795135034924,479,2,479,1.4288475513458252,0.09937947975646133,True
2,76,1,62,tv,0.8833010196685791,6.870273553372899,3.7088994993506974,3.1613740540222013,3.1613740540222013,85.23752273620924,225,396,225,3.791327714920044,0.6903950572052405,False
2,76,2,58,potted plant,0.31193283200263977,5.815615322550515,4.04714786104923,1.7684674615012854,1.7684674615012854,43.69663580916975,237,271,237,4.105663776397705,0.47455508446525596,False
2,77,0,57,couch,0.9353728294372559,1.1822867244426092,1.1019951693091976,0.08029155513341157,0.08029155513341157,7.286016978072922,479,268,479,1.3032091856002808,0.22253584659722447,False
2,77,1,62,tv,0.8890372514724731,6.48109328551411,3.4420130400706883,3.0390802454434214,3.0390802454434214,88.2936877363198,229,407,229,3.5358774662017822,0.7022517862080604,False
2,78,0,57,couch,0.9064351916313171,1.1822867244426092,1.1316234880238416,0.05066323641876758,0.05066323641876758,4.477040018605568,479,2,479,1.3943159580230713,0.13322889788297787,True
2,78,1,62,tv,0.8895897269248962,7.544210261210179,3.391678980357503,4.152531280852676,4.152531280852676,122.43291021649031,219,410,219,3.5653324127197266,0.8032265063161311,False
2,78,2,58,potted plant,0.3990997076034546,5.5289069561326665,3.7850410338840255,1.743865922248641,1.743865922248641,46.07257640372713,241,233,241,3.8398334980010986,0.4945873533685301,False
2,78,3,58,potted plant,0.25915729999542236,3.360313835767405,3.681294053532193,-0.320980217764788,0.320980217764788,8.719222455397396,291,217,291,3.8476710319519043,-0.08817806067767053,True
2,79,0,62,tv,0.9103456735610962,7.306101522862765,3.5695618254930075,3.736539697369757,3.736539697369757,104.67782545981501,221,286,221,3.811915636062622,0.7320240333430671,False
2,79,1,57,couch,0.9056075215339661,1.1822867244426092,1.1770241380305007,0.0052625864121085275,0.0052625864121085275,0.4471094722759336,479,2,479,1.4963774681091309,0.033183623480586455,True
2,79,2,58,potted plant,0.6098262071609497,3.080203061351166,3.4067437091301604,-0.3265406477789945,0.3265406477789945,9.585125141755078,302,178,302,3.6424272060394287,-0.12440296738152967,True
2,80,0,62,tv,0.8698875904083252,6.870273553372899,3.4585630181239564,3.4117105352489423,3.4117105352489423,98.64531938179259,225,233,225,3.576199769973755,0.7363337522107889,False
2,80,1,57,couch,0.7873415946960449,1.3554577584179235,1.3603949383072358,-0.004937179889312304,0.004937179889312304,0.36292254185065753,447,2,447,1.6832258701324463,0.01261356490097465,True
2,80,2,58,potted plant,0.49880480766296387,2.6834240906752167,2.965138884716066,-0.2817147940408491,0.2817147940408491,9.500897090957862,321,84,321,3.227909803390503,-0.12466839850981692,True
2,80,3,73,book,0.45033904910087585,1.7529492399297044,1.2660015865396383,0.48694765339006607,0.48694765339006607,38.4634315286318,393,572,393,1.498127818107605,0.42037069604895816,False
2,80,4,56,chair,0.2667251229286194,2.7592573694091684,3.00524133494301,-0.2459839655338416,0.2459839655338416,8.185165120474638,317,343,317,3.317983627319336,-0.12994269132629555,True
2,81,0,62,tv,0.8906906247138977,6.48109328551411,3.21600157140753,3.2650917141065796,3.2650917141065796,101.52643403956934,229,223,229,3.4533445835113525,0.7208724709955667,False
2,81,1,58,potted plant,0.5654473304748535,2.542172777113504,2.7915526175746987,-0.24937984046119466,0.24937984046119466,8.933374169312842,329,69,329,3.110206127166748,-0.14053161013919713,True
2,81,2,57,couch,0.5556167960166931,1.3736536463169389,1.3685810627029136,0.0050725836140252945,0.0050725836140252945,0.3706454628275411,444,2,444,1.6869152784347534,0.024629364163053502,True
2,81,3,73,book,0.47194451093673706,1.367546627726179,1.007729595324138,0.3598170324020409,0.3598170324020409,35.70571253157501,445,615,445,1.2596391439437866,0.39452144305105286,False
2,82,0,62,tv,0.8303888440132141,6.131451933135833,2.987163497727716,3.1442884354081166,3.1442884354081166,105.26000460972165,233,72,233,3.060338020324707,0.7725900381293767,False
2,82,1,73,book,0.4878489673137665,1.6498221342233514,1.203167414635442,0.44665471958790937,0.44665471958790937,37.12323938919548,405,536,405,1.4431413412094116,0.4077230478207201,False
2,82,2,73,book,0.33598563075065613,1.1822867244426092,0.8864804955057334,0.2958062289368758,0.2958062289368758,33.36861109032293,479,601,479,1.1502152681350708,0.3725073534051999,False
2,82,3,72,refrigerator,0.31542596220970154,1.2326200688054518,0.9288639751167421,0.3037560936887097,0.3037560936887097,32.70189196976154,469,549,469,1.4956037998199463,0.07908708087717264,True
2,83,0,62,tv,0.6428379416465759,5.5289069561326665,2.72776284170912,2.8011441144235465,2.8011441144235465,102.69016322065771,241,49,241,2.818875551223755,0.7619124943943577,False
2,83,1,73,book,0.4730726182460785,1.2974092736530591,0.9519564543529142,0.34545281930014493,0.34545281930014493,36.28872074142972,457,571,457,1.201982021331787,0.4015837593232785,False
2,84,0,73,book,0.5948898792266846,1.498258451834095,1.104556150195815,0.3937023016382799,0.3937023016382799,35.64348463122356,425,501,425,1.3454737663269043,0.4004184083213653,False
2,84,1,72,refrigerator,0.49589240550994873,1.1921038660878276,0.9039719388265168,0.28813192726131076,0.28813192726131076,31.873990207632623,477,446,477,1.6745401620864868,-0.13135018812165722,True
2,85,0,72,refrigerator,0.7453286647796631,1.212107743143963,0.927969978279355,0.28413776486460807,0.28413776486460807,30.61928419187194,473,300,473,1.2632145881652832,0.28461856402845065,False
2,85,1,73,book,0.3827858567237854,1.2326200688054518,0.9386296990994543,0.29399036970599757,0.29399036970599757,31.32123029860014,469,505,469,1.195881724357605,0.36384095033245134,False
2,85,2,73,book,0.3393617868423462,1.6830832967517113,1.2312193286838542,0.4518639680678571,0.4518639680678571,36.70052585601377,401,443,401,1.4677220582962036,0.4068399116786363,False
2,85,3,68,microwave,0.31150683760643005,4.808152731105021,2.159340607521446,2.648812123583575,2.648812123583575,122.66763818348967,253,0,253,2.2096731662750244,0.8413852982206634,False
2,86,0,72,refrigerator,0.788885772228241,1.1822867244426092,1.0180552952614002,0.16423142918120903,0.16423142918120903,16.131877113712207,479,260,479,1.6491423845291138,-0.1165634062214862,True
2,86,1,62,tv,0.4859442114830017,4.605315013119116,2.193224493528809,2.4120905195903064,2.4120905195903064,109.97918939475962,257,2,257,2.2959444522857666,0.7879498970097342,False
2,86,2,73,book,0.3186091482639313,1.7896679701346712,1.3148437119830454,0.47482425815162577,0.47482425815162577,36.11260059459816,389,383,389,1.5615876913070679,0.39349291402879194,False
2,87,0,72,refrigerator,0.32131484150886536,1.2974092736530591,1.1280500395037638,0.16935923414929532,0.16935923414929532,15.013450486983492,457,306,457,1.7863103151321411,-0.1323973455572076,True
2,87,1,72,refrigerator,0.2941579520702362,1.1822867244426092,1.2759545015052072,-0.09366777706259799,0.09366777706259799,7.340996638367652,479,315,479,1.6543786525726318,-0.1216962312484382,True
2,88,0,72,refrigerator,0.7232145667076111,1.212107743143963,0.8907341050296803,0.32137363811428277,0.32137363811428277,36.07963771675434,473,278,473,1.6926677227020264,-0.1285728068009815,True
2,88,1,72,refrigerator,0.6519227623939514,1.1822867244426092,1.1234940783648741,0.058792646077735045,0.058792646077735045,5.233017886778849,479,217,479,1.6495314836502075,-0.11694481864921458,True
2,88,2,73,book,0.3275071978569031,1.5267529496504633,1.1111056073275345,0.41564734232292877,0.41564734232292877,37.408446108255774,421,351,421,1.3507599830627441,0.4124074489922094,False
2,89,0,72,refrigerator,0.3770730793476105,1.1822867244426092,0.6740093924462665,0.5082773319963427,0.5082773319963427,75.41101618058887,479,112,479,1.6498883962631226,-0.1172946804165611,True
2,89,1,73,book,0.28428658843040466,1.1822867244426092,0.8592777939000317,0.3230089305425775,0.3230089305425775,37.59074572106961,479,357,479,1.1088672876358032,0.41303850027482625,False
2,90,0,72,refrigerator,0.8805948495864868,1.1822867244426092,0.44138346525138017,0.740903259191229,0.740903259191229,167.85931452354336,479,236,479,1.6673177480697632,-0.13437971357627854,True
2,91,0,72,refrigerator,0.7996292114257812,1.1822867244426092,0.435341369986972,0.7469453544556373,0.7469453544556373,171.57692926771244,479,14,479,1.4907532930374146,0.03869669239228979,True
2,92,0,72,refrigerator,0.8002048134803772,1.1822867244426092,0.4360500850482878,0.7462366393943214,0.7462366393943214,171.1355335045248,479,231,479,1.669806957244873,-0.13681974816678033,True
2,94,0,72,refrigerator,0.2524122893810272,1.1822867244426092,0.3173535601764102,0.864933164266199,0.864933164266199,272.54559986199644,479,42,479,1.459220290184021,0.06960675751418588,True
2,98,0,48,sandwich,0.278751403093338,1.9181527366557638,1.59373186062777,0.32442087602799385,0.32442087602799385,20.356051356104825,376,89,376,1.8537931442260742,0.2591866918864363,False
2,99,0,62,tv,0.3475351631641388,3.5329678035523537,1.7981270177021487,1.734840785850205,1.734840785850205,96.48043596314915,285,2,285,1.7941615581512451,0.7919298989162078,False
3,1,0,56,chair,0.28988224267959595,1.2752496292077253,1.0396277923604953,0.23562183684723004,0.23562183684723004,22.664057134548706,461,637,461,1.3095566034317017,0.28746639077492553,False
3,2,0,56,chair,0.4092726707458496,1.1822867244426092,0.9989531148231119,0.1833336096194973,0.1833336096194973,18.352573999627683,479,604,479,1.236695647239685,0.28773540313081614,False
3,3,0,56,chair,0.3270843029022217,6.21548925355771,6.672413270460488,-0.4569240169027786,0.4569240169027786,6.847957378863684,232,470,232,6.979235649108887,-0.13782350721704306,True
3,3,1,59,bed,0.2503856420516968,1.1822867244426092,0.5626086952220751,0.619678029220534,0.619678029220534,110.1436992501391,479,124,479,0.3222014605998993,1.184163662565962,False
3,4,0,59,bed,0.37636497616767883,1.1822867244426092,0.4380730595538156,0.7442136648887936,0.7442136648887936,169.8834586282907,479,2,479,0.2679695188999176,1.2373242466507377,False
3,5,0,59,bed,0.274009108543396,1.1822867244426092,0.2150472135221842,0.967239510920425,0.967239510920425,449.7800715844407,479,2,479,0.268322229385376,1.2369785039973855,False
3,7,0,56,chair,0.382673442363739,4.808152731105021,5.341037428002295,-0.5328846968972742,0.5328846968972742,9.97717585919612,253,503,253,5.530337333679199,-0.14837113893200748,True
3,7,1,13,bench,0.27474266290664673,1.9077368367123282,2.09570308262777,-0.18796624591544164,0.18796624591544164,8.969125801912439,377,334,377,2.426511287689209,-0.13147951915036593,True
3,9,0,56,chair,0.3108900785446167,5.598076211353316,6.20263846262824,-0.604562251274924,0.604562251274924,9.746856195431922,240,381,240,6.361576080322266,-0.14649704645604555,True
3,11,0,55,cake,0.3674001395702362,2.2952155523968525,2.5302218090774042,-0.23500625668055175,0.23500625668055175,9.287970558053255,345,480,345,2.8542675971984863,-0.14338297854827964,True
3,12,0,57,couch,0.843015193939209,1.5267529496504633,1.5831959204102333,-0.056442970759770006,0.056442970759770006,3.5651286130869173,421,638,421,2.022468090057373,-0.12843233215266014,True
3,12,1,60,dining table,0.25411930680274963,1.3435329484955398,1.4612499827728105,-0.11771703427727065,0.11771703427727065,8.05591347579662,449,111,449,1.8284783363342285,-0.12677770326922633,True
3,13,0,57,couch,0.8975540399551392,1.5561150456107948,1.6944709882462459,-0.13835594263545103,0.13835594263545103,8.165140837179369,417,633,417,2.0537867546081543,-0.12885163676581635,True
3,14,0,57,couch,0.9043227434158325,1.417612327684669,1.5475889464150108,-0.12997661873034172,0.12997661873034172,8.3986525641342,437,635,437,1.9094284772872925,-0.1296344461009642,True
3,14,1,56,chair,0.28630661964416504,5.0860420297425675,5.54246778969118,-0.4564257599486128,0.4564257599486128,8.235063824774059,248,213,248,5.768001079559326,-0.13215506178209324,True
3,15,0,57,couch,0.8842880725860596,1.2752496292077253,1.3980058371879727,-0.12275620798024733,0.12275620798024733,8.780807970527938,461,636,461,1.760240912437439,-0.12982742484771137,True
3,16,0,57,couch,0.8149036169052124,1.1822867244426092,1.1843807012427128,-0.002093976800103592,0.002093976800103592,0.17679930092633936,479,621,479,1.6633174419403076,-0.1304584339079935,True
3,16,1,1,bicycle,0.25612491369247437,4.24359786465229,4.712357202817584,-0.46875933816529436,0.46875933816529436,9.947449184985736,265,162,265,4.938882350921631,-0.15097947142035983,False
3,17,0,72,refrigerator,0.28435489535331726,1.3922302760127698,1.2595267594793067,0.13270351653346313,0.13270351653346313,10.535982307221744,441,558,441,1.9056763648986816,-0.14944141671959987,True
3,18,0,60,dining table,0.4110843241214752,1.1822867244426092,1.1050248019584052,0.07726192248420394,0.07726192248420394,6.991872250041334,479,2,479,1.3553868532180786,0.17138895419775202,False
3,19,0,60,dining table,0.5073499083518982,1.1822867244426092,1.1423300549052668,0.03995666953734234,0.03995666953734234,3.49782178677387,479,96,479,1.504711627960205,0.02501410581902097,True
3,19,1,62,tv,0.38490673899650574,14.405417795833678,4.266585872881548,10.13883192295213,10.13883192295213,237.63337303005252,189,76,189,4.159613132476807,1.0637621677863116,False
3,19,2,56,chair,0.25113871693611145,4.808152731105021,5.298320531851744,-0.4901678007467236,0.4901678007467236,9.251380655435954,253,362,253,5.535628795623779,-0.14994831092458827,True
3,19,3,0,person,0.25069326162338257,4.605315013119116,5.176515794890892,-0.5712007817717764,0.5712007817717764,11.034464191832257,257,333,257,5.31821870803833,-0.1493596676580744,True
3,20,0,60,dining table,0.5519718527793884,1.1822867244426092,1.1179043950875251,0.06438232935508403,0.06438232935508403,5.759198160236528,479,14,479,1.4489117860794067,0.07971161605443955,True
3,20,1,56,chair,0.41023167967796326,4.417679139474614,4.957840517589178,-0.540161378114564,0.540161378114564,10.895093865932285,261,373,261,3.448801279067993,0.3887688876751403,False
3,21,0,56,chair,0.5622938871383667,4.24359786465229,4.714742943056924,-0.4711450784046347,0.4711450784046347,9.993017309638429,265,429,265,4.934089660644531,-0.149377361327802,True
3,21,1,60,dining table,0.4197774827480316,1.1822867244426092,1.0648736934887506,0.11741303095385858,0.11741303095385858,11.026005400620683,479,119,479,1.4497382640838623,0.07890146520840968,True
3,21,2,56,chair,0.32342809438705444,4.417679139474614,4.955529336752722,-0.5378501972781082,0.5378501972781082,10.853536741052828,261,421,261,5.123178482055664,-0.1507287206736343,False
3,21,3,62,tv,0.255688339471817,11.634047571732243,4.460214355252758,7.173833216479485,7.173833216479485,160.84054812367754,197,142,197,4.469559192657471,0.9233251271696042,False
3,22,0,62,tv,0.7194405794143677,11.634047571732243,4.812151159430842,6.821896412301401,6.821896412301401,141.76396763704867,197,210,197,4.831222057342529,0.8766623853846077,False
3,22,1,56,chair,0.4484797716140747,3.930619911182698,4.323750373047821,-0.3931304618651228,0.3931304618651228,9.092348723823394,273,493,273,4.603480339050293,-0.15002612975118446,False
3,22,2,56,chair,0.28919854760169983,4.24359786465229,4.703662741785859,-0.46006487713356936,0.46006487713356936,9.780992013872462,265,480,265,4.929884910583496,-0.14797178906671604,True
3,22,3,60,dining table,0.2638794779777527,1.1822867244426092,1.158926222567406,0.02336050187520322,0.02336050187520322,2.015702244052427,479,204,479,1.6639113426208496,-0.1310406020191892,True
3,23,0,62,tv,0.46169695258140564,11.634047571732243,4.982403970725021,6.651643601007222,6.651643601007222,133.5026954877627,197,273,197,5.0379509925842285,0.8499896471341075,False
3,23,1,56,chair,0.4180629253387451,3.416156690958381,3.8542317159845756,-0.43807502502619444,0.43807502502619444,11.366079086770393,289,570,289,2.6984567642211914,0.40246629420696367,False
3,23,2,60,dining table,0.40054625272750854,1.1822867244426092,1.2394442866233775,-0.057157562180768284,0.057157562180768284,4.611547513481452,479,236,479,1.6647697687149048,-0.13188206981700556,True
3,23,3,56,chair,0.2947487235069275,4.808152731105021,3.5620899232980947,1.246062807806926,1.246062807806926,34.98122828559061,253,561,253,4.3964738845825195,0.18958795329165778,False
3,23,4,56,chair,0.2689759135246277,3.5329678035523537,3.1230062414995072,0.4099615620528465,0.4099615620528465,13.127145139998312,285,565,285,4.1813836097717285,-0.15019292816193297,False
3,23,5,62,tv,0.26839688420295715,18.834817935321645,4.954867653381665,13.87995028193998,13.87995028193998,280.1275685429661,181,258,181,5.005634307861328,1.095912807808132,False
3,24,0,62,tv,0.30504047870635986,11.634047571732243,4.974808590494974,6.6592389812372685,6.6592389812372685,133.85920000943594,197,330,197,5.084672451019287,0.8439615155130408,False
3,24,1,60,dining table,0.26236769556999207,1.1822867244426092,1.2836294185817447,-0.10134269413913555,0.10134269413913555,7.89501180575208,479,284,479,1.6648359298706055,-0.13194692395223506,True
3,25,0,62,tv,0.4472539722919464,10.604093960483102,4.765948726661251,5.838145233821851,5.838145233821851,122.49702144638302,201,333,201,4.837490558624268,0.8174453927218568,False
3,25,1,60,dining table,0.410944402217865,1.1822867244426092,1.1398662109276925,0.04242051351491671,0.04242051351491671,3.7215344316937267,479,264,479,1.6691755056381226,-0.1362007709518056,True
3,26,0,60,dining table,0.46812665462493896,1.1822867244426092,1.1472839702510136,0.0350027541915956,0.0350027541915956,3.0509233197023895,479,311,479,1.6693416833877563,-0.13636366584281467,True
3,26,1,62,tv,0.45374447107315063,10.604093960483102,4.592598760168463,6.011495200314639,6.011495200314639,130.89528422235014,201,389,201,4.73509407043457,0.8318932131229484,False
3,27,0,60,dining table,0.6722167730331421,1.1822867244426092,0.9839120052537795,0.19837471918882965,0.19837471918882965,20.16183542121361,479,293,479,1.462489366531372,0.06640226210805933,True
3,27,1,62,tv,0.27383488416671753,16.33196815365948,4.269045312676999,12.062922840982482,12.062922840982482,282.5672242260216,185,413,185,4.248837471008301,1.105705572558887,False
3,28,0,60,dining table,0.6876678466796875,1.1822867244426092,0.8882660311521616,0.29402069329044755,0.29402069329044755,33.10052202593811,479,331,479,1.6700396537780762,-0.13704784775591206,True
3,29,0,60,dining table,0.7467566728591919,1.1822867244426092,0.8511809480189292,0.33110577642368,0.33110577642368,38.89957560660963,479,540,479,1.025036334991455,0.49521336378258507,False
3,29,1,62,tv,0.568991482257843,12.876671115063534,3.631840381144871,9.244830733918663,9.244830733918663,254.54947805289834,193,521,193,3.8403608798980713,1.0508748284022567,False
3,29,2,72,refrigerator,0.5185250043869019,2.476288589174513,2.741088579697845,-0.2647999905233318,0.2647999905233318,9.660395234382436,333,105,333,3.0383355617523193,-0.1393073315647142,True
3,30,0,60,dining table,0.3553240895271301,1.1822867244426092,0.7883413423852268,0.3939453820573824,0.3939453820573824,49.97142238734437,479,418,479,1.6695908308029175,-0.13660789132503037,True
3,30,1,72,refrigerator,0.35325300693511963,2.7592573694091684,3.0571621701695535,-0.29790480076038506,0.29790480076038506,9.744487998288392,317,174,317,3.335331678390503,-0.13846483375622953,True
3,31,0,72,refrigerator,0.5490975975990295,2.922685298749407,3.2786337261956744,-0.3559484274462674,0.3559484274462674,10.856608489149172,309,234,309,3.5039753913879395,-0.13669569748795785,True
3,31,1,60,dining table,0.25503823161125183,1.1822867244426092,0.5909962074926902,0.591290516949919,0.591290516949919,100.04979887408709,479,469,479,1.461622953414917,0.0672515591438223,True
3,32,0,59,bed,0.30898645520210266,1.1822867244426092,0.5924818901865077,0.5898048342561015,0.5898048342561015,99.54816240382243,479,490,479,1.4610246419906616,0.06783805086403327,True
3,33,0,59,bed,0.3241664469242096,1.1822867244426092,0.602410875500602,0.5798758489420072,0.5798758489420072,96.25919327238766,479,508,479,1.4613937139511108,0.06747626995832046,True
3,34,0,60,dining table,0.3599315583705902,1.1822867244426092,0.8735312285891003,0.3087554958535089,0.3087554958535089,35.345673485789504,479,603,479,1.023210883140564,0.49700275364343227,False
3,37,0,72,refrigerator,0.34716546535491943,1.617605508838784,1.7812209528717042,-0.16361544403292028,0.16361544403292028,9.185578227627383,409,173,409,2.1301639080047607,-0.13798660193177015,True
3,38,0,72,refrigerator,0.6215304136276245,1.3922302760127698,1.5337360724684574,-0.14150579645568762,0.14150579645568762,9.226215578795276,441,157,441,1.8932253122329712,-0.1386645175950354,True
3,39,0,72,refrigerator,0.6253482699394226,1.1822867244426092,1.3038115340872931,-0.12152480964468393,0.12152480964468393,9.320734359798015,479,54,479,1.6804606914520264,-0.14726301675320475,True
3,39,1,71,sink,0.3339215815067291,3.930619911182698,1.9138727119163246,2.0167471992663732,2.0167471992663732,105.37520006996925,273,397,273,1.9996644258499146,0.7832599880144265,False
3,40,0,72,refrigerator,0.6687638759613037,1.1822867244426092,1.1062868574937457,0.07599986694886351,0.07599986694886351,6.869815584814826,479,80,479,1.6870170831680298,-0.1536898862730074,False
3,41,0,72,refrigerator,0.5150117874145508,1.1822867244426092,0.9712391891061076,0.21104753533650156,0.21104753533650156,21.729717839201058,479,2,479,1.100293517112732,0.4214428950747908,False
3,41,1,45,bowl,0.4709019660949707,2.8389123183635725,1.3524251962167786,1.486487122146794,1.486487122146794,109.91270543502405,313,204,313,1.4764925241470337,0.7925077864182106,False
3,41,3,39,bottle,0.28435876965522766,4.08165363695277,1.8768975612230696,2.2047560757297004,2.2047560757297004,117.46810914352639,269,306,269,1.9736474752426147,0.8164152107715661,False
3,41,4,45,bowl,0.2627671957015991,3.416156690958381,1.6670855485624545,1.7490711423959266,1.7490711423959266,104.91789961853904,289,331,289,1.7627933025360107,0.7830253604460181,False
3,42,0,72,refrigerator,0.43108636140823364,1.1822867244426092,0.8924178389118267,0.2898688855307825,0.2898688855307825,32.48129664062244,479,2,479,1.0418859720230103,0.4786965930726357,False
3,42,1,71,sink,0.3371135890483856,3.5329678035523537,1.7183883004215128,1.814579503130841,1.814579503130841,105.59775707770665,285,300,285,1.8181349039077759,0.7824687613302288,False
3,43,0,71,sink,0.5163549184799194,3.103932365323887,1.5142913303683825,1.5896410349555046,1.5896410349555046,104.97590543351996,301,300,301,1.6179862022399902,0.7833151867137499,False
3,43,1,39,bottle,0.29104283452033997,3.5329678035523537,1.6708706595327785,1.8620971440195753,1.8620971440195753,111.4447209540605,285,242,285,1.6801410913467407,0.8369283457333817,False
3,44,0,71,sink,0.5948983430862427,3.010904127673106,1.4596055303945703,1.5512985972785356,1.5512985972785356,106.282044358874,305,242,305,1.5774741172790527,0.7822134229110963,False
3,44,1,39,bottle,0.5676470994949341,3.3060809373083413,1.5789826776399567,1.7270982596683846,1.7270982596683846,109.38044375824379,293,188,293,1.6129618883132935,0.8244907384321352,False
3,44,2,45,bowl,0.2569423019886017,2.8389123183635725,1.352033089975186,1.4868792283883865,1.4868792283883865,109.97358270393185,313,198,313,1.4630887508392334,0.7989304841920192,False
3,45,0,71,sink,0.49837735295295715,2.8389123183635725,1.375680013912717,1.4632323044508555,1.4632323044508555,106.36429181587961,313,182,313,1.4971386194229126,0.782614778895541,False
3,45,1,56,chair,0.4420728385448456,1.8471539169062756,2.035622904877666,-0.18846898797139056,0.18846898797139056,9.25854133001696,383,545,383,2.377814531326294,-0.14180281964280383,True
3,45,2,45,bowl,0.4228150248527527,2.542172777113504,1.2314935120516628,1.3106792650618413,1.3106792650618413,106.43005848063748,329,149,329,1.3595495223999023,0.7828822670095942,False
3,45,3,39,bottle,0.2956922948360443,3.010904127673106,1.4360820976608237,1.5748220300122822,1.5748220300122822,109.66100284777913,305,121,305,1.4723849296569824,0.8300313918058314,False
3,45,4,1,bicycle,0.25112488865852356,2.2952155523968525,2.545122020416869,-0.2499064680200167,0.2499064680200167,9.819036809051857,345,486,345,2.8544130325317383,-0.14346671489850138,True
3,46,0,71,sink,0.6557673215866089,2.542172777113504,1.2320236238643454,1.3101491532491587,1.3101491532491587,106.34123631004462,329,122,329,1.361568570137024,0.7818172856226063,False
3,46,1,13,bench,0.5657423138618469,2.0864826102176868,2.2956926886967857,-0.2092100784790989,0.2092100784790989,9.113156979119138,361,473,361,2.6339776515960693,-0.1437594299353797,True
3,46,2,39,bottle,0.3293462097644806,2.611143892272438,1.249744967515162,1.361398924757276,1.361398924757276,108.93413937598109,325,42,325,1.3054908514022827,0.8271590325904427,False
3,46,3,62,tv,0.3264840245246887,10.604093960483102,2.776325897002144,7.827768063480958,7.827768063480958,281.9470175289336,201,590,201,2.779737710952759,1.1077878067889844,False
3,46,4,1,bicycle,0.2574497163295746,2.542172777113504,2.820140396381923,-0.27796761926841906,0.27796761926841906,9.856517059400142,329,422,329,3.1156930923461914,-0.1434258041098102,True
3,47,0,71,sink,0.5596827864646912,2.0864826102176868,1.0081227492849938,1.078359860932693,1.078359860932693,106.96711900386282,361,76,361,1.1494665145874023,0.7826642163789512,False
3,47,1,1,bicycle,0.40949147939682007,2.2398168151806668,2.4844864500699337,-0.24466963488926696,0.24466963488926696,9.847895724381187,349,437,349,2.7966504096984863,-0.1439760682219675,True
3,47,2,60,dining table,0.3039206266403198,1.8276597569332034,2.0253488446765155,-0.19768908774331218,0.19768908774331218,9.760742612954001,385,488,385,2.3633780479431152,-0.14610270145980375,True
3,48,0,13,bench,0.842583179473877,1.8276597569332034,2.022348296035161,-0.1946885391019575,0.1946885391019575,9.626855051805212,385,614,385,2.360053539276123,-0.1437871672597102,True
3,48,1,62,tv,0.7003807425498962,11.634047571732243,2.903926231802848,8.730121339929395,8.730121339929395,300.63164980983225,197,474,197,2.998370885848999,1.1131419062229113,False
3,48,2,71,sink,0.47160065174102783,1.7896679701346712,0.8628549589485676,0.9268130111861036,0.9268130111861036,107.41237580826703,389,2,389,1.0102779865264893,0.7841389842432698,False
3,48,3,1,bicycle,0.38565659523010254,2.476288589174513,2.742368889088131,-0.26608029991361803,0.26608029991361803,9.702571414529602,333,380,333,3.044013500213623,-0.14237081351350223,True
3,48,4,71,sink,0.2616950273513794,1.5561150456107948,0.7797282104724271,0.7763868351383677,0.7763868351383677,99.57146922617626,417,2,417,0.9368287324905396,0.757004160308941,False
3,49,0,1,bicycle,0.6918760538101196,2.542172777113504,2.8148571070080353,-0.2726843298945312,0.2726843298945312,9.68732406400453,329,329,329,3.1130337715148926,-0.14202309968866578,True
3,49,1,13,bench,0.5116691589355469,2.1355772235358987,2.363238211380633,-0.2276609878447342,0.2276609878447342,9.63343376678612,357,377,357,2.6870038509368896,-0.14440786635534542,True
3,50,0,13,bench,0.716222882270813,1.9077368367123282,2.10620541293687,-0.19846857622454195,0.19846857622454195,9.423039889912708,377,380,377,2.4472525119781494,-0.14542500656729662,True
3,50,1,62,tv,0.6583288908004761,10.604093960483102,2.920905471524135,7.683188488958967,7.683188488958967,263.04132618676846,201,423,201,2.972815990447998,1.0805450726404155,False
3,50,2,1,bicycle,0.6372168660163879,2.2952155523968525,2.542456575435266,-0.24724102303841367,0.24724102303841367,9.724493445717405,345,330,345,2.8532967567443848,-0.14282400409237272,True
3,50,3,71,sink,0.3662848472595215,2.7592573694091684,1.349749146736646,1.4095082226725224,1.4095082226725224,104.42742090857095,317,2,317,1.4747015237808228,0.775560328030828,False
3,51,0,62,tv,0.6255748271942139,10.604093960483102,2.6831849041600058,7.9209090563230955,7.9209090563230955,295.2054867349071,201,426,201,2.7099196910858154,1.1176389084198208,False
3,51,1,1,bicycle,0.5977649688720703,2.0864826102176868,2.307994929589434,-0.22151231937174742,0.22151231937174742,9.597608579285394,361,331,361,2.63215970993042,-0.1426249257173302,True
3,51,2,13,bench,0.5224239826202393,1.6915677735974293,1.8604532219046763,-0.16888544830724705,0.16888544830724705,9.077650881990314,400,389,400,2.2159478664398193,-0.14375014774111228,True
3,51,3,60,dining table,0.428277850151062,1.6915677735974293,1.8604532219046763,-0.16888544830724705,0.16888544830724705,9.077650881990314,400,389,400,2.2159478664398193,-0.14375014774111228,True
3,52,0,62,tv,0.7648202180862427,9.736517592885464,2.4465316381417335,7.289985954743731,7.289985954743731,297.9722739363734,205,444,205,2.4757819175720215,1.120782236041547,False
3,52,1,1,bicycle,0.6022651791572571,1.9077368367123282,2.0835741782462773,-0.17583734153394914,0.17583734153394914,8.439216773263604,377,331,377,2.4403469562530518,-0.1407820144695442,True
3,52,2,13,bench,0.5647619962692261,1.4437228492128802,1.5976124900204558,-0.1538896408075756,0.1538896408075756,9.632476070940408,433,396,433,1.9567517042160034,-0.1463973022764018,True
3,52,3,60,dining table,0.30601766705513,1.4437228492128802,1.5976124900204558,-0.1538896408075756,0.1538896408075756,9.632476070940408,433,396,433,1.9567517042160034,-0.1463973022764018,True
3,53,0,1,bicycle,0.8368344902992249,1.6498221342233514,1.8208588386757856,-0.17103670445243413,0.17103670445243413,9.393188577804313,405,335,405,2.16843318939209,-0.1412318928710492,True
3,53,1,62,tv,0.7841761112213135,8.995724867412417,2.0394100816136813,6.956314785798735,6.956314785798735,341.0944590552655,209,533,209,2.2094693183898926,1.134896285167914,False
3,53,2,60,dining table,0.3630436360836029,1.2326200688054518,1.3576526256648227,-0.12503255685937087,0.12503255685937087,9.209465992683088,469,409,469,1.7314121723175049,-0.14494495418414965,True
3,53,3,13,bench,0.2784610092639923,1.2326200688054518,1.3576526256648227,-0.12503255685937087,0.12503255685937087,9.209465992683088,469,409,469,1.7314121723175049,-0.14494495418414965,True
3,53,4,25,umbrella,0.25422751903533936,1.7896679701346712,1.963189327585141,-0.17352135745046993,0.17352135745046993,8.838748001137171,389,144,389,2.0505738258361816,0.04700797065346651,True
3,54,0,1,bicycle,0.7731305360794067,1.417612327684669,1.5582346201931299,-0.1406222925084608,0.1406222925084608,9.024462085884851,437,337,437,1.9241002798080444,-0.1421563473183256,True
3,54,1,60,dining table,0.6736327409744263,1.1822867244426092,1.1124260242152413,0.0698607002273679,0.0698607002273679,6.280031094800304,479,418,479,1.6776043176651,-0.1444630709257535,True
3,54,2,62,tv,0.49136656522750854,8.067466408654353,1.777752421674293,6.289713986980059,6.289713986980059,353.8014579699678,215,560,215,1.9664300680160522,1.1394430716202062,False
3,54,3,25,umbrella,0.30234700441360474,1.5267529496504633,1.4985458235614921,0.028207126088971135,0.028207126088971135,1.8822998700121945,421,121,421,1.8135359287261963,0.03979375181416889,True
3,55,0,1,bicycle,0.7665737867355347,1.1921038660878276,1.2527432818488962,-0.06063941576106857,0.06063941576106857,4.840530110173267,477,341,477,1.6850515604019165,-0.14159047498221922,True
3,55,1,60,dining table,0.7603477239608765,1.1822867244426092,0.8807813876806728,0.30150533676193636,0.30150533676193636,34.23157448363873,479,632,479,1.675827980041504,-0.1427218250355633,True
3,56,0,1,bicycle,0.8414454460144043,1.1822867244426092,1.252426422975091,-0.07013969853248181,0.07013969853248181,5.600304915786401,479,333,479,1.6729371547698975,-0.13988810831607346,True
3,56,1,60,dining table,0.4706292152404785,1.1822867244426092,0.7229339555215664,0.4593527689210428,0.4593527689210428,63.54007380793716,479,461,479,1.6751253604888916,-0.14203308580485507,True
3,57,0,62,tv,0.4762313663959503,4.605315013119116,1.1712005776210206,3.434114435498095,3.434114435498095,293.21317809401836,257,575,257,1.2277902364730835,1.1192206812927337,False
3,57,1,1,bicycle,0.35183849930763245,1.1822867244426092,1.1996277338498627,-0.01734100940725347,0.01734100940725347,1.445532552969783,479,340,479,1.6729872226715088,-0.13993718712111214,True
3,57,2,60,dining table,0.31729620695114136,1.1822867244426092,0.7219019013708939,0.46038482307171524,0.46038482307171524,63.773875951489124,479,447,479,1.5368127822875977,-0.0064528868857651744,True
3,58,0,1,bicycle,0.3846484422683716,1.1822867244426092,0.8441158957469224,0.3381708286956868,0.3381708286956868,40.06213251042427,479,387,479,1.6722201108932495,-0.13918522971534242,True
3,62,0,45,bowl,0.5019664764404297,28.592099101475036,1.1564305932761205,27.435668508198916,27.435668508198916,2372.4440245458045,172,87,172,1.0774625539779663,1.4422913135418727,False
3,63,0,45,bowl,0.36180704832077026,22.218032901606776,0.8888121273636358,21.32922077424314,21.32922077424314,2399.744571162541,177,15,177,0.8296312689781189,1.443043823885844,False
3,76,0,39,bottle,0.30552875995635986,1.7529492399297044,1.2010424657214498,0.5519067742082546,0.5519067742082546,45.95231142611863,393,42,393,0.7883516550064087,0.9318725423319738,False
3,77,0,61,toilet,0.3283115029335022,1.1822867244426092,0.926326184825333,0.25596053961727616,0.25596053961727616,27.63179361765961,479,90,479,1.1798441410064697,0.3434638019806404,False
4,0,0,56,chair,0.37175828218460083,1.1822867244426092,0.8702950507040801,0.3119916737385291,0.3119916737385291,35.84895415481494,479,402,479,1.6797878742218018,-0.1466034910969245,True
4,0,1,57,couch,0.3008001446723938,1.1822867244426092,0.8702950507040801,0.3119916737385291,0.3119916737385291,35.84895415481494,479,402,479,1.6797878742218018,-0.1466034910969245,True
4,0,2,45,bowl,0.28232815861701965,5.5289069561326665,2.7706774764298423,2.758229479702824,2.758229479702824,99.55072371891303,241,86,241,2.822195053100586,0.7610433241115264,False
4,0,3,56,chair,0.2801330089569092,5.815615322550515,3.8739185676385617,1.9416967549119537,1.9416967549119537,50.122291447534494,237,381,237,3.909991979598999,0.5234267554224016,False
4,2,0,55,cake,0.32199692726135254,2.6834240906752167,2.9599013011052504,-0.2764772104300337,0.2764772104300337,9.34075775860482,321,372,321,3.2793307304382324,-0.1505495291129011,False
4,2,1,60,dining table,0.3207164704799652,1.7174406329589356,1.8863569753102432,-0.1689163423513076,0.1689163423513076,8.954632901523132,397,39,397,2.225294351577759,-0.13053192723992124,True
4,3,0,56,chair,0.4569409489631653,4.97140339690993,5.3700491284457055,-0.3986457315357752,0.3986457315357752,7.4235025043645795,250,354,250,5.248508930206299,-0.016841267190392806,True
4,3,1,62,tv,0.4020259380340576,11.634047571732243,5.343644738882702,6.290402832849541,6.290402832849541,117.71745952865862,197,141,197,5.335299968719482,0.8116248608973036,False
4,4,0,56,chair,0.4806171953678131,4.654529232334054,4.500678924322275,0.153850308011779,0.153850308011779,3.4183799955235914,256,459,256,3.7056617736816406,0.36193443772824185,False
4,4,1,60,dining table,0.3173094093799591,1.7529492399297044,1.93055792684954,-0.17760868691983567,0.17760868691983567,9.19986313022338,393,93,393,2.269667863845825,-0.13564143621549984,True
4,4,2,62,tv,0.2506975829601288,12.876671115063534,5.731615687898766,7.145055427164768,7.145055427164768,124.66040670260246,193,207,193,5.755733013153076,0.8268745677693232,False
4,5,0,56,chair,0.4228641986846924,4.24359786465229,3.2095040458454167,1.034093818806873,1.034093818806873,32.21973875201898,265,525,265,4.294735431671143,0.06434724922176538,True
4,5,1,56,chair,0.3867577910423279,1.8276597569332034,1.3018916631887736,0.5257680937444298,0.5257680937444298,40.38493436978048,385,623,385,1.4942717552185059,0.45923346875418347,False
4,5,2,60,dining table,0.2995690405368805,1.9937802523066508,2.1918556264971087,-0.19807537419045795,0.19807537419045795,9.036880522418809,369,158,369,2.5168216228485107,-0.13142364328060996,True
4,6,0,60,dining table,0.40654075145721436,1.7529492399297044,1.9307289269131918,-0.17777968698348734,0.17777968698348734,9.207905082134845,393,143,393,2.2694222927093506,-0.13546446480362295,True
4,6,1,62,tv,0.2968236207962036,12.876671115063534,5.683167988611367,7.193503126452167,7.193503126452167,126.57558497069583,193,266,193,5.761069297790527,0.8262504962748877,False
4,7,0,56,chair,0.34772440791130066,3.416156690958381,3.816745751253692,-0.40058906029531105,0.40058906029531105,10.495565762108438,289,601,289,2.538719892501831,0.467435502939324,False
4,7,1,56,chair,0.2767392098903656,3.103932365323887,2.045598527764713,1.0583338375591742,1.0583338375591742,51.73712354572564,301,635,301,2.1978626251220703,0.5264597047034655,False
4,8,0,45,bowl,0.31073686480522156,4.417679139474614,2.227078148829321,2.190600990645293,2.190600990645293,98.36210695151391,261,214,261,2.2981772422790527,0.7595090738462109,False
4,9,0,62,tv,0.35381293296813965,11.634047571732243,5.393312084928441,6.240735486803802,6.240735486803802,115.71248591831866,197,382,197,5.480477333068848,0.7928936763407691,False
4,10,0,72,refrigerator,0.34720179438591003,3.789430025844956,4.164862290890307,-0.375432265045351,0.375432265045351,9.014277995854126,277,134,277,4.403628349304199,-0.13156288130002158,True
4,10,1,13,bench,0.26477789878845215,3.6571519736962883,2.0785510054307217,1.5786009682655666,1.5786009682655666,75.94718455987302,281,455,281,2.195762872695923,0.6599487914144911,False
4,11,0,72,refrigerator,0.7548108696937561,4.08165363695277,4.516875110056289,-0.43522147310351933,0.43522147310351933,9.635455098914516,269,197,269,4.726423263549805,-0.13702540141870734,True
4,11,1,58,potted plant,0.561069667339325,1.498258451834095,1.6171475425951871,-0.11888909076109222,0.11888909076109222,7.3517775978745785,425,90,425,1.9667296409606934,-0.10729979515905019,True
4,11,2,62,tv,0.4738980531692505,10.604093960483102,4.640336963593223,5.963756996889879,5.963756996889879,128.5199123184337,201,510,201,4.820672035217285,0.8198184331443513,False
4,11,3,60,dining table,0.3944503366947174,1.8974140423893675,2.074565600834229,-0.1771515584448613,0.1771515584448613,8.539212178859263,378,338,378,2.417177200317383,-0.13249998252193462,True
4,12,0,75,vase,0.5674125552177429,1.6498221342233514,1.8020070692312582,-0.15218493500790675,0.15218493500790675,8.44530177524938,405,157,405,2.134744644165039,-0.1157338903863312,True
4,12,1,58,potted plant,0.4078941345214844,1.7350474409923593,1.8320997712270792,-0.09705233023471993,0.09705233023471993,5.297327785250337,395,158,395,2.175208568572998,-0.08070093824888369,True
4,12,2,73,book,0.3507513999938965,2.1355772235358987,1.6479343767534547,0.4876428467824441,0.4876428467824441,29.591156884725862,357,2,357,1.8701382875442505,0.3555021571190482,False
4,12,3,72,refrigerator,0.34758228063583374,4.24359786465229,4.721316995339457,-0.4777191306871673,0.4777191306871673,10.118344757590672,265,255,265,4.89036750793457,-0.13476183266330932,True
4,13,0,58,potted plant,0.7137214541435242,1.8974140423893675,1.9982734035832665,-0.10085936119389904,0.10085936119389904,5.047325406675579,378,219,378,2.3359999656677246,-0.07767494357595028,True
4,13,1,75,vase,0.6343606114387512,1.8276597569332034,1.9938990914542976,-0.16623933452109418,0.16623933452109418,8.337399582234806,385,213,385,2.3311636447906494,-0.12366523484233194,True
4,14,0,58,potted plant,0.6203017830848694,1.633586353981591,1.7473749276595405,-0.11378857367794959,0.11378857367794959,6.511972438013613,407,205,407,2.099351167678833,-0.10161932826897613,True
4,14,1,72,refrigerator,0.5006725788116455,4.08165363695277,4.5379690174031255,-0.4563153804503557,0.4563153804503557,10.05549792650379,269,309,269,4.718845844268799,-0.1344009162322306,True
4,14,2,75,vase,0.28019899129867554,1.5863849771239793,1.7347069963144568,-0.1483220191904775,0.1483220191904775,8.550263503035449,413,201,413,2.0777461528778076,-0.12276689972194266,True
4,15,0,72,refrigerator,0.8125511407852173,3.930619911182698,4.350055810057226,-0.41943589887452815,0.41943589887452815,9.642080864912177,273,308,273,4.5660200119018555,-0.13659921922446294,True
4,15,1,75,vase,0.5557352304458618,1.3736536463169389,1.4954926562420077,-0.1218390099250688,0.1218390099250688,8.147081793850832,444,186,444,1.8560080528259277,-0.1232586283509638,True
4,15,2,58,potted plant,0.4214332103729248,1.7529492399297044,1.8872531655427554,-0.13430392561305093,0.13430392561305093,7.116370398267498,393,233,393,2.2296712398529053,-0.10681777591099162,True
4,15,3,73,book,0.2706739008426666,2.611143892272438,1.5001714190969384,1.1109724731754995,1.1109724731754995,74.05636842783434,325,2,325,1.6515449285507202,0.6488051515238127,False
4,16,0,41,cup,0.4815290570259094,1.1822867244426092,1.2538523507329522,-0.07156562629034302,0.07156562629034302,5.707659777366019,479,163,479,1.6693084239959717,-0.13633106349375312,True
4,16,1,72,refrigerator,0.41814669966697693,3.6571519736962883,4.062635279444332,-0.4054833057480436,0.4054833057480436,9.980795170062711,281,309,281,4.275908946990967,-0.13586993995903263,True
4,16,2,58,potted plant,0.33940306305885315,1.1921038660878276,1.2577374225953044,-0.06563355650747682,0.06563355650747682,5.21838305264416,477,203,477,1.6216458082199097,-0.07982009282475055,True
4,16,3,39,bottle,0.3076409101486206,4.417679139474614,4.919453567083234,-0.5017744276086198,0.5017744276086198,10.199800054340672,261,538,261,2.2866506576538086,0.7632230307889195,False
4,17,0,72,refrigerator,0.40654370188713074,3.6571519736962883,4.0346275104394245,-0.37747553674313616,0.37747553674313616,9.355895575649413,281,257,281,4.27678108215332,-0.13620359993948639,True
4,17,1,60,dining table,0.30104056000709534,1.1822867244426092,1.2826053632897116,-0.10031863884710246,0.10031863884710246,7.821473519321527,479,437,479,1.6647368669509888,-0.1318498180308374,True
4,17,2,41,cup,0.2531360685825348,3.5329678035523537,1.498315945669988,2.034651857882366,2.034651857882366,135.79591565866633,285,523,285,1.6169103384017944,0.8618825118874411,False
4,18,0,72,refrigerator,0.6740888357162476,3.416156690958381,3.791970045884065,-0.3758133549256839,0.3758133549256839,9.910768027653717,289,197,289,4.0251874923706055,-0.13715016804737168,True
4,18,1,60,dining table,0.27670398354530334,1.1822867244426092,1.3017545313093821,-0.11946780686677294,0.11946780686677294,9.177445055375005,479,379,479,1.6712206602096558,-0.13820552328333413,True
4,19,0,72,refrigerator,0.5415483117103577,3.202174322980737,3.5511790032770705,-0.34900468029633336,0.34900468029633336,9.827853790931622,297,190,297,3.801723003387451,-0.13806581342491286,True
4,19,1,60,dining table,0.45645153522491455,1.1822867244426092,1.1518603256376136,0.030426398804995536,0.030426398804995536,2.641500720858058,479,403,479,1.6697570085525513,-0.13677078621603944,True
4,20,0,54,donut,0.44430574774742126,2.922685298749407,1.4653261374474187,1.4573591613019883,1.4573591613019883,99.45630014084722,309,418,309,1.5883764028549194,0.7580744628134223,False
4,20,1,60,dining table,0.3968508541584015,1.1822867244426092,1.2937178533617515,-0.11143112891914231,0.11143112891914231,8.613248138269586,479,353,479,1.669242024421692,-0.13626597564992826,True
4,20,2,72,refrigerator,0.3354726731777191,2.922685298749407,3.2317527485561333,-0.3090674498067263,0.3090674498067263,9.563462116488026,309,125,309,3.509178876876831,-0.13912622891593007,True
4,21,0,60,dining table,0.4527515470981598,1.1822867244426092,1.286209584094631,-0.10392285965202186,0.10392285965202186,8.079776494992737,479,380,479,1.6724201440811157,-0.13938131122690134,True
4,21,1,72,refrigerator,0.3410848379135132,2.542172777113504,2.8120394600252165,-0.26986668291171245,0.26986668291171245,9.596831294440387,329,45,329,3.109687328338623,-0.14025796079184105,True
4,22,0,60,dining table,0.34984201192855835,1.1822867244426092,1.2206364807155214,-0.03834975627291226,0.03834975627291226,3.1417835595436343,479,270,479,1.6680471897125244,-0.13509474502397167,True
4,23,0,60,dining table,0.3847734034061432,1.1822867244426092,1.1702430511070623,0.0120436733355469,0.0120436733355469,1.0291599957934772,479,223,479,1.6700727939605713,-0.1370803332506756,True
4,23,1,62,tv,0.2538796067237854,11.634047571732243,4.840496901445168,6.7935506702870745,6.7935506702870745,140.34820822339142,197,312,197,4.970487594604492,0.8586939610885087,False
4,24,0,56,chair,0.7698376178741455,3.388029571172072,3.1974678148872924,0.19056175628477945,0.19056175628477945,5.959770897381075,290,618,290,3.196422815322876,0.19028187590360068,False
4,24,1,60,dining table,0.5254672765731812,1.1822867244426092,1.1260182026819805,0.05626852176062869,0.05626852176062869,4.997123636776635,479,168,479,1.6695243120193481,-0.13654268662690772,True
4,24,2,54,donut,0.32785657048225403,2.922685298749407,1.445468034515302,1.477217264234105,1.477217264234105,102.19646709305816,309,189,309,1.5823094844818115,0.7609083009798322,False
4,24,3,56,chair,0.28056594729423523,3.7555587870974905,4.058739821930817,-0.30318103483332637,0.30318103483332637,7.4698317244956485,278,545,278,4.396128177642822,-0.14205382900319785,True
4,25,0,60,dining table,0.5674612522125244,1.1822867244426092,1.0982699041559942,0.08401682028661495,0.08401682028661495,7.649924665028561,479,117,479,1.6696407794952393,-0.13665685327577126,True
4,25,1,56,chair,0.37786009907722473,3.010904127673106,2.1534126439684673,0.8574914837046386,0.8574914837046386,39.82011929327164,305,619,305,2.302940845489502,0.45210957275584973,False
4,26,0,60,dining table,0.3985578715801239,1.1822867244426092,1.0894363012926769,0.0928504231499323,0.0928504231499323,8.522795049124039,479,183,479,1.6697736978530884,-0.136787145817719,True
4,26,1,62,tv,0.3444206118583679,11.634047571732243,4.590247974341025,7.043799597391217,7.043799597391217,153.4513960196763,197,305,197,4.7413835525512695,0.8882535974242383,False
4,26,2,60,dining table,0.34403955936431885,1.1822867244426092,1.0978382492061391,0.08444847523647003,0.08444847523647003,7.69225113968618,479,183,479,1.6697736978530884,-0.136787145817719,True
4,26,3,56,chair,0.29699841141700745,3.416156690958381,1.9339535314740819,1.4822031594842993,1.4822031594842993,76.64109480203213,289,349,289,2.0631821155548096,0.6608492887362142,False
4,27,0,60,dining table,0.48129263520240784,1.1822867244426092,1.1437728001560261,0.03851392428658307,0.03851392428658307,3.367270517477706,479,238,479,1.2896652221679688,0.2358122476316502,False
4,27,1,56,chair,0.3612811267375946,3.3060809373083413,1.868462119641562,1.4376188176667792,1.4376188176667792,76.94128784064222,293,404,293,2.001405715942383,0.6618102652830049,False
4,27,2,62,tv,0.32857802510261536,16.33196815365948,4.469499525555669,11.862468628103812,11.862468628103812,265.4093273816606,185,383,185,4.453896999359131,1.0866759368352008,False
4,28,0,60,dining table,0.6136624217033386,1.1822867244426092,1.13541287983579,0.04687384460681909,0.04687384460681909,4.128352376414671,479,283,479,1.6695575714111328,-0.13657528897596904,True
4,28,1,56,chair,0.3758174180984497,3.202174322980737,3.319938031796844,-0.11776370881610676,0.11776370881610676,3.547165871417477,297,457,297,1.9395595788955688,0.6642930754137703,False
4,28,2,41,cup,0.2561570703983307,3.202174322980737,1.3688018600425207,1.8333724629382164,1.8333724629382164,133.93994532424614,297,337,297,1.4891786575317383,0.8583507670571499,False
4,29,0,60,dining table,0.6672476530075073,1.1822867244426092,1.0877666869715725,0.09452003747103666,0.09452003747103666,8.689366810284275,479,385,479,1.4555741548538208,0.07318086306397187,True
4,29,1,62,tv,0.4176792502403259,14.405417795833678,3.848525558260758,10.55689223757292,10.55689223757292,274.3100462179037,189,522,189,3.835005760192871,1.0978052414799,False
4,30,0,60,dining table,0.6746500730514526,1.1822867244426092,0.8698763305276612,0.31241039391494796,0.31241039391494796,35.914345861720584,479,324,479,1.670022964477539,-0.1370314881542325,True
4,30,1,41,cup,0.42271846532821655,2.542172777113504,1.0035376732308232,1.5386351038826809,1.5386351038826809,153.3211104002849,329,431,329,1.2311688661575317,0.8505988478678156,False
4,30,2,13,bench,0.3837885558605194,2.646855648486248,2.7470870713271047,-0.10023142284085651,0.10023142284085651,3.648643826656546,323,544,323,1.6458258628845215,0.6616886291307711,False
4,30,3,62,tv,0.31498628854751587,14.405417795833678,3.5960700312954073,10.80934776453827,10.80934776453827,300.5877991937892,189,530,189,3.63036847114563,1.1192664986980438,False
4,30,4,72,refrigerator,0.2926292419433594,2.559117828135323,2.8052398292850054,-0.2461220011496823,0.2461220011496823,8.77365274014427,328,86,328,3.114478588104248,-0.13338408267579505,True
4,31,0,60,dining table,0.5334076881408691,1.1822867244426092,0.7509762169962135,0.43131050744639565,0.43131050744639565,57.43331116018157,479,639,479,0.8953238725662231,0.6223633431019162,False
4,32,0,60,dining table,0.533505916595459,1.1822867244426092,0.6026059467948364,0.5796807776477728,0.5796807776477728,96.19566164771543,479,523,479,1.133346676826477,0.38904270394848517,False
4,32,1,72,refrigerator,0.2695225179195404,3.103932365323887,3.415102569852882,-0.3111702045289948,0.3111702045289948,9.111591765233557,301,215,301,3.6951334476470947,-0.13675439341103268,True
4,33,0,60,dining table,0.33689573407173157,1.1822867244426092,0.5910131155462264,0.5912736088963828,0.5912736088963828,100.04407573086016,479,470,479,0.893726110458374,0.6239295412541357,False
4,33,1,72,refrigerator,0.3060126006603241,3.202174322980737,3.5518788832843535,-0.3497045603036164,0.3497045603036164,9.845621762312215,297,270,297,3.800431489944458,-0.13750933310884017,True
4,34,0,60,dining table,0.28404828906059265,1.1822867244426092,0.5903674800682059,0.5919192443744032,0.5919192443744032,100.26284718562377,479,490,479,1.5133439302444458,0.01655233555888036,True
4,36,0,56,chair,0.31539690494537354,1.1822867244426092,0.8725845425253568,0.3097021819172524,0.3097021819172524,35.492512968535955,479,558,479,1.2449548244476318,0.27963938682251066,False
4,38,0,72,refrigerator,0.4654185473918915,2.0864826102176868,2.3031131454087492,-0.21663053519106246,0.21663053519106246,9.40598752705289,361,248,361,2.626925468444824,-0.13935844629397853,True
4,39,0,72,refrigerator,0.7203071713447571,1.877042821331689,2.0630570488180022,-0.18601422748631324,0.18601422748631324,9.016436437998033,380,245,380,2.400678873062134,-0.13585041782503393,True
4,40,0,72,refrigerator,0.6462114453315735,1.6498221342233514,1.8133086252693806,-0.1634864910460292,0.1634864910460292,9.015921987452193,405,237,405,2.1609201431274414,-0.13554545936575235,True
4,40,1,71,sink,0.2970693111419678,4.417679139474614,2.1560225960097688,2.261656543464845,2.261656543464845,104.89948239181616,261,455,261,2.2265937328338623,0.7825738480643395,False
4,41,0,72,refrigerator,0.7700567245483398,1.417612327684669,1.557573936656273,-0.13996160897160403,0.13996160897160403,8.985872559736526,437,222,437,1.9179195165634155,-0.13688126903890674,True
4,41,1,71,sink,0.321094810962677,3.930619911182698,1.9149871176363373,2.0156327935463603,2.0156327935463603,105.2556842280093,273,471,273,1.9995452165603638,0.7833027162174775,False
4,42,0,72,refrigerator,0.7576178908348083,1.1921038660878276,1.3082633904569314,-0.11615952436910382,0.11615952436910382,8.878909645903436,477,210,477,1.6786617040634155,-0.13536542671171659,True
4,43,0,72,refrigerator,0.768889844417572,1.1822867244426092,1.2194174163730518,-0.037130691930442605,0.037130691930442605,3.044953387731782,479,154,479,1.5227251052856445,0.007356486600520018,True
4,44,0,72,refrigerator,0.7787265181541443,1.1822867244426092,1.1183449152457117,0.06394180919689751,0.06394180919689751,5.717539224725572,479,75,479,1.3256466388702393,0.2005416475363737,False
4,44,1,71,sink,0.33872175216674805,3.930619911182698,1.8957584771094242,2.0348614340732736,2.0348614340732736,107.33758855062317,273,346,273,1.9863355159759521,0.7880374711257531,False
4,45,0,72,refrigerator,0.7011196613311768,1.1822867244426092,0.9967597306416214,0.1855269938009878,0.1855269938009878,18.613010547844137,479,2,479,1.1086548566818237,0.41324673463334727,False
4,46,0,45,bowl,0.4756312668323517,2.476288589174513,1.1834582823934052,1.2928303067811078,1.2928303067811078,109.24173044498961,333,166,333,1.3133907318115234,0.7913715380976444,False
4,46,1,72,refrigerator,0.3572678864002228,1.1822867244426092,0.8305852878542455,0.3517014365883637,0.3517014365883637,42.34380764159186,479,2,479,0.9506731629371643,0.5681074836846961,False
4,46,3,71,sink,0.275464802980423,3.416156690958381,1.6620687592018935,1.7540879317564877,1.7540879317564877,105.53642393223134,289,321,289,1.762737512588501,0.7830480516926033,False
4,46,4,45,bowl,0.26362699270248413,3.3060809373083413,1.6060016540938773,1.700079283214464,1.700079283214464,105.85787871891492,293,294,293,1.7124147415161133,0.782839832781719,False
4,47,0,56,chair,0.5312979221343994,1.7529492399297044,1.9321903172555985,-0.17924107732589412,0.17924107732589412,9.276574658570931,393,603,393,2.2844088077545166,-0.14626453180144594,True
4,47,1,45,bowl,0.4422036111354828,3.202174322980737,1.5552378955265822,1.646936427454155,1.646936427454155,105.89610966858064,297,242,297,1.6649515628814697,0.7826146897776595,False
4,47,2,1,bicycle,0.3408602774143219,2.2398168151806668,2.4832111852433583,-0.2433943700626915,0.2433943700626915,9.801597685653082,349,546,349,2.7959978580474854,-0.1435924738714529,True
4,47,3,71,sink,0.3136305809020996,3.416156690958381,1.6598093228331106,1.7563473681252706,1.7563473681252706,105.81621298086097,289,269,289,1.7643688917160034,0.7823845266722652,False
4,48,0,71,sink,0.5265073180198669,3.3060809373083413,1.6044070664290637,1.7016738708792776,1.7016738708792776,106.0624766921964,293,209,293,1.714024305343628,0.7821657466297468,False
4,48,1,13,bench,0.45189616084098816,2.0626408760410953,2.2687515126418587,-0.20611063660076345,0.20611063660076345,9.084760294473893,363,522,363,2.6116321086883545,-0.14558099419663617,True
4,48,2,71,sink,0.3106570243835449,3.3060809373083413,1.604514926516857,1.7015660107914843,1.7015660107914843,106.04862458246554,293,208,293,1.7135342359542847,0.7823709879399792,False
4,48,3,45,bowl,0.28620392084121704,3.010904127673106,1.4603136869913382,1.5505904406817677,1.5505904406817677,106.1820110634192,305,180,305,1.575282096862793,0.7832108420219784,False
4,48,4,56,chair,0.27624279260635376,2.0626408760410953,2.2687515126418587,-0.20611063660076345,0.20611063660076345,9.084760294473893,363,522,363,2.6116321086883545,-0.14558099419663617,True
4,49,0,56,chair,0.631253182888031,1.7896679701346712,1.9839954080304885,-0.1943274378958173,0.1943274378958173,9.794752402613979,389,553,389,2.323415756225586,-0.14632188908258437,True
4,49,1,71,sink,0.6143693923950195,2.7592573694091684,1.3381598844491425,1.421097484960026,1.421097484960026,106.19788423451544,317,193,317,1.4622470140457153,0.781678543006226,False
4,49,2,45,bowl,0.29360678791999817,2.542172777113504,1.2261870273882771,1.315985749725227,1.315985749725227,107.32341154580773,329,153,329,1.3525785207748413,0.786559241477734,False
4,50,0,71,sink,0.5246757864952087,2.542172777113504,1.2309234723731168,1.3112493047403873,1.3112493047403873,106.5256560761173,329,129,329,1.3609501123428345,0.7821435018023131,False
4,50,1,39,bottle,0.4380512237548828,2.611143892272438,1.2421925432303378,1.3689513490421001,1.3689513490421001,110.20444105083133,325,48,325,1.28726065158844,0.8365547516532305,False
4,50,2,1,bicycle,0.40389925241470337,2.542172777113504,2.8197169901893746,-0.2775442130758705,0.2775442130758705,9.842981194266253,329,426,329,3.115577459335327,-0.14336481149332703,True
4,50,3,13,bench,0.3766253590583801,2.039251667457873,2.2617719863304857,-0.2225203188726126,0.2225203188726126,9.838317930253927,365,478,365,2.586986780166626,-0.14566978533531483,True
4,51,0,71,sink,0.5786453485488892,2.2398168151806668,1.0828122686318968,1.15700454654877,1.15700454654877,106.85181356604068,349,45,349,1.2196677923202515,0.7830334979294786,False
4,51,1,13,bench,0.502460241317749,2.039251667457873,2.259679991872104,-0.2204283244142311,0.2204283244142311,9.75484693439314,365,587,365,2.5835208892822266,-0.1434650149238641,True
4,51,2,1,bicycle,0.48451635241508484,2.611143892272438,2.8989691943478073,-0.2878253020753694,0.2878253020753694,9.928539517996589,325,377,325,3.188162088394165,-0.1431567188000087,True
4,51,3,62,tv,0.33089715242385864,13.599438820989016,3.0171865428326172,10.5822522781564,10.5822522781564,350.7324498478471,191,512,191,3.1194007396698,1.1540221077435087,False
4,51,4,71,sink,0.28433939814567566,1.9077368367123282,0.9208247368700597,0.9869120998422685,0.9869120998422685,107.17697519691356,377,2,377,1.065819501876831,0.783389820914853,False
4,52,0,13,bench,0.8535400032997131,1.8276597569332034,2.0204291531112877,-0.1927693961780843,0.1927693961780843,9.541012407251992,385,613,385,2.360020399093628,-0.14376408498390614,True
4,52,1,62,tv,0.7610024213790894,11.634047571732243,2.8972304791977694,8.736817092534473,8.736817092534473,301.5575445331384,197,474,197,2.985884189605713,1.1147529742629092,False
4,52,2,71,sink,0.48791906237602234,1.7529492399297044,0.8461146520092502,0.9068345879204542,0.9068345879204542,107.17632483576709,393,0,393,0.9946574568748474,0.7831977853585431,False
4,52,3,1,bicycle,0.4482097625732422,2.476288589174513,2.741213887479646,-0.2649252983051329,0.2649252983051329,9.664524884948438,333,380,333,3.0437374114990234,-0.14222185226652773,True
4,52,4,71,sink,0.2921014726161957,1.5267529496504633,0.7854990827056583,0.741253866944805,0.741253866944805,94.36724794019489,421,2,421,0.9539976119995117,0.7318689408185602,False
4,53,0,1,bicycle,0.652995765209198,2.2952155523968525,2.5183345353915776,-0.2231189829947251,0.2231189829947251,8.859783315485215,345,384,345,2.85125994682312,-0.14165128337115185,True
4,53,1,62,tv,0.6416226029396057,10.604093960483102,2.6444702982242747,7.959623662258827,7.959623662258827,300.9912294195024,201,486,201,2.7358148097991943,1.1139851891268042,False
4,53,2,13,bench,0.5359739661216736,1.7990440147893272,1.97956854079071,-0.1805245260013828,0.1805245260013828,9.119387496897424,388,442,388,2.329706907272339,-0.14374739921497603,True
4,53,3,71,sink,0.4718955457210541,1.6498221342233514,0.8001650225295315,0.84965711169382,0.84965711169382,106.18523526657427,405,2,405,0.9518435001373291,0.7795738798457758,False
4,54,0,62,tv,0.7294979691505432,11.634047571732243,2.945268268518989,8.688779303213254,8.688779303213254,295.00807773895434,197,422,197,2.942523241043091,1.1203475236178508,False
4,54,1,1,bicycle,0.670888364315033,2.2952155523968525,2.5421072572598065,-0.24689170486295398,0.24689170486295398,9.712088432062618,345,335,345,2.8531510829925537,-0.14274013046944578,True
4,54,2,13,bench,0.609977126121521,1.8669919745293975,2.0858850895913523,-0.21889311506195486,0.21889311506195486,10.49401600089286,381,390,381,2.404911518096924,-0.14599386042943507,True
4,54,3,60,dining table,0.3567578196525574,1.8669919745293975,2.0858850895913523,-0.21889311506195486,0.21889311506195486,10.49401600089286,381,390,381,2.404911518096924,-0.14599386042943507,True
4,54,4,71,sink,0.3462992310523987,2.6834240906752167,1.3060482463588368,1.37737584431638,1.37737584431638,105.46132948429732,321,0,321,1.4328378438949585,0.7788254607610359,False
4,54,5,56,chair,0.29802748560905457,1.1822867244426092,1.3074015455576689,-0.12511482111505967,0.12511482111505967,9.569731773698665,479,122,479,1.6834959983825684,-0.1502383608815201,False
4,55,0,62,tv,0.740541934967041,11.634047571732243,3.062396427436952,8.571651144295291,8.571651144295291,279.90011572307327,197,362,197,3.059054374694824,1.1053123548723978,False
4,55,1,1,bicycle,0.6384362578392029,2.2952155523968525,2.540973235785377,-0.24575768338852466,0.24575768338852466,9.67179346588295,345,285,345,2.8527629375457764,-0.1425166505052473,True
4,55,2,60,dining table,0.41615021228790283,1.949971839345048,2.1601504592688956,-0.21017861992384756,0.21017861992384756,9.729813912822658,373,337,373,2.492110252380371,-0.14549545856009516,True
4,55,3,13,bench,0.4137656092643738,1.949971839345048,2.1601504592688956,-0.21017861992384756,0.21017861992384756,9.729813912822658,373,337,373,2.492110252380371,-0.14549545856009516,True
4,56,0,62,tv,0.795255720615387,10.604093960483102,2.820203426738485,7.783890533744617,7.783890533744617,276.0045768310603,201,366,201,2.8277127742767334,1.1010186771939177,False
4,56,1,13,bench,0.4912855327129364,1.7174406329589356,1.902362437179042,-0.1849218042201064,0.1849218042201064,9.720640010865731,397,340,397,2.246569871902466,-0.14612106273270697,True
4,57,0,62,tv,0.7134271264076233,9.736517592885464,2.583684502336505,7.15283309054896,7.15283309054896,276.84622809326885,205,370,205,2.5741658210754395,1.1057126842238896,False
4,57,1,13,bench,0.5394253730773926,1.498258451834095,1.6578815527938322,-0.1596231009597373,0.1596231009597373,9.628136623556932,425,341,425,2.0142369270324707,-0.14612488305187865,True
4,57,2,1,bicycle,0.45935511589050293,1.8669919745293975,2.061089117219271,-0.19409714268987366,0.19409714268987366,9.41721253430035,381,278,381,2.3992369174957275,-0.14210999290263748,True
4,58,0,62,tv,0.8447390198707581,8.995724867412417,2.317947955423768,6.677776911988649,6.677776911988649,288.0900279216069,209,384,209,2.3644771575927734,1.1092820177734666,False
4,58,1,1,bicycle,0.7179579138755798,1.6498221342233514,1.8111160834589501,-0.1612939492355987,0.1612939492355987,8.90577642751382,405,274,405,2.1677327156066895,-0.14070172209043985,True
4,58,2,60,dining table,0.5590307712554932,1.2862567357633519,1.4153514412938095,-0.12909470553045765,0.12909470553045765,9.121035367191121,459,346,459,1.7863483428955078,-0.1432163467479597,True
4,58,3,13,bench,0.38328418135643005,1.2862567357633519,1.4153514412938095,-0.12909470553045765,0.12909470553045765,9.121035367191121,459,346,459,1.7863483428955078,-0.1432163467479597,True
4,59,0,1,bicycle,0.8387088179588318,1.417612327684669,1.555943786310457,-0.138331458625788,0.138331458625788,8.890517757958818,437,268,437,1.9234825372695923,-0.14162912436577302,True
4,59,1,62,tv,0.7439448833465576,8.35581679185428,2.0758802866436494,6.279936505210632,6.279936505210632,302.5192033286388,213,382,213,2.074124336242676,1.1322182358366764,False
4,59,2,60,dining table,0.6675513982772827,1.1822867244426092,1.1711496001484059,0.011137124294203327,0.011137124294203327,0.9509565893880724,479,347,479,1.6786280870437622,-0.1454666156344948,True
4,60,0,1,bicycle,0.774916410446167,1.1822867244426092,1.2653106651806296,-0.08302394073802044,0.08302394073802044,6.5615459525245,479,263,479,1.6744064092636108,-0.14132833753536045,True
4,60,1,60,dining table,0.5775353908538818,1.1822867244426092,1.1797544701889677,0.0025322542536414527,0.0025322542536414527,0.21464248007772735,479,352,479,1.6767659187316895,-0.1436412346499527,True
4,60,2,62,tv,0.5263422727584839,7.306101522862765,1.8081582872784407,5.497943235584324,5.497943235584324,304.0631605244905,221,394,221,1.8681601285934448,1.1236270112975497,False
4,61,0,1,bicycle,0.7648723721504211,1.212107743143963,1.227566447502601,-0.015458704358637831,0.015458704358637831,1.259296748464207,473,306,473,1.7065101861953735,-0.14189110862835608,True
4,61,1,60,dining table,0.6476291418075562,1.1822867244426092,1.3005770679619988,-0.1182903435193896,0.1182903435193896,9.095219839970751,479,397,479,1.6763806343078613,-0.14326356155975106,True
4,61,2,62,tv,0.5193499326705933,6.48109328551411,1.6868845362752052,4.794208749238905,4.794208749238905,284.2049142157029,229,464,229,1.7555441856384277,1.1039222932037092,False
4,62,0,1,bicycle,0.8612063527107239,1.1921038660878276,1.3051946473303562,-0.11309078124252858,0.11309078124252858,8.664667869565996,477,350,477,1.6865421533584595,-0.14304262235683907,True
4,62,1,60,dining table,0.28058698773384094,1.1822867244426092,0.7672362502647767,0.4150504741778325,0.4150504741778325,54.096827937235325,479,451,479,1.6748242378234863,-0.14173791184883733,True
4,63,0,1,bicycle,0.8792001008987427,1.1822867244426092,1.2565723281756245,-0.07428560373301529,0.07428560373301529,5.911765050633265,479,352,479,1.6725202798843384,-0.13947946883697848,True
4,63,1,62,tv,0.417594313621521,5.028117720157712,1.2418642129472908,3.7862535072104215,3.7862535072104215,304.88466192488016,249,620,249,1.2997362613677979,1.1282940038227411,False
4,64,0,1,bicycle,0.9183595180511475,1.1822867244426092,1.24866236008878,-0.06637563564617088,0.06637563564617088,5.315739287716783,479,398,479,1.6736379861831665,-0.1405750947323159,True
4,65,0,1,bicycle,0.8631287217140198,1.1822867244426092,1.044236662746415,0.13805006169619416,0.13805006169619416,13.220189121986284,479,450,479,1.6739052534103394,-0.14083708206778378,True
4,66,0,1,bicycle,0.6779395937919617,1.1822867244426092,0.8616850573287925,0.32060166711381666,0.32060166711381666,37.20636262484066,479,523,479,1.672370195388794,-0.13933234927616045,True
4,66,1,45,bowl,0.30071327090263367,27.045234897787147,1.2418331604771042,25.803401737310043,25.803401737310043,2077.8476979465213,173,78,173,1.1924055814743042,1.4325356892133319,False
4,66,2,45,bowl,0.2880571782588959,27.045234897787147,1.243459187479309,25.801775710307837,25.801775710307837,2074.999804586443,173,77,173,1.1899950504302979,1.4326720730227003,False
4,67,0,45,bowl,0.3915683627128601,22.218032901606776,0.9893774791113924,21.228655422495383,21.228655422495383,2145.6578374476303,177,24,177,0.9638352990150452,1.433830395395585,False
4,67,1,39,bottle,0.35408398509025574,2.2952155523968525,1.1072453597821428,1.1879701926147097,1.1879701926147097,107.29060023773323,345,90,345,1.237023949623108,0.7877668145542797,False
4,68,0,71,sink,0.31011444330215454,1.617605508838784,0.7675773765937823,0.8500281322450016,0.8500281322450016,110.74168652769633,409,0,409,0.9171728491783142,0.7947412013863164,False
4,71,0,57,couch,0.2878127694129944,1.1822867244426092,0.7316605999770657,0.4506261244655435,0.4506261244655435,61.589502629999295,479,2,479,0.7387826442718506,0.7758120832468753,False
4,76,0,1,bicycle,0.2682283818721771,1.1822867244426092,1.0701150149414267,0.11217170950118249,0.11217170950118249,10.48221059745828,479,490,479,1.674640417098999,-0.14155772252176702,True
4,81,0,61,toilet,0.5335384011268616,1.1822867244426092,0.858805159682559,0.3234815647600502,0.3234815647600502,37.66646731368253,479,218,479,1.1788079738616943,0.3444794995363436,False
4,81,1,39,bottle,0.29700061678886414,1.4437228492128802,0.9942809631916507,0.4494418860212295,0.4494418860212295,45.20270453318517,433,54,433,1.2164665460586548,0.4764734915394375,False
5,11,0,72,refrigerator,0.32412779331207275,1.1822867244426092,0.899402309223878,0.2828844152187312,0.2828844152187312,31.452489316248354,479,0,479,1.3709701299667358,0.15611352669238587,False
5,16,0,1,bicycle,0.37299844622612,1.498258451834095,1.590304625774424,-0.0920461739403291,0.0920461739403291,5.787958636887304,425,19,425,2.006648302078247,-0.1399231179081426,True
5,17,0,1,bicycle,0.8363384008407593,1.7529492399297044,1.8979564779000104,-0.145007237970306,0.145007237970306,7.640177193670369,393,105,393,2.275609254837036,-0.13992311348149222,True
5,18,0,1,bicycle,0.8207821846008301,1.949971839345048,2.1343280138395793,-0.18435617449453123,0.18435617449453123,8.63766831054619,373,173,373,2.4825594425201416,-0.13918923104244518,True
5,19,0,1,bicycle,0.7993528842926025,1.7174406329589356,1.8780290108616051,-0.16058837790266955,0.16058837790266955,8.550899745100027,397,155,397,2.2394330501556396,-0.14089172500083813,True
5,20,0,1,bicycle,0.7806345820426941,1.505302849711002,1.554564545025687,-0.04926169531468516,0.04926169531468516,3.1688420704250126,424,132,424,1.8926913738250732,-0.04107927457118432,True
5,21,0,1,bicycle,0.670760989189148,1.6498221342233514,1.8045773445087847,-0.15475521028543326,0.15475521028543326,8.575703931801185,405,189,405,2.1724202632904053,-0.14424960763079397,True
5,22,0,1,bicycle,0.611802875995636,1.7896679701346712,1.8922142289822919,-0.1025462588476207,0.1025462588476207,5.419378909478667,389,239,389,2.3186633586883545,-0.14295444351447983,True
5,23,0,1,bicycle,0.4763144552707672,1.5267529496504633,1.6687206911391215,-0.1419677414886582,0.1419677414886582,8.507579623270958,421,231,421,2.042858600616455,-0.14485017667972389,True
5,24,0,1,bicycle,0.6055853962898254,1.5863849771239793,1.7116247905140929,-0.12523981339011359,0.12523981339011359,7.3170132896063835,413,281,413,2.1052253246307373,-0.14422875649913625,True
5,25,0,1,bicycle,0.8052998185157776,1.5863849771239793,1.7338022906700838,-0.14741731354610454,0.14741731354610454,8.502544629187817,413,330,413,2.10343074798584,-0.1428271514116619,True
5,26,0,1,bicycle,0.8005667328834534,1.5267529496504633,1.6797160474046724,-0.15296309775420913,0.15296309775420913,9.106485467621283,421,383,421,2.0396547317504883,-0.14227051489175002,True
5,27,0,1,bicycle,0.8574764132499695,1.4437228492128802,1.584011782220653,-0.1402889330077728,0.1402889330077728,8.856558681091334,433,432,433,1.9523341655731201,-0.14268041592404823,True
5,28,0,1,bicycle,0.8694022297859192,1.2974092736530591,1.430601291871234,-0.13319201821817495,0.13319201821817495,9.310212354412114,457,496,457,1.7972559928894043,-0.1423999163115277,True
5,29,0,1,bicycle,0.933586061000824,1.1822867244426092,1.2679119738139726,-0.0856252493713634,0.0856252493713634,6.7532487380647055,479,496,479,1.6773358583450317,-0.14419991504730856,True
5,32,0,1,bicycle,0.6757915616035461,1.1822867244426092,1.24222692605682,-0.059940201614210764,0.059940201614210764,4.825221572396433,479,414,479,1.6772856712341309,-0.1441507193879723,True
5,33,0,1,bicycle,0.8195528984069824,1.1822867244426092,1.2538039567980015,-0.07151723235539231,0.07151723235539231,5.70402031096113,479,386,479,1.676531434059143,-0.1434113822463554,True
5,34,0,1,bicycle,0.635593831539154,1.1822867244426092,1.2602092887856735,-0.07792256434306433,0.07792256434306433,6.183303443045545,479,374,479,1.2354480028152466,0.28895840021065844,False
5,35,0,1,bicycle,0.7442916631698608,1.1822867244426092,1.2680781924013678,-0.08579146795875858,0.08579146795875858,6.765471441180984,479,322,479,1.5995981693267822,-0.06799794211274568,True
5,35,1,72,refrigerator,0.41261863708496094,4.417679139474614,4.918846423186306,-0.5011672837116921,0.5011672837116921,10.188715820630327,261,496,261,5.075136184692383,-0.1352491116101433,True
5,35,2,72,refrigerator,0.34814006090164185,4.417679139474614,4.918543191184034,-0.5008640517094198,0.5008640517094198,10.183178885308266,261,495,261,5.073907852172852,-0.1348533331348023,True
5,35,3,72,refrigerator,0.26228564977645874,4.557049558976003,5.02509537879979,-0.4680458198237867,0.4680458198237867,9.314167882233834,258,497,258,5.221719264984131,-0.13519377808859234,True
5,36,0,1,bicycle,0.7644054293632507,1.1822867244426092,1.2731491093821306,-0.09086238493952137,0.09086238493952137,7.136821937818234,479,290,479,1.237452745437622,0.286993261486054,False
5,36,1,72,refrigerator,0.6470689177513123,4.808152731105021,5.356075259023891,-0.5479225279188702,0.5479225279188702,10.229925858411583,253,426,253,5.481193542480469,-0.13372335125070967,True
5,37,0,1,bicycle,0.7280231714248657,1.1822867244426092,1.2781142717907457,-0.09582754734813648,0.09582754734813648,7.497572749412619,479,243,479,1.2062424421310425,0.31758700202404655,False
5,38,0,1,bicycle,0.8112042546272278,1.1822867244426092,1.0087218149833719,0.1735649094592373,0.1735649094592373,17.206419736456123,479,222,479,1.4041532278060913,0.12358596438157532,True
5,38,1,72,refrigerator,0.3629187345504761,4.808152731105021,5.36018740140206,-0.5520346702970391,0.5520346702970391,10.298794220378262,253,376,253,5.48298454284668,-0.1342571764290581,True
5,39,0,1,bicycle,0.7152906060218811,1.1822867244426092,1.0795025734430523,0.10278415099955684,0.10278415099955684,9.52143640303967,479,174,479,1.3731807470321655,0.1539465805956346,False
5,39,1,72,refrigerator,0.46122148633003235,5.0860420297425675,5.568498829307453,-0.4824567995648854,0.4824567995648854,8.664037011657017,248,321,248,5.765622615814209,-0.13148203457781338,True
5,40,0,72,refrigerator,0.28647753596305847,4.808152731105021,5.359203745548531,-0.5510510144435106,0.5510510144435106,10.28232999913887,253,268,253,5.482805252075195,-0.13420373706083155,True
5,40,1,24,backpack,0.2640995383262634,1.6498221342233514,1.0841550289405488,0.5656671052828026,0.5656671052828026,52.1758503334694,405,580,405,1.2970231771469116,0.5183161673875581,False
5,41,0,1,bicycle,0.5949495434761047,1.1822867244426092,0.9846804780896985,0.19760624635291069,0.19760624635291069,20.068057684688853,479,102,479,1.4004026651382446,0.12726243429615614,True
5,41,1,72,refrigerator,0.5700520873069763,4.86145615939251,5.228067657449355,-0.36661149805684445,0.36661149805684445,7.012370957641837,252,265,252,5.462099552154541,-0.11154475371309536,True
5,42,0,58,potted plant,0.46075353026390076,10.604093960483102,5.5759559951721664,5.028137965310935,5.028137965310935,90.175352346117,201,91,201,5.529973030090332,0.7197383076887158,False
5,42,1,72,refrigerator,0.37478107213974,4.417679139474614,4.9182401858125555,-0.5005610463379417,0.5005610463379417,10.177645406214392,261,261,261,5.073754787445068,-0.13480401446609713,True
5,43,0,58,potted plant,0.33833518624305725,8.995724867412417,5.314114524931039,3.6816103424813775,3.6816103424813775,69.2798456865992,209,84,209,5.243424415588379,0.633550433745035,False
5,47,0,55,cake,0.25496432185173035,3.3060809373083413,0.8065451084295312,2.49953582887881,2.49953582887881,309.9065139389159,293,483,293,0.8617486953735352,1.1390992068153691,False
5,49,0,61,toilet,0.27490362524986267,1.1822867244426092,0.5268655879098149,0.6554211365327943,0.6554211365327943,124.4000655144296,479,462,479,0.8864306211471558,0.631080907419746,False
5,52,0,58,potted plant,0.34167107939720154,12.876671115063534,3.828857016855542,9.047814098207992,9.047814098207992,236.30587557533113,193,97,193,3.3322179317474365,1.1103014801992082,False
5,52,1,56,chair,0.3373783230781555,1.1822867244426092,1.301562086030172,-0.1192753615875628,0.1192753615875628,9.164016289945758,479,0,479,1.0097914934158325,0.51015704193675,False
5,52,2,56,chair,0.27003446221351624,1.1822867244426092,1.301692641146429,-0.11940591670381973,0.11940591670381973,9.17312681422677,479,2,479,1.012552261352539,0.5074508132560629,False
5,53,0,56,chair,0.7118481397628784,1.1822867244426092,1.1294362788236163,0.05285044561899288,0.05285044561899288,4.6793649725897035,479,30,479,1.680578589439392,-0.14737858565364093,True
5,53,1,77,teddy bear,0.5368958115577698,4.24359786465229,2.075631904310068,2.1679659603422214,2.1679659603422214,104.4484793204624,265,396,265,2.1403274536132812,0.784527057549055,False
5,54,0,60,dining table,0.3481842875480652,1.2536604778467009,0.6522794296103096,0.6013810482363913,0.6013810482363913,92.19684401141907,465,606,465,0.8386134505271912,0.7133926244589197,False
5,54,1,77,teddy bear,0.31585466861724854,3.930619911182698,1.9243487537714044,2.0062711574112937,2.0062711574112937,104.25714951509362,273,464,273,2.004610300064087,0.7814872375980468,False
5,54,2,60,dining table,0.3028229773044586,1.212107743143963,1.019099749307399,0.19300799383656408,0.19300799383656408,18.939067934001187,473,126,473,1.3078619241714478,0.2416618535408921,False
5,55,0,60,dining table,0.6999194622039795,1.1822867244426092,1.1187232888197354,0.06356343562287381,0.06356343562287381,5.681783534687464,479,154,479,1.6777719259262085,-0.1446273680683352,True
5,55,1,58,potted plant,0.443461537361145,7.306101522862765,3.6569678102011105,3.649133712661654,3.649133712661654,99.78577614170945,221,228,221,3.6585514545440674,0.7629218854460894,False
5,56,0,60,dining table,0.5555480122566223,1.1822867244426092,1.2282404893692171,-0.045953764926607965,0.045953764926607965,3.741430552432632,479,2,479,0.9785184860229492,0.5408122478353384,False
5,56,1,58,potted plant,0.2557083070278168,9.352076099801522,3.4734708110601096,5.878605288741412,5.878605288741412,169.24297362807695,207,214,207,3.997375249862671,0.863586104007735,False
5,56,2,58,potted plant,0.2512432932853699,5.028117720157712,5.519149378186148,-0.49103165802843574,0.49103165802843574,8.896872042804029,249,295,249,5.693231582641602,-0.12818287047450894,True
5,57,0,60,dining table,0.2980988025665283,1.1822867244426092,0.7758676114014234,0.40641911304118583,0.40641911304118583,52.38253370405356,479,2,479,0.9231429696083069,0.595093815198055,False
5,57,1,58,potted plant,0.25130894780158997,11.634047571732243,3.2271195982589784,8.406927973473264,8.406927973473264,260.5087204703779,197,229,197,3.220165491104126,1.0845253536129613,False
5,58,0,71,sink,0.6439160108566284,2.542172777113504,1.474282588853633,1.067890188259871,1.067890188259871,72.43456555301498,329,629,329,1.310139536857605,0.808944412032921,False
5,58,1,58,potted plant,0.28684866428375244,9.352076099801522,8.086607426362686,1.2654686734388356,1.2654686734388356,15.648944071568922,207,300,207,5.318050384521484,0.6533241307748742,False
5,59,0,56,chair,0.48373034596443176,3.930619911182698,4.311082175763933,-0.3804622645812352,0.3804622645812352,8.82521485487148,273,17,273,4.555481910705566,-0.13282204607476156,True
5,59,1,58,potted plant,0.31508463621139526,12.876671115063534,8.770098577963662,4.106572537099872,4.106572537099872,46.82470214665913,193,214,193,8.684845924377441,0.4843186517956857,False
5,60,0,58,potted plant,0.35840919613838196,13.599438820989016,8.61098254177525,4.988456279213766,4.988456279213766,57.931324968002315,191,211,191,8.49573802947998,0.5577236521031472,False
5,60,1,58,potted plant,0.25503605604171753,4.08165363695277,4.430673758727769,-0.3490201217749993,0.3490201217749993,7.87735998588209,269,300,269,4.701918125152588,-0.1285378979124312,True
5,61,0,58,potted plant,0.36491215229034424,12.876671115063534,8.306695382764465,4.569975732299069,4.569975732299069,55.01556902858502,193,215,193,8.186086654663086,0.5426478946980794,False
5,61,1,58,potted plant,0.27840638160705566,4.04291653234155,4.336579164526295,-0.29366263218474487,0.29366263218474487,6.771757669891933,270,295,270,4.623397350311279,-0.11529755976166278,True
5,61,2,58,potted plant,0.2675839960575104,7.7974987597924255,4.465018369315682,3.3324803904767437,3.3324803904767437,74.63531199284823,217,292,217,4.490133762359619,0.6495995290709323,False
5,61,3,72,refrigerator,0.25233545899391174,1.8669919745293975,2.0611927956636973,-0.19420082113429982,0.19420082113429982,9.421768868145486,381,530,381,2.39687180519104,-0.14049123882231163,True
5,62,0,72,refrigerator,0.5912015438079834,1.6830832967517113,1.8440942595763643,-0.161010962824653,0.161010962824653,8.73116772575613,401,554,401,2.1942694187164307,-0.13429290852889597,True
5,62,1,58,potted plant,0.36456191539764404,10.604093960483102,7.96619646229453,2.637897498188572,2.637897498188572,33.113638493278756,201,213,201,8.001805305480957,0.370970596922062,False
5,62,2,58,potted plant,0.3163601756095886,6.870273553372899,4.171038589051288,2.6992349643216107,2.6992349643216107,64.71373751868256,225,295,225,4.1341938972473145,0.6171789765069299,False
5,62,3,58,potted plant,0.2839956283569336,3.6571519736962883,4.046903418783923,-0.38975144508763426,0.38975144508763426,9.630856107872052,281,295,281,4.259733200073242,-0.12968145033796352,True
5,63,0,58,potted plant,0.4618054926395416,12.542565810014095,3.9320416415572526,8.610524168456841,8.610524168456841,218.98354476853186,194,298,194,3.4694840908050537,1.083775681905548,False
5,63,1,60,dining table,0.3789770007133484,1.1921038660878276,1.2994791440343183,-0.10737527794649071,0.10737527794649071,8.262947384683459,477,93,477,1.6706714630126953,-0.12758127107522932,True
5,63,2,58,potted plant,0.34241390228271484,6.870273553372899,7.740601833392614,-0.8703282800197156,0.8703282800197156,11.243677155245964,225,213,225,7.672818183898926,-0.13846335477783556,True
5,63,3,72,refrigerator,0.3382387161254883,1.457061157261589,1.5916798220606756,-0.13461866479908657,0.13461866479908657,8.457647256268029,431,584,431,1.9554517269134521,-0.13349837711527424,True
5,63,4,57,couch,0.33799731731414795,4.808152731105021,4.695194821345249,0.11295790975977216,0.11295790975977216,2.405819440042062,253,85,253,5.051450729370117,-0.005634302146847903,True
5,64,0,54,donut,0.640870988368988,2.8389123183635725,1.4074385157941212,1.4314738025694513,1.4314738025694513,101.70773262956845,313,104,313,1.5404815673828125,0.7618461006301195,False
5,64,1,57,couch,0.41569429636001587,4.605315013119116,4.5350975727514795,0.07021744036763611,0.07021744036763611,1.548311568631469,257,70,257,4.663234233856201,0.05377319203898656,True
5,64,2,58,potted plant,0.4154573678970337,6.131451933135833,3.696406799780907,2.435045133354926,2.435045133354926,65.87600513826713,233,293,233,3.6672680377960205,0.6283291957208305,False
5,64,3,60,dining table,0.33676382899284363,1.1822867244426092,1.2933320416512148,-0.11104531720860567,0.11104531720860567,8.585986709710879,479,43,479,1.3538118600845337,0.17293283317910868,False
5,64,4,58,potted plant,0.31396302580833435,7.192319420900784,7.534800869848055,-0.34248144894727073,0.34248144894727073,4.545328468039225,222,210,222,7.663705348968506,-0.06711828602495151,True
5,64,5,58,potted plant,0.2827172875404358,3.3330005249678387,3.587123781673149,-0.2541232567053102,0.2541232567053102,7.08431802670548,292,296,292,3.878894805908203,-0.11277460867214284,True
5,65,0,57,couch,0.6044679880142212,4.24359786465229,4.347147158281154,-0.10354929362886445,0.10354929362886445,2.382005712219953,265,108,265,2.2022478580474854,0.7638281808965588,False
5,65,1,60,dining table,0.49608859419822693,1.1822867244426092,1.1455302172937927,0.03675650714881651,0.03675650714881651,3.208689443011839,479,10,479,1.6741725206375122,-0.14109906940325168,True
5,65,2,58,potted plant,0.3623597323894501,10.604093960483102,7.261914642098347,3.342179318384755,3.342179318384755,46.02339029172373,201,192,201,7.2145280838012695,0.48205292118719223,False
5,65,3,58,potted plant,0.31824424862861633,2.922685298749407,2.969106077332688,-0.046420778583280864,0.046420778583280864,1.5634597543575546,309,297,309,3.2786898612976074,-0.03146554698193871,True
5,65,4,45,bowl,0.2687554657459259,1.617605508838784,1.1973087120520518,0.42029679678673215,0.42029679678673215,35.10346100016185,409,117,409,1.4373306035995483,0.3947666128435303,False
5,66,0,57,couch,0.462921142578125,3.6571519736962883,3.9766280059442956,-0.31947603224800725,0.31947603224800725,8.033842536200316,281,68,281,1.9237252473831177,0.7640244813564445,False
5,66,1,54,donut,0.36422616243362427,1.8276597569332034,0.9072473994855209,0.9204123574476825,0.9204123574476825,101.45108797992997,385,13,385,1.0592786073684692,0.7622080167388501,False
5,66,2,58,potted plant,0.343473345041275,2.922685298749407,3.087896644838044,-0.16521134608863708,0.16521134608863708,5.350287431569853,309,293,309,3.381787061691284,-0.07962191951871778,True
5,66,3,57,couch,0.3097856342792511,3.6571519736962883,3.8781095861934745,-0.22095761249718615,0.22095761249718615,5.697559792632504,281,72,281,1.9240119457244873,0.7639147967948,False
5,67,0,57,couch,0.7719069719314575,3.388029571172072,3.645729416850944,-0.2576998456788724,0.2576998456788724,7.0685400975661175,290,64,290,3.9340128898620605,-0.11194193633633409,True
5,67,1,62,tv,0.5735396146774292,12.876671115063534,6.998804278832436,5.877866836231098,5.877866836231098,83.98387213096439,193,241,193,7.001370429992676,0.6811989044442912,False
5,67,2,58,potted plant,0.33088088035583496,5.028117720157712,2.929294011879616,2.098823708278096,2.098823708278096,71.64947252704624,249,276,249,3.0022878646850586,0.6413885764953208,False
5,67,3,58,potted plant,0.28719136118888855,9.736517592885464,6.7441852360638865,2.992332356821578,2.992332356821578,44.36907131228197,205,184,205,6.66668701171875,0.478857498048876,False
5,68,0,57,couch,0.8794630765914917,3.127987299800063,3.394872843515436,-0.266885543715373,0.266885543715373,7.861429750606195,300,49,300,3.6794931888580322,-0.11871994462134494,True
5,68,1,58,potted plant,0.4540281593799591,8.995724867412417,6.46085740349234,2.534867463920077,2.534867463920077,39.23422706326693,209,188,209,6.48827600479126,0.4278449569367826,False
5,68,2,58,potted plant,0.2850136458873749,4.605315013119116,2.682910545320434,1.9224044677986818,1.9224044677986818,71.65369233617437,257,270,257,2.770922899246216,0.6406430003905084,False
5,69,0,57,couch,0.8550371527671814,2.8389123183635725,3.130534232286527,-0.29162191392295433,0.29162191392295433,9.315404090309375,313,28,313,3.427243232727051,-0.14223513600655724,True
5,69,1,58,potted plant,0.29506146907806396,8.995724867412417,6.245775970140874,2.7499488972715422,2.7499488972715422,44.0289390848823,209,174,209,6.1858954429626465,0.4778118270343912,False
5,70,0,58,potted plant,0.602581262588501,5.395245006809305,5.725346026048998,-0.3301010192396925,0.3301010192396925,5.765608187484378,243,115,243,5.9530158042907715,-0.09466172572492182,True
5,70,1,57,couch,0.5493669509887695,3.202174322980737,3.264526268573573,-0.06235194559283608,0.06235194559283608,1.909984495853991,297,2,297,3.502512216567993,-0.00914349045182794,True
5,70,2,73,book,0.3242149353027344,3.4736822727179204,3.0562272590277737,0.4174550136901467,0.4174550136901467,13.659161387852572,287,94,287,4.04118537902832,-0.11926014820108399,True
5,71,0,58,potted plant,0.48674771189689636,1.98267585584337,2.086253689456417,-0.10357783361304707,0.10357783361304707,4.964776533961925,370,157,370,2.423111915588379,-0.07799447874170817,True
5,74,0,72,refrigerator,0.40617725253105164,1.1822867244426092,1.0263383372662904,0.15594838717631876,0.15594838717631876,15.19463723743342,479,504,479,1.6644561290740967,-0.13157462615972815,True
5,80,0,57,couch,0.6190528273582458,2.922685298749407,3.167776805994664,-0.24509150724525686,0.24509150724525686,7.737019438410199,309,2,309,3.4764575958251953,-0.12384222319912808,True
5,80,1,73,book,0.34533098340034485,3.103932365323887,2.7917284529341546,0.31220391238973244,0.31220391238973244,11.183176216927572,301,90,301,3.6528162956237793,-0.11801006780760748,True
5,81,0,57,couch,0.8670246005058289,2.7592573694091684,3.0657397663821024,-0.306482396972934,0.306482396972934,9.997012803686717,317,35,317,3.344773530960083,-0.14310309612185823,True
5,81,1,58,potted plant,0.26138871908187866,5.028117720157712,5.636568038394364,-0.6084503182366516,0.6084503182366516,10.79469482302169,249,198,249,5.745876789093018,-0.14323864716522605,True
5,82,0,57,couch,0.8705491423606873,2.542172777113504,2.8323579557062666,-0.2901851785927625,0.2901851785927625,10.245356806265788,329,14,329,3.1158668994903564,-0.14351748167149347,True
5,83,0,57,couch,0.8836939334869385,3.0336952498953527,3.322112298160349,-0.28841704826499637,0.28841704826499637,8.681736870385448,304,101,304,3.6241729259490967,-0.13814142160292397,True
5,83,1,56,chair,0.2500981092453003,1.617605508838784,1.7002584125477136,-0.08265290370892964,0.08265290370892964,4.86119657453012,409,279,409,2.0942671298980713,-0.1103838238683914,True
5,84,0,57,couch,0.8595840930938721,3.3060809373083413,3.6785748528827535,-0.37249391557441225,0.37249391557441225,10.126038764237826,293,169,293,3.921232223510742,-0.1422140553548923,True
5,85,0,57,couch,0.8786007761955261,3.103932365323887,3.4434798390275887,-0.33954747370370164,0.33954747370370164,9.860591308110784,301,160,301,3.7086925506591797,-0.14276037986326062,True
5,86,0,57,couch,0.8942599296569824,3.416156690958381,3.7314949362391774,-0.31533824528079624,0.31533824528079624,8.450721511593766,289,219,289,4.02934455871582,-0.1388409568313853,True
5,86,1,56,chair,0.557421863079071,1.1822867244426092,1.002162387302917,0.18012433713969211,0.18012433713969211,17.973567898956393,479,2,479,1.1236836910247803,0.39851479646663446,False
5,86,2,56,chair,0.32322612404823303,2.6834240906752167,2.974660880913478,-0.2912367902382611,0.2912367902382611,9.790587966075186,321,2,321,3.2603399753570557,-0.1409911208786252,True
5,87,0,57,couch,0.8458685874938965,3.5329678035523537,3.8823514473038427,-0.349383643751489,0.349383643751489,8.999279135177824,285,275,285,4.156006813049316,-0.14017791533391533,True
5,88,0,57,couch,0.871091902256012,3.5329678035523537,3.9179385481482987,-0.38497074459594494,0.38497074459594494,9.825849483471105,285,329,285,4.160438537597656,-0.14192690590539536,True
5,89,0,57,couch,0.7493332624435425,3.5329678035523537,3.8412114386850753,-0.30824363513272157,0.30824363513272157,8.024646392239205,285,380,285,4.133786201477051,-0.13140849843796398,True
5,89,1,56,chair,0.32318294048309326,5.815615322550515,4.081027724241009,1.7345875983095063,1.7345875983095063,42.50369552762853,237,112,237,4.7886128425598145,0.30397934187982667,False
5,89,2,56,chair,0.27175137400627136,4.08165363695277,4.571234339329138,-0.48958070237636786,0.48958070237636786,10.710032915272015,269,55,269,4.760756969451904,-0.14891708897027112,True
5,89,3,1,bicycle,0.2582413852214813,3.6571519736962883,4.032989367920967,-0.3758373942246789,0.3758373942246789,9.319077238689214,281,28,281,4.306420803070068,-0.14754311373119244,True
5,90,0,57,couch,0.8025018572807312,3.3060809373083413,3.5904243114642695,-0.28434337415592825,0.28434337415592825,7.919492224025341,293,383,293,3.8982725143432617,-0.13259851744422502,True
5,90,1,56,chair,0.6448362469673157,3.9674162932389003,4.336407790487211,-0.3689914972483108,0.3689914972483108,8.50915123936841,272,44,272,4.5956621170043945,-0.13335175350819006,True
5,90,2,1,bicycle,0.6301558613777161,3.416156690958381,3.7805111534577183,-0.3643544624993371,0.3643544624993371,9.637703678405828,289,2,289,4.066751956939697,-0.15405553463788824,False
5,90,3,56,chair,0.5984057188034058,4.808152731105021,2.394913402717277,2.4132393283877436,2.4132393283877436,100.76520201731194,253,124,253,1.3044757843017578,1.1111882323734859,False
5,90,4,60,dining table,0.37521761655807495,1.1822867244426092,0.8669791056288102,0.315307618813799,0.315307618813799,36.36853723079173,479,2,479,0.8166442513465881,0.6994886402698419,False
5,91,0,57,couch,0.7967703938484192,3.010904127673106,3.334814287890035,-0.3239101602169292,0.3239101602169292,9.7129894577089,305,389,305,3.6103689670562744,-0.14279993852532824,True
5,91,1,56,chair,0.5692312121391296,3.9674162932389003,4.0857199297427655,-0.11830363650386522,0.11830363650386522,2.8955395508794344,272,26,272,4.336249828338623,-0.04115360973995319,True
5,91,2,60,dining table,0.3065171241760254,1.1822867244426092,0.5961494930717801,0.5861372313708291,0.5861372313708291,98.32051158018086,479,0,479,0.7545315027236938,0.7603743451219885,False
5,91,3,56,chair,0.2879064381122589,3.6571519736962883,4.098536215082095,-0.4413842413858071,0.4413842413858071,10.769314170302287,281,93,281,1.0208823680877686,1.1094325676966992,False
5,92,0,57,couch,0.8249731063842773,2.8389123183635725,3.0935600715120004,-0.2546477531484279,0.2546477531484279,8.23154382853044,313,394,313,3.403949022293091,-0.1310732288285421,True
5,92,1,56,chair,0.2789638936519623,3.5329678035523537,3.832534443501008,-0.29956663994865407,0.29956663994865407,7.816410898971619,285,8,285,4.139702320098877,-0.13374330864028305,True
5,93,0,57,couch,0.7837603092193604,2.611143892272438,2.841219908017443,-0.23007601574500525,0.23007601574500525,8.097789794298201,325,399,325,3.165245771408081,-0.13134580731501555,True
5,94,0,57,couch,0.8200516104698181,2.3529875412892904,2.5870888329361397,-0.23410129164684923,0.23410129164684923,9.048830819665474,341,405,341,2.9132461547851562,-0.14216593050406745,True
5,95,0,57,couch,0.8144139647483826,2.1866480344612778,2.3390606290629328,-0.15241259460165502,0.15241259460165502,6.515974520195061,353,413,353,2.680264711380005,-0.10792189815725406,True
5,96,0,57,couch,0.8379786014556885,2.2398168151806668,2.4435423774104694,-0.20372556222980265,0.20372556222980265,8.337304239662899,349,361,349,2.7825958728790283,-0.1357142840171892,True
5,96,1,58,potted plant,0.3724138140678406,3.444704422871351,3.6309514948730746,-0.18624707200172352,0.18624707200172352,5.129428808528715,288,590,288,3.9128189086914062,-0.07963597923118271,True
5,96,2,58,potted plant,0.3457021117210388,4.808152731105021,3.3754713061435897,1.432681424961431,1.432681424961431,42.44389286775605,253,636,253,3.4516396522521973,0.4712050384129658,False
5,97,0,57,couch,0.8684467077255249,1.9937802523066508,2.1902133818749494,-0.19643312956829861,0.19643312956829861,8.968675435639083,369,365,369,2.5324738025665283,-0.1415695097294012,True
5,97,1,56,chair,0.46962952613830566,1.1822867244426092,1.077195449571581,0.1050912748710282,0.1050912748710282,9.756008058966902,479,624,479,1.6498234272003174,-0.11723099482430865,True
5,97,2,58,potted plant,0.3195297420024872,3.080203061351166,3.346801201500795,-0.2665981401496289,0.2665981401496289,7.965759664185587,302,609,302,3.6623847484588623,-0.1333033761732323,True
5,98,0,57,couch,0.8172335028648376,1.8276597569332034,1.9442614578765953,-0.11660170094339195,0.11660170094339195,5.997223288617636,385,369,385,2.295222043991089,-0.09863175946481562,True
5,98,1,56,chair,0.28287917375564575,1.1822867244426092,1.282009659471818,-0.09972293502920881,0.09972293502920881,7.778641470634019,479,606,479,1.6468921899795532,-0.11435766449789497,True
5,99,0,57,couch,0.8823031783103943,1.7896679701346712,1.9749614693183408,-0.18529349918366966,0.18529349918366966,9.382132363707523,389,321,389,2.3194327354431152,-0.14349960715508958,True
5,99,1,56,chair,0.6814690828323364,1.1822867244426092,1.023027450623573,0.15925927381903615,0.15925927381903615,15.567448725052465,479,603,479,1.3730345964431763,0.1540898439646281,False
5,99,2,56,chair,0.5306265354156494,1.5267529496504633,1.6912057211772624,-0.16445277152679916,0.16445277152679916,9.723995695350546,421,61,421,2.0479204654693604,-0.14892584265832753,True
5,99,3,58,potted plant,0.27064529061317444,5.028117720157712,3.581464574387309,1.4466531457704033,1.4466531457704033,40.39278110178952,249,561,249,3.622060537338257,0.4641424493082851,False
5,99,4,58,potted plant,0.26071760058403015,3.253389362047055,3.6261389836507334,-0.3727496216036785,0.3727496216036785,10.279518332979084,295,548,295,3.87235951423645,-0.14512371517847877,True
5,100,0,57,couch,0.8689595460891724,1.5561150456107948,1.7178818504484383,-0.1617668048376435,0.1617668048376435,9.416643222315647,417,324,417,2.072868585586548,-0.14398537523788835,True
5,100,1,56,chair,0.5688490271568298,1.1822867244426092,0.9995102895376091,0.18277643490500006,0.18277643490500006,18.286598629170253,479,593,479,1.6522443294525146,-0.119604071902222,True
5,100,2,56,chair,0.35614457726478577,1.3317688807658508,1.4591693798213352,-0.12740049905548445,0.12740049905548445,8.731028817989843,451,26,451,1.823846697807312,-0.13366761272571348,True
5,101,0,57,couch,0.8855714797973633,1.5267529496504633,1.6884489829952314,-0.16169603334476812,0.16169603334476812,9.57660166065111,421,277,421,2.0436298847198486,-0.1454711921495926,True
5,101,1,58,potted plant,0.4631907045841217,3.416156690958381,3.798909853918174,-0.3827531629597929,0.3827531629597929,10.075342076491324,289,485,289,4.044302463531494,-0.14492473216583424,True
5,101,2,62,tv,0.4167690873146057,4.24359786465229,2.961302238433656,1.2822956262186338,1.2822956262186338,43.30174777758883,265,604,265,3.0730624198913574,0.47273054728925823,False
5,101,3,62,tv,0.3350004255771637,6.48109328551411,3.236683675421814,3.244409610092296,3.244409610092296,100.23869909590333,229,562,229,3.731541633605957,0.6581069476094991,False
5,101,4,58,potted plant,0.3133399486541748,5.267474899589832,3.7503348036519415,1.5171400959378905,1.5171400959378905,40.45345750092908,245,491,245,3.8831145763397217,0.43636973308235394,False
5,102,0,57,couch,0.8612438440322876,1.47059365802198,1.6239350324036999,-0.1533413743817198,0.1533413743817198,9.442580603409269,429,227,429,1.9822754859924316,-0.14393869652039282,True
5,102,1,62,tv,0.6523614525794983,4.808152731105021,3.3294329205982574,1.4787198105067634,1.4787198105067634,44.413563684023885,253,535,253,3.4388341903686523,0.4750218315877661,False
5,102,2,58,potted plant,0.39844825863838196,6.131451933135833,4.177737453296897,1.9537144798389354,1.9537144798389354,46.764893717702265,233,408,233,4.302003860473633,0.4774592076654416,False
5,103,0,57,couch,0.9004300236701965,1.2752496292077253,1.3832314602187747,-0.10798183101104941,0.10798183101104941,7.806490389827511,461,214,461,1.7508357763290405,-0.12111910051802233,True
5,103,1,62,tv,0.8728602528572083,6.131451933135833,2.899883148270194,3.231568784865639,3.231568784865639,111.43789661984478,233,627,233,3.0435166358947754,0.776588303198635,False
5,103,2,58,potted plant,0.36956655979156494,5.741370501456522,4.205865920483213,1.535504580973309,1.535504580973309,36.508643166563296,238,445,238,4.068230628967285,0.4716244898027333,False
5,103,3,57,couch,0.29659774899482727,2.1866480344612778,2.410500038682389,-0.2238520042211114,0.2238520042211114,9.286538088730827,353,627,353,2.7278525829315186,-0.136470414439803,True
5,103,4,58,potted plant,0.2721562087535858,3.5329678035523537,3.909935871832851,-0.37696806828049745,0.37696806828049745,9.641285193349912,285,437,285,4.042353630065918,-0.09532441794515578,True
5,104,0,57,couch,0.9180232286453247,1.1921038660878276,1.2595442313105625,-0.06744036522273489,0.06744036522273489,5.354346718936804,477,160,477,1.625195860862732,-0.08327858201350402,True
5,104,1,62,tv,0.8372268080711365,6.974543802967849,3.0384494032942553,3.936094399673594,3.936094399673594,129.5428647061268,224,581,224,3.1050257682800293,0.8463214246787788,False
5,104,2,58,potted plant,0.5116846561431885,5.815615322550515,4.086514455576835,1.7291008669736803,1.7291008669736803,42.31236389275436,237,378,237,4.123929977416992,0.46999285434085003,False
5,105,0,57,couch,0.9331162571907043,1.1822867244426092,1.0710732350706436,0.11121348937196562,0.11121348937196562,10.383369290768474,479,102,479,1.5172991752624512,0.012675226815130003,True
5,105,1,62,tv,0.8358389139175415,6.131451933135833,2.8097397226157512,3.3217122105200816,3.3217122105200816,118.22134925108669,233,597,233,3.0430750846862793,0.7766932552482463,False
5,105,2,58,potted plant,0.32703539729118347,4.24359786465229,3.7617522087248956,0.48184565592739403,0.48184565592739403,12.809074845754475,265,371,265,2.7728464603424072,0.5730873387636675,False
5,106,0,57,couch,0.9364585280418396,1.1822867244426092,0.9611867897052093,0.22109993473739986,0.22109993473739986,23.002806229287646,479,29,479,1.6584997177124023,-0.12573588432030447,True
5,106,1,62,tv,0.7852040529251099,5.5289069561326665,3.579157207188341,1.9497497489443254,1.9497497489443254,54.47510785579546,241,446,241,3.750560998916626,0.5179622469993735,False
5,106,2,57,couch,0.6417699456214905,1.949971839345048,2.150779927170662,-0.200808087825614,0.200808087825614,9.33652417380405,373,637,373,2.4784884452819824,-0.13650122497979078,True
5,106,3,56,chair,0.30304449796676636,1.1822867244426092,1.000099158706201,0.18218756573640826,0.18218756573640826,18.21695020442763,479,425,479,1.6539546251296997,-0.1212805805114805,True
5,106,4,57,couch,0.2997661828994751,1.9937802523066508,2.1743544431277666,-0.1805741908211158,0.1805741908211158,8.304726554211802,369,633,369,2.5248513221740723,-0.1366285577684827,True
5,106,5,58,potted plant,0.2790496349334717,3.5329678035523537,3.6071512783566044,-0.0741834748042507,0.0741834748042507,2.056566777483428,285,385,285,2.5243194103240967,0.5037713761531352,False
5,106,6,63,laptop,0.2742408812046051,1.1822867244426092,1.000099158706201,0.18218756573640826,0.18218756573640826,18.21695020442763,479,425,479,1.6539546251296997,-0.1212805805114805,True
5,107,0,57,couch,0.9199644923210144,1.1822867244426092,0.9613281292489182,0.220958595193691,0.220958595193691,22.98472170645054,479,2,479,0.9393358826637268,0.5792207948141951,False
5,107,1,62,tv,0.7186238765716553,5.028117720157712,2.9544653650449333,2.073652355112779,2.073652355112779,70.18705921032998,249,515,249,3.149322271347046,0.5993388374635648,False
5,107,2,57,couch,0.5479328036308289,1.8669919745293975,2.047465646313393,-0.18047367178399543,0.18047367178399543,8.814490836950114,381,633,381,2.3902812004089355,-0.13598043045109764,True
5,107,3,58,potted plant,0.49625304341316223,3.3060809373083413,2.098680490246581,1.2074004470617603,1.2074004470617603,57.53140855280448,293,390,293,2.2543885707855225,0.5558609166327866,False
5,108,0,57,couch,0.9018981456756592,1.1822867244426092,0.9653485937898807,0.2169381306527285,0.2169381306527285,22.472517394058336,479,0,479,0.93129563331604,0.5871022082047543,False
5,108,1,62,tv,0.8383636474609375,4.808152731105021,2.3668336041833475,2.441319126921673,2.441319126921673,103.14705362500656,253,629,253,2.4948525428771973,0.756384795458039,False
5,108,2,58,potted plant,0.5680873394012451,2.922685298749407,1.8432894465414682,1.0793958522079388,1.0793958522079388,58.558131184073694,309,398,309,2.0107364654541016,0.5607914285358874,False
5,108,3,57,couch,0.5367639660835266,1.6830832967517113,1.8529234664683476,-0.1698401697166363,0.1698401697166363,9.16606502050243,401,635,401,2.1967978477478027,-0.13617608367614253,True
5,109,0,62,tv,0.8008929491043091,4.605315013119116,2.2286405192239935,2.376674493895122,2.376674493895122,106.64234421810986,257,474,257,3.0301589965820312,0.5602451102660364,False
5,109,1,57,couch,0.7794130444526672,1.1822867244426092,0.9687218117925678,0.2135649126500414,0.2135649126500414,22.046051823159736,479,2,479,0.9438222646713257,0.5748230417469936,False
5,109,2,58,potted plant,0.4490099251270294,2.6834240906752167,1.6715489276315196,1.011875163043697,1.011875163043697,60.53518065292057,321,391,321,1.7557462453842163,0.6162995206118183,False
5,110,0,57,couch,0.8558200597763062,1.1822867244426092,0.8760560237906942,0.30623070065191493,0.30623070065191493,34.95560698582435,479,2,479,0.917082667350769,0.6010343955579337,False
5,110,1,62,tv,0.8554210662841797,4.24359786465229,2.0115433626694936,2.232054501982796,2.232054501982796,110.96228614334542,265,611,265,2.2708966732025146,0.7408801176495907,False
5,110,2,58,potted plant,0.39408230781555176,3.5329678035523537,2.493336403833107,1.0396313997192466,1.0396313997192466,41.696395164366066,285,402,285,2.6823642253875732,0.44139861620331367,False
5,111,0,62,tv,0.8693656921386719,3.930619911182698,1.9378613911918847,1.992758519990813,1.992758519990813,102.83287179611766,273,627,273,2.0834743976593018,0.7532199675876795,False
5,111,1,57,couch,0.8128114938735962,1.1822867244426092,0.9235075794102278,0.2587791450323814,0.2587791450323814,28.02133418305494,479,14,479,0.8836108446121216,0.6338449789778,False
5,111,2,58,potted plant,0.4801958203315735,2.1231228482872155,2.3074416716848987,-0.18431882339768313,0.18431882339768313,7.988016583885874,358,385,358,2.410682201385498,0.017420336839734096,True
5,112,0,62,tv,0.8180885314941406,4.24359786465229,2.0463353401965403,2.1972625244557493,2.1972625244557493,107.37548637774654,265,442,265,2.7399251461029053,0.5840923415395393,False
5,112,1,57,couch,0.7676957845687866,1.1822867244426092,0.9033483587889454,0.2789383656536638,0.2789383656536638,30.8782722567423,479,6,479,0.978107750415802,0.5412148693181015,False
5,113,0,57,couch,0.752558171749115,1.1822867244426092,0.8695495472271639,0.31273717721544525,0.31273717721544525,35.9654235014793,479,0,479,0.8700383305549622,0.6471493666165274,False
5,113,1,62,tv,0.7268753051757812,4.605315013119116,2.20468631603579,2.4006286970833255,2.4006286970833255,108.8875401286046,257,612,257,2.3335304260253906,0.7762932140940633,False
5,113,2,57,couch,0.6218981742858887,1.5267529496504633,1.6742080740331213,-0.14745512438265806,0.14745512438265806,8.807455098901936,421,633,421,2.033302068710327,-0.13715553585167228,True
5,113,3,58,potted plant,0.3073779046535492,3.6571519736962883,2.586345134647452,1.0708068390488363,1.0708068390488363,41.40231807054627,281,308,281,2.493777275085449,0.5459349504773605,False
5,113,4,56,chair,0.2806847095489502,1.5267529496504633,1.6742080740331213,-0.14745512438265806,0.14745512438265806,8.807455098901936,421,633,421,2.033302068710327,-0.13715553585167228,True
5,113,5,58,potted plant,0.252903014421463,2.1355772235358987,2.1530576419291085,-0.017480418393209796,0.017480418393209796,0.8118880819905775,357,283,357,1.5060489177703857,0.5783196359640258,False
5,114,0,62,tv,0.8560327291488647,4.24359786465229,1.8808143772079593,2.3627834874443305,2.3627834874443305,125.62555433842691,265,529,265,2.3045542240142822,0.7296290042396617,False
5,114,1,57,couch,0.6776092648506165,1.3435329484955398,1.4789180347691149,-0.13538508627357504,0.13538508627357504,9.154333309263555,449,637,449,1.8401097059249878,-0.13712600892466287,True
5,114,2,57,couch,0.6056963205337524,1.1822867244426092,0.7547461935703459,0.4275405308722633,0.4275405308722633,56.646927737359235,479,10,479,1.0217217206954956,0.49846249753043703,False
5,115,0,62,tv,0.900238037109375,4.86145615939251,2.177242809230239,2.6842133501622714,2.6842133501622714,123.28497946038783,252,548,252,2.422342300415039,0.7853090668420102,False
5,115,1,57,couch,0.6188899874687195,1.1822867244426092,0.77255956253456,0.40972716190804914,0.40972716190804914,53.035025618457766,479,0,479,0.869299054145813,0.6478740385437817,False
5,115,2,57,couch,0.4779360890388489,1.5561150456107948,1.6157256515279537,-0.05961060591715883,0.05961060591715883,3.6894014686705314,417,605,417,1.989421010017395,-0.07780337277586202,True
5,115,3,56,chair,0.38417747616767883,1.5561150456107948,1.6157256515279537,-0.05961060591715883,0.05961060591715883,3.6894014686705314,417,605,417,1.989421010017395,-0.07780337277586202,True
5,115,4,58,potted plant,0.28915897011756897,3.202174322980737,2.0631174459789245,1.1390568770018126,1.1390568770018126,55.21047186246557,297,212,297,2.294311761856079,0.5114393765441557,False
5,115,5,58,potted plant,0.26644450426101685,1.939268937814825,2.1029567262491966,-0.1636877884343717,0.1636877884343717,7.783697419505294,374,250,374,2.4573967456817627,-0.1299924529067238,True
5,115,6,56,chair,0.25658777356147766,1.6663189989070966,1.6721111616311743,-0.005792162724077787,0.005792162724077787,0.34639818553853974,403,226,403,1.2296710014343262,0.5767168836365147,False
5,116,0,62,tv,0.9114649891853333,5.028117720157712,2.5432978039223406,2.4848199162353715,2.4848199162353715,97.7007062406619,249,278,249,2.6408183574676514,0.7447636897868073,False
5,116,1,58,potted plant,0.45884621143341064,1.8180388561468501,1.9828651962011667,-0.16482634005431662,0.16482634005431662,8.312533820760782,386,192,386,2.340170383453369,-0.13700231292567122,True
5,116,2,57,couch,0.4081583321094513,1.1822867244426092,0.746119456970018,0.43616726747259116,0.43616726747259116,58.458101232725,479,2,479,0.8922194838523865,0.6254064042957551,False
5,116,3,57,couch,0.3651590347290039,1.7896679701346712,1.9521756202220735,-0.1625076500874023,0.1625076500874023,8.324438047685275,389,441,389,2.308295488357544,-0.1356079960166321,True
5,116,4,56,chair,0.31600120663642883,1.1822867244426092,0.746119456970018,0.43616726747259116,0.43616726747259116,58.458101232725,479,2,479,0.8922194838523865,0.6254064042957551,False
5,116,5,58,potted plant,0.29781466722488403,2.922685298749407,1.9229180549432094,0.9997672438061975,0.9997672438061975,51.992191827213574,309,150,309,2.2039835453033447,0.4705263356591689,False
5,117,0,62,tv,0.9270339608192444,4.417679139474614,2.1497706183376613,2.2679085211369525,2.2679085211369525,105.49537247330336,261,381,261,2.424337387084961,0.7188592750611615,False
5,117,1,56,chair,0.5189735293388367,1.1921038660878276,1.303086598502962,-0.11098273241513446,0.11098273241513446,8.516911504011771,477,147,477,1.674139142036438,-0.1309595112368025,True
5,117,2,57,couch,0.4009891748428345,1.6255644412834882,1.7739898718440281,-0.14842543056053992,0.14842543056053992,8.366757494858442,408,593,408,2.1378183364868164,-0.1374194205938255,True
5,117,3,57,couch,0.25845080614089966,1.5561150456107948,1.7064736690494993,-0.15035862343870443,0.15035862343870443,8.811071988145807,417,453,417,2.064934253692627,-0.1376926822584159,True
5,118,0,62,tv,0.9027314186096191,4.417679139474614,2.2042097611093245,2.2134693783652892,2.2134693783652892,100.42008784369527,261,330,261,2.447180986404419,0.7114988862688781,False
5,118,1,56,chair,0.2663590610027313,1.1822867244426092,0.9159158287810688,0.2663708956615404,0.2663708956615404,29.082464489781295,479,2,479,1.1709508895874023,0.3521813662984701,False
5,118,2,58,potted plant,0.2639086842536926,2.4132886231462733,1.4903307272831785,0.9229578958630948,0.9229578958630948,61.92973673337697,337,48,337,1.7176743745803833,0.5525045153317696,False
5,119,0,62,tv,0.8971230983734131,3.930619911182698,1.9507182468249311,1.9799016643577667,1.9799016643577667,101.49603447757438,273,210,273,2.0670969486236572,0.7590901390356273,False
5,119,1,28,suitcase,0.49743035435676575,1.1822867244426092,1.3015197755216206,-0.11923305107901139,0.11923305107901139,9.161063344675297,479,126,479,1.6791993379592896,-0.1460265814291255,True
5,120,0,62,tv,0.654237687587738,3.416156690958381,1.7034303342195252,1.712726356738856,1.712726356738856,100.5457236690334,289,194,289,1.82448148727417,0.7579351448468596,False
5,120,1,57,couch,0.3105930984020233,1.2807351819428308,1.2845630758315127,-0.003827893888681988,0.003827893888681988,0.29799189784465413,460,429,460,1.679552435874939,-0.05004727131535769,True
5,121,0,62,tv,0.8151419758796692,2.8389123183635725,1.447594040025049,1.3913182783385234,1.3913182783385234,96.112462463195,313,174,313,1.5873395204544067,0.739393134292423,False
5,122,0,28,suitcase,0.44688522815704346,1.1822867244426092,0.8183537382820548,0.36393298616055436,0.36393298616055436,44.47135378455628,479,6,479,1.0565502643585205,0.46432199534832286,False
5,122,1,28,suitcase,0.36372411251068115,2.2952155523968525,1.1932926609100842,1.1019228914867683,1.1019228914867683,92.34305443950093,345,149,345,1.3507816791534424,0.722269270956075,False
5,123,0,62,tv,0.33120569586753845,2.5088579164064098,1.1269781757372739,1.3818797406691359,1.3818797406691359,122.6181456233706,331,368,331,1.4805055856704712,0.7101440490292139,False
5,123,1,28,suitcase,0.3087187707424164,1.1822867244426092,0.8180138860244088,0.36427283841820035,0.36427283841820035,44.53137589003358,479,58,479,1.0561445951461792,0.464719650523433,False
5,124,0,62,tv,0.5819340348243713,2.2398168151806668,0.9904970783944738,1.249319736786193,1.249319736786193,126.13058271825017,349,562,349,1.3393193483352661,0.712697822818977,False
5,124,1,67,cell phone,0.566967785358429,1.367546627726179,0.9444232209200689,0.42312340680611005,0.42312340680611005,44.80230869311937,445,238,445,1.1703382730484009,0.47289325164905627,False
5,125,0,62,tv,0.9125110507011414,1.9937802523066508,0.8877699792270071,1.1060102730796437,1.1060102730796437,124.58297745578886,369,582,369,1.2183215618133545,0.7102743464150139,False
5,125,1,65,remote,0.37954410910606384,1.1822867244426092,0.805296038424417,0.3769906860181922,0.3769906860181922,46.813925318170504,479,318,479,1.0453981161117554,0.4752538317534767,False
5,125,2,59,bed,0.3301353454589844,1.1822867244426092,0.8195800338488312,0.362706690593778,0.362706690593778,44.25518870810829,479,162,479,1.3415896892547607,0.18491355376051577,False
5,125,3,67,cell phone,0.318930983543396,1.367546627726179,0.944702886986853,0.42284374073932596,0.42284374073932596,44.75944199641368,445,301,445,1.1724401712417603,0.4710485936826694,False
5,126,0,62,tv,0.9073060750961304,1.7529492399297044,1.043233281873052,0.7097159580566523,0.7097159580566523,68.03041758621879,393,531,393,1.2445392608642578,0.6031198808898202,False
5,126,1,58,potted plant,0.4483606815338135,1.212107743143963,0.8851921159959897,0.3269156271479734,0.3269156271479734,36.931601766486416,473,121,473,1.0971347093582153,0.44440962683092056,False
5,126,2,65,remote,0.286106139421463,1.1822867244426092,0.8062630817331835,0.3760236427094257,0.3760236427094257,46.63783462602634,479,362,479,1.0369340181350708,0.48355072059954707,False
5,127,0,62,tv,0.47594690322875977,1.3435329484955398,0.7389007632550301,0.6046321852405098,0.6046321852405098,81.82860477460655,449,635,449,0.925199568271637,0.6768597971162966,False
5,127,1,67,cell phone,0.3682650327682495,1.1822867244426092,0.7979314811619895,0.38435524328061965,0.38435524328061965,48.16895339445706,479,294,479,1.0523090362548828,0.4684794375522816,False
5,128,0,62,tv,0.3910565972328186,1.2752496292077253,0.6978586806347463,0.577390948572979,0.577390948572979,82.73751757989248,461,638,461,0.8845565915107727,0.6809788185881002,False
5,134,0,61,toilet,0.561010479927063,1.1822867244426092,0.9113971434748316,0.2708895809677776,0.2708895809677776,29.722452270913692,479,162,479,1.1581952571868896,0.3646850098621335,False
5,135,0,61,toilet,0.28204861283302307,1.1822867244426092,0.911566645737157,0.2707200787054522,0.2707200787054522,29.6983308868798,479,194,479,1.1585230827331543,0.3643636605434284,False
5,136,0,75,vase,0.4727046489715576,1.1921038660878276,0.7714169482364405,0.4206869178513871,0.4206869178513871,54.53431102507304,477,2,477,0.8794469237327576,0.643235894272718,False
5,138,0,0,person,0.53817218542099,1.1822867244426092,0.7637727850880237,0.4185139393545855,0.4185139393545855,54.795607741686204,479,3,479,1.1608397960662842,0.3620927141217145,False
6,0,0,57,couch,0.8072044849395752,1.4437228492128802,1.5825601873893915,-0.13883733817651134,0.13883733817651134,8.772957849112768,433,636,433,1.935152530670166,-0.1282239075730025,True
6,0,1,73,book,0.4932786524295807,1.1921038660878276,0.8786799624377754,0.31342390365005224,0.31342390365005224,35.66985899854837,477,36,477,1.0226309299468994,0.5037449099642816,False
6,1,0,58,potted plant,0.27613183856010437,4.08165363695277,2.2569197119972166,1.8247339249555532,1.8247339249555532,80.85063528204957,269,237,269,2.4065327644348145,0.6664827618998832,False
6,2,0,73,book,0.32714831829071045,1.1822867244426092,0.7814380099340512,0.40084871450855797,0.40084871450855797,51.2962908653992,479,46,479,0.8849671483039856,0.632515469205594,False
6,2,1,73,book,0.27261191606521606,3.416156690958381,1.2745765281126569,2.1415801628457243,2.1415801628457243,168.0228778429564,289,125,289,1.3530148267745972,0.9496930999554367,False
6,3,0,58,potted plant,0.39774057269096375,1.7896679701346712,1.9244243187229868,-0.13475634858831564,0.13475634858831564,7.002423908139839,389,284,389,2.2766900062561035,-0.11321303856694298,True
6,3,1,73,book,0.36411309242248535,1.2326200688054518,0.901812720889474,0.3308073479159779,0.3308073479159779,36.68248853150981,469,128,469,1.1488447189331055,0.4085289142788977,False
6,3,2,73,book,0.25181010365486145,2.542172777113504,0.9413946693188548,1.6007781077946492,1.6007781077946492,170.0432517801371,329,98,329,0.9011862874031067,1.0246538233607174,False
6,4,0,73,book,0.29476580023765564,1.367546627726179,1.006536482143101,0.36101014558307787,0.36101014558307787,35.86657334212278,445,182,445,1.1180524826049805,0.5187800601419709,False
6,5,0,73,book,0.3026142418384552,3.416156690958381,1.2547266652359776,2.1614300257224035,2.1614300257224035,172.2630183615251,289,229,289,1.3548614978790283,0.9489420099963533,False
6,5,1,58,potted plant,0.2691149115562439,1.8085006291262538,1.6773400260827185,0.13116060304353527,0.13116060304353527,7.819559600556928,387,339,387,1.9587849378585815,0.12387283699513585,True
6,6,0,73,book,0.2905774712562561,1.1822867244426092,0.8043314468722053,0.3779552775704039,0.3779552775704039,46.9899913823032,479,198,479,0.936781644821167,0.581724573424098,False
6,6,1,72,refrigerator,0.27695897221565247,1.1822867244426092,0.8197328238530193,0.3625539005895899,0.3625539005895899,44.22830098293063,479,329,479,1.4893373250961304,0.04008468774050011,True
6,7,0,72,refrigerator,0.354171484708786,1.1822867244426092,0.9206269809908039,0.2616597434518053,0.2616597434518053,28.421906901989768,479,66,479,0.9854094386100769,0.5340574267290101,False
6,7,1,73,book,0.3239276707172394,2.542172777113504,0.9450579416846283,1.5971148354288758,1.5971148354288758,168.99649904871578,329,239,329,0.8923903107643127,1.0292934122265307,False
6,8,0,72,refrigerator,0.5332799553871155,1.1822867244426092,0.6865440627540043,0.4957426616886049,0.4957426616886049,72.20842602585212,479,440,479,1.6682130098342896,-0.13525728935208758,True
6,8,1,72,refrigerator,0.45559102296829224,1.1822867244426092,0.7010463588190815,0.4812403656235277,0.4812403656235277,68.64601171799552,479,444,479,1.6684452295303345,-0.13548492152402858,True
6,12,0,52,hot dog,0.26830849051475525,2.0864826102176868,0.36590119583017156,1.720581414387515,1.720581414387515,470.23115365441475,361,203,361,0.41622138023376465,1.2402529902691484,False
6,13,0,0,person,0.4422958493232727,4.24359786465229,4.764627352340019,-0.5210294876877297,0.5210294876877297,10.935367011059952,265,610,265,4.935250759124756,-0.14976549565029518,True
6,13,1,13,bench,0.4271813631057739,2.1866480344612778,2.4067111926950195,-0.22006315823374178,0.22006315823374178,9.143729372335551,353,441,353,2.7252824306488037,-0.1349285502651827,True
6,15,0,56,chair,0.3063085675239563,4.417679139474614,3.627734642914592,0.7899444965600217,0.7899444965600217,21.775145492046384,261,576,261,5.119270324707031,-0.14946948139417215,True
6,15,1,59,bed,0.3039647936820984,1.1822867244426092,0.2067096960818715,0.9755770283607377,0.9755770283607377,471.9551365284485,479,0,479,0.26006609201431274,1.2450715405210993,False
6,16,0,59,bed,0.5388796329498291,1.1822867244426092,0.2089158459936869,0.9733708784489223,0.9733708784489223,465.91529417942576,479,2,479,0.26312512159347534,1.2420729423875394,False
6,17,0,56,chair,0.3950894773006439,5.5289069561326665,6.208784901822918,-0.6798779456902517,0.6798779456902517,10.950257682314577,241,429,241,6.291204452514648,-0.14727364412940758,True
6,19,0,56,chair,0.2907646894454956,5.5289069561326665,6.208902352531318,-0.6799953963986516,0.6799953963986516,10.951942191866218,241,377,241,6.292384147644043,-0.14758253262753662,True
6,20,0,57,couch,0.60370934009552,1.5863849771239793,1.739880327910025,-0.1534953507860457,0.1534953507860457,8.822178647793958,413,638,413,2.0871288776397705,-0.13009502070141155,True
6,21,0,57,couch,0.35037580132484436,1.47059365802198,1.611375831074812,-0.14078217305283203,0.14078217305283203,8.7367683154915,429,637,429,1.9623359441757202,-0.12740245591457833,True
6,21,1,55,cake,0.28110986948013306,3.416156690958381,3.797276891719732,-0.3811202007613508,0.3811202007613508,10.036671320767102,289,347,289,4.056133270263672,-0.1497366340378421,True
6,21,2,60,dining table,0.27945753931999207,1.5267529496504633,1.6784721789503267,-0.15171922929986348,0.15171922929986348,9.039126844196177,421,167,421,2.028066635131836,-0.13294011739638734,True
6,22,0,60,dining table,0.4355616569519043,1.2974092736530591,1.428788993804343,-0.13137972015128385,0.13137972015128385,9.195180024551258,457,149,457,1.7903896570205688,-0.1361252011340799,True
6,23,0,60,dining table,0.5181000232696533,1.1822867244426092,1.1998158856137584,-0.01752916117114922,0.01752916117114922,1.460987588290039,479,114,479,1.6684452295303345,-0.13548492152402858,True
6,24,0,60,dining table,0.49551451206207275,1.1822867244426092,1.0571098636583627,0.1251768607842465,0.1251768607842465,11.84142396997832,479,22,479,1.413177490234375,0.11473997719056128,True
6,24,1,57,couch,0.328034371137619,1.2974092736530591,1.4211849854062595,-0.12377571175320035,0.12377571175320035,8.709331510269077,457,637,457,1.7829502820968628,-0.12932682138158746,True
6,25,0,57,couch,0.8848876357078552,1.3435329484955398,1.466974594236626,-0.12344164574108607,0.12344164574108607,8.41470917260989,449,636,449,1.8326525688171387,-0.13049147345535506,True
6,26,0,57,couch,0.8841266632080078,1.417612327684669,1.5521183501823625,-0.1345060224976935,0.1345060224976935,8.665964324298468,437,636,437,1.9054383039474487,-0.12622896430477715,True
6,26,1,56,chair,0.32443708181381226,4.417679139474614,4.946614587842857,-0.5289354483682436,0.5289354483682436,10.692877704040091,261,146,261,5.122708797454834,-0.15057738457184455,False
6,27,0,57,couch,0.872085690498352,1.5561150456107948,1.7037250516173932,-0.14761000600659835,0.14761000600659835,8.663957007996572,417,636,417,2.0518276691436768,-0.12729789241615674,True
6,27,1,56,chair,0.6430005431175232,3.930619911182698,4.374770583289828,-0.44415067210713,0.44415067210713,10.152547742815091,273,65,273,4.60575532913208,-0.15084155477820826,False
6,27,2,1,bicycle,0.2907383441925049,3.416156690958381,3.8424422751532115,-0.4262855841948303,0.4262855841948303,11.09413111945404,289,22,289,4.060354232788086,-0.1514534110871757,False
6,28,0,57,couch,0.8761385679244995,1.3985091679134343,1.5236079853486455,-0.12509881743521123,0.12509881743521123,8.210695837655708,440,636,440,1.8850146532058716,-0.12586790283755467,True
6,29,0,57,couch,0.8867375254631042,1.2536604778467009,1.372424184394137,-0.11876370654743607,0.11876370654743607,8.653571388343382,465,630,465,1.7343653440475464,-0.12680979019952932,True
6,30,0,57,couch,0.8299350142478943,1.1822867244426092,1.2965119135557202,-0.11422518911311097,0.11422518911311097,8.81019201742969,479,632,479,1.6621309518814087,-0.1292953830828767,True
6,31,0,57,couch,0.7260416150093079,1.1822867244426092,1.1363035359882876,0.04598318845432159,0.04598318845432159,4.046734609016966,479,576,479,1.660946249961853,-0.12813408507222568,True
6,31,1,56,chair,0.34324344992637634,4.24359786465229,4.781181851203789,-0.5375839865514997,0.5375839865514997,11.243746907810017,265,198,265,4.934089660644531,-0.149377361327802,True
6,33,0,60,dining table,0.4137062728404999,1.1822867244426092,1.1503029001051872,0.03198382433742197,0.03198382433742197,2.780469764485274,479,48,479,1.4654912948608398,0.0634596371831031,True
6,34,0,56,chair,0.47978001832962036,4.605315013119116,5.15572160080908,-0.550406587689964,0.550406587689964,10.67564601633241,257,363,257,5.314849376678467,-0.14831472393593415,True
6,34,1,13,bench,0.40972834825515747,1.5561150456107948,1.7117375477805874,-0.15562250216979256,0.15562250216979256,9.091493165618193,417,195,417,2.063131332397461,-0.13626279120667828,True
6,34,2,60,dining table,0.3495452105998993,1.1822867244426092,1.1179478218987384,0.06433890254387076,0.06433890254387076,5.755089932068266,479,39,479,1.437638521194458,0.09076217642606776,True
6,34,3,62,tv,0.3033277690410614,14.405417795833678,4.132460173557231,10.272957622276447,10.272957622276447,248.5918119189873,189,50,189,4.008933067321777,1.079564681839321,False
6,35,0,56,chair,0.41871222853660583,4.417679139474614,4.922121292623779,-0.5044421531491654,0.5044421531491654,10.248470591432097,261,420,261,5.1172404289245605,-0.14881543288115728,True
6,35,1,60,dining table,0.400238037109375,1.1822867244426092,1.1495109201344627,0.03277580430814653,0.03277580430814653,2.8512825527845025,479,123,479,1.6694413423538208,-0.13646135603570086,True
6,36,0,62,tv,0.6023738980293274,11.634047571732243,4.953414361045474,6.680633210686769,6.680633210686769,134.869258328648,197,210,197,4.9492268562316895,0.8614370802796715,False
6,36,1,56,chair,0.5187675952911377,4.08165363695277,4.528372552679575,-0.4467189157268052,0.4467189157268052,9.864888776928659,269,481,269,4.763189792633057,-0.14975971205386607,True
6,36,2,60,dining table,0.41156426072120667,1.1822867244426092,1.2713860213015298,-0.0890992968589206,0.0890992968589206,7.008044399269768,479,202,479,1.6607325077056885,-0.12792456531643004,True
6,36,3,56,chair,0.2513159513473511,5.8916766697702,4.098048853022451,1.7936278167477484,1.7936278167477484,43.76784858054795,236,475,236,4.211719512939453,0.4607793855542799,False
6,37,0,62,tv,0.6937913298606873,11.634047571732243,5.1142633620712115,6.519784209661031,6.519784209661031,127.4823713227901,197,273,197,5.160525321960449,0.8341747685837967,False
6,37,1,56,chair,0.5888219475746155,3.6571519736962883,4.0515846880947946,-0.39443271439850625,0.39443271439850625,9.73527014152043,281,556,281,2.8782119750976562,0.3988585797165436,False
6,37,2,60,dining table,0.34540534019470215,1.2326200688054518,1.3512518850242399,-0.11863181621878804,0.11863181621878804,8.779400608692578,469,238,469,1.7213753461837769,-0.13540937001264597,True
6,37,3,57,couch,0.31582292914390564,1.7896679701346712,1.9719918276146413,-0.18232385747997015,0.18232385747997015,9.24567003406462,389,629,389,2.3319735527038574,-0.15238575760320594,False
6,38,0,56,chair,0.5171734094619751,3.503100034920091,2.9781726765910874,0.5249273583290037,0.5249273583290037,17.625820102877732,286,633,286,3.253385543823242,0.20622329924700722,False
6,38,1,62,tv,0.4107484221458435,11.634047571732243,4.850116676260675,6.783930895471568,6.783930895471568,139.87149894096603,197,266,197,4.9200544357299805,0.8652009865527138,False
6,38,2,1,bicycle,0.3171093761920929,3.6571519736962883,4.089768272463041,-0.43261629876675256,0.43261629876675256,10.578014937413844,281,516,281,4.317836284637451,-0.15191042916698527,False
6,38,3,60,dining table,0.3009824752807617,1.1822867244426092,1.1234657900285145,0.05882093441409464,0.05882093441409464,5.235667604315901,479,220,479,1.6694746017456055,-0.1364939583847622,True
6,38,4,56,chair,0.2930208742618561,3.416156690958381,3.7857139298076943,-0.36955723884931313,0.36955723884931313,9.761890245840256,289,569,289,4.058390140533447,-0.15065456284201018,False
6,39,0,60,dining table,0.32766759395599365,1.1822867244426092,1.1708691087177776,0.011417615724831576,0.011417615724831576,0.9751402304340441,479,268,479,1.669258713722229,-0.13628233525160782,True
6,39,1,0,person,0.3246479034423828,3.202174322980737,3.569882264549277,-0.3677079415685398,0.3677079415685398,10.300282035070575,297,594,297,3.834655523300171,-0.15225559920649,False
6,40,0,60,dining table,0.5195215344429016,1.1822867244426092,1.1865438020735324,-0.004257077630923201,0.004257077630923201,0.3587796441634762,479,313,479,1.5491726398468018,-0.01856857418102842,True
6,40,1,56,chair,0.31019729375839233,3.930619911182698,4.328483390084749,-0.397863478902051,0.397863478902051,9.191752469547101,273,421,273,2.3390285968780518,0.6616216386664857,False
6,41,0,60,dining table,0.5360524654388428,1.1822867244426092,1.1733093294621044,0.00897739498050476,0.00897739498050476,0.7651345433876662,479,354,479,1.6691091060638428,-0.13613568310798052,True
6,41,1,72,refrigerator,0.43348556756973267,2.476288589174513,2.7382556451945135,-0.2619670560200005,0.2619670560200005,9.566932016728902,333,60,333,3.0400421619415283,-0.14022811274419889,True
6,41,2,62,tv,0.3606645166873932,10.604093960483102,4.445377010883519,6.158716949599583,6.158716949599583,138.5420614386886,201,445,201,4.635148525238037,0.8459952132248815,False
6,42,0,72,refrigerator,0.7682884931564331,2.8389123183635725,3.128811733309184,-0.28989941494561133,0.28989941494561133,9.265479666269327,313,135,313,3.4222798347473145,-0.1398568202574817,True
6,42,1,60,dining table,0.48834460973739624,1.1822867244426092,1.1594316805784433,0.022855043864165925,0.022855043864165925,1.9712281669553386,479,559,479,1.5147101879119873,0.015213068452815559,True
6,42,2,56,chair,0.28107258677482605,3.202174322980737,3.552613522384652,-0.3504391994039149,0.3504391994039149,9.86426463773314,297,567,297,3.8019814491271973,-0.13817717112523087,True
6,43,0,60,dining table,0.7216221690177917,1.1822867244426092,0.8981908309217776,0.28409589352083153,0.28409589352083153,31.629792215678176,479,405,479,1.4587254524230957,0.0700918197039837,True
6,43,1,72,refrigerator,0.7173722386360168,2.646855648486248,2.8952288820535568,-0.24837323356730856,0.24837323356730856,8.5787080637003,323,125,323,3.2009968757629395,-0.13044714485522113,True
6,43,2,62,tv,0.2894166111946106,14.405417795833678,3.6849626160073945,10.720455179826283,10.720455179826283,290.9243945449234,189,555,189,3.7147693634033203,1.1104149874870788,False
6,44,0,60,dining table,0.6144927144050598,1.1822867244426092,0.6526696055574577,0.5296171188851515,0.5296171188851515,81.14628203542516,479,397,479,1.4897340536117554,0.03969579663771805,True
6,45,0,60,dining table,0.6397589445114136,1.1822867244426092,0.5906081589091299,0.5916785655334793,0.5916785655334793,100.18123803543901,479,379,479,1.6689764261245728,-0.13600562427462837,True
6,46,0,60,dining table,0.3567676544189453,1.1822867244426092,0.5887343453583022,0.593552379084307,0.593552379084307,100.81837143764267,479,386,479,1.5053192377090454,0.02441849946358854,True
6,47,0,60,dining table,0.25396162271499634,1.1822867244426092,0.5905846954847586,0.5917020289578506,0.5917020289578506,100.18919106465754,479,426,479,1.5541954040527344,-0.023492113160780148,True
6,48,0,59,bed,0.3183137774467468,1.1822867244426092,0.5927193099466916,0.5895674144959175,0.5895674144959175,99.46823135371487,479,482,479,1.4117387533187866,0.11615029170963442,True
6,50,0,72,refrigerator,0.3175649344921112,1.949971839345048,2.1547791007076906,-0.2048072613626426,0.2048072613626426,9.504791525747493,373,180,373,2.484471082687378,-0.14045145257160252,True
6,52,1,72,refrigerator,0.3031754493713379,1.5340106059431189,1.6690399524753952,-0.13502934653227627,0.13502934653227627,8.090240520127205,420,148,420,2.031947612762451,-0.1299314965524636,True
6,52,3,71,sink,0.2586232125759125,4.605315013119116,2.2674623881064053,2.3378526250127103,2.3378526250127103,103.10436183089631,257,375,257,2.3429484367370605,0.7733723701291618,False
6,53,0,72,refrigerator,0.6547722816467285,1.6498221342233514,1.8194384631060738,-0.16961632888272238,0.16961632888272238,9.322454830000684,405,204,405,2.1666688919067383,-0.13989654100702276,True
6,53,1,71,sink,0.35299092531204224,4.417679139474614,2.159160639297862,2.2585185001767516,2.2585185001767516,104.60168915042836,261,429,261,2.235941171646118,0.7795620291776512,False
6,54,1,72,refrigerator,0.29747274518013,1.7174406329589356,1.90704865458448,-0.18960802162554447,0.18960802162554447,9.942484748343112,397,265,397,2.2382678985595703,-0.14003798766217157,True
6,55,0,39,bottle,0.5021212100982666,4.417679139474614,2.094085335188579,2.323593804286035,2.323593804286035,110.95984319458442,261,466,261,2.143855333328247,0.8092328162898006,False
6,55,1,72,refrigerator,0.35535359382629395,1.5267529496504633,1.6785845550398435,-0.15183160538938023,0.15183160538938023,9.045216395773181,421,248,421,2.034806251525879,-0.13836665999368192,True
6,56,0,72,refrigerator,0.4806048572063446,1.2974092736530591,1.4255989584654343,-0.12818968481237514,0.12818968481237514,8.991987827373492,457,241,457,1.792953610420227,-0.13846823788882467,True
6,56,2,69,oven,0.3828534483909607,1.3435329484955398,1.4910989758446536,-0.14756602734911373,0.14756602734911373,9.89646091504576,449,535,449,1.852667212486267,-0.1482982887797808,True
6,56,3,45,bowl,0.31550464034080505,3.202174322980737,1.5358851311833672,1.66628919179737,1.66628919179737,108.49048265175463,297,383,297,1.6318825483322144,0.7968632876288232,False
6,57,0,72,refrigerator,0.673327624797821,1.212107743143963,1.331883737497252,-0.119775994353289,0.119775994353289,8.992976712694198,473,190,473,1.7013877630233765,-0.13696265222137471,True
6,57,1,71,sink,0.3415674865245819,3.5329678035523537,1.7072431782543234,1.8257246252980304,1.8257246252980304,106.93992798172172,285,442,285,1.816540241241455,0.7830980987219517,False
6,58,0,72,refrigerator,0.758976399898529,1.1822867244426092,1.222397592183619,-0.040110867741009804,0.040110867741009804,3.281327450044966,479,126,479,1.5334275960922241,-0.0031345753936682375,True
6,58,1,71,sink,0.3514977693557739,3.789430025844956,1.820254651235993,1.9691753746089629,1.9691753746089629,108.18131261314726,277,382,277,1.9290558099746704,0.7852766841670176,False
6,59,0,72,refrigerator,0.7455746531486511,1.1822867244426092,1.0109039179361388,0.17138280650647042,0.17138280650647042,16.95342192919437,479,71,479,1.6841044425964355,-0.15083478521703664,False
6,59,1,39,bottle,0.5458335280418396,3.930619911182698,1.8339994926545384,2.0966204185281594,2.0966204185281594,114.31957461959286,273,370,273,1.8626017570495605,0.8323873803952688,False
6,59,2,71,sink,0.3888421356678009,3.3060809373083413,1.6051295140687145,1.7009514232396268,1.7009514232396268,105.96973068721545,293,420,293,1.7124323844909668,0.782832443894851,False
6,59,3,45,bowl,0.36137357354164124,2.7592573694091684,1.3206996674191593,1.438557701990009,1.438557701990009,108.92390885515717,317,270,317,1.4424961805343628,0.7913810401687694,False
6,59,4,45,bowl,0.3085079491138458,3.202174322980737,1.550247226734274,1.6519270962464632,1.6519270962464632,106.558945422298,297,394,297,1.6644561290740967,0.782828159612771,False
6,60,0,45,bowl,0.6161078810691833,2.6834240906752167,1.272317041573718,1.4111070491014988,1.4111070491014988,110.90844522180672,321,212,321,1.4048823118209839,0.7928960117647869,False
6,60,1,72,refrigerator,0.5434030890464783,1.1822867244426092,0.8908460954999474,0.29144062894266176,0.29144062894266176,32.71503690871584,479,2,479,1.0083593130111694,0.511560929469449,False
6,61,1,39,bottle,0.32171592116355896,3.930619911182698,1.8546461328117751,2.0759737783709227,2.0759737783709227,111.93368598157316,273,267,273,1.8797979354858398,0.8262237516487673,False
6,61,2,45,bowl,0.32061082124710083,3.3060809373083413,1.5974999909811627,1.7085809463271786,1.7085809463271786,106.95342447406159,293,286,293,1.7101632356643677,0.7837827645808818,False
6,61,3,71,sink,0.2785150408744812,3.416156690958381,1.6598004735767948,1.7563562173815863,1.7563562173815863,105.81731029373177,289,315,289,1.7647958993911743,0.7822108513618633,False
6,61,4,45,bowl,0.27661648392677307,2.476288589174513,1.173326527852468,1.302962061322045,1.302962061322045,111.04854704911922,333,153,333,1.3094033002853394,0.7935229218411884,False
6,62,0,56,chair,0.5053322911262512,1.7174406329589356,1.8989418860010003,-0.18150125304206477,0.18150125304206477,9.558020410213288,397,606,397,2.246900796890259,-0.14636354020888231,True
6,62,1,71,sink,0.3749598562717438,3.416156690958381,1.657662050788128,1.7584946401702533,1.7584946401702533,106.08281943440672,289,259,289,1.7645360231399536,0.782316549903649,False
6,62,2,45,bowl,0.3267357349395752,3.202174322980737,1.546241146581627,1.65593317639911,1.65593317639911,107.09410883677401,297,231,297,1.6595990657806396,0.784920944733508,False
6,62,3,1,bicycle,0.28260108828544617,2.2398168151806668,2.482876775477902,-0.2430599602972352,0.2430599602972352,9.789449186436215,349,542,349,2.796463966369629,-0.14386646983610607,True
6,63,0,71,sink,0.5378780364990234,3.3060809373083413,1.601426005402711,1.7046549319056303,1.7046549319056303,106.4460628311678,293,199,293,1.7084391117095947,0.7845048285725847,False
6,63,1,45,bowl,0.42839542031288147,3.010904127673106,1.442117109622062,1.568787018051044,1.568787018051044,108.78360762685762,305,162,305,1.542620301246643,0.7980727013831526,False
6,63,2,13,bench,0.39742761850357056,1.9937802523066508,2.2116882945815766,-0.21790804227492577,0.21790804227492577,9.852565698737001,369,525,369,2.5390655994415283,-0.14584236449826915,True
6,63,3,1,bicycle,0.3565453290939331,2.542172777113504,2.8187120677258197,-0.27653929061231564,0.27653929061231564,9.81083856626164,329,474,329,3.114941120147705,-0.14302916346571037,True
6,64,0,56,chair,0.6839159727096558,1.8085006291262538,1.9875901075183349,-0.17908947839208111,0.17908947839208111,9.010382860865041,387,550,387,2.336129903793335,-0.14122755631994144,True
6,64,1,71,sink,0.539182722568512,2.6834240906752167,1.3015495532686665,1.3818745374065502,1.3818745374065502,106.17148874095177,321,187,321,1.4274494647979736,0.7815375344468826,False
6,64,2,45,bowl,0.33061301708221436,2.476288589174513,1.1932375425235704,1.2830510466509426,1.2830510466509426,107.52687549014139,333,142,333,1.3204820156097412,0.7875454980555365,False
6,64,3,45,bowl,0.27516281604766846,2.476288589174513,1.1957369557832953,1.2805516333912177,1.2805516333912177,107.09308825805776,333,145,333,1.3236490488052368,0.7858367530432869,False
6,65,0,71,sink,0.6052311658859253,2.476288589174513,1.1985129805555033,1.2777756086190097,1.2777756086190097,106.61341423492708,333,117,333,1.3304507732391357,0.7821669422191848,False
6,65,1,13,bench,0.5008502006530762,2.039251667457873,2.2473655655189044,-0.2081138980610313,0.2081138980610313,9.26034915076128,365,476,365,2.586707592010498,-0.14549218430678001,True
6,65,2,1,bicycle,0.3619178235530853,2.542172777113504,2.8148043680622163,-0.27263159094871225,0.27263159094871225,9.685631940965008,329,426,329,3.1144206523895264,-0.14275463381254938,True
6,65,3,45,bowl,0.3349534571170807,2.1866480344612778,1.048883355304081,1.1377646791571967,1.1377646791571967,108.47389973381244,353,69,353,1.1853039264678955,0.7889224220102445,False
6,65,4,41,cup,0.27178460359573364,2.542172777113504,1.2100023260229842,1.33217045109052,1.33217045109052,110.09651985290606,329,36,329,1.2526137828826904,0.8392873584275727,False
6,66,0,13,bench,0.6576182842254639,1.9937802523066508,2.2091579271395863,-0.21537767483293546,0.21537767483293546,9.749310911049538,369,592,369,2.5355355739593506,-0.14355417411531723,True
6,66,1,71,sink,0.497713565826416,2.1355772235358987,1.0331961144107802,1.1023811091251186,1.1023811091251186,106.6962112758035,357,35,357,1.172636866569519,0.7823630352845032,False
6,66,2,1,bicycle,0.3823128044605255,2.611143892272438,2.897938462621781,-0.28679457034934286,0.28679457034934286,9.896503119320148,325,376,325,3.1876776218414307,-0.14290702808508016,True
6,67,0,13,bench,0.8110907673835754,1.7896679701346712,1.9795184253383349,-0.18985045520366373,0.18985045520366373,9.590739483579949,389,618,389,2.319945812225342,-0.1438631622076436,True
6,67,1,62,tv,0.7183523178100586,10.604093960483102,2.86843377010833,7.735660190374771,7.735660190374771,269.6823706019409,201,512,201,2.8754494190216064,1.094283187705773,False
6,67,2,71,sink,0.4308880567550659,1.7529492399297044,0.8480966433352448,0.9048525965944596,0.9048525965944596,106.69215633680791,393,2,393,0.9962580800056458,0.7820442925686057,False
6,67,3,1,bicycle,0.39306148886680603,2.476288589174513,2.7234557770225933,-0.24716718784808034,0.24716718784808034,9.07549848737749,333,379,333,3.0422472953796387,-0.14141787317016297,True
6,68,0,1,bicycle,0.662697970867157,2.2398168151806668,2.4739672187487085,-0.23415040356804173,0.23415040356804173,9.464571793577408,349,384,349,2.7936699390411377,-0.1422240357134612,True
6,68,1,62,tv,0.5492801070213318,10.604093960483102,2.4912951534209427,8.112798807062159,8.112798807062159,325.64583108195757,201,486,201,2.6979360580444336,1.1193297611140434,False
6,68,2,13,bench,0.5490395426750183,1.771153505978839,1.9437807293553282,-0.17262722337648917,0.17262722337648917,8.881002922265955,391,442,391,2.2979254722595215,-0.142132687828185,True
6,68,3,71,sink,0.2715636193752289,1.6830832967517113,0.8152820910118229,0.8678012057398884,0.8678012057398884,106.44183348402582,401,2,401,0.9658049941062927,0.7806679802277794,False
6,69,0,1,bicycle,0.6539480686187744,2.2952155523968525,2.5371858692059046,-0.24197031680905212,0.24197031680905212,9.536956663123174,345,334,345,2.852083921432495,-0.14212569784060514,True
6,69,1,62,tv,0.5918232202529907,11.634047571732243,2.8850406658807293,8.749006905851513,8.749006905851513,303.2541970489232,197,422,197,2.8939499855041504,1.126614579216285,False
6,69,2,13,bench,0.5811289548873901,1.8669919745293975,2.0636434325748336,-0.19665145804543616,0.19665145804543616,9.529333165859553,381,386,381,2.4042911529541016,-0.14556926384505942,True
6,69,3,62,tv,0.44015952944755554,11.634047571732243,2.883309878228095,8.750737693504147,8.750737693504147,303.49626169497304,197,422,197,2.8939499855041504,1.126614579216285,False
6,69,4,60,dining table,0.4015658497810364,1.8669919745293975,2.0636434325748336,-0.19665145804543616,0.19665145804543616,9.529333165859553,381,386,381,2.4042911529541016,-0.14556926384505942,True
6,70,0,62,tv,0.7600846886634827,11.634047571732243,3.0387589541492694,8.595288617582973,8.595288617582973,282.8552296274289,197,362,197,3.0092883110046387,1.1117333098732742,False
6,70,1,1,bicycle,0.6084588766098022,2.2398168151806668,2.4819161074244094,-0.2420992922437426,0.2420992922437426,9.754531650748639,349,285,349,2.795159339904785,-0.1430995614378543,True
6,70,2,60,dining table,0.39626654982566833,1.9077368367123282,2.1143068487685084,-0.2065700120561802,0.2065700120561802,9.770105610569168,377,338,377,2.447859525680542,-0.14583313589614888,True
6,70,3,13,bench,0.29286301136016846,1.9077368367123282,2.1143068487685084,-0.2065700120561802,0.2065700120561802,9.770105610569168,377,338,377,2.447859525680542,-0.14583313589614888,True
6,71,0,62,tv,0.8014403581619263,10.604093960483102,2.7766997471031813,7.82739421337992,7.82739421337992,281.8955928362771,201,366,201,2.7729380130767822,1.108747222638401,False
6,71,1,1,bicycle,0.6332758665084839,2.039251667457873,2.25549042540519,-0.21623875794731706,0.21623875794731706,9.58721684258405,365,282,365,2.5821688175201416,-0.14260491634758732,True
6,71,2,13,bench,0.5088932514190674,1.6830832967517113,1.8642097669553417,-0.18112647020363037,0.18112647020363037,9.715991913262483,401,341,401,2.210226058959961,-0.1461774217848859,True
6,71,3,60,dining table,0.3014700710773468,1.6830832967517113,1.8642097669553417,-0.18112647020363037,0.18112647020363037,9.715991913262483,401,341,401,2.210226058959961,-0.1461774217848859,True
6,72,0,62,tv,0.6718730926513672,9.736517592885464,2.5360559300165892,7.200461662868875,7.200461662868875,283.9236145246124,205,370,205,2.5237877368927,1.113429141114012,False
6,72,1,13,bench,0.5161560773849487,1.4774340607865322,1.6274301241790612,-0.14999606339252902,0.14999606339252902,9.216743696949376,428,344,428,1.990695595741272,-0.14491270250080768,True
6,72,2,1,bicycle,0.4802108705043793,1.8669919745293975,2.0358355494025404,-0.16884357487314294,0.16884357487314294,8.293576311833915,381,277,381,2.395195245742798,-0.13934375105085506,True
6,72,3,60,dining table,0.3154323399066925,1.4774340607865322,1.6274301241790612,-0.14999606339252902,0.14999606339252902,9.216743696949376,428,344,428,1.990695595741272,-0.14491270250080768,True
6,73,0,62,tv,0.8086642026901245,8.995724867412417,2.300765601436365,6.694959265976052,6.694959265976052,290.9883241385562,209,378,209,2.2958502769470215,1.1206222653399553,False
6,73,1,1,bicycle,0.7520009875297546,1.617605508838784,1.7762300811298948,-0.15862457229111082,0.15862457229111082,8.93040681926784,409,273,409,2.1346359252929688,-0.14142535346359608,True
6,73,2,60,dining table,0.5608727931976318,1.2326200688054518,1.3635842850703481,-0.1309642162648963,0.1309642162648963,9.604409327593547,469,348,469,1.7330397367477417,-0.14649123758213678,True
6,73,3,13,bench,0.3627564311027527,1.2326200688054518,1.3635842850703481,-0.1309642162648963,0.1309642162648963,9.604409327593547,469,348,469,1.7330397367477417,-0.14649123758213678,True
6,74,0,1,bicycle,0.8096645474433899,1.367546627726179,1.5089303434001795,-0.14138371567400054,0.14138371567400054,9.369797372846953,445,269,445,1.8714524507522583,-0.1424152620240442,True
6,74,1,62,tv,0.7928804159164429,8.35581679185428,2.04810229411453,6.307714497739751,6.307714497739751,307.97848895857067,213,386,213,2.065696954727173,1.1337125711505678,False
6,74,2,60,dining table,0.6092358827590942,1.1822867244426092,1.1319793025039413,0.050307421938667884,0.050307421938667884,4.444199803599565,479,348,479,1.677872657775879,-0.14472610994990087,True
6,74,3,13,bench,0.2500694692134857,1.1822867244426092,1.1319793025039413,0.050307421938667884,0.050307421938667884,4.444199803599565,479,348,479,1.677872657775879,-0.14472610994990087,True
6,75,0,1,bicycle,0.6800010204315186,1.1822867244426092,1.1272053656585765,0.05508135878403264,0.05508135878403264,4.8865415710517865,479,259,479,1.6725869178771973,-0.13954479038939893,True
6,75,1,60,dining table,0.6656585335731506,1.1822867244426092,0.9166515354259663,0.26563518901664285,0.26563518901664285,28.978862604883183,479,621,479,1.515449047088623,0.014488805515603387,True
6,75,2,62,tv,0.48519235849380493,6.870273553372899,1.8328956996736805,5.037377853699218,5.037377853699218,274.83166961415463,225,469,225,1.872413158416748,1.100162512451099,False
6,76,0,1,bicycle,0.8012152910232544,1.1822867244426092,1.1651348781168478,0.01715184632576139,0.01715184632576139,1.472091055542265,479,305,479,1.6745233535766602,-0.14144297160141495,True
6,76,1,62,tv,0.6684399247169495,6.48109328551411,1.6494729668183683,4.831620318695741,4.831620318695741,292.91903631590554,229,474,229,1.6886301040649414,1.1190191367914815,False
6,76,2,60,dining table,0.6225994229316711,1.1822867244426092,1.2959956755436566,-0.1137089511010474,0.1137089511010474,8.773868095921515,479,588,479,1.6758615970611572,-0.14275477794751779,True
6,77,0,1,bicycle,0.8727589249610901,1.1822867244426092,1.1406218019266712,0.04166492251593801,0.04166492251593801,3.652825366441363,479,348,479,1.6741223335266113,-0.14104987374391542,True
6,78,0,1,bicycle,0.7519170641899109,1.1822867244426092,1.100560349695744,0.08172637474686528,0.08172637474686528,7.425887618926032,479,390,479,1.6739052534103394,-0.14083708206778378,True
6,79,0,1,bicycle,0.6370477676391602,1.1822867244426092,1.2320776290000601,-0.04979090455745094,0.04979090455745094,4.04121488658638,479,407,479,1.6735379695892334,-0.14047705397653654,True
6,79,1,1,bicycle,0.40399640798568726,1.1822867244426092,1.2320776290000601,-0.04979090455745094,0.04979090455745094,4.04121488658638,479,407,479,1.6735379695892334,-0.14047705397653654,True
6,80,0,1,bicycle,0.7974198460578918,1.1822867244426092,1.2000873019793705,-0.01780057753676134,0.01780057753676134,1.4832735507993344,479,462,479,1.6733375787734985,-0.14028062190208446,True
6,81,0,1,bicycle,0.7358005046844482,1.1822867244426092,0.9066220319831544,0.2756646924594548,0.2756646924594548,30.405690876104458,479,629,479,1.2060083150863647,0.3178165038647509,False
6,81,1,45,bowl,0.4246009290218353,27.045234897787147,1.2063776046079233,25.838857293179224,25.838857293179224,2141.8548549379725,173,70,173,1.1437383890151978,1.4352891974559854,False
6,83,0,39,bottle,0.2879795432090759,1.7174406329589356,0.8307602362042873,0.8866803967546483,0.8866803967546483,106.73120331394989,397,41,397,0.9813631772994995,0.7809292884467507,False
6,86,0,57,couch,0.359097421169281,1.1822867244426092,0.7021659189201528,0.4801208055224564,0.4801208055224564,68.37711608971634,479,2,479,0.7360987663269043,0.7784429409055389,False
6,95,0,0,person,0.46223992109298706,1.1822867244426092,0.4139855611902715,0.7683011632523377,0.7683011632523377,185.5864637025878,479,2,479,0.4878891110420227,1.0217491887884096,False
6,95,1,39,bottle,0.3760198950767517,1.7174406329589356,1.1765992431144099,0.5408413898445257,0.5408413898445257,45.96649139539991,397,86,397,1.3894543647766113,0.4819101002953483,False
6,96,0,61,toilet,0.5064879655838013,1.1822867244426092,0.827321298618921,0.3549654258236882,0.3549654258236882,42.90538952837857,479,214,479,1.1784932613372803,0.3447879948823005,False
7,0,0,57,couch,0.8959234356880188,1.1822867244426092,0.9563492430407348,0.22593748140187442,0.22593748140187442,23.624997148897293,479,400,479,1.6612586975097656,-0.12844036018652583,True
7,1,0,57,couch,0.8544740676879883,1.1822867244426092,0.96197736698432,0.22030935745828917,0.22030935745828917,22.90171941871478,479,400,479,1.661785364151001,-0.1289566224738128,True
7,1,1,63,laptop,0.4807271957397461,1.1822867244426092,0.9972276344015649,0.18505909004104426,0.18505909004104426,18.55735678164374,479,78,479,1.2843143939971924,0.2410573696387024,False
7,1,2,60,dining table,0.32551562786102295,2.7592573694091684,3.0410021791972284,-0.28174480978805994,0.28174480978805994,9.26486707952428,317,130,317,3.3173933029174805,-0.12965269744676178,True
7,2,0,57,couch,0.7449925541877747,1.1822867244426092,0.9688872496092389,0.2133994748333703,0.2133994748333703,22.02521241965319,479,399,479,1.659828782081604,-0.12703869288548342,True
7,3,0,57,couch,0.5639125108718872,1.1822867244426092,0.9191618976681515,0.2631248267744577,0.2631248267744577,28.626602934911325,479,399,479,1.6778055429458618,-0.14466032098028947,True
7,5,0,62,tv,0.26888158917427063,12.876671115063534,5.7558444679740015,7.120826647089532,7.120826647089532,123.7147161760608,193,152,193,5.731351375579834,0.8297259683281183,False
7,6,0,60,dining table,0.45212480425834656,1.617605508838784,1.7811755899910209,-0.16357008115223692,0.16357008115223692,9.183265370993631,409,30,409,2.1274898052215576,-0.13593035428124178,True
7,6,1,62,tv,0.38994595408439636,11.634047571732243,5.508916953940445,6.125130617791798,6.125130617791798,111.18574973998446,197,148,197,5.500420570373535,0.7903205447766094,False
7,6,2,56,chair,0.32750949263572693,5.267474899589832,5.603785783875541,-0.33631088428570877,0.33631088428570877,6.00149429789799,245,393,245,5.173095703125,0.08302889205708675,True
7,7,0,75,vase,0.26493147015571594,22.218032901606776,7.480094809061134,14.737938092545642,14.737938092545642,197.0287605805825,177,323,177,7.349798679351807,0.9954186954641017,False
7,7,1,60,dining table,0.2614176571369171,1.5561150456107948,1.7131792310302814,-0.15706418541948652,0.15706418541948652,9.167994951995208,417,0,417,1.97492516040802,-0.06630676130460622,True
7,8,0,56,chair,0.466478168964386,4.557049558976003,4.447671341141739,0.10937821783426482,0.10937821783426482,2.459224377091382,258,456,258,4.657409191131592,0.04152126055092564,True
7,8,1,62,tv,0.4244422912597656,12.876671115063534,5.64463012409062,7.232040990972914,7.232040990972914,128.122495752333,193,205,193,5.671100616455078,0.8367722156410841,False
7,8,2,60,dining table,0.38909897208213806,1.6830832967517113,1.851214400960801,-0.1681311042090896,0.1681311042090896,9.082205935834752,401,86,401,2.197920083999634,-0.13701192577120058,True
7,9,0,56,chair,0.29460108280181885,4.605315013119116,3.1614111406238963,1.4439038724952193,1.4439038724952193,45.672764732848655,257,513,257,4.79819917678833,0.01191599404832,True
7,10,0,56,chair,0.4953569173812866,3.416156690958381,3.015455415406901,0.40070127555148005,0.40070127555148005,13.288250706814381,289,628,289,3.2467119693756104,0.17947640790907538,False
7,10,1,60,dining table,0.47824349999427795,2.09857729839522,2.3193134822903696,-0.22073618389514982,0.22073618389514982,9.517306978148047,360,210,360,2.63224196434021,-0.13473078708859565,True
7,11,0,58,potted plant,0.3653942942619324,12.876671115063534,5.794677815551529,7.081993299512005,7.081993299512005,122.2154798754407,193,381,193,5.888454437255859,0.811352971169672,False
7,12,0,0,person,0.25881579518318176,1.1822867244426092,1.278325846186294,-0.0960391217436849,0.0960391217436849,7.512882730972244,479,2,479,1.6436814069747925,-0.11121031084334909,True
7,13,0,60,dining table,0.2808816432952881,1.7529492399297044,1.928138678301961,-0.17518943837225653,0.17518943837225653,9.085935588748175,393,250,393,2.268317699432373,-0.13466843708398635,True
7,14,0,62,tv,0.43848928809165955,11.634047571732243,4.995374121079729,6.638673450652513,6.638673450652513,132.8964215640688,197,388,197,5.17724609375,0.8320174084214779,False
7,15,0,60,dining table,0.3513248860836029,1.2974092736530591,1.4258131446681688,-0.12840387101510964,0.12840387101510964,9.005659086204682,457,232,457,1.7892632484436035,-0.13509584674057118,True
7,15,1,62,tv,0.3152562975883484,11.634047571732243,4.729486929256431,6.904560642475811,6.904560642475811,145.9896336696578,197,389,197,4.952148914337158,0.8610600682716097,False
7,16,0,60,dining table,0.4185512661933899,1.1822867244426092,1.2960630510574553,-0.11377632661484616,0.11377632661484616,8.778610463589427,479,333,479,1.665100336074829,-0.1322061067845579,True
7,16,1,72,refrigerator,0.37848150730133057,2.542172777113504,2.8149098459538546,-0.27273706884035054,0.27273706884035054,9.689016123638282,329,2,329,3.106060266494751,-0.13834480476181854,True
7,17,0,13,bench,0.4668322801589966,2.922685298749407,3.2432661181645437,-0.3205808194151367,0.3205808194151367,9.884505548886704,309,476,309,3.5165343284606934,-0.14256193682357599,True
7,17,1,60,dining table,0.3222670257091522,1.1822867244426092,1.2975415255826026,-0.11525480113999342,0.11525480113999342,8.882552031484575,479,246,479,1.666853904724121,-0.13392503350388552,True
7,18,0,13,bench,0.6054726243019104,2.6288945772338357,2.893373339183893,-0.26447876195005726,0.26447876195005726,9.140844645532551,324,551,324,3.2055838108062744,-0.14245964109685616,True
7,18,1,60,dining table,0.46218571066856384,1.1822867244426092,1.2911175384296891,-0.10883081398707994,0.10883081398707994,8.429194922055238,479,298,479,1.6643403768539429,-0.13146116063665092,True
7,18,2,72,refrigerator,0.35561078786849976,3.3060809373083413,3.6682242527357882,-0.36214331542744693,0.36214331542744693,9.872442099398853,293,160,293,3.905895709991455,-0.13579111567014057,True
7,19,0,60,dining table,0.49189281463623047,1.1822867244426092,1.291348868081306,-0.1090621436386967,0.1090621436386967,8.445598732799597,479,375,479,1.671453833580017,-0.1384340902896566,True
7,19,1,54,donut,0.41137850284576416,2.8389123183635725,1.4212560689703868,1.4176562493931857,1.4176562493931857,99.74671562318753,313,434,313,1.5468729734420776,0.7587835250011763,False
7,19,2,13,bench,0.35093626379966736,1.1921038660878276,0.8576708873514067,0.33443297873642086,0.33443297873642086,38.99315969196425,477,527,477,1.4273402690887451,0.10947389067681335,True
7,19,3,72,refrigerator,0.2946125566959381,3.5329678035523537,3.956122158745894,-0.42315435519354017,0.42315435519354017,10.696190315004877,285,221,285,4.141950607299805,-0.1346306005000344,True
7,20,0,72,refrigerator,0.5035759806632996,3.789430025844956,4.176771450109033,-0.38734142426407736,0.38734142426407736,9.273704077199769,277,272,277,4.420452117919922,-0.13779615854770988,True
7,20,1,60,dining table,0.4694216847419739,1.1822867244426092,1.2902423368602105,-0.10795561241760132,0.10795561241760132,8.367080302163238,479,378,479,1.6713871955871582,-0.13836876873723614,True
7,21,0,72,refrigerator,0.6908915638923645,3.789430025844956,4.20036006975815,-0.41093004391319443,0.41093004391319443,9.78320994125761,277,326,277,4.415449619293213,-0.135942711702137,True
7,21,1,60,dining table,0.4693285822868347,1.1822867244426092,1.1402415623984767,0.042045162044132445,0.042045162044132445,3.6873907626811318,479,502,479,1.4460519552230835,0.08251495065652437,True
7,21,2,54,donut,0.3596184551715851,2.2952155523968525,1.144935983951289,1.1502795684455636,1.1502795684455636,100.46671469577133,345,573,345,1.2873891592025757,0.7587683673816482,False
7,21,3,56,chair,0.3022615313529968,4.08165363695277,4.571366240962888,-0.4897126040101183,0.4897126040101183,10.712609276892412,269,313,269,4.7526655197143555,-0.14611456621340713,True
7,22,0,72,refrigerator,0.7250214219093323,3.5329678035523537,3.922616296322848,-0.3896484927704944,0.3896484927704944,9.933382807177955,285,326,285,4.145327568054199,-0.13596332604632466,True
7,22,1,60,dining table,0.5517664551734924,1.1822867244426092,0.8858468769857493,0.2964398474568599,0.2964398474568599,33.464005479767444,479,478,479,1.2258166074752808,0.2983995263399142,False
7,22,2,56,chair,0.29456186294555664,3.789430025844956,4.237130163435574,-0.4477001375906182,0.4477001375906182,10.566117167087722,277,313,277,4.447639465332031,-0.1478691854609857,True
7,23,0,56,chair,0.3609333038330078,3.5329678035523537,3.948243405627837,-0.4152756020754831,0.4152756020754831,10.517983807268521,285,314,285,4.17472505569458,-0.14756511405173867,True
7,23,1,72,refrigerator,0.28366780281066895,3.3060809373083413,3.6682242527357882,-0.36214331542744693,0.36214331542744693,9.872442099398853,293,326,293,3.907442092895508,-0.1364387416191395,True
7,24,0,72,refrigerator,0.33096766471862793,3.103932365323887,3.440250150842205,-0.33631778551831815,0.33631778551831815,9.775968920050317,301,326,301,3.695866346359253,-0.1370790299103759,True
7,24,1,56,chair,0.2713223993778229,3.416156690958381,3.818290388943582,-0.4021336979852008,0.4021336979852008,10.53177356938691,289,313,289,4.048889636993408,-0.1467904568850602,True
7,26,0,0,person,0.3772992193698883,1.1822867244426092,0.6318721353169816,0.5504145891256276,0.5504145891256276,87.10853958602075,479,0,479,0.723237931728363,0.7910497083869322,False
7,29,0,72,refrigerator,0.3647925853729248,2.1866480344612778,2.4193674172337083,-0.23271938277243054,0.23271938277243054,9.619017810801166,353,284,353,2.7326509952545166,-0.1393490376660007,True
7,31,0,56,chair,0.41376742720603943,1.1822867244426092,0.8843046567675034,0.2979820676751058,0.2979820676751058,33.696765633277636,479,546,479,1.6729037761688232,-0.13985538911271433,True
7,32,0,72,refrigerator,0.4322974383831024,1.7529492399297044,1.9334711644045268,-0.1805219244748224,0.1805219244748224,9.33667529147867,393,162,393,2.275825262069702,-0.14007877959718185,True
7,33,0,72,refrigerator,0.5296357274055481,1.5486910255277297,1.6946859826371365,-0.1459949571094068,0.1459949571094068,8.614867804725744,418,145,418,2.052882194519043,-0.1343308953641864,True
7,33,1,71,sink,0.3288760185241699,5.267474899589832,2.576917146256595,2.6905577533332368,2.6905577533332368,104.40994415523694,245,340,245,2.6181528568267822,0.7828574673264447,False
7,34,0,72,refrigerator,0.7926400303840637,1.325946112971558,1.4441498126555978,-0.11820369968403988,0.11820369968403988,8.185002597942322,452,117,452,1.8152234554290771,-0.1314228320379185,True
7,35,0,72,refrigerator,0.6184971928596497,1.1822867244426092,1.221847268454237,-0.039560544011627785,0.039560544011627785,3.2377650654877645,479,82,479,1.5291368961334229,0.001071361343840671,True
7,35,1,71,sink,0.34217366576194763,4.24359786465229,2.06756847758027,2.1760293870720195,2.1760293870720195,105.24581945738912,265,349,265,2.145390748977661,0.7828344890466348,False
7,35,2,45,bowl,0.26352664828300476,4.08165363695277,1.9876552055212553,2.0939984314315145,2.0939984314315145,105.3501847611629,269,325,269,2.06951904296875,0.7832095110510456,False
7,36,0,72,refrigerator,0.8102009892463684,1.1822867244426092,1.0525817150628751,0.12970500937973406,0.12970500937973406,12.322559619229775,479,2,479,1.6712373495101929,-0.13822188288501347,True
7,36,2,45,bowl,0.34194743633270264,3.010904127673106,1.4403027685791558,1.57060135909395,1.57060135909395,109.04661112630731,305,213,305,1.5561559200286865,0.7919136871920979,False
7,36,3,71,sink,0.2804858386516571,3.789430025844956,1.841191141081918,1.9482388847630379,1.9482388847630379,105.81404837838926,277,352,277,1.9355766773223877,0.7828606753046671,False
7,37,0,72,refrigerator,0.7383773922920227,1.1822867244426092,0.8461841426239045,0.33610258181870467,0.33610258181870467,39.71979205099439,479,2,479,0.973900556564331,0.5453389496200639,False
7,37,1,45,bowl,0.438801646232605,2.476288589174513,1.1841229029542648,1.2921656862202482,1.2921656862202482,109.12428794312041,333,197,333,1.3132776021957397,0.7914325761906403,False
7,37,4,39,bottle,0.3046324551105499,3.789430025844956,1.7907099005056997,1.9987201253392561,1.9987201253392561,111.61607610338302,277,306,277,1.8074405193328857,0.8303356624163973,False
7,38,0,71,sink,0.5993834733963013,3.3060809373083413,1.6035282023718564,1.7025527349364848,1.7025527349364848,106.17541571256162,293,304,293,1.7129218578338623,0.782627452209175,False
7,38,1,45,bowl,0.4405122697353363,3.103932365323887,1.5063456811506106,1.5975866841732764,1.5975866841732764,106.05710921234042,301,277,301,1.6185481548309326,0.783066270569003,False
7,38,2,45,bowl,0.3438495695590973,2.2952155523968525,1.0863134699882688,1.2089020824085837,1.2089020824085837,111.28482853311566,345,129,345,1.2264797687530518,0.793837768581713,False
7,39,0,71,sink,0.5067368745803833,3.202174322980737,1.553799813125101,1.6483745098556362,1.6483745098556362,106.08667190790302,297,252,297,1.6657781600952148,0.7822585300479523,False
7,39,1,1,bicycle,0.48233532905578613,2.1866480344612778,2.4203435599891927,-0.23369552552791495,0.23369552552791495,9.655469140461962,353,546,353,2.7394332885742188,-0.1434178141201219,True
7,39,2,45,bowl,0.3685881197452545,3.010904127673106,1.452573097210622,1.5583310304624838,1.5583310304624838,107.28073055014917,305,219,305,1.5697990655899048,0.7857057458725889,False
7,40,0,71,sink,0.6094619631767273,3.010904127673106,1.4611268263719932,1.5497773013011127,1.5497773013011127,106.06726762722167,305,197,305,1.5781716108322144,0.7818960474913785,False
7,40,1,13,bench,0.3921245038509369,1.9077368367123282,2.119004974866596,-0.2112681381542676,0.2112681381542676,9.970157723087375,377,536,377,2.4483954906463623,-0.1461934951778694,True
7,40,2,39,bottle,0.322765052318573,3.202174322980737,1.5380941562471455,1.6640801667335916,1.6640801667335916,108.19104669078546,297,137,297,1.5860190391540527,0.8166247080167646,False
7,40,3,45,bowl,0.2601311206817627,2.8389123183635725,1.3478983628315206,1.4910139555320518,1.4910139555320518,110.61768428888728,313,150,313,1.4531033039093018,0.803715219526959,False
7,41,0,56,chair,0.7010082006454468,1.7174406329589356,1.8897898010319885,-0.1723491680730529,0.1723491680730529,9.120017897172234,397,560,397,2.2368950843811035,-0.13903209046633735,True
7,41,1,1,bicycle,0.5528631806373596,2.2398168151806668,2.4789764464078186,-0.23915963122715178,0.23915963122715178,9.647515270817035,349,490,349,2.7955784797668457,-0.14334594757895935,True
7,41,2,71,sink,0.5396336317062378,2.542172777113504,1.2301827250541564,1.3119900520593477,1.3119900520593477,106.6500142896731,329,173,329,1.3604755401611328,0.7823938230458389,False
7,41,3,45,bowl,0.3206860423088074,2.2952155523968525,1.0979712555524537,1.1972442968443988,1.1972442968443988,109.04149728783155,345,124,345,1.2299774885177612,0.7918239093588786,False
7,42,0,71,sink,0.5555850267410278,2.2952155523968525,1.109406853368542,1.1858086990283105,1.1858086990283105,106.88672919477523,345,107,345,1.2453243732452393,0.7829877339562519,False
7,42,1,45,bowl,0.49322912096977234,2.0049885525977706,0.9513782320976567,1.053610320500114,1.053610320500114,110.74568294221423,368,52,368,1.1021655797958374,0.7888944777437097,False
7,42,2,39,bottle,0.48850786685943604,2.3529875412892904,1.1141757531747394,1.238811788114551,1.238811788114551,111.18638909388154,341,12,341,1.1545131206512451,0.84921321017131,False
7,42,3,45,bowl,0.4600401818752289,1.9937802523066508,0.9492202882845608,1.04455996402209,1.04455996402209,110.04399894463148,369,34,369,1.0677663087844849,0.8078654498851927,False
7,42,4,1,bicycle,0.430697500705719,2.4132886231462733,2.6756690444595645,-0.2623804213132912,0.2623804213132912,9.80616126110945,337,433,337,2.978727340698242,-0.14311160900846942,True
7,42,5,13,bench,0.31386712193489075,1.9607730481924197,2.1521933348861912,-0.19142028669377154,0.19142028669377154,8.894195683581275,372,486,372,2.499610424041748,-0.1429025670791506,True
7,43,0,13,bench,0.7902000546455383,1.949971839345048,2.1476137430463527,-0.19764190370130463,0.19764190370130463,9.20286081895495,373,597,373,2.489004611968994,-0.14344486020155123,True
7,43,1,71,sink,0.5283891558647156,1.949971839345048,0.9380719019447907,1.0118999374002573,1.0118999374002573,107.87018940684693,373,2,373,1.0243854522705078,0.8236167589631692,False
7,43,2,62,tv,0.5179628133773804,11.634047571732243,3.1156094021540217,8.518438169578221,8.518438169578221,273.41162097177124,197,466,197,3.1188786029815674,1.0975936676926623,False
7,43,3,71,sink,0.3999585807323456,1.5635957930871363,0.7844929902078197,0.7791028028793165,0.7791028028793165,99.31290815905503,416,2,416,0.9413069486618042,0.7562938537011972,False
7,44,0,13,bench,0.7591727375984192,2.2398168151806668,2.475197641071651,-0.2353808258909842,0.2353808258909842,9.509577012568366,349,374,349,2.7966036796569824,-0.1439485985498079,True
7,44,1,1,bicycle,0.5358878970146179,2.611143892272438,2.895879356352469,-0.28473546408003125,0.28473546408003125,9.83243530002135,325,328,325,3.187253713607788,-0.14268854870951775,True
7,44,2,62,tv,0.3273150324821472,14.405417795833678,3.138992155392173,11.266425640441504,11.266425640441504,358.91856630122487,189,406,189,3.277921438217163,1.156229246126267,False
7,45,0,13,bench,0.7778674364089966,1.9937802523066508,2.2095285812073393,-0.2157483289006885,0.2157483289006885,9.764450694853581,369,377,369,2.539027214050293,-0.14581748278466278,True
7,45,1,62,tv,0.6571582555770874,11.634047571732243,3.062704369256552,8.57134320247569,8.57134320247569,279.86191839195754,197,410,197,3.0561013221740723,1.1056933658655321,False
7,45,2,1,bicycle,0.5575081706047058,2.4132886231462733,2.6720984262232017,-0.25880980307692836,0.25880980307692836,9.685638842381096,337,328,337,2.9773004055023193,-0.1423244897063134,True
7,46,0,1,bicycle,0.6513999104499817,2.2398168151806668,2.449321569450226,-0.20950475426955917,0.20950475426955917,8.553583036325628,349,328,349,2.79194974899292,-0.1412128434449329,True
7,46,1,13,bench,0.6430034041404724,1.7896679701346712,1.971353648922107,-0.1816856787874359,0.1816856787874359,9.21629048581809,389,385,389,2.3203630447387695,-0.144158804095176,True
7,46,2,62,tv,0.5612655282020569,10.604093960483102,2.8179119641252366,7.786181996357865,7.786181996357865,276.31033529377584,201,418,201,2.8203446865081787,1.1020582910582364,False
7,46,3,60,dining table,0.36941206455230713,1.7896679701346712,1.971353648922107,-0.1816856787874359,0.1816856787874359,9.21629048581809,389,385,389,2.3203630447387695,-0.144158804095176,True
7,47,0,13,bench,0.6329745650291443,1.5561150456107948,1.717498148658578,-0.16138310304778325,0.16138310304778325,9.39640623041304,417,394,417,2.0736629962921143,-0.14461541980075387,True
7,47,1,1,bicycle,0.6224254965782166,1.9937802523066508,2.1920702148190436,-0.19828996251239284,0.19828996251239284,9.04578517475827,369,329,369,2.5340802669525146,-0.14261083262554686,True
7,47,2,62,tv,0.5436081886291504,10.844695567817139,2.3908496472981966,8.453845920518942,8.453845920518942,353.5917003426918,200,430,200,2.5498318672180176,1.1479235076097503,False
7,47,3,60,dining table,0.2839701175689697,1.5561150456107948,1.717498148658578,-0.16138310304778325,0.16138310304778325,9.39640623041304,417,394,417,2.0736629962921143,-0.14461541980075387,True
7,48,0,1,bicycle,0.7520642876625061,1.7529492399297044,1.9343696188566066,-0.18142037892690221,0.18142037892690221,9.378785582568167,393,332,393,2.278266668319702,-0.14183818470166676,True
7,48,1,62,tv,0.7282718420028687,9.736517592885464,2.14076160086138,7.595755992024085,7.595755992024085,354.815594084263,205,442,205,2.318791627883911,1.1448285812370473,False
7,48,2,13,bench,0.34345418214797974,1.3317688807658508,1.4672158438307146,-0.1354469630648638,0.1354469630648638,9.231563551769517,451,404,451,1.8358410596847534,-0.14441127915230823,True
7,48,3,60,dining table,0.32496926188468933,1.3317688807658508,1.4672158438307146,-0.1354469630648638,0.1354469630648638,9.231563551769517,451,404,451,1.8358410596847534,-0.14441127915230823,True
7,49,0,1,bicycle,0.808758020401001,1.5267529496504633,1.677718225899922,-0.15096527624945866,0.15096527624945866,8.99824976083105,421,334,421,2.0386881828308105,-0.1414922778856147,True
7,49,1,62,tv,0.6858477592468262,7.7974987597924255,2.0351366243199056,5.76236213547252,5.76236213547252,283.1437490049674,217,510,217,2.063410520553589,1.1092042305936483,False
7,49,2,60,dining table,0.5605089664459229,1.1822867244426092,1.2272515997499456,-0.044964875307336394,0.044964875307336394,3.6638677282228076,479,407,479,1.6757276058197021,-0.14262343371689057,True
7,50,0,1,bicycle,0.7637292146682739,1.2974092736530591,1.32529884398846,-0.02788957033540096,0.02788957033540096,2.104398601259461,457,341,457,1.7959861755371094,-0.1412395096018595,True
7,50,1,62,tv,0.7611449956893921,6.870273553372899,1.7847306354711985,5.0855429179017,5.0855429179017,284.947364987604,225,557,225,1.824660062789917,1.1103597692329619,False
7,50,2,60,dining table,0.6812881231307983,1.1822867244426092,0.9760663847255884,0.2062203397170208,0.2062203397170208,21.127696122328572,479,429,479,1.676900029182434,-0.1437726957348775,True
7,51,0,1,bicycle,0.814346194267273,1.1822867244426092,1.2579594015866569,-0.07567267714404768,0.07567267714404768,6.015510281858236,479,334,479,1.6705716848373413,-0.13756936848659573,True
7,51,1,60,dining table,0.3306914269924164,1.1822867244426092,0.7235394861538986,0.45874723828871056,0.45874723828871056,63.4032070215355,479,462,479,1.6763973236083984,-0.14327992116143062,True
7,52,0,1,bicycle,0.9010817408561707,1.1822867244426092,1.2183419977442729,-0.03605527330166369,0.03605527330166369,2.959372111313494,479,336,479,1.6733709573745728,-0.14031334110544358,True
7,53,0,1,bicycle,0.6974636316299438,1.1822867244426092,1.036711831961177,0.14557489248143218,0.14557489248143218,14.041982351647714,479,380,479,1.6732875108718872,-0.14023154309704577,True
7,54,0,1,bicycle,0.8501324653625488,1.1822867244426092,1.180925183654378,0.0013615407882312525,0.0013615407882312525,0.1152944155207156,479,429,479,1.673103928565979,-0.14005158747857105,True
7,65,0,1,bicycle,0.3224928677082062,1.1822867244426092,1.0910362872391548,0.09125043720345438,0.09125043720345438,8.363648237068427,479,475,479,1.674573540687561,-0.1414921672607512,True
7,69,0,56,chair,0.4369202256202698,1.1822867244426092,0.6657696104695847,0.5165171139730245,0.5165171139730245,77.58196016317288,479,584,479,0.8805408477783203,0.6368543277067492,False
7,69,1,56,chair,0.28157302737236023,1.1822867244426092,0.665463371854271,0.5168233525883382,0.5168233525883382,77.66368134556274,479,584,479,0.8805408477783203,0.6368543277067492,False
7,72,0,1,bicycle,0.5181735754013062,1.1822867244426092,0.9081615985112995,0.27412512593130967,0.27412512593130967,30.18461982764612,479,274,479,1.677000641822815,-0.14387132076214537,True
8,11,0,56,chair,0.3480946123600006,1.1822867244426092,1.065294047428975,0.11699267701363425,0.11699267701363425,10.982195694793306,479,132,479,1.6721868515014648,-0.1391526273662811,True
8,16,0,1,bicycle,0.8343219757080078,1.1822867244426092,1.1760549590890657,0.006231765353543528,0.006231765353543528,0.5298872561508905,479,31,479,1.4482239484786987,0.08038586535223158,True
8,16,1,13,bench,0.2868861258029938,1.1822867244426092,0.9583718168655759,0.22391490757703325,0.22391490757703325,23.3640956084626,479,298,479,1.6723034381866455,-0.1392669108694422,True
8,17,0,1,bicycle,0.3789770007133484,1.1822867244426092,1.297637733847396,-0.11535100940478671,0.11535100940478671,8.889307577607184,479,0,479,1.675526738166809,-0.14242653422524776,True
8,18,0,1,bicycle,0.8623379468917847,1.1822867244426092,1.1607460602108879,0.021540664231721296,0.021540664231721296,1.8557602709250394,479,54,479,1.372944712638855,0.1541779521051021,False
8,19,0,1,bicycle,0.6185336112976074,1.2974092736530591,1.352580932283359,-0.055171658630299936,0.055171658630299936,4.078991305693029,457,136,457,1.799414873123169,-0.14437278201863335,True
8,20,0,1,bicycle,0.587640643119812,1.417612327684669,1.5526462445571356,-0.13503391687246658,0.13503391687246658,8.697017581811275,437,198,437,1.926729679107666,-0.14440045319722428,True
8,21,0,1,bicycle,0.7832944989204407,1.1822867244426092,1.245470848658389,-0.06318412421577979,0.06318412421577979,5.073111448882262,479,181,479,1.6777384281158447,-0.1445945320106783,True
8,22,0,0,person,0.6748741865158081,1.1822867244426092,0.9329594648881514,0.24932725955445778,0.24932725955445778,26.724340010243488,479,587,479,1.1983246803283691,0.325348347623708,False
8,22,1,1,bicycle,0.6374205946922302,1.2752496292077253,1.397404864647827,-0.12215523544010165,0.12215523544010165,8.741577944262211,461,229,461,1.7773406505584717,-0.1456602701988523,True
8,22,2,72,refrigerator,0.4913100302219391,5.028117720157712,5.602272333825614,-0.5741546136679023,0.5741546136679023,10.24860234303944,249,405,249,5.7170939445495605,-0.1350071649623814,True
8,22,3,72,refrigerator,0.44421181082725525,5.267474899589832,5.765706803678313,-0.49823190408848106,0.49823190408848106,8.641297954495831,245,398,245,5.960841655731201,-0.13274389068259174,True
8,23,0,1,bicycle,0.6764289140701294,1.3201623268661429,1.44692864047372,-0.12676631360757717,0.12676631360757717,8.76106188388629,453,282,453,1.823014497756958,-0.14392779408827283,True
8,23,1,72,refrigerator,0.41310667991638184,4.808152731105021,5.354646436719369,-0.5464937056143482,0.5464937056143482,10.205971805473087,253,462,253,5.483343124389648,-0.1343640551655112,True
8,23,2,72,refrigerator,0.25703462958335876,4.808152731105021,5.354646436719369,-0.5464937056143482,0.5464937056143482,10.205971805473087,253,462,253,5.483343124389648,-0.1343640551655112,True
8,24,0,1,bicycle,0.6664674878120422,1.1822867244426092,1.244908859394255,-0.06262213495164581,0.06262213495164581,5.030258599181016,479,255,479,1.3719568252563477,0.15514632367023262,False
8,24,1,1,bicycle,0.3949297368526459,1.1822867244426092,1.244908859394255,-0.06262213495164581,0.06262213495164581,5.030258599181016,479,255,479,1.3719568252563477,0.15514632367023262,False
8,24,2,72,refrigerator,0.2732381224632263,4.654529232334054,5.136375573168837,-0.4818463408347826,0.4818463408347826,9.381057400705458,256,473,256,5.3232808113098145,-0.13486117720743662,True
8,25,0,1,bicycle,0.7863089442253113,1.1822867244426092,1.0604349459979945,0.1218517784446147,0.1218517784446147,11.490735844237744,479,234,479,1.1427568197250366,0.37981845939578096,False
8,25,1,72,refrigerator,0.31206732988357544,4.463257278248606,4.886972531420665,-0.42371525317205894,0.42371525317205894,8.670301509734147,260,474,260,5.121770858764648,-0.1348150147003533,True
8,26,0,1,bicycle,0.7198278903961182,1.1822867244426092,1.1066849501197358,0.0756017743228734,0.0756017743228734,6.831372769160167,479,238,479,1.043051838874817,0.47755375804102296,False
8,26,1,69,oven,0.43569162487983704,1.1822867244426092,1.1686589197991215,0.013627804643487673,0.013627804643487673,1.166106244739922,479,599,479,1.623183250427246,-0.0911170974976594,True
8,26,2,72,refrigerator,0.34043189883232117,4.08165363695277,4.562362529798598,-0.4807088928458283,0.4807088928458283,10.536402789259467,269,486,269,4.7234954833984375,-0.13601134698255057,True
8,26,3,72,refrigerator,0.33967554569244385,4.08165363695277,4.562362529798598,-0.4807088928458283,0.4807088928458283,10.536402789259467,269,486,269,4.7234954833984375,-0.13601134698255057,True
8,26,4,65,remote,0.2698078155517578,3.930619911182698,4.388507392988554,-0.4578874818058565,0.4578874818058565,10.433786269505111,273,352,273,4.575983047485352,-0.14017027152264672,True
8,27,0,72,refrigerator,0.6238380074501038,4.605315013119116,5.032998900782289,-0.4276838876631732,0.4276838876631732,8.497595491163281,257,418,257,5.269444465637207,-0.13423312385584252,True
8,27,1,1,bicycle,0.6093718409538269,1.1822867244426092,1.1002212488775955,0.08206547556501365,0.08206547556501365,7.458997510612867,479,196,479,1.2162724733352661,0.3077551151232456,False
8,28,0,1,bicycle,0.8591659665107727,1.1822867244426092,1.053951484785938,0.12833523965667126,0.12833523965667126,12.176579426019472,479,155,479,1.0107040405273438,0.5092625222877729,False
8,28,1,72,refrigerator,0.5611346960067749,4.605315013119116,5.131365555833002,-0.526050542713886,0.526050542713886,10.251667650454294,257,366,257,5.270603656768799,-0.13459262826972918,True
8,29,0,72,refrigerator,0.688368022441864,4.417679139474614,4.918998265818237,-0.5013191263436232,0.5013191263436232,10.191488170005131,261,367,261,5.074061393737793,-0.13490280544421984,True
8,30,0,72,refrigerator,0.48083770275115967,4.605315013119116,5.04308399191549,-0.4377689787963748,0.4377689787963748,8.680580761656104,257,311,257,5.2696099281311035,-0.1342844393768705,True
8,31,0,72,refrigerator,0.7913885712623596,4.24359786465229,4.72180823964987,-0.47821037499758035,0.47821037499758035,10.12769580479703,265,313,265,4.89150857925415,-0.13514327226648226,True
8,31,1,58,potted plant,0.3438788056373596,9.736517592885464,5.820034682775134,3.9164829101103305,3.9164829101103305,67.29311977644188,205,156,205,5.744302749633789,0.6201399328609685,False
8,31,2,1,bicycle,0.26489323377609253,1.1822867244426092,1.2536287093383025,-0.07134198489569332,0.07134198489569332,5.690838472688573,479,100,479,1.2639187574386597,0.2610500882883606,False
8,32,0,55,cake,0.5535778999328613,7.306101522862765,1.0765200865201283,6.229581436342636,6.229581436342636,578.6776776715683,221,579,221,1.0955300331115723,1.279286632626111,False
8,32,1,1,bicycle,0.4312019646167755,1.1822867244426092,1.234646071326781,-0.052359346884171876,0.052359346884171876,4.240838577156385,479,2,479,0.850370466709137,0.6664286897786605,False
8,32,2,58,potted plant,0.2671164572238922,8.995724867412417,5.286212403954085,3.7095124634583314,3.7095124634583314,70.17335248738051,209,78,209,5.197616100311279,0.6411200279180178,False
8,38,0,55,cake,0.3600202202796936,3.3060809373083413,0.806578728589753,2.4995022087185883,2.4995022087185883,309.88942803993785,293,459,293,0.8610454797744751,1.1393937138669528,False
8,39,0,55,cake,0.6379432678222656,3.010904127673106,0.7317631618939129,2.279140965779193,2.279140965779193,311.45882772787223,305,518,305,0.7992579936981201,1.1363194468781055,False
8,39,1,55,cake,0.2881542146205902,5.267474899589832,0.7605770458175418,4.506897853772291,4.506897853772291,592.562959736425,245,518,245,0.7860100269317627,1.2847027075020214,False
8,41,0,77,teddy bear,0.2944304645061493,4.808152731105021,2.3524201611770503,2.4557325699279704,2.4557325699279704,104.39174984366852,253,270,253,2.3946139812469482,0.7862618792650473,False
8,42,0,58,potted plant,0.2719576954841614,4.605315013119116,5.099478318884488,-0.4941633057653725,0.4941633057653725,9.690467825608302,257,117,257,5.252452850341797,-0.1289634487079867,True
8,42,1,58,potted plant,0.2581069767475128,4.417679139474614,4.884647156490523,-0.4669680170159092,0.4669680170159092,9.55991296925963,261,134,261,5.0564751625061035,-0.12923638232735257,True
8,43,0,56,chair,0.42010509967803955,1.1822867244426092,1.3021171757741168,-0.1198304513315076,0.1198304513315076,9.202739473908533,479,0,479,1.01602303981781,0.5040486003782096,False
8,43,1,58,potted plant,0.336905837059021,12.876671115063534,3.8533380208960057,9.023333094167528,9.023333094167528,234.16925910043466,193,97,193,3.336193799972534,1.1098365076211898,False
8,44,0,56,chair,0.5900015830993652,1.1822867244426092,1.1426663214517636,0.03962040299084557,0.03962040299084557,3.4673642030954093,479,31,479,1.4423350095748901,0.0861584676591507,True
8,44,1,58,potted plant,0.43336543440818787,13.228480298482285,8.365460303112501,4.863019995369784,4.863019995369784,58.13212685451895,192,84,192,8.189682960510254,0.5669480185698064,False
8,45,0,58,potted plant,0.3057701885700226,8.664493672756427,3.4286831176614885,5.235810555094938,5.235810555094938,152.7061666365362,211,165,211,4.296825408935547,0.7640310768521535,False
8,45,1,56,chair,0.2841746509075165,1.1822867244426092,1.0390108266440912,0.14327589779851801,0.14327589779851801,13.789644354456431,479,22,479,1.6783427000045776,-0.14518686644577494,True
8,45,2,60,dining table,0.2827458083629608,1.2536604778467009,0.6606513137257038,0.593009164120997,0.593009164120997,89.76129340858449,465,608,465,0.8467610478401184,0.7057502951649426,False
8,45,3,60,dining table,0.26896053552627563,1.1921038660878276,0.830448214427105,0.36165565166072255,0.36165565166072255,43.54945261821234,477,85,477,1.6874922513961792,-0.14396821533314408,True
8,46,0,60,dining table,0.5346677899360657,1.1822867244426092,1.117932957909113,0.06435376653349612,0.06435376653349612,5.756496047299468,479,0,479,0.8679768443107605,0.6491701279868423,False
8,46,1,58,potted plant,0.45454898476600647,9.170585202404672,3.667930718963084,5.502654483441588,5.502654483441588,150.02067664454623,208,226,208,4.540195465087891,0.7634601507600471,False
8,46,2,58,potted plant,0.3486862778663635,5.267474899589832,5.8473503579373824,-0.5798754583475505,0.5798754583475505,9.916892658234662,245,295,245,5.943525791168213,-0.12800087388899462,True
8,47,0,58,potted plant,0.47013840079307556,5.028117720157712,5.519149378186148,-0.49103165802843574,0.49103165802843574,8.896872042804029,249,295,249,5.692652225494385,-0.12801718261001716,True
8,47,1,60,dining table,0.41229814291000366,1.1822867244426092,1.2551865417732646,-0.07289981733065543,0.07289981733065543,5.807887107175816,479,2,479,0.9910440444946289,0.5285341330662572,False
8,47,2,71,sink,0.368651807308197,3.6571519736962883,1.7898171559669929,1.8673348177292954,1.8673348177292954,104.33103803390587,281,556,281,1.7402119636535645,0.8342326799308337,False
8,48,0,58,potted plant,0.33453574776649475,12.876671115063534,9.271426540578014,3.6052445744855195,3.6052445744855195,38.885543219336725,193,229,193,3.248786687850952,1.1200586548251033,False
8,48,1,60,dining table,0.2991634011268616,1.1822867244426092,0.7828875971735056,0.39939912726910354,0.39939912726910354,51.016152090168774,479,2,479,0.9248170852661133,0.5934527718681517,False
8,48,2,58,potted plant,0.25535908341407776,7.423345006827991,5.383461577827541,2.03988342900045,2.03988342900045,37.891668762009274,220,290,220,5.482626438140869,0.41198001515751503,False
8,49,0,71,sink,0.6093907356262207,2.542172777113504,1.196040645915871,1.346132131197633,1.346132131197633,112.54902881388527,329,629,329,1.2893283367156982,0.8199216367832408,False
8,49,1,58,potted plant,0.26027247309684753,9.170585202404672,5.223479652113403,3.947105550291269,3.947105550291269,75.5646774405311,208,302,208,5.244571685791016,0.6491916882248456,False
8,49,2,58,potted plant,0.2526652216911316,13.228480298482285,9.025602076938865,4.20287822154342,4.20287822154342,46.56618124437493,192,218,192,8.92271614074707,0.48343342288008206,False
8,50,0,56,chair,0.5443496108055115,3.8944381145999625,4.30867476713644,-0.4142366525364771,0.4142366525364771,9.61401532777514,274,30,274,4.498199462890625,-0.1258681869228757,True
8,50,1,58,potted plant,0.4305672347545624,8.35581679185428,4.842390089078492,3.5134267027757886,3.5134267027757886,72.55563137509218,213,300,213,4.889797687530518,0.6329457021947307,False
8,50,2,58,potted plant,0.26270419359207153,10.604093960483102,8.76081497346221,1.8432789870208914,1.8432789870208914,21.04004014015195,201,221,201,8.792256355285645,0.25944045555358564,False
8,52,0,58,potted plant,0.3076242506504059,12.876671115063534,8.32969959356226,4.546971521501273,4.546971521501273,54.587461053403075,193,215,193,8.200892448425293,0.5409163765225613,False
8,53,0,72,refrigerator,0.6629701852798462,1.6830832967517113,1.8524593177351336,-0.1693760209834223,0.1693760209834223,9.143305840071347,401,547,401,2.2005436420440674,-0.1389659530527001,True
8,53,1,58,potted plant,0.4434276521205902,10.604093960483102,7.980417893430988,2.6236760670521138,2.6236760670521138,32.876424544280695,201,213,201,8.017866134643555,0.3687044647593658,False
8,53,2,58,potted plant,0.33105888962745667,6.48109328551411,4.097237241389834,2.3838560441242755,2.3838560441242755,58.182035934917984,229,280,229,4.2384257316589355,0.5437461170415583,False
8,53,3,58,potted plant,0.3010125756263733,3.6571519736962883,4.062759552571546,-0.40560757887525734,0.40560757887525734,9.983548709362477,281,297,281,4.260814666748047,-0.13009519601082808,True
8,53,4,45,bowl,0.30055269598960876,2.611143892272438,1.9461337863521218,0.6650101059203162,0.6650101059203162,34.170831963553056,325,185,325,2.145555257797241,0.39419564010248886,False
8,54,0,58,potted plant,0.4053615927696228,6.974543802967849,4.042957330666727,2.931586472301122,2.931586472301122,72.51094267219663,224,293,224,4.097541809082031,0.6373742145903115,False
8,54,1,57,couch,0.3872009515762329,5.028117720157712,4.710736950175569,0.31738076998214293,0.31738076998214293,6.737391056622556,249,84,249,5.020313262939453,0.06426215226232546,True
8,54,2,58,potted plant,0.331885427236557,6.870273553372899,7.762499753999492,-0.8922262006265935,0.8922262006265935,11.494057699221049,225,213,225,7.672467231750488,-0.1383884120096488,True
8,54,3,45,bowl,0.29431992769241333,2.2952155523968525,1.7054046861672554,0.5898108662295971,0.5898108662295971,34.58480388928356,345,168,345,1.9196090698242188,0.39475924615044344,False
8,54,4,58,potted plant,0.29034024477005005,3.416156690958381,3.485566094575948,-0.06940940361756676,0.06940940361756676,1.991338041920306,289,297,289,4.007305145263672,-0.12987694471884637,True
8,55,0,54,donut,0.713732898235321,2.8389123183635725,1.4156131181648863,1.4232992001986862,1.4232992001986862,100.5429507494084,313,106,313,1.5421240329742432,0.7610590789567896,False
8,55,1,57,couch,0.4081171154975891,4.605315013119116,4.553391211388627,0.051923801730488606,0.051923801730488606,1.1403325416147065,257,71,257,4.688384532928467,0.04597323284275512,True
8,55,2,58,potted plant,0.34240227937698364,3.202174322980737,3.2401442057190812,-0.03796988273834412,0.03796988273834412,1.1718578040855288,297,297,297,3.7835474014282227,-0.1302344085115874,True
8,55,3,58,potted plant,0.3219594657421112,6.48109328551411,7.139301434424331,-0.6582081489102212,0.6582081489102212,9.219503546053803,229,201,229,6.517514228820801,0.029548779870350428,True
8,55,4,60,dining table,0.3214424252510071,1.1822867244426092,1.2911933978413084,-0.1089066733986992,0.1089066733986992,8.434574834472949,479,121,479,1.6740388870239258,-0.14096807573551784,True
8,55,5,58,potted plant,0.27944812178611755,6.301716650165448,3.729310418483296,2.5724062316821517,2.5724062316821517,68.9780668011097,231,293,231,3.8050858974456787,0.6185427910410409,False
8,56,0,60,dining table,0.5704095959663391,1.1822867244426092,1.1495917506949596,0.032694973747649625,0.032694973747649625,2.8440508317743776,479,80,479,1.6757444143295288,-0.14263991017286792,True
8,56,1,45,bowl,0.46584784984588623,1.6498221342233514,1.2185673678829363,0.43125476634041515,0.43125476634041515,35.390309777427454,405,117,405,1.460071086883545,0.39490935419413753,False
8,56,2,58,potted plant,0.40031886100769043,10.604093960483102,7.276363098211316,3.3277308622717854,3.3277308622717854,45.73343602231466,201,192,201,7.217942237854004,0.4815711948560686,False
8,56,3,57,couch,0.3187949061393738,4.24359786465229,2.1243307977458463,2.1192670669064433,2.1192670669064433,99.76163171739655,265,109,265,2.205287218093872,0.7628121775406774,False
8,56,4,58,potted plant,0.31113550066947937,6.574430251158636,3.26497513469723,3.3094551164614057,3.3094551164614057,101.36233753487069,228,288,228,6.5814313888549805,0.03499425824546809,True
8,57,0,57,couch,0.5042706727981567,3.8588556334949464,3.937856570378128,-0.07900093688318144,0.07900093688318144,2.0061913244238725,275,77,275,4.1483001708984375,-0.011919274841355465,True
8,57,1,54,donut,0.417447030544281,1.8669919745293975,0.9263980350043333,0.9405939395250642,0.9405939395250642,101.53237636354275,381,14,381,1.0777255296707153,0.762372194686888,False
8,57,2,57,couch,0.343523234128952,3.6571519736962883,1.8286313682356563,1.828520605460632,1.828520605460632,99.99394285929093,281,69,281,1.9259113073349,0.7631881422747656,False
8,57,3,58,potted plant,0.288417786359787,2.6834240906752167,2.7416988634715302,-0.058274772796313545,0.058274772796313545,2.125498667002627,321,294,321,3.0581066608428955,-0.03920324722988178,True
8,57,4,58,potted plant,0.2641688585281372,10.604093960483102,7.042293092845482,3.5618008676376194,3.5618008676376194,50.57728811736308,201,188,201,7.1738080978393555,0.4877983823286214,False
8,57,5,44,spoon,0.25368833541870117,1.3201623268661429,0.9664948134001587,0.35366751346598413,0.35366751346598413,36.5927999366878,453,64,453,1.2269461154937744,0.39358487077826787,False
8,58,0,57,couch,0.7761568427085876,3.3060809373083413,1.6500376706424542,1.656043266665887,1.656043266665887,100.36396720694833,293,65,293,1.7605364322662354,0.7626864441495765,False
8,58,1,62,tv,0.475774884223938,12.876671115063534,7.002293122528855,5.874377992534678,5.874377992534678,83.89220345024869,193,243,193,6.999618053436279,0.6814038425858381,False
8,58,2,58,potted plant,0.34191522002220154,8.995724867412417,6.73625295140598,2.2594719160064365,2.2594719160064365,33.5419695831767,209,194,209,6.807621955871582,0.37507464142003344,False
8,58,3,58,potted plant,0.2992037832736969,5.267474899589832,2.974830357186968,2.292644542402864,2.292644542402864,77.06807673466173,245,278,245,3.1077864170074463,0.6487411377491443,False
8,58,4,58,potted plant,0.2586263120174408,2.7592573694091684,2.8593590658607715,-0.10010169645160305,0.10010169645160305,3.500843865562886,317,278,317,3.191497802734375,-0.06780716912505991,True
8,59,0,57,couch,0.8855380415916443,3.127987299800063,3.411821321082567,-0.2838340212825039,0.2838340212825039,8.319134988946129,300,53,300,3.718639373779297,-0.1359415311375991,True
8,59,1,58,potted plant,0.3821903169155121,8.995724867412417,6.474674163536177,2.5210507038762398,2.5210507038762398,38.93710540793229,209,187,209,6.479506015777588,0.42929415360191725,False
8,59,2,58,potted plant,0.2883473038673401,4.417679139474614,2.617196091508087,1.8004830479665266,1.8004830479665266,68.7943503281425,261,265,261,2.746833562850952,0.6149484506561668,False
8,60,0,57,couch,0.5039095282554626,3.3060809373083413,3.3566574502818396,-0.0505765129734983,0.0505765129734983,1.5067522892230685,293,2,293,3.581085205078125,0.0002396894674394634,True
8,60,1,58,potted plant,0.4757644236087799,5.668877899929698,5.983577953766502,-0.31470005383680366,0.31470005383680366,5.259395904397108,239,121,239,6.200755596160889,-0.08615654864735345,True
8,60,2,58,potted plant,0.27824893593788147,4.24359786465229,2.5119292215157696,1.73166864313652,1.73166864313652,68.93779602960237,265,212,265,2.6305501461029053,0.6206544353203123,False
8,61,0,57,couch,0.6074437499046326,3.253389362047055,3.316300320377902,-0.06291095833084714,0.06291095833084714,1.8970223518139713,295,2,295,3.55137038230896,-0.008755479918537645,True
8,61,1,58,potted plant,0.4319162368774414,5.028117720157712,5.561328418416032,-0.53321069825832,0.53321069825832,9.587829707963698,249,107,249,5.746860504150391,-0.1435199756133303,True
8,61,2,58,potted plant,0.2756054699420929,7.0818476450674135,2.281768903815914,4.800078741251499,4.800078741251499,210.3665596118911,223,209,223,2.2950022220611572,1.0237773182547005,False
8,62,0,57,couch,0.7118105888366699,3.227601181842405,3.282198666927516,-0.054597485085110975,0.054597485085110975,1.6634424245933892,296,2,296,3.5142507553100586,-0.0035934985468855096,True
8,62,1,58,potted plant,0.4712940454483032,1.887183110863123,2.018190677386146,-0.13100756652302303,0.13100756652302303,6.49133741380161,379,208,379,2.3646438121795654,-0.10415798914491226,True
8,63,0,57,couch,0.5828523635864258,3.202174322980737,3.243866182095603,-0.04169185911486606,0.04169185911486606,1.285252127383759,297,2,297,3.469914674758911,0.004901961779059993,True
8,64,0,57,couch,0.744192361831665,3.127987299800063,3.2296500047409666,-0.10166270494090357,0.10166270494090357,3.1477932528808927,300,2,300,3.4704172611236572,-0.026741142978589316,True
8,66,0,57,couch,0.7184556722640991,2.7788017494712074,2.8648857200928637,-0.08608397062165629,0.08608397062165629,3.0047959685758747,316,2,316,3.134085178375244,-0.030143214337871038,True
8,67,0,57,couch,0.8574923872947693,2.476288589174513,2.716345292338618,-0.2400567031641052,0.2400567031641052,8.83748851227342,333,12,333,3.0403177738189697,-0.14037681671786228,True
8,67,1,73,book,0.37118783593177795,3.010904127673106,3.245854257095914,-0.23495012942280802,0.23495012942280802,7.238468237111157,305,158,305,3.554229497909546,-0.11725520409385348,True
8,68,0,57,couch,0.8914214968681335,2.8389123183635725,3.1624374099668566,-0.32352509160328413,0.32352509160328413,10.230244892235662,313,101,313,3.4286439418792725,-0.14290631503556184,True
8,68,1,58,potted plant,0.39213040471076965,4.808152731105021,1.4007770668039612,3.4073756643010595,3.4073756643010595,243.2489612408769,253,256,253,5.454286098480225,-0.12570332436332188,True
8,69,0,57,couch,0.8605096936225891,3.253389362047055,3.5528213422603017,-0.2994319802132468,0.2994319802132468,8.428005558611861,295,170,295,3.8438804149627686,-0.13302472451663316,True
8,70,0,57,couch,0.8802210688591003,2.922685298749407,3.2728593482517128,-0.3501740495023058,0.3501740495023058,10.699330837096952,309,161,309,3.517050266265869,-0.14280292972209296,True
8,71,0,57,couch,0.8303132057189941,3.202174322980737,3.5524910459198145,-0.35031672293907734,0.35031672293907734,9.861157098240426,297,220,297,3.8123488426208496,-0.14264421747267497,True
8,72,0,57,couch,0.8651816844940186,3.444704422871351,3.7208642064029442,-0.2761597835315932,0.2761597835315932,7.421925880992148,288,274,288,4.002142906188965,-0.11569678438178155,True
8,73,0,57,couch,0.8722575306892395,3.103932365323887,3.4464846990582654,-0.3425523337343783,0.3425523337343783,9.93918045909152,301,272,301,3.708282709121704,-0.14257884110516983,True
8,74,0,57,couch,0.8529407382011414,3.227601181842405,3.5189556012976606,-0.29135441945525553,0.29135441945525553,8.27957077230002,296,325,296,3.8054308891296387,-0.1281766847226553,True
8,75,0,57,couch,0.8512092232704163,2.922685298749407,3.242028495289716,-0.31934319654030885,0.31934319654030885,9.850104556584768,309,324,309,3.5173451900482178,-0.1429406876774837,True
8,76,0,57,couch,0.8533503413200378,2.6834240906752167,2.9799844550797134,-0.29656036440449673,0.29656036440449673,9.951741993115997,321,325,321,3.2647178173065186,-0.14319457199782692,True
8,77,0,57,couch,0.8526581525802612,2.476288589174513,2.7424944096165906,-0.26620582044207763,0.26620582044207763,9.706704214550944,333,325,333,3.046334981918335,-0.14362334862731063,True
8,77,1,58,potted plant,0.2575804591178894,3.5329678035523537,3.908421661819201,-0.3754538582668472,0.3754538582668472,9.606278205204955,285,530,285,4.171818256378174,-0.14641793882861154,True
8,78,0,57,couch,0.8380619883537292,2.2952155523968525,2.5054053353519627,-0.21018978295511026,0.21018978295511026,8.38945219718639,345,324,345,2.8423237800598145,-0.13650616510449054,True
8,78,1,58,potted plant,0.2920176684856415,5.330648092378006,3.833782661680104,1.496865430697902,1.496865430697902,39.04408681429846,244,599,244,4.002906799316406,0.4156400963454423,False
8,78,2,58,potted plant,0.25156545639038086,3.3060809373083413,3.654238230378259,-0.3481572930699177,0.3481572930699177,9.52749304015352,293,565,293,3.9270145893096924,-0.14463571310097123,True
8,79,0,57,couch,0.84058678150177,2.039251667457873,2.2511214549543657,-0.21186978749649255,0.21186978749649255,9.411743956782088,365,325,365,2.583123207092285,-0.14321203583283437,True
8,79,1,58,potted plant,0.49136483669281006,3.010904127673106,3.3560300814421784,-0.3451259537690725,0.3451259537690725,10.283756265401601,305,584,305,3.609980583190918,-0.14262321503918196,True
8,80,0,57,couch,0.8584241271018982,2.039251667457873,2.2304688187395314,-0.19121715128165828,0.19121715128165828,8.572957831785235,365,276,365,2.5744030475616455,-0.1376648474309079,True
8,80,1,62,tv,0.45970970392227173,6.48109328551411,3.210887260619644,3.2702060248944655,3.2702060248944655,101.84742594367432,229,623,229,3.347242832183838,0.7448106542077366,False
8,80,2,58,potted plant,0.37606778740882874,3.5329678035523537,3.8825954209972577,-0.349627617444904,0.349627617444904,9.0049974188426,285,498,285,4.168708324432373,-0.14519059683300228,True
8,80,3,56,chair,0.27445030212402344,1.7529492399297044,1.9450001898724625,-0.19205094994275806,0.19205094994275806,9.874083866045854,393,37,393,2.288771867752075,-0.14940878115809353,True
8,81,0,57,couch,0.8650367856025696,1.7896679701346712,1.9758577160027462,-0.18618974586807502,0.18618974586807502,9.423236519517493,389,271,389,2.3192403316497803,-0.14336327401038162,True
8,81,1,62,tv,0.6310780048370361,6.131451933135833,3.110419303228362,3.021032629907471,3.021032629907471,97.12621789518491,233,628,233,3.238689661026001,0.7301977405137275,False
8,81,2,56,chair,0.34688472747802734,1.1822867244426092,1.002881831109764,0.17940489333284515,0.17940489333284515,17.888936439731904,479,512,479,1.366447925567627,0.16054639447604946,False
8,81,3,58,potted plant,0.3382894992828369,3.202174322980737,3.598317665752642,-0.396143342771905,0.396143342771905,11.009126474358835,297,517,297,3.815730094909668,-0.14410111314233398,True
8,81,4,58,potted plant,0.27666038274765015,5.028117720157712,3.5810001135063727,1.4471176066513394,1.4471176066513394,40.41099024803938,249,525,249,3.735529661178589,0.4316919014809546,False
8,82,0,57,couch,0.8893976211547852,1.7262076207112214,1.8885976077186597,-0.16238998700743834,0.16238998700743834,8.598442905135206,396,222,396,2.245577573776245,-0.13861566290333838,True
8,82,1,62,tv,0.8806319832801819,6.131451933135833,2.943373587007665,3.188078346128168,3.188078346128168,108.31375127508969,233,615,233,3.029611587524414,0.7798933860482153,False
8,82,2,58,potted plant,0.4975297451019287,5.5289069561326665,3.933068016094043,1.5958389400386235,1.5958389400386235,40.57491336301533,241,452,241,4.054172992706299,0.4384652223538936,False
8,82,3,57,couch,0.41024211049079895,2.1355772235358987,2.353889258267703,-0.21831203473180416,0.21831203473180416,9.274524447784195,357,636,357,2.67313289642334,-0.1359190408897677,True
8,83,0,57,couch,0.8925893902778625,1.5267529496504633,1.6398844482871784,-0.11313149863671512,0.11313149863671512,6.898748186488284,421,209,421,1.9990686178207397,-0.10959175942235766,True
8,83,1,62,tv,0.8528852462768555,5.5289069561326665,2.798356651752275,2.7305503043803916,2.7305503043803916,97.57692260815203,241,602,241,3.128241539001465,0.6809088579837518,False
8,83,2,58,potted plant,0.4166366755962372,3.3060809373083413,3.6844281778923804,-0.3783472405840391,0.3783472405840391,10.268818452052626,293,454,293,3.9275662899017334,-0.1448667655903304,True
8,83,3,58,potted plant,0.2850874960422516,5.028117720157712,3.674142167371601,1.3539755527861113,1.3539755527861113,36.85147419743736,249,459,249,3.8326406478881836,0.4039195470983359,False
8,84,0,57,couch,0.8966365456581116,1.367546627726179,1.49552140613478,-0.12797477840860094,0.12797477840860094,8.55720138031027,445,157,445,1.8667049407958984,-0.138248774755932,True
8,84,1,62,tv,0.8211180567741394,5.815615322550515,3.4383733208687652,2.37724200168175,2.37724200168175,69.13856582277977,237,516,237,3.5678343772888184,0.608885232470023,False
8,84,2,58,potted plant,0.28298038244247437,3.5329678035523537,3.9428620589980774,-0.40989425544572367,0.40989425544572367,10.39585583549129,285,399,285,4.1659135818481445,-0.14408764506417882,True
8,85,0,57,couch,0.9222755432128906,1.1970582053608054,1.3072569396683187,-0.11019873430751326,0.11019873430751326,8.429768545384293,476,90,476,1.6804102659225464,-0.13199654043574927,True
8,85,1,62,tv,0.8713594675064087,6.48109328551411,3.088141742129963,3.3929515433841466,3.3929515433841466,109.87033066182865,229,559,229,3.2029523849487305,0.7773647932154706,False
8,85,2,57,couch,0.3900299370288849,2.0864826102176868,2.303604143749722,-0.21712153353203512,0.21712153353203512,9.425297055535449,361,635,361,2.623023748397827,-0.13692353986402717,True
8,85,3,58,potted plant,0.3880952000617981,6.131451933135833,4.227501093111649,1.9039508400241836,1.9039508400241836,45.03726428661386,233,351,233,4.2356438636779785,0.493232276659219,False
8,86,0,57,couch,0.9382234215736389,1.1822867244426092,1.1338881204826308,0.048398603959978415,0.048398603959978415,4.268375608289989,479,2,479,1.3971258401870728,0.13047452523163372,True
8,86,1,62,tv,0.7930394411087036,6.870273553372899,3.753929778401491,3.1163437749714076,3.1163437749714076,83.01550532195671,225,395,225,3.870661973953247,0.6734539186184919,False
8,86,2,63,laptop,0.30668964982032776,1.2326200688054518,1.0679529149391143,0.16466715386633757,0.16466715386633757,15.418952611382263,469,321,469,1.4152277708053589,0.15544910805868128,False
8,86,3,58,potted plant,0.301580548286438,6.131451933135833,4.131565370431028,1.9998865627048046,1.9998865627048046,48.40505676172238,233,270,233,4.292867660522461,0.47963078571139195,False
8,87,0,57,couch,0.9351391792297363,1.1822867244426092,1.1625593830736576,0.0197273413689516,0.0197273413689516,1.696888920787431,479,2,479,1.45443856716156,0.0742940171039661,True
8,87,1,62,tv,0.7577645778656006,7.7974987597924255,3.8051569663297298,3.9923417934626957,3.9923417934626957,104.91924061975071,217,341,217,4.120081424713135,0.719684898206483,False
8,87,2,58,potted plant,0.5666558742523193,3.5329678035523537,3.9403263436018263,-0.4073585400494726,0.4073585400494726,10.33819294462572,285,228,285,4.169537544250488,-0.1455178503948491,True
8,87,3,63,laptop,0.3165097236633301,1.212107743143963,1.0465159421601782,0.1655918009837849,0.1655918009837849,15.823151307372981,473,270,473,1.6838171482086182,-0.12005737004324502,True
8,87,4,62,tv,0.28894808888435364,7.7974987597924255,3.8046906203144357,3.9928081394779897,3.9928081394779897,104.94435784500153,217,341,217,4.120081424713135,0.719684898206483,False
8,88,0,57,couch,0.9210461974143982,1.1822867244426092,1.1308563852272062,0.051430339215402965,0.051430339215402965,4.5479107592490475,479,2,479,1.3916558027267456,0.13583650153639693,True
8,88,1,62,tv,0.8974180221557617,6.870273553372899,3.6246972599576806,3.245576293415218,3.245576293415218,89.54061706806132,225,349,225,3.713371515274048,0.7070419232375599,False
8,88,2,58,potted plant,0.28035634756088257,5.5289069561326665,3.7407423704359197,1.7881645856967467,1.7881645856967467,47.80239879199076,241,206,241,3.8728959560394287,0.48593035991874545,False
8,89,0,57,couch,0.9132208228111267,1.1822867244426092,1.1758782190216839,0.006408505420925303,0.006408505420925303,0.5449973744948776,479,2,479,1.492570161819458,0.03691571604087773,True
8,89,1,62,tv,0.9102665781974792,7.306101522862765,3.623633110417332,3.6824684124454325,3.6824684124454325,101.6236550510304,221,290,221,3.72210431098938,0.7501180694590148,False
8,89,2,58,potted plant,0.6853284239768982,3.010904127673106,3.326921605522173,-0.316017477849067,0.316017477849067,9.498795442745843,305,158,305,3.609825372695923,-0.14255259073624704,True
8,89,3,73,book,0.4007507562637329,1.5561150456107948,1.136907778349344,0.41920726726145086,0.41920726726145086,36.872583268810985,417,635,417,1.3811161518096924,0.4046412440866409,False
8,89,4,56,chair,0.33316516876220703,2.611143892272438,2.882262983101914,-0.27111909082947605,0.27111909082947605,9.406466114264687,325,454,325,3.171947956085205,-0.13480006700367575,True
8,89,5,73,book,0.25748875737190247,1.367546627726179,1.060474103914269,0.30707252381190986,0.30707252381190986,28.9561548630455,445,631,445,1.6319142580032349,0.06780711549375584,True
8,90,0,62,tv,0.8834865689277649,6.870273553372899,3.6502202173440867,3.220053336028812,3.220053336028812,88.215317002757,225,167,225,3.728142023086548,0.7038878102112632,False
8,90,1,57,couch,0.8737908601760864,1.3201623268661429,1.4375077117287127,-0.11734538486256985,0.11734538486256985,8.163113415332782,453,0,453,1.8032249212265015,-0.1260822778119719,True
8,90,2,58,potted plant,0.5234336853027344,2.6834240906752167,2.9772166361315575,-0.2937925454563408,0.2937925454563408,9.868027132821606,321,89,321,3.2699992656707764,-0.1458528254120821,True
8,90,3,73,book,0.3520359992980957,1.7896679701346712,1.3164514191061558,0.47321655102851534,0.47321655102851534,35.94637402949665,389,555,389,1.557513952255249,0.39637947694954745,False
8,90,4,56,chair,0.2887705862522125,2.7592573694091684,3.0496119343810335,-0.29035456497186507,0.29035456497186507,9.521033207485695,317,263,317,3.331027030944824,-0.1363501974496939,True
8,91,0,62,tv,0.8595029711723328,6.48109328551411,3.277720900782948,3.2033723847311615,3.2033723847311615,97.73170082803489,229,237,229,3.364291191101074,0.7409642828319438,False
8,91,1,57,couch,0.6992161273956299,1.3614814747710466,1.3617143162263898,-0.00023284145534319123,0.00023284145534319123,0.017099141322714898,446,2,446,1.6827024221420288,0.018155378827413582,True
8,91,2,73,book,0.5623757839202881,1.4437228492128802,1.0640515626097065,0.37967128660317373,0.37967128660317373,35.68166242545494,433,600,433,1.3143270015716553,0.39413438351208696,False
8,91,3,58,potted plant,0.45593729615211487,4.605315013119116,2.8387631562932767,1.766551856825839,1.766551856825839,62.22963169398461,257,42,257,2.9251315593719482,0.592817674209293,False
8,91,4,58,potted plant,0.27768105268478394,2.576259066305423,2.846749729159904,-0.2704906628544812,0.2704906628544812,9.501736667743705,327,72,327,3.152517795562744,-0.14381776120870415,True
8,92,0,62,tv,0.7855291366577148,6.131451933135833,3.101306161646294,3.030145771489539,3.030145771489539,97.70547032612285,233,74,233,3.114015817642212,0.7598313937441129,False
8,92,1,73,book,0.27407121658325195,1.7174406329589356,1.2575192720534594,0.4599213609054762,0.4599213609054762,36.57370277550101,397,525,397,1.4972187280654907,0.4029483059436856,False
8,93,0,62,tv,0.6891793608665466,5.815615322550515,2.7893384319241163,3.026276890626399,3.026276890626399,108.49443208434337,237,57,237,2.871757984161377,0.7827397020589998,False
8,93,1,73,book,0.6052318215370178,1.3985091679134343,1.0099373180790856,0.38857184983434867,0.38857184983434867,38.47484817903526,440,572,440,1.2524268627166748,0.4197534176832811,False
8,94,0,72,refrigerator,0.5454587936401367,1.2326200688054518,0.9303481788088847,0.3022718899965672,0.3022718899965672,32.49018989681506,469,556,469,1.1245348453521729,0.43162474583371746,False
8,95,0,72,refrigerator,0.8403999209403992,1.1921038660878276,0.9168587879116483,0.27524507817617927,0.27524507817617927,30.02044391188219,477,297,477,1.660863995552063,-0.11802675918644656,True
8,95,1,73,book,0.36280032992362976,1.7174406329589356,1.2721257448583139,0.4453148881006217,0.4453148881006217,35.00557157187474,397,432,397,1.5076864957809448,0.39527829615155285,False
8,96,0,73,book,0.37347739934921265,1.3922302760127698,1.0260776677106636,0.3661526083021063,0.3661526083021063,35.68468740958458,441,457,441,1.2673941850662231,0.4030181101768777,False
8,97,0,72,refrigerator,0.7908384203910828,1.212107743143963,0.7796200729774942,0.43248767016646883,0.43248767016646883,55.474157882406615,473,358,473,1.534535527229309,0.023571521334198264,True
8,97,1,73,book,0.47922283411026,1.5267529496504633,1.1134342737789102,0.413318675871553,0.413318675871553,37.12106638039632,421,407,421,1.3543035984039307,0.4095542332491928,False
8,98,0,72,refrigerator,0.6631410121917725,1.1822867244426092,0.9364853222327836,0.2458014022098256,0.2458014022098256,26.24722420889437,479,127,479,1.6511874198913574,-0.11856804169871693,True
8,98,1,72,refrigerator,0.4371989667415619,1.1822867244426092,0.9117255392077339,0.27056118523487527,0.27056118523487527,29.67572735430731,479,278,479,1.6584506034851074,-0.1256877403496477,True
8,99,0,73,book,0.28006455302238464,1.617605508838784,1.1722738742032603,0.4453316346355236,0.4453316346355236,37.988702506758045,409,303,409,1.4185303449630737,0.409223045817386,False
8,99,1,72,refrigerator,0.26686617732048035,1.1822867244426092,1.0672053962858108,0.11508132815679839,0.11508132815679839,10.783428247019302,479,216,479,1.6600916385650635,-0.12729635661193606,True
8,100,0,72,refrigerator,0.6093271374702454,1.2536604778467009,1.1757917955404746,0.07786868230622623,0.07786868230622623,6.622659096752112,465,192,465,1.739688754081726,-0.13180307237653555,True
8,100,1,72,refrigerator,0.3623720705509186,1.1822867244426092,1.0954690378398353,0.08681768660277389,0.08681768660277389,7.925161150512334,479,552,479,0.8838343024253845,0.6336259355967409,False
8,101,0,72,refrigerator,0.9169486165046692,1.1822867244426092,0.8663499109967501,0.3159368134458591,0.3159368134458591,36.46757614165026,479,116,479,1.6686774492263794,-0.13571255369596935,True
8,102,0,72,refrigerator,0.9163497090339661,1.1822867244426092,0.6265127107475992,0.55577401369501,0.55577401369501,88.70913616929195,479,2,479,1.6732040643692017,-0.1401497450886482,True
8,103,0,72,refrigerator,0.798160970211029,1.1822867244426092,0.6503624821522936,0.5319242422903155,0.5319242422903155,81.788888025948,479,111,479,1.6694912910461426,-0.13651031798644175,True
8,103,1,72,refrigerator,0.7719807028770447,1.1921038660878276,0.6413899455421843,0.5507139205456433,0.5507139205456433,85.86257461209652,477,134,477,1.6797541379928589,-0.136429684432527,True
8,104,0,72,refrigerator,0.7472646832466125,1.1822867244426092,0.4372626451236452,0.745024079318964,0.745024079318964,170.3836555963505,479,80,479,1.6712040901184082,-0.13818928053595214,True
8,105,0,72,refrigerator,0.7910771369934082,1.1822867244426092,0.4320823011301603,0.750204423312449,0.750204423312449,173.62535363059405,479,6,479,1.668793797492981,-0.1358266034905351,True
8,106,0,72,refrigerator,0.6927351951599121,1.1822867244426092,0.21882679394529458,0.9634599304973146,0.9634599304973146,440.2842600427505,479,279,479,0.5764830112457275,0.9349054702427603,False
8,107,0,72,refrigerator,0.7286170721054077,1.1822867244426092,0.21352328096755113,0.968763443475058,0.968763443475058,453.70389546528173,479,226,479,1.6695410013198853,-0.13655904622858728,True
8,108,0,72,refrigerator,0.555628776550293,1.1822867244426092,0.21482228196490313,0.967464442477706,0.967464442477706,450.3557236375353,479,484,479,0.5417687296867371,0.9689339675805185,False
8,110,0,72,refrigerator,0.3226839303970337,1.1822867244426092,0.21841255874775112,0.9638741656948581,0.9638741656948581,441.3089481763981,479,366,479,1.666837453842163,-0.13390890761080132,True
8,115,0,62,tv,0.9276072978973389,4.417679139474614,2.1978102641406596,2.219868875333954,2.219868875333954,101.00366312566655,261,176,261,2.4257395267486572,0.7184074945461227,False
8,115,1,56,chair,0.3181062340736389,1.4437228492128802,1.4552727302739257,-0.011549881061045486,0.011549881061045486,0.7936574925630232,433,246,433,1.848462462425232,-0.05528348586027354,True
8,116,0,62,tv,0.9235509037971497,3.930619911182698,1.949621118335945,1.9809987928467527,1.9809987928467527,101.60942422174773,273,157,273,2.1856937408447266,0.7165814734919818,False
8,117,0,62,tv,0.9331274032592773,3.930619911182698,1.9631189915793439,1.967500919603354,1.967500919603354,100.22321255322811,273,319,273,2.10538387298584,0.7453669511489507,False
8,117,1,57,couch,0.6852667331695557,1.1822867244426092,0.9658263732210122,0.216460351221597,0.216460351221597,22.41193212603068,479,314,479,1.6722701787948608,-0.13923430852038088,True
8,117,2,57,couch,0.46080395579338074,1.1822867244426092,1.2936648016378989,-0.1113780771952897,0.1113780771952897,8.609500471395277,479,2,479,1.6610777378082275,-0.12826297536260078,True
8,117,3,56,chair,0.3205038607120514,1.1822867244426092,0.8985267458897687,0.2837599785528405,0.2837599785528405,31.580582308860087,479,576,479,1.1441595554351807,0.3784434348746166,False
8,117,4,58,potted plant,0.25491124391555786,3.444704422871351,2.483087057342464,0.9616173655288871,0.9616173655288871,38.726687519287495,288,58,288,2.6882526874542236,0.41473110167835836,False
8,118,0,62,tv,0.9411526322364807,3.930619911182698,1.7622083393096246,2.168411571873073,2.168411571873073,123.05080639458248,273,378,273,2.0451745986938477,0.7669477701202855,False
8,118,1,57,couch,0.7108091115951538,1.1822867244426092,0.9530778338243298,0.22920889061827943,0.22920889061827943,24.049336002134634,479,353,479,1.6724368333816528,-0.13939767082858068,True
8,118,2,58,potted plant,0.3623755872249603,2.542172777113504,2.5744867967705822,-0.03231401965707814,0.03231401965707814,1.2551635416275047,329,90,329,2.9109716415405273,-0.03544196072828054,True
8,119,0,62,tv,0.9430169463157654,3.6571519736962883,1.8185712903947482,1.8385806833015401,1.8385806833015401,101.10028091900915,281,433,281,1.9648641347885132,0.748285636094736,False
8,119,1,57,couch,0.8255537748336792,1.633586353981591,1.675147296594293,-0.041560942612702156,0.041560942612702156,2.481032127574622,407,2,407,2.137355327606201,-0.13061314218225162,True
8,119,2,57,couch,0.7605952620506287,1.1822867244426092,0.89933315953461,0.28295356490799917,0.28295356490799917,31.462596692689832,479,397,479,1.6728036403656006,-0.1397572315026372,True
8,119,3,58,potted plant,0.5979039072990417,4.24359786465229,3.055980892395634,1.1876169722566554,1.1876169722566554,38.862054903938315,265,200,265,3.287233829498291,0.40113690008277536,False
8,120,0,62,tv,0.9221521615982056,3.103932365323887,2.1346413922993532,0.9692909730245338,0.9692909730245338,45.4076725262247,301,326,301,2.328672170639038,0.46851779235891144,False
8,120,1,57,couch,0.8044958114624023,1.1822867244426092,0.8965745203990837,0.2857122040435255,0.2857122040435255,31.86708941007482,479,339,479,1.6720701456069946,-0.13903822700882196,True
8,120,2,57,couch,0.7559934258460999,1.47059365802198,1.6102368400975062,-0.13964318207552617,0.13964318207552617,8.672213838249423,429,0,429,1.961556077003479,-0.12675569726188218,True
8,120,3,58,potted plant,0.5828741192817688,2.720880419513807,2.913853670395134,-0.1929732508813271,0.1929732508813271,6.622612962412725,319,201,319,3.2016074657440186,-0.09210171084997198,True
8,120,4,56,chair,0.29897356033325195,1.47059365802198,1.6102368400975062,-0.13964318207552617,0.13964318207552617,8.672213838249423,429,0,429,1.961556077003479,-0.12675569726188218,True
8,121,0,62,tv,0.9342761635780334,2.542172777113504,1.7794079312591546,0.7627648458543494,0.7627648458543494,42.86621591680765,329,353,329,1.9579849243164062,0.46722724180240305,False
8,121,1,57,couch,0.669777512550354,1.1822867244426092,0.8212580980722861,0.36102862637032307,0.36102862637032307,43.960434267589505,479,302,479,1.6686774492263794,-0.13571255369596935,True
8,121,2,58,potted plant,0.619655191898346,3.5632959838895513,2.567764753787558,0.9955312301019932,0.9955312301019932,38.77034407585601,284,181,284,2.7783567905426025,0.4119014439559372,False
8,121,3,57,couch,0.4144250452518463,1.3736536463169389,1.4493218116581053,-0.07566816534116638,0.07566816534116638,5.2209360773089974,444,2,444,1.8597317934036255,-0.12651539979292226,True
9,0,0,57,couch,0.663833498954773,1.1822867244426092,0.9674265798339887,0.21486014460862046,0.21486014460862046,22.20945228169053,479,415,479,1.660009503364563,-0.12721584400081332,True
9,1,0,56,chair,0.5002200603485107,1.1822867244426092,0.908183754134529,0.2741029703080802,0.2741029703080802,30.18144390496082,479,410,479,1.675242304801941,-0.14214771987090957,True
9,2,0,56,chair,0.3048672378063202,5.815615322550515,6.024682916280865,-0.20906759373034944,0.20906759373034944,3.470184184554733,237,354,237,5.719237804412842,0.0715432030786105,True
9,3,0,62,tv,0.3596678376197815,12.876671115063534,5.6489574667205416,7.227713648342992,7.227713648342992,127.94774417975898,193,153,193,5.626218795776367,0.8420210857458332,False
9,3,1,60,dining table,0.31580179929733276,1.7529492399297044,1.9279416258756708,-0.17499238594596633,0.17499238594596633,9.076643379515437,393,55,393,2.264765501022339,-0.13210853702034187,True
9,3,2,56,chair,0.2657940983772278,5.330648092378006,5.782190471834984,-0.4515423794569786,0.4515423794569786,7.809192409977479,244,354,244,6.098649501800537,-0.15208217871190488,False
9,4,0,56,chair,0.6598668098449707,4.808152731105021,3.1847615193736316,1.6233912117313891,1.6233912117313891,50.97371347449188,253,401,253,3.2647812366485596,0.5269000169944416,False
9,4,1,60,dining table,0.3876950740814209,1.5267529496504633,1.679966350231149,-0.15321340058068578,0.15321340058068578,9.120027943393326,421,26,421,2.0291459560394287,-0.13380915511882785,True
9,4,2,62,tv,0.28989657759666443,11.634047571732243,5.403025550968287,6.231022020763955,6.231022020763955,115.32468173590777,197,149,197,5.395698070526123,0.8038321309708804,False
9,5,0,56,chair,0.6022046208381653,4.654529232334054,4.308431034443091,0.34609819789096363,0.34609819789096363,8.033044863063484,256,409,256,4.544746398925781,0.10423868076407694,True
9,5,1,13,bench,0.28709274530410767,4.161189358631817,4.3267117478046195,-0.1655223891728026,0.1655223891728026,3.825593171460727,267,175,267,2.453874349594116,0.664899845173939,False
9,5,2,62,tv,0.2831462323665619,11.634047571732243,5.1474648516252905,6.486582720106952,6.486582720106952,126.0150949463762,197,137,197,5.144070148468018,0.836297860520187,False
9,5,3,56,chair,0.25505924224853516,4.417679139474614,3.14771249091626,1.2699666485583538,1.2699666485583538,40.34570032120953,261,358,261,3.247591733932495,0.45360019819695774,False
9,6,0,62,tv,0.4023246765136719,12.876671115063534,5.520018696154203,7.356652418909331,7.356652418909331,133.27223735736095,193,205,193,5.556897163391113,0.850128159798022,False
9,6,1,60,dining table,0.26769277453422546,1.5863849771239793,1.7493402465251209,-0.16295526940114158,0.16295526940114158,9.315241544624321,413,78,413,2.092282295227051,-0.13411995679358069,True
9,7,0,62,tv,0.29773569107055664,12.876671115063534,5.740385364188624,7.13628575087491,7.13628575087491,124.31718949383792,193,267,193,5.804318904876709,0.8211925114105507,False
9,7,1,56,chair,0.28272444009780884,1.6830832967517113,1.6585583742709011,0.024524922480810174,0.024524922480810174,1.4786891351708547,401,617,401,1.434786081314087,0.4313706430274018,False
9,8,0,56,chair,0.33133500814437866,3.202174322980737,2.110466330247516,1.091707992733221,1.091707992733221,51.728282848520266,297,629,297,2.257634401321411,0.5272427189667801,False
9,9,0,56,chair,0.3056817352771759,3.3060809373083413,3.6916177113682647,-0.38553677405992337,0.38553677405992337,10.443572552831524,293,562,293,3.946319818496704,-0.15272075293173493,False
9,10,0,62,tv,0.32832181453704834,11.634047571732243,5.428656782061822,6.205390789670421,6.205390789670421,114.30803306952835,197,387,197,5.470648765563965,0.7941617852686684,False
9,10,1,13,bench,0.28815969824790955,3.930619911182698,2.2375228939988494,1.6930970171838484,1.6930970171838484,75.6683661974955,273,397,273,2.3403990268707275,0.6611304352442123,False
9,11,0,72,refrigerator,0.5144515037536621,3.823857699581332,4.208645890307031,-0.3847881907256996,0.3847881907256996,9.142802715046866,276,137,276,4.444929122924805,-0.13344789267775004,True
9,11,1,72,refrigerator,0.4076382517814636,3.789430025844956,4.180704081512188,-0.39127405566723183,0.39127405566723183,9.359046898284786,277,134,277,4.423482418060303,-0.13891889753385178,True
9,11,2,62,tv,0.2888430953025818,11.634047571732243,5.105209379874015,6.5288381918582274,6.5288381918582274,127.88580655666162,197,441,197,5.28088903427124,0.8186451099534229,False
9,12,0,72,refrigerator,0.5562611818313599,4.08165363695277,4.539139475586572,-0.45748583863380254,0.45748583863380254,10.078690930172039,269,200,269,4.721900463104248,-0.13545890201692434,True
9,12,1,58,potted plant,0.3910559415817261,1.5340106059431189,1.656671739763495,-0.12266113382037602,0.12266113382037602,7.40406991175494,420,103,420,2.0185506343841553,-0.11918507923330335,True
9,12,2,62,tv,0.3526470959186554,10.604093960483102,4.691855325734448,5.912238634748654,5.912238634748654,126.01067646567239,201,512,201,4.838746070861816,0.8172682439188053,False
9,12,3,60,dining table,0.3188205063343048,1.9286630075640927,2.111055036226181,-0.18239202866208837,0.18239202866208837,8.639851900220505,375,438,375,2.4421584606170654,-0.12725659081298502,True
9,13,0,72,refrigerator,0.524520754814148,3.789430025844956,4.249025485631755,-0.45959545978679905,0.45959545978679905,10.816491012843745,277,197,277,4.411386013031006,-0.13443712843858058,True
9,13,1,62,tv,0.4122736155986786,10.604093960483102,4.371496390805506,6.232597569677596,6.232597569677596,142.57354947808062,201,519,201,4.629010200500488,0.8468613114176963,False
9,13,2,60,dining table,0.3193070590496063,1.6915677735974293,1.8442947862912624,-0.15272701269383315,0.15272701269383315,8.28105213055206,400,449,400,2.2058961391448975,-0.1362939577845197,True
9,13,3,45,bowl,0.2622893452644348,2.922685298749407,2.220558460832286,0.7021268379171208,0.7021268379171208,31.61938090357491,309,374,309,2.4019505977630615,0.37805655867342103,False
9,13,4,45,bowl,0.26036927103996277,2.0864826102176868,1.9921511234787492,0.09433148673893754,0.09433148673893754,4.735157168910624,361,368,361,2.2689311504364014,0.08405139764795955,True
9,14,0,72,refrigerator,0.683393657207489,3.6571519736962883,4.049596860405242,-0.39244488670895405,0.39244488670895405,9.690961847241313,281,187,281,4.280054092407227,-0.1374557826108016,True
9,14,1,45,bowl,0.3330973982810974,1.8276597569332034,1.7420406382234395,0.08561911870976391,0.08561911870976391,4.914874936389523,385,374,385,2.034608840942383,0.0828864271612848,True
9,15,0,45,bowl,0.6374729871749878,1.5561150456107948,1.4850895118714025,0.07102553373939235,0.07102553373939235,4.7825759438494115,417,387,417,1.7860822677612305,0.08346392646964707,True
9,15,1,13,bench,0.4489797353744507,1.1822867244426092,1.0913701584815223,0.09091656596108688,0.09091656596108688,8.330497700943521,479,519,479,1.6741056442260742,-0.14103351414223586,True
9,15,2,72,refrigerator,0.25305330753326416,3.416156690958381,3.791923808519816,-0.375767117561435,0.375767117561435,9.9096695117436,289,180,289,4.024994373321533,-0.13707162142457663,True
9,16,0,60,dining table,0.4444352090358734,1.1822867244426092,1.1509741866729377,0.03131253776967147,0.03131253776967147,2.720524763477539,479,350,479,1.6703555583953857,-0.137357511644846,True
9,16,1,62,tv,0.43481844663619995,12.876671115063534,3.5630815168278342,9.3135895982357,9.3135895982357,261.39142633277356,193,556,193,3.8329906463623047,1.0517367675545883,False
9,16,2,41,cup,0.3529931306838989,3.3330005249678387,1.3293754445080017,2.003625080459837,2.003625080459837,150.71927864602412,292,448,292,1.5525271892547607,0.8544871528123456,False
9,16,3,72,refrigerator,0.28293663263320923,3.202174322980737,3.5489026502666228,-0.34672832728588565,0.34672832728588565,9.770015169614094,297,172,297,3.8013784885406494,-0.1379173707339909,True
9,16,4,13,bench,0.2806733548641205,2.542172777113504,1.4376534141674,1.104519362946104,1.104519362946104,76.82793029680059,329,591,329,1.586949110031128,0.662936451076976,False
9,17,0,60,dining table,0.598103404045105,1.1822867244426092,0.89997350220953,0.2823132222330792,0.2823132222330792,31.369059371189312,479,358,479,1.6696407794952393,-0.13665685327577126,True
9,17,1,13,bench,0.4166765809059143,2.3529875412892904,1.3363367547798015,1.016650786509489,1.016650786509489,76.07743952810834,341,612,341,1.4835164546966553,0.6637575234610789,False
9,17,2,72,refrigerator,0.27235743403434753,3.010904127673106,3.3108612496677017,-0.2999571219945958,0.2999571219945958,9.059791376781535,305,161,305,3.5999107360839844,-0.1380412057323277,True
9,18,0,60,dining table,0.37125760316848755,1.1822867244426092,0.6454110649095876,0.5368756595330216,0.5368756595330216,83.18352267608394,479,362,479,1.6700727939605713,-0.1370803332506756,True
9,19,0,60,dining table,0.6122263669967651,1.1822867244426092,0.5888237703367911,0.5934629541058181,0.5934629541058181,100.7878730449984,479,427,479,1.4605921506881714,0.06826199825612855,True
9,20,0,60,dining table,0.42294636368751526,2.6834240906752167,2.950327184635281,-0.2669030939600643,0.2669030939600643,9.046559152830326,321,630,321,3.2544586658477783,-0.13803094594079335,True
9,20,1,59,bed,0.3705238401889801,1.1822867244426092,0.5864833167080142,0.595803407734595,0.595803407734595,101.58914853348178,479,426,479,1.6688600778579712,-0.1358915744800624,True
9,21,0,59,bed,0.42082804441452026,1.1822867244426092,0.5894068261789649,0.5928798982636443,0.5928798982636443,100.58924870402244,479,482,479,1.664125919342041,-0.13125093975506896,True
9,21,1,56,chair,0.2563335597515106,2.8389123183635725,3.0568409764741875,-0.21792865811061501,0.21792865811061501,7.129211489502396,313,198,313,3.2632572650909424,-0.06365783653377743,True
9,29,0,72,refrigerator,0.4766846001148224,1.5940992624586994,1.7479763227384002,-0.15387706027970083,0.15387706027970083,8.803154726869252,412,261,412,2.099771499633789,-0.13363099689978197,True
9,30,0,72,refrigerator,0.4091806709766388,1.367546627726179,1.496345423846853,-0.12879879612067402,0.12879879612067402,8.607557724843634,445,253,445,1.8608250617980957,-0.13308850311720355,True
9,30,1,71,sink,0.40058767795562744,3.789430025844956,1.8450783725724809,1.944351653272475,1.944351653272475,105.38043706845815,277,505,277,1.935130000114441,0.7830261710946386,False
9,30,2,45,bowl,0.31581202149391174,3.416156690958381,1.6639161520734809,1.7522405388849003,1.7522405388849003,105.30822341626735,289,374,289,1.7619045972824097,0.7833868203675833,False
9,31,0,72,refrigerator,0.352215051651001,1.2862567357633519,1.405079668143613,-0.1188229323802612,0.1188229323802612,8.456668691053633,459,203,459,1.775290608406067,-0.13304461840431792,True
9,31,1,71,sink,0.29109933972358704,4.08165363695277,1.9869819669776612,2.0946716699751087,2.0946716699751087,105.4197624732977,269,441,269,2.0735859870910645,0.7818009002552831,False
9,31,2,69,oven,0.26079410314559937,2.6834240906752167,2.9389823438735476,-0.2555582531983309,0.2555582531983309,8.695467454272212,321,623,321,3.2562901973724365,-0.13895279059266707,True
9,31,3,45,bowl,0.255913108587265,4.08165363695277,1.9880044297273356,2.0936492072254342,2.0936492072254342,105.31411177552499,269,420,269,2.068906545639038,0.7834216532209549,False
9,32,0,72,refrigerator,0.6294885873794556,1.1822867244426092,1.265893474237626,-0.08360674979501681,0.08360674979501681,6.604564404233799,479,146,479,1.6355255842208862,-0.10321560721115919,True
9,33,0,72,refrigerator,0.7764248251914978,1.1822867244426092,1.163047302778652,0.01923942166395709,0.01923942166395709,1.6542252080368465,479,67,479,1.6869832277297974,-0.15365669965245754,False
9,33,1,1,bicycle,0.5251559615135193,2.2952155523968525,2.5464350148480626,-0.2512194624512101,0.2512194624512101,9.865535974268697,345,590,345,2.8555307388305664,-0.14411024934086192,True
9,33,2,71,sink,0.3014148473739624,4.417679139474614,2.122396193852243,2.295282945622371,2.295282945622371,108.14582839296989,261,306,261,2.216123580932617,0.7859474140085551,False
9,34,0,72,refrigerator,0.48506346344947815,1.1822867244426092,1.0741494153286104,0.10813730911399877,0.10813730911399877,10.067250195441082,479,2,479,1.202162742614746,0.3215861066546073,False
9,34,1,71,sink,0.27730095386505127,4.417679139474614,2.1145052500362493,2.3031738894383644,2.3031738894383644,108.92259025598922,261,250,261,2.1840434074401855,0.7962839002218758,False
9,35,0,71,sink,0.2899666726589203,4.24359786465229,2.0696416414999406,2.173956223152349,2.173956223152349,105.04022433452818,265,218,265,2.1476426124572754,0.7820817316183089,False
9,36,0,45,bowl,0.2635668218135834,3.5329678035523537,1.7161514007250829,1.8168164028272709,1.8168164028272709,105.86574133608822,285,180,285,1.8152823448181152,0.7835945305196238,False
9,36,1,71,sink,0.25993478298187256,3.789430025844956,1.8424634498994772,1.9469665759454786,1.9469665759454786,105.67192396960183,277,203,277,1.9371633529663086,0.7822728052847793,False
9,37,0,45,bowl,0.503346860408783,3.010904127673106,1.4659065624028187,1.5449975652702872,1.5449975652702872,105.39536454068585,305,164,305,1.5769256353378296,0.7824629946605617,False
9,37,1,71,sink,0.4889301061630249,3.3060809373083413,1.6043490303164185,1.7017319069919228,1.7017319069919228,106.06993084642546,293,187,293,1.7121528387069702,0.7829495178117799,False
9,37,3,45,bowl,0.3725433349609375,1.949971839345048,0.9308016435208317,1.0191701958242163,1.0191701958242163,109.49381137415308,373,0,373,1.0734434127807617,0.7912246723174287,False
9,37,4,39,bottle,0.331897497177124,3.5329678035523537,1.6664071807668475,1.8665606227855063,1.8665606227855063,112.01107654412243,285,134,285,1.6896334886550903,0.8331821486915856,False
9,37,5,56,chair,0.30602434277534485,2.0626408760410953,2.2669973787011486,-0.20435650266005334,0.20435650266005334,9.014412834351718,363,514,363,2.6077754497528076,-0.1431509258021173,True
9,38,0,71,sink,0.5470399260520935,2.7592573694091684,1.3378061897233282,1.4214511796858402,1.4214511796858402,106.25239968278295,317,172,317,1.4616737365722656,0.7819601626683176,False
9,38,1,45,bowl,0.4049416780471802,2.542172777113504,1.2238343734183048,1.3183384036951993,1.3183384036951993,107.72196241007141,329,128,329,1.3519136905670166,0.7869099175830201,False
9,38,2,13,bench,0.28757452964782715,1.7896679701346712,1.9841337423326277,-0.19446577219795658,0.19446577219795658,9.801041535100087,389,537,389,2.3236730098724365,-0.14650417342352573,True
9,38,3,56,chair,0.2853856682777405,1.7896679701346712,1.9841337423326277,-0.19446577219795658,0.19446577219795658,9.801041535100087,389,537,389,2.3236730098724365,-0.14650417342352573,True
9,38,4,1,bicycle,0.2607692778110504,2.2952155523968525,2.5450345856566865,-0.249819033259834,0.249819033259834,9.815938638624594,345,479,345,2.8543646335601807,-0.14343884853932942,True
9,38,5,39,bottle,0.26060789823532104,3.010904127673106,1.4220170581594378,1.588887069513668,1.588887069513668,111.7347404798516,305,103,305,1.4504777193069458,0.839999670434607,False
9,39,0,56,chair,0.7350516319274902,1.5863849771239793,1.754858559298291,-0.16847358217431174,0.16847358217431174,9.600408037538859,413,557,413,2.108214855194092,-0.146563647716333,True
9,39,1,71,sink,0.6444506645202637,2.2952155523968525,1.1095938227654671,1.1856217296313853,1.1856217296313853,106.85186825179254,345,141,345,1.245740532875061,0.7827481244491827,False
9,39,2,1,bicycle,0.5720470547676086,2.1355772235358987,2.3596160581480206,-0.22403883461212182,0.22403883461212182,9.49471562708223,357,493,357,2.68369460105896,-0.1423826528339336,True
9,39,3,45,bowl,0.4857547879219055,2.039251667457873,0.9748200927013072,1.0644315747565658,1.0644315747565658,109.19261746102687,365,83,365,1.1123226881027222,0.7924139182359081,False
9,39,4,39,bottle,0.34609702229499817,2.542172777113504,1.2060736001136594,1.3360991769998447,1.3360991769998447,110.78089901594164,329,64,329,1.3294072151184082,0.7987813443941745,False
9,40,0,1,bicycle,0.397726833820343,2.2952155523968525,2.543722959037626,-0.24850740664077353,0.24850740664077353,9.76943679176415,345,433,345,2.853878974914551,-0.14315922403867054,True
9,40,1,71,sink,0.345380574464798,1.9937802523066508,0.9639384348136216,1.029841817493029,1.029841817493029,106.83688711843406,369,62,369,1.1073741912841797,0.7821913077911855,False
9,40,2,39,bottle,0.2816371023654938,4.808152731105021,2.348098856552734,2.460053874552287,2.460053874552287,104.76790053736984,253,222,253,2.397385597229004,0.7854357720102147,False
9,40,3,71,sink,0.2628074884414673,2.039251667457873,0.9840701546632683,1.0551815127946047,1.0551815127946047,107.2262488395118,365,67,365,1.1265357732772827,0.7833724940556636,False
9,41,0,13,bench,0.800099790096283,1.8276597569332034,2.007424382580771,-0.17976462564756757,0.17976462564756757,8.954988651500777,385,611,385,2.35929012298584,-0.14325544461852413,True
9,41,1,62,tv,0.6457203030586243,11.634047571732243,2.867579508813423,8.76646806291882,8.76646806291882,305.7096773071272,197,474,197,2.963364362716675,1.1176585445322844,False
9,41,2,71,sink,0.45322874188423157,1.617605508838784,0.7979691772203475,0.8196363316184364,0.8196363316184364,102.71528713346602,409,0,409,0.9385109543800354,0.7783332947929841,False
9,41,3,71,sink,0.44826188683509827,1.7896679701346712,0.865888519123144,0.9237794510115271,0.9237794510115271,106.68572577299065,389,0,389,1.009986162185669,0.784345764626321,False
9,41,4,1,bicycle,0.42915108799934387,2.476288589174513,2.7364038982797494,-0.2601153091052364,0.2601153091052364,9.50573521945203,333,379,333,3.0425782203674316,-0.1415964208478837,True
9,42,0,1,bicycle,0.6774577498435974,2.2398168151806668,2.4763548415756773,-0.23653802639501054,0.23653802639501054,9.551863183085022,349,384,349,2.793576955795288,-0.1421693766719192,True
9,42,1,13,bench,0.5515905022621155,1.7529492399297044,1.9414390632527816,-0.18848982332307718,0.18848982332307718,9.708768453812407,393,440,393,2.2843778133392334,-0.14624219560383023,True
9,42,2,62,tv,0.5095727443695068,11.096051823682963,2.494407093882667,8.601644729800295,8.601644729800295,344.8372461293563,199,486,199,2.705331802368164,1.134618431601,False
9,42,3,71,sink,0.26596441864967346,1.6830832967517113,0.8154098566846216,0.8676734400670897,0.8676734400670897,106.40948634039901,401,2,401,0.9662165641784668,0.7803614426419299,False
9,43,0,62,tv,0.7316151261329651,11.634047571732243,2.918263124968929,8.715784446763314,8.715784446763314,298.6634197646626,197,422,197,2.9166393280029297,1.1236871375747057,False
9,43,1,1,bicycle,0.6722529530525208,2.2952155523968525,2.538990855139643,-0.2437753027427907,0.2437753027427907,9.60126745826279,345,333,345,2.852665901184082,-0.14246078051419753,True
9,43,2,13,bench,0.5580542087554932,1.8669919745293975,2.0686071780015,-0.20161520347210238,0.20161520347210238,9.746422888606848,381,386,381,2.404876947402954,-0.1459701992054787,True
9,43,3,60,dining table,0.3903585374355316,1.8669919745293975,2.0686071780015,-0.20161520347210238,0.20161520347210238,9.746422888606848,381,386,381,2.404876947402954,-0.1459701992054787,True
9,43,4,71,sink,0.34192854166030884,2.6834240906752167,1.3121066132727348,1.3713174774024819,1.3713174774024819,104.51265648162993,321,2,321,1.43830406665802,0.7760742068774753,False
9,44,0,62,tv,0.8036718368530273,11.634047571732243,3.0548045590858193,8.579243012646423,8.579243012646423,280.8442519548238,197,362,197,3.0261147022247314,1.1095623224002855,False
9,44,1,1,bicycle,0.6330680847167969,2.2952155523968525,2.537120424656165,-0.24190487225931268,0.24190487225931268,9.534623185736091,345,284,345,2.852083921432495,-0.14212569784060514,True
9,44,2,60,dining table,0.39063143730163574,1.949971839345048,2.1423382242694213,-0.1923663849243733,0.1923663849243733,8.97927240176905,373,336,373,2.489041566848755,-0.1434692608422372,True
9,44,3,13,bench,0.3701346814632416,1.949971839345048,2.1423382242694213,-0.1923663849243733,0.1923663849243733,8.97927240176905,373,336,373,2.489041566848755,-0.1434692608422372,True
9,45,0,62,tv,0.7861188054084778,10.604093960483102,2.79909127813856,7.805002682344542,7.805002682344542,278.84059170571214,201,366,201,2.7905101776123047,1.1062678458379258,False
9,45,1,1,bicycle,0.5259475708007812,2.0864826102176868,2.291026362102118,-0.2045437518844313,0.2045437518844313,8.92804008142243,361,281,361,2.6291072368621826,-0.14072000014307617,True
9,45,2,13,bench,0.48355457186698914,1.6830832967517113,1.8652492604838775,-0.1821659637321662,0.1821659637321662,9.766306712536062,401,341,401,2.2104299068450928,-0.14632924778685608,True
9,45,3,60,dining table,0.32301074266433716,1.6830832967517113,1.8652492604838775,-0.1821659637321662,0.1821659637321662,9.766306712536062,401,341,401,2.2104299068450928,-0.14632924778685608,True
9,46,0,62,tv,0.6364932656288147,9.736517592885464,2.556043393063427,7.180474199822037,7.180474199822037,280.9214514631621,205,370,205,2.5396807193756104,1.1109947985586264,False
9,46,1,13,bench,0.5743430256843567,1.47059365802198,1.6277254211190197,-0.1571317630970397,0.1571317630970397,9.653456354390263,429,341,429,1.9850194454193115,-0.14621431417061626,True
9,46,2,1,bicycle,0.40797704458236694,1.8669919745293975,2.0465722544264118,-0.1795802798970143,0.1795802798970143,8.774685550857567,381,276,381,2.3984482288360596,-0.14157019063472243,True
9,46,3,60,dining table,0.2693084180355072,1.47059365802198,1.6277254211190197,-0.1571317630970397,0.1571317630970397,9.653456354390263,429,341,429,1.9850194454193115,-0.14621431417061626,True
9,47,0,62,tv,0.8526006937026978,8.995724867412417,2.285977133091276,6.709747734321141,6.709747734321141,293.5177100939631,209,385,209,2.330256938934326,1.1149367371445735,False
9,47,1,1,bicycle,0.8145023584365845,1.617605508838784,1.7834656231008044,-0.1658601142620204,0.1658601142620204,9.299877279027639,409,273,409,2.134934663772583,-0.14165506800586725,True
9,47,2,60,dining table,0.6125537157058716,1.259005490656513,1.3882827715507835,-0.1292772808942706,0.1292772808942706,9.312028035171913,464,349,464,1.759041428565979,-0.14464590459222793,True
9,47,3,13,bench,0.2847270667552948,1.259005490656513,1.3882827715507835,-0.1292772808942706,0.1292772808942706,9.312028035171913,464,349,464,1.759041428565979,-0.14464590459222793,True
9,48,0,1,bicycle,0.8365471363067627,1.3922302760127698,1.5283965055955973,-0.13616622958282742,0.13616622958282742,8.909090611258963,441,267,441,1.8967355489730835,-0.1417027721319961,True
9,48,1,62,tv,0.7490317821502686,8.35581679185428,2.052179148622747,6.303637643231534,6.303637643231534,307.16799980459865,213,386,213,2.083966016769409,1.1304731183607344,False
9,48,2,60,dining table,0.6020894646644592,1.1822867244426092,1.1436295949441984,0.038657129498410825,0.038657129498410825,3.3802141593141473,479,347,479,1.6781076192855835,-0.14495642977068912,True
9,48,3,13,bench,0.2772696018218994,1.1822867244426092,1.1436295949441984,0.038657129498410825,0.038657129498410825,3.3802141593141473,479,347,479,1.6781076192855835,-0.14495642977068912,True
9,49,0,1,bicycle,0.7012903094291687,1.1822867244426092,1.1418256152647042,0.04046110917790502,0.04046110917790502,3.54354540982382,479,259,479,1.6733709573745728,-0.14031334110544358,True
9,49,1,60,dining table,0.590534508228302,1.1822867244426092,1.1504561436534315,0.031830580789177665,0.031830580789177665,2.7667791566652236,479,353,479,1.6766486167907715,-0.14352625002100505,True
9,49,2,62,tv,0.5340989828109741,6.870273553372899,1.8469164487466219,5.023357104626276,5.023357104626276,271.9861587694068,225,468,225,1.8856501579284668,1.0973358667379665,False
9,50,0,1,bicycle,0.7517613768577576,1.1822867244426092,1.2940355744135736,-0.11174884997096446,0.11174884997096446,8.635686080083724,479,305,479,1.6752758026123047,-0.14218055592856627,True
9,50,1,60,dining table,0.6572821736335754,1.1822867244426092,1.2950893308230973,-0.11280260638048811,0.11280260638048811,8.710025146203321,479,626,479,1.6764476299285889,-0.14332923367506445,True
9,50,2,62,tv,0.5727729201316833,6.131451933135833,1.66013481400814,4.471317119127693,4.471317119127693,269.33457942083544,233,464,233,1.7353700399398804,1.0875209057951856,False
9,51,0,1,bicycle,0.8599532842636108,1.1822867244426092,1.165642103967576,0.016644620475033234,0.016644620475033234,1.427935763334114,479,348,479,1.6748912334442139,-0.14180358396415071,True
9,52,0,1,bicycle,0.8674936294555664,1.1822867244426092,1.096743475903177,0.08554324853943229,0.08554324853943229,7.799749934139043,479,390,479,1.6739554405212402,-0.14088627772712004,True
9,53,0,1,bicycle,0.8812105655670166,1.1822867244426092,1.244962352781688,-0.0626756283390788,0.0626756283390788,5.034339247210102,479,406,479,1.6735713481903076,-0.14050977317989566,True
9,54,0,1,bicycle,0.7162420153617859,1.1822867244426092,1.03541073221896,0.1468759922236491,0.1468759922236491,14.185287794813876,479,458,479,1.6736714839935303,-0.1406079307899728,True
9,55,0,1,bicycle,0.7714124321937561,1.1822867244426092,0.8509948172696797,0.33129190717292945,0.33129190717292945,38.92995591158145,479,534,479,1.672203540802002,-0.13916898696796043,True
9,55,1,45,bowl,0.3617863357067108,27.045234897787147,1.2165090189732495,25.8287258788139,25.8287258788139,2123.184084620573,173,75,173,1.1578595638275146,1.4344902450349197,False
9,56,0,45,bowl,0.36286911368370056,22.218032901606776,0.9628443663830003,21.255188535223777,21.255188535223777,2207.5414550194173,177,12,177,0.9187952280044556,1.4369225042788882,False
9,57,0,71,sink,0.27280670404434204,1.5561150456107948,0.7422325318630518,0.813882513747743,0.813882513747743,109.6533065863935,417,0,417,0.8941976428031921,0.7908147397464321,False
9,65,0,1,bicycle,0.7826583981513977,1.1822867244426092,0.9192920355335904,0.2629946889090188,0.2629946889090188,28.60839414934854,479,639,479,0.850685179233551,0.6661201944327038,False
9,70,0,71,sink,0.3613407611846924,4.808152731105021,0.7909182683824305,4.01723446272259,4.01723446272259,507.92030268039633,253,626,253,0.8416804075241089,1.2491289213918046,False
