episode,step,detection_index,class_id,class_name,confidence,predicted_distance_m,gt_distance_m,signed_error_m,absolute_error_m,relative_error_pct,bottom_y_px,lowest_x_px,lowest_y_px,lowest_pixel_depth_m,lowest_point_height_m,contact_valid
0,37,0,58,potted plant,0.6190735101699829,4.808152731105021,4.796792467969738,0.011360263135283155,0.011360263135283155,0.23683040721775134,253,528,253,4.984368801116943,0.01436012275071552,True
0,38,0,58,potted plant,0.7601032853126526,4.417679139474614,4.489579597272418,-0.0719004577978044,0.0719004577978044,1.6014964483865377,261,547,261,4.623907089233398,0.010140480044070976,True
0,41,0,58,potted plant,0.32882529497146606,9.736517592885464,4.295191924627121,5.441325668258344,5.441325668258344,126.68411013393128,205,604,205,3.938445568084717,0.8967447168101719,False
0,41,1,58,potted plant,0.3032042384147644,3.789430025844956,3.7906560138745213,-0.0012259880295655279,0.0012259880295655279,0.032342370953159,277,583,277,4.0236430168151855,0.009223287456813,True
0,42,0,58,potted plant,0.4334181547164917,3.5329678035523537,3.5383317036328394,-0.005363900080485706,0.005363900080485706,0.1515940428925456,285,602,285,3.7834620475769043,0.006847757213713557,True
0,45,0,58,potted plant,0.5440506339073181,3.5329678035523537,3.572342579368712,-0.03937477581635829,0.03937477581635829,1.1022116424040278,285,554,285,3.778775453567505,0.008697332620620335,True
0,46,0,58,potted plant,0.6231327652931213,3.3060809373083413,3.3362698137093663,-0.030188876401024967,0.030188876401024967,0.9048691528776581,293,566,293,3.5607922077178955,0.00873840711298901,True
0,47,0,58,potted plant,0.5902206897735596,3.789430025844956,3.7933242225525787,-0.003894196707622921,0.003894196707622921,0.10265921073844997,277,482,277,4.009699821472168,0.014389300154496132,True
0,48,0,58,potted plant,0.6471511125564575,4.08165363695277,4.115387840414648,-0.03373420346187839,0.03373420346187839,0.8197089744639834,269,419,269,4.28705358505249,0.015152955069211327,True
0,48,1,56,chair,0.48757925629615784,3.010904127673106,3.0656875128627483,-0.05478338518964243,0.05478338518964243,1.7869852997015192,305,637,305,3.3059539794921875,-0.004284200267079541,True
0,49,0,57,couch,0.6915028691291809,3.202174322980737,3.3062593076763633,-0.10408498469562621,0.10408498469562621,3.1481192190208778,297,629,297,3.49834942817688,-0.007349850740063335,True
0,49,1,58,potted plant,0.48206812143325806,4.417679139474614,4.330290487075631,0.08738865239898264,0.08738865239898264,2.018078294280869,261,357,261,4.606134414672852,0.015866976679516975,True
0,50,0,58,potted plant,0.598345160484314,4.08165363695277,4.068060520539295,0.013593116413474604,0.013593116413474604,0.3341424333498507,269,361,269,4.2872724533081055,0.015077148719667921,True
0,50,1,57,couch,0.3652890920639038,3.103932365323887,2.997275418945529,0.10665694637835799,0.10665694637835799,3.55846331986004,301,576,301,3.389507532119751,-0.0013778049692330097,True
0,51,0,57,couch,0.8899973630905151,3.5329678035523537,3.568829569007959,-0.035861765455605266,0.035861765455605266,1.0048606906598203,285,496,285,3.7860233783721924,0.005836921959279984,True
0,51,1,58,potted plant,0.6436900496482849,4.08165363695277,4.122462664746588,-0.04080902779381823,0.04080902779381823,0.989918675135577,269,309,269,4.286834239959717,0.015228926574200274,True
0,51,2,56,chair,0.5891945362091064,3.930619911182698,3.8965180478340513,0.03410186334864651,0.03410186334864651,0.8751881277080863,273,482,273,4.175036907196045,0.003540912054760037,True
0,52,0,57,couch,0.8425309658050537,3.789430025844956,3.8827024601413376,-0.09327243429638177,0.09327243429638177,2.4022555231540066,277,434,277,4.031377792358398,0.006357520486835355,True
0,52,1,58,potted plant,0.7275593876838684,4.08165363695277,4.067381343379647,0.014272293573123207,0.014272293573123207,0.3508963720934057,269,252,269,4.286615371704102,0.01530473292374368,True
0,52,2,58,potted plant,0.4358358681201935,4.372947047776889,2.815851542817579,1.5570955049593098,1.5570955049593098,55.2974999314509,262,624,262,2.9631550312042236,0.5363036212622175,False
0,53,0,57,couch,0.7990573644638062,3.5329678035523537,3.6092345521508977,-0.07626674859854399,0.07626674859854399,2.113100367863135,285,440,285,3.78653621673584,0.005634529086498974,True
0,54,0,57,couch,0.8754456639289856,3.3060809373083413,3.38260787427785,-0.07652693696950852,0.07652693696950852,2.262365009891848,293,449,293,3.5668482780456543,0.006202121770633395,True
0,54,1,58,potted plant,0.7620441317558289,3.5329678035523537,3.5566706641426653,-0.02370286059031157,0.02370286059031157,0.6664339442298389,285,247,285,3.764024019241333,0.014519021056095704,True
0,54,2,56,chair,0.26926180720329285,3.416156690958381,3.4223282409344713,-0.0061715499760901515,0.0061715499760901515,0.1803319127099568,289,444,289,3.7086925506591797,-0.008423307996476614,True
0,55,0,57,couch,0.8801883459091187,3.127987299800063,3.177926154756725,-0.04993885495666195,0.04993885495666195,1.5714290554521977,300,460,300,3.4240260124206543,-0.006332234556408967,True
0,55,1,58,potted plant,0.5829678177833557,3.3060809373083413,3.310957453518694,-0.004876516210352566,0.004876516210352566,0.1472841701777257,293,240,293,3.5478408336639404,0.014162449173043656,True
0,56,0,57,couch,0.802592933177948,2.8389123183635725,2.8818247818604403,-0.042912463496867836,0.042912463496867836,1.489072610069115,313,468,313,3.1213157176971436,0.004356418819717822,True
0,56,1,58,potted plant,0.6921778321266174,3.010904127673106,3.050638250088117,-0.039734122415011175,0.039734122415011175,1.302485550814275,305,241,305,3.269361972808838,0.012365994457738116,True
0,57,0,57,couch,0.8756813406944275,3.010904127673106,3.070163433402596,-0.05925930572949012,0.05925930572949012,1.9301677912245314,305,411,305,3.2835025787353516,0.005931697365458177,True
0,57,1,58,potted plant,0.5475670695304871,2.8389123183635725,2.8598183134151287,-0.020905995051556214,0.020905995051556214,0.7310252876376178,313,181,313,3.1035897731781006,0.01285017515136655,True
0,58,0,57,couch,0.8289666771888733,3.103932365323887,3.162180138745473,-0.05824777342158605,0.05824777342158605,1.8420131322655957,301,358,301,3.375256061553955,0.00493486476018834,True
0,58,1,58,potted plant,0.6733965873718262,2.611143892272438,2.6131012145125507,-0.001957322240112802,0.001957322240112802,0.07490418776135781,325,115,325,2.8889665603637695,0.011046589716744215,True
0,58,2,58,potted plant,0.4865254759788513,3.789430025844956,2.706595460128178,1.082834565716778,1.082834565716778,40.007255671133706,277,536,277,2.7783567905426025,0.4706070878634838,False
0,58,3,75,vase,0.3629531264305115,5.028117720157712,3.042858851524454,1.9852588686332582,1.9852588686332582,65.24321256763702,249,304,249,3.098087787628174,0.6139911676134595,False
0,59,0,57,couch,0.775659441947937,2.8389123183635725,2.8844707008764665,-0.04555838251289401,0.04555838251289401,1.5794364802891143,313,361,313,3.1198067665100098,0.005079464279219348,True
0,59,1,58,potted plant,0.5948822498321533,3.416156690958381,2.442450050960144,0.973706639998237,0.973706639998237,39.86597963857915,289,557,289,2.534654378890991,0.4690890548058646,False
0,59,2,58,potted plant,0.562892496585846,2.3678193267725156,2.3615215646725085,0.006297762100007098,0.006297762100007098,0.2666823879239256,340,94,340,2.6531801223754883,0.012439203617013783,True
0,59,3,62,tv,0.30107298493385315,9.736517592885464,2.8801068224748123,6.856410770410652,6.856410770410652,238.06098846427818,205,294,205,4.052802085876465,0.8792286251611988,False
0,60,0,57,couch,0.7168194651603699,2.966217152206057,3.006905441531715,-0.040688289325657934,0.040688289325657934,1.353161584786363,307,309,307,3.247591733932495,0.0026661183962657375,True
0,60,1,58,potted plant,0.44724148511886597,3.789430025844956,2.7317001233394946,1.0577299025054612,1.0577299025054612,38.72057161283098,277,481,277,2.8351190090179443,0.44957644645178463,False
0,60,2,62,tv,0.36808153986930847,9.736517592885464,2.6987465660191807,7.037771026866284,7.037771026866284,260.7792489847401,205,241,205,4.059077262878418,0.8782674506028767,False
0,60,3,75,vase,0.31061798334121704,4.417679139474614,2.694644073248903,1.7230350662257106,1.7230350662257106,63.942955707254725,261,250,261,2.7494893074035645,0.6140927487080257,False
0,61,0,57,couch,0.763846218585968,2.8389123183635725,2.8710227721617487,-0.03211045379817623,0.03211045379817623,1.1184325707733251,313,256,313,3.123291492462158,0.003409685098294757,True
0,61,1,62,tv,0.5340261459350586,8.995724867412417,2.6643896644394793,6.331335202972937,6.331335202972937,237.6279748970161,209,166,209,3.7496390342712402,0.8803909702219981,False
0,61,2,75,vase,0.37828344106674194,4.24359786465229,2.5613157624523755,1.6822821021999141,1.6822821021999141,65.68038688791673,265,189,265,2.652676820755005,0.6132578862580337,False
0,61,3,58,potted plant,0.35978007316589355,4.24359786465229,3.0061513033778957,1.237446561274394,1.237446561274394,41.16381500438528,265,414,265,3.180546760559082,0.43680046689192875,False
0,62,0,57,couch,0.7930977940559387,2.6834240906752167,2.7324877599684916,-0.04906366929327488,0.04906366929327488,1.795567761073544,321,202,321,2.9723947048187256,0.00393721046836748,True
0,62,1,58,potted plant,0.43704575300216675,4.417679139474614,3.158028984357184,1.2596501551174297,1.2596501551174297,39.88722590441427,261,357,261,3.2973122596740723,0.43757985064590343,False
0,62,2,62,tv,0.365767240524292,8.5074824155423,2.2624297377444096,6.245052677797891,6.245052677797891,276.032999991596,212,104,212,3.500174045562744,0.8899177902074512,False
0,62,3,56,chair,0.2732837498188019,2.922685298749407,2.6200237981014753,0.3026615006479316,0.3026615006479316,11.551860745205694,309,185,309,3.2041759490966797,0.0033396630666246985,True
0,63,0,57,couch,0.8520218133926392,2.476288589174513,2.489750270707929,-0.01346168153341587,0.01346168153341587,0.5406840072192547,333,140,333,2.7706027030944824,0.005145586547281145,True
0,63,1,62,tv,0.8290181756019592,5.5289069561326665,2.2063248596794853,3.322582096453181,3.322582096453181,150.59351218731476,241,545,241,2.3457326889038086,0.8857990685615771,False
0,63,2,58,potted plant,0.440804660320282,4.417679139474614,3.189960210312127,1.2277189291624868,1.2277189291624868,38.48696686540672,261,301,261,3.2143664360046387,0.4643056525812923,False
0,64,0,57,couch,0.8565352559089661,2.253452045832824,2.248486813978546,0.004965231854277885,0.004965231854277885,0.22082548242710132,348,121,348,2.3393547534942627,0.13190086557195269,True
0,64,1,62,tv,0.8311755657196045,5.0860420297425675,1.9649138509321709,3.1211281788103964,3.1211281788103964,158.84300359172022,248,573,248,2.08089017868042,0.9111763518592526,False
0,64,2,57,couch,0.4574292302131653,1.9607730481924197,1.9843462567534784,-0.02357320856105871,0.02357320856105871,1.1879584261481682,372,2,372,2.276968240737915,0.003432002088842534,True
0,64,3,58,potted plant,0.3052698075771332,5.028117720157712,2.9261228550650245,2.1019948650926876,2.1019948650926876,71.83549595172336,249,307,249,3.0826048851013184,0.6184190564694677,False
0,64,4,56,chair,0.27603796124458313,1.9607730481924197,1.9843462567534784,-0.02357320856105871,0.02357320856105871,1.1879584261481682,372,2,372,2.276968240737915,0.003432002088842534,True
0,65,0,57,couch,0.6857283115386963,2.476288589174513,2.4906410837809188,-0.014352494606405752,0.014352494606405752,0.5762570408024404,333,186,333,2.7734882831573486,0.003588697106752914,True
0,65,1,60,dining table,0.3977879583835602,1.5711339206365798,1.600518334675372,-0.029384414038792217,0.029384414038792217,1.8359311107018443,415,621,415,1.9448657035827637,-0.030725478182148436,True
0,65,2,58,potted plant,0.2908647954463959,4.463257278248606,2.858873553604287,1.604383724644319,1.604383724644319,56.119436364074716,260,365,260,3.020176887512207,0.5359915234578015,False
0,66,0,57,couch,0.7818511128425598,2.611143892272438,2.62718463470317,-0.01604074243073228,0.01604074243073228,0.6105677621148475,325,240,325,2.908700466156006,0.0008758709792247021,True
0,66,1,58,potted plant,0.4596388638019562,3.789430025844956,2.733385208794429,1.0560448170505268,1.0560448170505268,38.635052741662406,277,417,277,2.8125905990600586,0.45792331738329817,False
0,66,2,56,chair,0.4400438964366913,2.3094301943060587,2.396237458436348,-0.0868072641302895,0.0868072641302895,3.622648657989643,344,618,344,2.7136893272399902,-0.054251827235642924,True
0,66,3,62,tv,0.36655473709106445,8.5074824155423,2.2614445875917464,6.246037827950554,6.246037827950554,276.19681075635253,212,152,212,3.5522727966308594,0.8808369500077012,False
0,66,4,56,chair,0.34859123826026917,2.859457260905135,2.55841678994779,0.3010404709573451,0.3010404709573451,11.766670393196117,312,161,312,3.1632165908813477,-0.006173032341991291,True
0,67,0,57,couch,0.7512165307998657,2.3529875412892904,2.3629061383121845,-0.009918597022894104,0.009918597022894104,0.4197626330590907,341,232,341,2.6637110710144043,-0.0015056528407035863,True
0,67,1,58,potted plant,0.42418044805526733,3.416156690958381,2.463943345930904,0.9522133450274772,0.9522133450274772,38.64591069433542,289,427,289,2.567115545272827,0.45588624025430247,False
0,67,2,73,book,0.3074769973754883,2.8389123183635725,2.069637549642289,0.7692747687212833,0.7692747687212833,37.16954057265934,313,476,313,2.2485570907592773,0.42255693307669673,False
0,68,0,57,couch,0.6481245160102844,2.4132886231462733,2.436296023111149,-0.023007399964875663,0.023007399964875663,0.9443597882450763,337,285,337,2.7181296348571777,0.0006380755961157281,True
0,68,1,58,potted plant,0.458831250667572,3.3060809373083413,2.3579524920377852,0.9481284452705561,0.9481284452705561,40.209819683481676,293,482,293,2.5410268306732178,0.4358166671829038,False
0,68,2,65,remote,0.27212032675743103,3.010904127673106,2.058275537221638,0.952628590451468,0.952628590451468,46.28285053309107,305,539,305,2.2707736492156982,0.46674637817472187,False
0,68,3,56,chair,0.2648314833641052,2.7399517084563145,2.4270938517004357,0.31285785675587885,0.31285785675587885,12.890224930391087,318,270,318,2.6729626655578613,0.17885221040947896,False
0,69,0,57,couch,0.8293792009353638,2.4132886231462733,2.444946957939657,-0.03165833479338387,0.03165833479338387,1.2948475094961638,337,337,337,2.7111458778381348,0.004490422897495128,True
0,69,1,58,potted plant,0.6895024180412292,2.8389123183635725,2.01888050267432,0.8200318156892523,0.8200318156892523,40.61814528413114,313,566,313,2.219994306564331,0.43624338734968093,False
0,70,0,57,couch,0.8756069540977478,2.3529875412892904,2.38086441241301,-0.027876871123719393,0.027876871123719393,1.1708718471484119,341,388,341,2.6531801223754883,0.004430531110765967,True
0,70,1,58,potted plant,0.5428961515426636,2.2811491775631945,2.2601811855843144,0.020967991978880107,0.020967991978880107,0.927712880392788,346,105,346,2.5690810680389404,0.013062185349177913,True
0,71,0,57,couch,0.9044351577758789,2.2398168151806668,2.260608861347184,-0.02079204616651742,0.02079204616651742,0.9197542539104547,349,440,349,2.5483603477478027,0.001978148439771399,True
0,71,1,58,potted plant,0.6625016331672668,2.476288589174513,2.4914901578696624,-0.015201568695149437,0.015201568695149437,0.6101396245589615,333,173,333,2.762800931930542,0.009354963822535645,True
0,72,0,57,couch,0.8681631088256836,1.949971839345048,1.9729152027388492,-0.022943363393801208,0.022943363393801208,1.162916853291549,373,457,373,2.2663872241973877,0.003545386407642237,True
0,72,1,58,potted plant,0.4656626880168915,2.2398168151806668,2.248258867598395,-0.00844205241772844,0.00844205241772844,0.3754928998343636,349,161,349,2.537951707839966,0.008096737610546079,True
0,73,0,57,couch,0.8080182671546936,1.7896679701346712,1.8186655202375572,-0.02899755010288607,0.02899755010288607,1.5944410767241224,389,516,389,2.1133933067321777,0.002495452313704405,True
0,73,1,58,potted plant,0.5968923568725586,2.476288589174513,2.4417056159950503,0.034582973179462684,0.034582973179462684,1.4163449087767832,333,215,333,2.759892225265503,0.010924331018639322,True
0,73,2,75,vase,0.45639368891716003,3.3060809373083413,1.9849473768673866,1.3211335604409546,1.3211335604409546,66.55761134211767,293,440,293,2.1204447746276855,0.611956646785961,False
0,74,0,58,potted plant,0.45079731941223145,2.559117828135323,2.530209643125871,0.028908185009452136,0.028908185009452136,1.1425213356525823,328,281,328,2.8259027004241943,0.01795915127064429,True
0,74,1,57,couch,0.3234391510486603,1.5340106059431189,1.5387151853575967,-0.004704579414477772,0.004704579414477772,0.3057472532439088,420,639,420,1.8895578384399414,-0.015713208395057077,True
0,75,0,58,potted plant,0.3995487093925476,2.576259066305423,2.543911513058089,0.03234755324733385,0.03234755324733385,1.271567547899816,327,334,327,2.8369407653808594,0.020733610387876356,True
0,76,0,58,potted plant,0.38981395959854126,2.3383137561245686,2.292639639215218,0.04567411690935064,0.04567411690935064,1.9922065434140848,342,334,342,2.5969977378845215,0.02826085986179483,True
0,76,1,57,couch,0.25865885615348816,1.5561150456107948,1.5690759597704995,-0.012960914159704684,0.012960914159704684,0.8260220978467103,417,556,417,1.8911339044570923,0.00014781295735133426,True
0,78,0,58,potted plant,0.29859283566474915,2.050890515119019,1.9654991327542408,0.08539138236477806,0.08539138236477806,4.344513866313422,364,404,364,2.277493476867676,0.058084027791731385,True
0,81,0,75,vase,0.28005993366241455,1.1822867244426092,1.2267546037144446,-0.044467879271835375,0.044467879271835375,3.624838996910445,479,419,479,1.6119544506072998,-0.08011012377907756,True
0,85,0,58,potted plant,0.3036065697669983,2.492481634016876,1.9271790944219094,0.5653025395949667,0.5653025395949667,29.333160640399065,332,228,332,2.160224676132202,0.3409903806034398,False
0,86,0,58,potted plant,0.42049965262413025,1.9077368367123282,1.4939870236248574,0.41374981308747083,0.41374981308747083,27.6943378051297,377,186,377,1.745534896850586,0.3263790699749969,False
0,86,1,75,vase,0.26972535252571106,1.1822867244426092,1.1696943929665393,0.012592331476069862,0.012592331476069862,1.0765488448767901,479,154,479,1.6085853576660156,-0.07680758761717166,True
0,87,0,56,chair,0.2834167182445526,1.1822867244426092,1.1007955291701292,0.08149119527247994,0.08149119527247994,7.402936613842787,479,566,479,1.6510735750198364,-0.11845644584440307,True
0,88,0,75,vase,0.2616357207298279,1.1822867244426092,1.0270734644205186,0.15521326002209057,0.15521326002209057,15.112186751866174,479,172,479,1.628097653388977,-0.095934415920792,True
1,10,0,63,laptop,0.42866894602775574,1.1822867244426092,1.2922234094077145,-0.10993668496510534,0.10993668496510534,8.507560238015992,479,2,479,1.6471346616744995,-0.11459534613943889,True
1,15,0,56,chair,0.7556788921356201,1.1822867244426092,0.8939786516676202,0.28830807277498893,0.28830807277498893,32.249995258520045,479,0,479,0.8679004907608032,0.6492449731645261,False
1,16,0,56,chair,0.4321930706501007,1.1822867244426092,0.9231071976144545,0.2591795268281547,0.2591795268281547,28.076861224562112,479,158,479,1.551751732826233,-0.021096716912003988,True
1,17,0,56,chair,0.5800317525863647,1.1822867244426092,0.8350114933430985,0.34727523109951064,0.34727523109951064,41.58927558100311,479,2,479,0.8630119562149048,0.6540369342050554,False
1,18,0,56,chair,0.5191982388496399,1.1822867244426092,0.7291670610019709,0.45311966344063825,0.45311966344063825,62.142091665247825,479,2,479,1.135371446609497,0.38705793370186536,False
1,52,0,4,airplane,0.411475270986557,1.1822867244426092,0.9308994273460087,0.25138729709660046,0.25138729709660046,27.00477513594619,479,573,479,1.5597728490829468,-0.02895937518778058,True
1,75,0,58,potted plant,0.5925005674362183,3.416156690958381,3.4446307814166346,-0.028474090458253443,0.028474090458253443,0.8266224238565048,289,555,289,3.675623655319214,0.005026685989041102,True
1,76,0,58,potted plant,0.5205960869789124,3.930619911182698,3.8820128101993125,0.048607100983385276,0.048607100983385276,1.2521107827279339,273,479,273,4.124436855316162,0.021677496034566257,True
1,77,0,58,potted plant,0.697315514087677,3.689432512762532,3.6340048913853833,0.05542762137714874,0.05542762137714874,1.5252489480281957,280,485,280,3.8991782665252686,0.020028780755703357,True
1,78,0,58,potted plant,0.6032084822654724,3.930619911182698,3.9324741435988044,-0.0018542324161066048,0.0018542324161066048,0.04715180185290942,273,415,273,4.144201278686523,0.014593330881535804,True
1,79,0,57,couch,0.6939132809638977,3.010904127673106,3.147694999050503,-0.13679087137739732,0.13679087137739732,4.345747329987818,305,637,305,3.315099000930786,-0.008445392874878888,True
1,79,1,57,couch,0.4349503815174103,3.103932365323887,3.12178993585418,-0.01785757053029302,0.01785757053029302,0.5720298577811532,301,619,301,3.4828808307647705,-0.042737382085948905,True
1,79,2,56,chair,0.42705807089805603,3.5329678035523537,3.3968772423636624,0.13609056118869134,0.13609056118869134,4.0063432228712195,285,548,285,3.784827709197998,0.006308795625945329,True
1,79,3,58,potted plant,0.32407158613204956,4.08165363695277,4.110268908097113,-0.028615271144342813,0.028615271144342813,0.6961897575112798,269,357,269,4.286177158355713,0.015456510778275812,True
1,79,4,58,potted plant,0.2813012897968292,10.604093960483102,4.765713177584427,5.838380782898675,5.838380782898675,122.50801853455111,201,372,201,4.782606601715088,0.8251893453353104,False
1,79,5,56,chair,0.2703649699687958,3.594095304492915,3.238240108513357,0.35585519597955795,0.35585519597955795,10.989154110098632,283,550,283,3.453486919403076,0.15792204803753473,False
1,80,0,58,potted plant,0.3894542157649994,9.736517592885464,4.515386954557704,5.22113063832776,5.22113063832776,115.62974980599832,205,377,205,4.541793346405029,0.8043293898542695,False
1,80,1,57,couch,0.34042009711265564,2.8389123183635725,2.933389190980427,-0.09447687261685456,0.09447687261685456,3.2207411449988177,313,629,313,3.1681745052337646,-0.018096947369314886,True
1,81,0,57,couch,0.8029060363769531,3.3060809373083413,3.347119366107373,-0.041038428799031745,0.041038428799031745,1.2260820218897226,293,504,293,3.5683655738830566,0.005566677499984518,True
1,81,1,58,potted plant,0.430609792470932,4.08165363695277,3.94452000066148,0.13713363629128983,0.13713363629128983,3.476560805073699,269,309,269,4.179612636566162,0.052365780078146296,True
1,82,0,57,couch,0.8303248882293701,3.5329678035523537,3.5991734985788106,-0.0662056950264569,0.0662056950264569,1.839469396309993,285,441,285,3.787390947341919,0.0052972076318640315,True
1,82,1,58,potted plant,0.5203723311424255,3.789430025844956,3.8284622910721446,-0.039032265227188834,0.039032265227188834,1.01952852763395,277,253,277,4.008645534515381,0.014779917919776953,True
1,83,0,57,couch,0.8488718867301941,3.3060809373083413,3.4275862466747666,-0.12150530936642534,0.12150530936642534,3.544923471562599,293,450,293,3.572392463684082,0.0038802139972724525,True
1,83,1,58,potted plant,0.7195531725883484,3.5329678035523537,3.571648265771989,-0.03868046221963528,0.03868046221963528,1.08298632287843,285,250,285,3.764024019241333,0.014519021056095704,True
1,84,0,57,couch,0.8871691226959229,3.103932365323887,3.1756212830655564,-0.0716889177416693,0.0716889177416693,2.2574769266083603,301,457,301,3.373220205307007,0.005836644548051773,True
1,84,1,58,potted plant,0.5156055688858032,3.3060809373083413,3.33239963723269,-0.026318699924348543,0.026318699924348543,0.7897822227049653,293,243,293,3.548290967941284,0.013973932708087,True
1,85,0,57,couch,0.8350270390510559,2.8389123183635725,2.8932579737580895,-0.05434565539451697,0.05434565539451697,1.8783549855364852,313,469,313,3.1218385696411133,0.004105883396635868,True
1,85,1,58,potted plant,0.721343457698822,3.127987299800063,3.1018168557368635,0.02617044406319957,0.02617044406319957,0.8437133873586664,300,241,300,3.3798794746398926,0.013089157881031044,True
1,86,0,57,couch,0.8779978156089783,3.010904127673106,3.0604318292870456,-0.04952770161393971,0.04952770161393971,1.618323961343639,305,411,305,3.2867188453674316,0.004468222946728551,True
1,86,1,58,potted plant,0.4448247253894806,2.9443096527118753,2.923315009150228,0.020994643561647486,0.020994643561647486,0.7181793099933618,308,181,308,3.203624963760376,0.013267226836829904,True
1,86,2,58,potted plant,0.26865294575691223,3.3060809373083413,2.3497481589840326,0.9563327783243087,0.9563327783243087,40.69937344850612,293,618,293,2.4628798961639404,0.4685446432167064,False
1,87,0,57,couch,0.7989274263381958,3.202174322980737,2.985224252879212,0.21695007010152523,0.21695007010152523,7.267463068889366,297,627,297,2.526942729949951,0.4112046051946985,False
1,87,1,58,potted plant,0.6701139211654663,3.789430025844956,2.7297677119034454,1.0596623139415104,1.0596623139415104,38.8187723563708,277,532,277,2.8144779205322266,0.45722405681569,False
1,87,2,58,potted plant,0.6423211693763733,2.611143892272438,2.6267570170016903,-0.015613124729252359,0.015613124729252359,0.5943878565164716,325,111,325,2.885141372680664,0.013018065026938253,True
1,88,0,57,couch,0.8451736569404602,2.922685298749407,2.9600282923365198,-0.037342993587112794,0.037342993587112794,1.2615755627672003,309,357,309,3.2031967639923096,0.0037970372968505472,True
1,88,1,58,potted plant,0.5346238613128662,3.5329678035523537,2.4982549474356683,1.0347128561166854,1.0347128561166854,41.41742447778461,285,548,285,2.6939938068389893,0.436808974386246,False
1,88,2,65,remote,0.2717900574207306,3.202174322980737,2.2130556322113826,0.9891186907693545,0.9891186907693545,44.69470520182918,297,604,297,2.4176645278930664,0.4582898049271418,False
1,88,3,58,potted plant,0.2688259482383728,6.870273553372899,2.981024933326508,3.8892486200463905,3.8892486200463905,130.46682624376444,225,98,225,3.041033983230591,0.8506137350402471,False
1,89,0,57,couch,0.6437418460845947,3.010904127673106,3.035455704302069,-0.024551576628963012,0.024551576628963012,0.8088267140306719,305,308,305,3.2969236373901367,-0.00017518936390636952,True
1,89,1,58,potted plant,0.31748101115226746,3.930619911182698,2.795685184540425,1.134934726642273,1.134934726642273,40.59594166461349,273,476,273,2.873725414276123,0.4699701803736003,False
1,89,2,75,vase,0.3050263226032257,4.605315013119116,2.779842490488333,1.8254725226307826,1.8254725226307826,65.66819986660838,257,247,257,2.859424114227295,0.6131957774495077,False
1,89,3,62,tv,0.2842452824115753,9.940330998550637,2.7316493544117617,7.208681644138876,7.208681644138876,263.8948382044886,204,237,204,4.100947380065918,0.884232951074698,False
1,90,0,57,couch,0.7465897798538208,2.922685298749407,2.9685300343682033,-0.04584473561879632,0.04584473561879632,1.5443581532956772,309,257,309,3.2092015743255615,0.000992209597198368,True
1,90,1,62,tv,0.5937785506248474,8.995724867412417,3.7237544603285806,5.2719704070838365,5.2719704070838365,141.5767463523533,209,173,209,3.750812530517578,0.880197055857443,False
1,90,2,56,chair,0.41019919514656067,1.6830832967517113,1.7409564183789086,-0.057873121627197266,0.057873121627197266,3.3242142661495118,401,603,401,2.0690853595733643,-0.04105576163466851,True
1,90,3,75,vase,0.4079793095588684,4.24359786465229,2.6128708813489325,1.630726983303357,1.630726983303357,62.411311440750204,265,190,265,2.6512932777404785,0.6137203797844049,False
1,90,4,56,chair,0.3526016175746918,2.476288589174513,2.6335391433501454,-0.15725055417563238,0.15725055417563238,5.971073358552505,333,605,333,2.8862826824188232,-0.05726853275173305,True
1,90,5,58,potted plant,0.3267636299133301,4.605315013119116,3.0007743597406145,1.6045406533785012,1.6045406533785012,53.470886545338146,257,421,257,3.155066967010498,0.5215069199237794,False
1,91,0,57,couch,0.8525383472442627,2.7592573694091684,2.7803673576028745,-0.02110998819370602,0.02110998819370602,0.7592517634758249,317,196,317,3.0643064975738525,-0.005325083155835353,True
1,91,1,62,tv,0.49133411049842834,8.35581679185428,2.4645533475715573,5.891263444282723,5.891263444282723,239.03980208371905,213,86,213,3.381650686264038,0.9003689010123134,False
1,91,2,58,potted plant,0.29357194900512695,4.417679139474614,3.090555298165001,1.327123841309613,1.327123841309613,42.94127473135928,261,346,261,3.254647731781006,0.45132669975407813,False
1,92,0,58,potted plant,0.5347340106964111,4.08165363695277,2.9223544477881847,1.1592991891645852,1.1592991891645852,39.67004036905972,269,361,269,3.06862211227417,0.43716409533430456,False
1,92,1,57,couch,0.529455840587616,2.476288589174513,2.4876172930922147,-0.011328703917701688,0.011328703917701688,0.455403809466995,333,187,333,2.7781267166137695,0.001086070975589104,True
1,92,2,57,couch,0.369381308555603,2.476288589174513,2.4876172930922147,-0.011328703917701688,0.011328703917701688,0.455403809466995,333,187,333,2.7781267166137695,0.001086070975589104,True
1,92,3,60,dining table,0.34722426533699036,1.498258451834095,1.5454570375794086,-0.04719858574531366,0.04719858574531366,3.0540212116953467,425,637,425,1.8854172229766846,-0.04084763516325918,True
1,92,4,56,chair,0.32115283608436584,2.646855648486248,1.8861393543933007,0.7607162940929475,0.7607162940929475,40.33192416674011,323,94,323,2.9549612998962402,-0.005127434223182847,True
1,93,0,57,couch,0.7728867530822754,2.2398168151806668,2.0616399219126578,0.178176893268009,0.178176893268009,8.642483654599967,349,176,349,2.5458080768585205,0.003478469054406963,True
1,93,1,58,potted plant,0.6370394229888916,3.6571519736962883,2.6271827086989585,1.0299692649973298,1.0299692649973298,39.204325667452125,281,366,281,2.7013678550720215,0.46651530103471495,False
1,93,2,56,chair,0.6358910799026489,2.1866480344612778,2.223924127264011,-0.03727609280273336,0.03727609280273336,1.676140491743861,353,65,353,2.5145206451416016,-0.008490109773509502,True
1,94,0,57,couch,0.7364227771759033,2.3529875412892904,2.3696872973971894,-0.016699756107898978,0.016699756107898978,0.7047240421232628,341,232,341,2.6580562591552734,0.001681904572947257,True
1,94,1,58,potted plant,0.5093632936477661,3.8588556334949464,2.505893326604586,1.3529623068903605,1.3529623068903605,53.99121712509549,275,428,275,2.682021141052246,0.5224913117098114,False
1,94,2,56,chair,0.3271348476409912,2.542172777113504,2.2096151322643784,0.33255764484912564,0.33255764484912564,15.050478248142962,329,141,329,2.856405735015869,-0.006660236678643905,True
1,95,0,57,couch,0.7142726182937622,2.476288589174513,2.489397431361433,-0.0131088421869201,0.0131088421869201,0.5265869572200438,333,281,333,2.7868947982788086,-0.003644670664076033,True
1,95,1,58,potted plant,0.4741712808609009,3.3060809373083413,2.3176684865748385,0.9884124507335028,0.9884124507335028,42.646843431617185,293,489,293,2.511434316635132,0.4482100271566527,False
1,95,2,56,chair,0.44830524921417236,2.7399517084563145,2.790696259003702,-0.05074455054738758,0.05074455054738758,1.8183473168629154,318,202,318,3.050433397293091,-0.007717781492385001,True
1,95,3,75,vase,0.34786349534988403,3.3060809373083413,2.3407317491235102,0.9653491881848311,0.9653491881848311,41.24134209510796,293,478,293,2.5411040782928467,0.43578431584040067,False
1,96,0,57,couch,0.83296799659729,2.525420564264694,2.3777373411874567,0.14768322307723736,0.14768322307723736,6.211082297403103,330,333,330,2.577685832977295,0.13257456840983406,True
1,96,1,58,potted plant,0.5307754874229431,2.922685298749407,2.0785154204963137,0.8441698782530933,0.8441698782530933,40.61407819873283,309,557,309,2.2744061946868896,0.43763214138627604,False
1,96,2,75,vase,0.40479418635368347,4.08165363695277,2.4273005717848095,1.6543530651679603,1.6543530651679603,68.15608599933316,269,269,269,2.5608463287353516,0.6130353217411466,False
1,97,0,57,couch,0.8908966183662415,2.4287786333515786,2.4565874715444425,-0.02780883819286384,0.02780883819286384,1.1320109100524143,336,386,336,2.7243974208831787,0.005404312075327988,True
1,97,1,58,potted plant,0.4234035313129425,6.131451933135833,2.8934944870426884,3.2379574460931444,3.2379574460931444,111.90473873694904,233,110,233,2.9703948497772217,0.7939685779586232,False
1,97,2,58,potted plant,0.3300676643848419,2.323795459931741,2.291505707864776,0.03228975206696516,0.03228975206696516,1.409106333715081,343,105,343,2.6086268424987793,0.013796366761258616,True
1,98,0,57,couch,0.869127631187439,2.1355772235358987,2.1548771871351513,-0.019299963599252568,0.019299963599252568,0.895641000539401,357,391,357,2.447145462036133,0.002382031761919423,True
1,98,1,58,potted plant,0.39787307381629944,2.0626408760410953,2.0407876709912536,0.021853205049841673,0.021853205049841673,1.0708220830845725,363,86,363,2.3578312397003174,0.014338117276940121,True
1,99,0,57,couch,0.8700075149536133,1.9937802523066508,2.0122068441787864,-0.018426591872135578,0.018426591872135578,0.9157404431578584,369,446,369,2.308295488357544,0.003744643165311201,True
1,99,1,58,potted plant,0.4409255087375641,2.2952155523968525,2.2929485184260314,0.002267033970821064,0.002267033970821064,0.09886981554985995,345,156,345,2.586787223815918,0.01062244587096517,True
1,99,2,75,vase,0.3591364920139313,3.5329678035523537,2.1281927204618656,1.4047750830904882,1.4047750830904882,66.00788873977636,285,376,285,2.2494616508483887,0.6122446408106221,False
1,100,0,57,couch,0.8546044826507568,1.8276597569332034,1.8589055136692032,-0.03124575673599983,0.03124575673599983,1.6808684737464334,385,507,385,2.1494860649108887,0.002873959889983402,True
1,100,1,58,potted plant,0.5237302780151367,2.476288589174513,2.4752354908227634,0.001053098351749604,0.001053098351749604,0.04254538025388268,333,215,333,2.763028621673584,0.009232115816611097,True
1,101,0,58,potted plant,0.4858991205692291,2.611143892272438,2.5798090529098983,0.03133483936253967,0.03133483936253967,1.2146185519891677,325,279,325,2.871708869934082,0.019941084160342015,True
1,101,1,75,vase,0.25659269094467163,3.103932365323887,1.8571574009424432,1.2467749643814439,1.2467749643814439,67.13351080251726,301,510,301,2.0048019886016846,0.6119756541262618,False
1,102,0,58,potted plant,0.3796788454055786,2.3529875412892904,2.3314560047603705,0.021531536528919926,0.021531536528919926,0.9235231754301518,341,265,341,2.642981767654419,0.010179235401553965,True
1,102,1,75,vase,0.3766786456108093,2.611143892272438,1.5778242888309926,1.0333196034414454,1.0333196034414454,65.4901569684309,325,539,325,1.7252517938613892,0.6108171422573467,False
1,103,0,56,chair,0.3300948739051819,4.417679139474614,2.3114117155732266,2.106267423901387,2.106267423901387,91.12471870373973,261,634,261,2.437368869781494,0.7146604280298754,False
1,104,0,56,chair,0.330300509929657,1.2974092736530591,1.3117043475573775,-0.01429507390431839,0.01429507390431839,1.0898091426576662,457,555,457,1.2335405349731445,0.3727444062380494,False
1,104,1,56,chair,0.28677159547805786,3.6571519736962883,1.106971691453243,2.550180282243045,2.550180282243045,230.37448038938953,281,634,281,1.1845674514770508,1.0468102081339103,False
1,104,2,57,couch,0.2724404036998749,1.2974092736530591,1.3117043475573775,-0.01429507390431839,0.01429507390431839,1.0898091426576662,457,555,457,1.2335405349731445,0.3727444062380494,False
1,105,0,58,potted plant,0.31300434470176697,1.6097088178580983,1.5793797984520894,0.03032901940600885,0.03032901940600885,1.9203119753547284,410,268,410,1.9064775705337524,0.028261961793529577,True
1,112,0,61,toilet,0.26322415471076965,1.1822867244426092,0.7143056502068257,0.4679810742357835,0.4679810742357835,65.51552183582484,479,542,479,1.5438411235809326,-0.013342382570205258,True
2,9,0,62,tv,0.2872120141983032,6.48109328551411,2.6123585822841298,3.86873470322998,3.86873470322998,148.09355535897873,229,598,229,2.680607318878174,0.8952138554140076,False
2,11,0,59,bed,0.3016825020313263,1.1822867244426092,0.9140969917086901,0.2681897327339191,0.2681897327339191,29.339308100402047,479,533,479,1.4464261531829834,0.08214814501600975,True
2,13,0,57,couch,0.6105759143829346,1.1822867244426092,0.8969956144339976,0.2852911100086116,0.2852911100086116,31.805184486730155,479,465,479,1.5500743389129639,-0.01945246008891366,True
2,13,1,62,tv,0.2918323576450348,7.7974987597924255,3.5986616280499137,4.198837131742511,4.198837131742511,116.6777420531707,217,464,217,3.8011202812194824,0.7800939463530874,False
2,14,0,58,potted plant,0.6538361310958862,3.3060809373083413,2.3732251742781916,0.9328557630301497,0.9328557630301497,39.307511699300704,293,600,293,2.4902236461639404,0.4570930667691613,False
2,14,1,75,vase,0.4442862272262573,3.3060809373083413,2.3504658597593875,0.9556150775489538,0.9556150775489538,40.65641173136538,293,586,293,2.5547242164611816,0.43008019502811945,False
2,14,2,57,couch,0.3303663432598114,1.1822867244426092,0.8603545523662671,0.32193217207634206,0.32193217207634206,37.41854694566552,479,436,479,1.5940961837768555,-0.06260464885619599,True
2,14,3,57,couch,0.30329713225364685,1.1822867244426092,0.8605901105395263,0.3216966139030829,0.3216966139030829,37.380933148465175,479,436,479,1.5940961837768555,-0.06260464885619599,True
2,15,0,57,couch,0.7288187742233276,1.1822867244426092,0.8746612657312178,0.30762545871139135,0.30762545871139135,35.17081077715453,479,394,479,1.579642653465271,-0.04843664953023619,True
2,15,1,65,remote,0.48255860805511475,3.416156690958381,2.32978789020419,1.0863688007541912,1.0863688007541912,46.62951530145426,289,581,289,2.5423362255096436,0.4659646446991359,False
2,15,2,58,potted plant,0.4279558062553406,3.010904127673106,2.132363700199197,0.8785404274739088,0.8785404274739088,41.20030871805964,305,614,305,2.3134517669677734,0.4473268645850479,False
2,16,0,57,couch,0.37800225615501404,1.1822867244426092,0.8711845166512814,0.3111022077913278,0.3111022077913278,35.710254469072034,479,350,479,1.595931053161621,-0.06440327020656245,True
2,20,0,56,chair,0.29518923163414,1.5267529496504633,1.6070656903688465,-0.08031274071838324,0.08031274071838324,4.997477153528815,421,576,421,1.945271611213684,-0.06627597839093746,True
2,26,0,56,chair,0.28294816613197327,1.1822867244426092,1.1601406200132511,0.02214610442935805,0.02214610442935805,1.9089155269044107,479,575,479,1.5972983837127686,-0.06574358900130672,True
2,28,0,60,dining table,0.26935824751853943,1.1822867244426092,1.1227107066644657,0.059576017778143475,0.059576017778143475,5.3064442535817395,479,572,479,1.5919936895370483,-0.0605436896074687,True
2,29,0,59,bed,0.44740673899650574,1.1822867244426092,1.2290017421547828,-0.04671501771217357,0.04671501771217357,3.8010538235909346,479,582,479,1.5808185338974,-0.04958930032285647,True
2,32,0,56,chair,0.33025476336479187,1.1822867244426092,1.2340981027417652,-0.05181137829915605,0.05181137829915605,4.198319257119673,479,392,479,1.589113712310791,-0.05772060662907075,True
2,32,1,73,book,0.27973508834838867,2.1866480344612778,1.591403048475826,0.5952449859854518,0.5952449859854518,37.40378570693016,353,631,353,1.8001291751861572,0.4200816217875414,False
2,33,0,59,bed,0.3260578513145447,1.1822867244426092,1.226681933874957,-0.04439520943234787,0.04439520943234787,3.6191296379582396,479,462,479,1.5897762775421143,-0.05837008281574785,True
2,34,0,58,potted plant,0.6947536468505859,4.417679139474614,4.446952399805374,-0.029273260330760387,0.029273260330760387,0.6582768983999371,261,609,261,4.62199592590332,0.010756272019679214,True
2,34,1,58,potted plant,0.44481250643730164,2.3529875412892904,1.6712499040191102,0.6817376372701802,0.6817376372701802,40.79208235888011,341,613,341,1.84758722782135,0.45853469361691124,False
2,34,2,75,vase,0.3120894432067871,1.949971839345048,1.0865538373516772,0.8634180019933708,0.8634180019933708,79.46389514373547,373,307,373,1.257439374923706,0.6697354565773062,False
2,35,0,58,potted plant,0.7130202054977417,5.267474899589832,5.230868670354056,0.036606229235776055,0.036606229235776055,0.6998116669080573,245,511,245,5.441549301147461,0.009496327795544213,True
2,35,1,58,potted plant,0.6370396614074707,2.7592573694091684,1.9623220803404413,0.7969352890687271,0.7969352890687271,40.61184945391164,317,528,317,2.10689115524292,0.46500036599556727,False
2,35,2,57,couch,0.6263679265975952,2.2398168151806668,1.6287311205968367,0.6110856945838301,0.6110856945838301,37.519126813264435,349,635,349,1.8415842056274414,0.41744768986214464,False
2,35,3,75,vase,0.4124469459056854,1.9077368367123282,1.0644655921998205,0.8432712445125077,0.8432712445125077,79.2201505329831,377,254,377,1.2359577417373657,0.6689963477976955,False
2,35,4,60,dining table,0.27935054898262024,1.5863849771239793,1.5979916421061935,-0.011606664982214188,0.011606664982214188,0.7263282658297454,413,545,413,1.9337472915649414,-0.010300520991069595,True
2,35,5,56,chair,0.27895209193229675,1.1822867244426092,1.2001937103128169,-0.01790698587020767,0.01790698587020767,1.4920079747410455,479,225,479,1.3676955699920654,0.15932339739620693,False
2,36,0,58,potted plant,0.7355822324752808,4.808152731105021,4.920621232005903,-0.11246850090088234,0.11246850090088234,2.2856565380268923,253,532,253,4.99877405166626,0.010066496915276613,True
2,36,1,58,potted plant,0.5942181348800659,2.476288589174513,1.717334459695638,0.7589541294788751,0.7589541294788751,44.19372855380681,333,571,333,1.9236811399459839,0.462094695528799,False
2,36,2,75,vase,0.37342163920402527,1.4437228492128802,0.8117319699703774,0.6319908792425027,0.6319908792425027,77.85708862317767,433,253,433,0.9871605038642883,0.6694100038475973,False
2,36,3,60,dining table,0.26394277811050415,1.3376310256760438,1.3481129056303038,-0.010481879954260087,0.010481879954260087,0.7775224100654488,450,577,450,1.6924116611480713,-0.010829206825271331,True
2,36,4,57,couch,0.2556816339492798,2.2952155523968525,2.333112086775963,-0.03789653437911067,0.03789653437911067,1.6242912028919458,345,632,345,1.8609901666641235,0.4285098684708677,False
2,37,0,57,couch,0.878051221370697,1.949971839345048,1.9913706761289325,-0.04139883678388445,0.04139883678388445,2.0789116401151655,373,633,373,2.2975478172302246,-0.017029391242181724,True
2,37,1,58,potted plant,0.6535165905952454,5.5289069561326665,5.499118803712333,0.02978815242033317,0.02978815242033317,0.5416895594294826,241,448,241,5.688599109649658,0.010511070483752105,True
2,37,2,58,potted plant,0.579677164554596,2.818624599577239,1.947029285140038,0.8715953144372013,0.8715953144372013,44.76539316020163,314,492,314,2.145500421524048,0.4654624552830031,False
2,37,3,75,vase,0.37023407220840454,2.6834240906752167,1.8786561269891724,0.8047679636860443,0.8047679636860443,42.83742788925429,321,485,321,2.074073076248169,0.4560795720992492,False
2,37,4,75,vase,0.33342498540878296,1.367546627726179,0.7626916322370119,0.6048549954891671,0.6048549954891671,79.3053142218301,445,183,445,0.9475482702255249,0.6684171618160428,False
2,38,0,57,couch,0.833966851234436,1.8669919745293975,1.9055978026086486,-0.03860582807925117,0.03860582807925117,2.025916907880672,381,635,381,2.216035842895508,-0.01672166083848725,True
2,38,1,58,potted plant,0.6557077169418335,5.267474899589832,5.248497516855671,0.018977382734161274,0.018977382734161274,0.36157743569878753,245,454,245,5.437669277191162,0.010559111505669794,True
2,38,2,58,potted plant,0.41418296098709106,2.476288589174513,1.6959151685072689,0.7803734206672441,0.7803734206672441,46.01488536446801,333,515,333,1.9022624492645264,0.47365096242328897,False
2,38,3,45,bowl,0.2990742027759552,2.476288589174513,1.696030958382663,0.7802576307918501,0.7802576307918501,46.0049167696741,333,457,333,1.919411540031433,0.46439832075403076,False
2,38,4,75,vase,0.2617265582084656,1.1822867244426092,0.5722556510283184,0.6100310734142907,0.6100310734142907,106.60114449164313,479,129,479,0.7809464335441589,0.7344812439908642,False
2,39,0,57,couch,0.9172687530517578,1.7896679701346712,1.836753588520782,-0.047085618386110806,0.047085618386110806,2.563523963169764,389,637,389,2.144102096557617,-0.019264128485122267,True
2,39,1,58,potted plant,0.5519565343856812,3.2795466203930723,1.9003911306891619,1.3791554897039104,1.3791554897039104,72.57219145217599,294,457,294,1.8468143939971924,0.7209785468943334,False
2,39,2,58,potted plant,0.5035948157310486,5.5289069561326665,5.590252771250153,-0.0613458151174866,0.0613458151174866,1.0973710425578445,241,397,241,5.6878275871276855,0.010713084060943956,True
2,39,3,58,potted plant,0.47315773367881775,5.5289069561326665,5.592667251223643,-0.0637602950909768,0.0637602950909768,1.1400695272372303,241,397,241,5.6878275871276855,0.010713084060943956,True
2,39,4,75,vase,0.3561002016067505,2.6288945772338357,1.8719058964167075,0.7569886808171282,0.7569886808171282,40.439462382494355,324,437,324,2.0778491497039795,0.4353629260381695,False
2,40,0,57,couch,0.9161379337310791,1.7174406329589356,1.7442660948872952,-0.026825461928359662,0.026825461928359662,1.5379225685226068,397,638,397,2.075047731399536,-0.020442261579831422,True
2,40,1,58,potted plant,0.6042285561561584,2.901338636252975,1.9958694666760728,0.9054691695769024,0.9054691695769024,45.36715374903117,310,394,310,2.1867761611938477,0.47196302607957663,False
2,40,2,75,vase,0.471882700920105,2.7592573694091684,1.9797036361573206,0.7795537332518478,0.7795537332518478,39.377294611883976,317,380,317,2.167620897293091,0.43516718707756885,False
2,40,3,58,potted plant,0.26164510846138,5.969622035385196,5.775879935620975,0.1937420997642212,0.1937420997642212,3.354330455683055,235,340,235,5.984869480133057,0.04132898355483228,True
2,41,0,57,couch,0.8308100700378418,2.050890515119019,1.4916779131810163,0.5592126019380026,0.5592126019380026,37.488830329697436,364,549,364,2.3997859954833984,-0.01934123716055658,True
2,41,1,58,potted plant,0.5845627784729004,3.416156690958381,2.078262242864399,1.3378944480939823,1.3378944480939823,64.37563174173859,289,322,289,2.2601282596588135,0.58074608521407,False
2,41,2,75,vase,0.37578052282333374,2.8389123183635725,2.031973163066949,0.8069391552966234,0.8069391552966234,39.7120970868864,313,322,313,2.221964120864868,0.43529950970923226,False
2,41,3,58,potted plant,0.2840571105480194,6.049522297123014,5.7724060542441515,0.2771162428788623,0.2771162428788623,4.800705984207626,234,289,234,5.927147388458252,0.07328858658859128,True
2,41,4,75,vase,0.2557831108570099,5.815615322550515,5.77122606972767,0.044389252822845116,0.044389252822845116,0.7691477042579227,237,282,237,5.963808059692383,0.01045848245214831,True
2,42,0,57,couch,0.9022324085235596,1.7529492399297044,1.6182157449504202,0.13473349497928422,0.13473349497928422,8.326052653962543,393,590,393,2.115391969680786,-0.024462153499676065,True
2,42,1,58,potted plant,0.5596569776535034,5.5289069561326665,5.511851350801331,0.017055605331335322,0.017055605331335322,0.3094351470283342,241,283,241,5.693811416625977,0.00914629272585099,True
2,42,2,58,potted plant,0.5477100014686584,2.559117828135323,1.7979531780137799,0.7611646501215432,0.7611646501215432,42.335065196881864,328,330,328,2.000999927520752,0.45057829470028277,False
2,42,3,57,couch,0.39183950424194336,1.1822867244426092,0.8797048384982957,0.30258188594431346,0.30258188594431346,34.395841957722695,479,546,479,1.5592219829559326,-0.02841939147805861,True
2,42,4,75,vase,0.25535109639167786,2.476288589174513,1.7789209678851357,0.6973676212893773,0.6973676212893773,39.20172024946339,333,325,333,1.9757158756256104,0.4340198098020731,False
2,43,0,57,couch,0.9175408482551575,1.367546627726179,1.0499451928707477,0.31760143485543124,0.31760143485543124,30.249334633082054,445,637,445,1.3050135374069214,0.35470018213738097,False
2,43,1,58,potted plant,0.658559262752533,5.267474899589832,5.260331851652877,0.0071430479369549715,0.0071430479369549715,0.13579082343845886,245,285,245,5.441019535064697,0.009641436890044597,True
2,43,2,58,potted plant,0.6521639823913574,2.1355772235358987,1.5348591430119476,0.6007180805239511,0.6007180805239511,39.138319842505254,357,328,357,1.7427608966827393,0.4334552956884088,False
2,44,0,57,couch,0.9243259429931641,1.212107743143963,1.2441682113970727,-0.0320604682531096,0.0320604682531096,2.5768596207026535,473,629,473,1.5880156755447388,-0.027883536313595192,True
2,44,1,58,potted plant,0.705722451210022,5.028117720157712,5.015092781842407,0.013024938315305157,0.013024938315305157,0.25971480253492246,249,277,249,5.214254379272461,0.008797764609998149,True
2,44,2,58,potted plant,0.6431084871292114,1.7896679701346712,1.2801860957008295,0.5094818744338416,0.5094818744338416,39.797485392538114,389,341,389,1.5027439594268799,0.43518830305681333,False
2,44,3,75,vase,0.3172500431537628,1.7896679701346712,1.282424222348402,0.5072437477862692,0.5072437477862692,39.553506472093446,389,337,389,1.5037137269973755,0.4345011468410773,False
2,45,0,57,couch,0.9378672242164612,1.1822867244426092,1.2060432537269277,-0.023756529284318484,0.023756529284318484,1.9697908189367013,479,621,479,1.5497164726257324,-0.01910166348718545,True
2,45,1,58,potted plant,0.7605311870574951,4.86145615939251,4.76946255203534,0.09199360735717033,0.09199360735717033,1.9288044796140102,252,279,252,4.999220848083496,0.0250235640241685,True
2,45,2,58,potted plant,0.3060048818588257,1.4638028694588276,1.0357657635270303,0.42803710593179733,0.42803710593179733,41.32566657486617,430,333,430,1.279924988746643,0.43467042896850727,False
2,46,0,57,couch,0.9339612126350403,1.1921038660878276,0.8687695489581879,0.32333431712963967,0.32333431712963967,37.21750117938365,477,413,477,1.1036808490753174,0.42478544168097576,False
2,46,1,58,potted plant,0.7306417226791382,4.915861538615907,4.788942254316639,0.1269192842992677,0.1269192842992677,2.6502571457165858,251,335,251,5.01461124420166,0.035619457448758496,True
2,46,2,45,bowl,0.49400216341018677,1.2974092736530591,0.9065074840547318,0.39090178959832733,0.39090178959832733,43.12173881343554,457,317,457,1.1707302331924438,0.43014281514377073,False
2,46,3,75,vase,0.4733678698539734,1.3922302760127698,0.9943482265465367,0.3978820494662332,0.3978820494662332,40.014357027428346,441,381,441,1.232407808303833,0.4333002608692964,False
2,46,4,58,potted plant,0.3747643232345581,1.5486910255277297,1.0105019684400234,0.5381890570877064,0.5381890570877064,53.25957532953085,418,377,418,1.2487075328826904,0.5058848453589426,False
2,47,0,57,couch,0.9089867472648621,1.1921038660878276,1.2178804069371774,-0.02577654084934977,0.02577654084934977,2.1165083782055967,477,621,477,1.5598453283309937,-0.019613579552968607,True
2,47,1,58,potted plant,0.694329559803009,4.605315013119116,4.651139455601716,-0.045824442482600425,0.045824442482600425,0.9852304563220657,257,389,257,4.804107189178467,0.010083719392599777,True
2,48,0,57,couch,0.8418035507202148,1.367546627726179,1.385407300824574,-0.017860673098395008,0.017860673098395008,1.2892001570776044,445,631,445,1.7195757627487183,-0.009125960325563787,True
2,48,1,58,potted plant,0.7025812268257141,4.463257278248606,4.3884093043886985,0.07484797385990749,0.07484797385990749,1.7055832459623714,260,449,260,4.640276908874512,0.01887275472040395,True
2,48,2,60,dining table,0.37493932247161865,1.1822867244426092,0.6544013243503497,0.5278854000922595,0.5278854000922595,80.66692111546571,479,2,479,0.8339613676071167,0.6825136254314192,False
2,49,0,58,potted plant,0.6454041600227356,3.930619911182698,3.9572081774984333,-0.02658826631573552,0.02658826631573552,0.6718945560388336,273,520,273,4.15786075592041,0.009697362463149117,True
2,50,0,58,potted plant,0.4699323773384094,3.3060809373083413,2.332959165577089,0.9731217717312521,0.9731217717312521,41.71190761028761,293,622,293,2.5341567993164062,0.43869383981941357,False
2,50,1,60,dining table,0.355489045381546,1.1822867244426092,0.6551551425076015,0.5271315819350076,0.5271315819350076,80.45904667975518,479,200,479,1.582160234451294,-0.05090449544359288,True
2,50,2,56,chair,0.34656891226768494,1.1822867244426092,0.812026633864187,0.37026009057842213,0.37026009057842213,45.597037724793246,479,406,479,1.551880955696106,-0.02122338697072257,True
2,50,3,58,potted plant,0.2761945426464081,8.664493672756427,4.0009428854548705,4.663550787301556,4.663550787301556,116.56129369543234,211,622,211,3.5886685848236084,0.8853256061056879,False
2,52,0,58,potted plant,0.2623264491558075,27.045234897787147,3.56687273915785,23.478362158629295,23.478362158629295,658.2338052288518,173,632,173,3.4989330768585205,1.302036226443122,False
2,52,1,59,bed,0.2602088451385498,1.1822867244426092,0.6481395479957432,0.5341471764468659,0.5341471764468659,82.41237216562722,479,2,479,0.7418467998504639,0.772808460378514,False
2,53,0,59,bed,0.38602930307388306,1.1822867244426092,0.6437173289460121,0.5385693954965971,0.5385693954965971,83.66551144093347,479,2,479,0.7260800004005432,0.7882637850752062,False
2,53,1,59,bed,0.3842237591743469,1.1822867244426092,1.2033754647106847,-0.0210887402680755,0.0210887402680755,1.752465534366338,479,322,479,1.5593090057373047,-0.028504695115387557,True
2,55,0,59,bed,0.2618583142757416,1.1822867244426092,1.2010585119988235,-0.018771787556214337,0.018771787556214337,1.5629369734014027,479,338,479,1.5489866733551025,-0.018386281476599375,True
2,65,0,62,tv,0.4482269585132599,1.3922302760127698,1.2677495664584897,0.12448070955428014,0.12448070955428014,9.819029944693423,441,298,441,1.5713869333267212,0.1398998606151587,True
2,66,0,63,laptop,0.6565613150596619,1.1822867244426092,1.181711597615328,0.0005751268272811139,0.0005751268272811139,0.04866896698329009,479,637,479,1.532461166381836,-0.0021872376021259132,True
2,66,1,33,kite,0.47878608107566833,2.1866480344612778,0.9420508753928546,1.244597159068423,1.244597159068423,132.11570538049767,353,234,353,1.0709971189498901,0.8574964020862702,False
2,66,2,62,tv,0.4328809976577759,1.1822867244426092,1.181711597615328,0.0005751268272811139,0.0005751268272811139,0.04866896698329009,479,637,479,1.532461166381836,-0.0021872376021259132,True
2,68,0,79,toothbrush,0.41463589668273926,1.1822867244426092,1.0592221089040215,0.12306461553858772,0.12306461553858772,11.618395660747947,479,150,479,1.3807637691497803,0.1465133618639456,True
2,102,0,9,traffic light,0.5471826791763306,1.367546627726179,1.4844839964533398,-0.11693736872716087,0.11693736872716087,7.87730746889439,445,636,445,1.837852120399475,-0.11292709877507767,True
2,103,0,9,traffic light,0.48731979727745056,1.2974092736530591,1.401149487761794,-0.10374021410873491,0.10374021410873491,7.40393619773221,457,635,457,1.758340835571289,-0.10683778638936281,True
2,104,0,9,traffic light,0.3421991765499115,1.212107743143963,1.302240216993935,-0.09013247384997203,0.09013247384997203,6.92134006259091,473,633,473,1.6603217124938965,-0.09745161749314901,True
2,108,0,9,traffic light,0.3423112630844116,1.1822867244426092,1.2679419768953473,-0.08565525245273808,0.08565525245273808,6.755455219052808,479,541,479,1.6335031986236572,-0.10123317405049348,True
3,4,0,71,sink,0.3826353847980499,2.1866480344612778,0.6559145002764515,1.5307335341848263,1.5307335341848263,233.3739433325015,353,630,353,0.7555134296417236,1.0467587277051669,False
3,5,0,71,sink,0.42878714203834534,1.5863849771239793,0.7032375960041555,0.8831473811198238,0.8831473811198238,125.58307265395482,413,526,413,0.9398568272590637,0.7659504879163227,False
3,6,0,71,sink,0.3694017231464386,1.6498221342233514,0.7474485735886764,0.902373560634675,0.902373560634675,120.7271767610937,405,488,405,1.0014914274215698,0.7419966272596898,False
3,7,0,71,sink,0.3602742552757263,2.2952155523968525,0.8086110649956737,1.4866044874011788,1.4866044874011788,183.84666643278405,345,508,345,0.962651789188385,0.945740278110572,False
3,7,1,71,sink,0.31975245475769043,1.1822867244426092,0.5799096953554008,0.6023770290872084,0.6023770290872084,103.87428144618936,479,14,479,1.557456135749817,-0.026688428766066696,True
3,8,0,43,knife,0.33109185099601746,1.1822867244426092,0.5744300251440748,0.6078566992985344,0.6078566992985344,105.8191028830841,479,214,479,1.3803094625473022,0.14695869359252178,True
3,12,0,61,toilet,0.2831839621067047,1.1822867244426092,0.5735255242921886,0.6087612001504206,0.6087612001504206,106.14369794643711,479,587,479,1.654492735862732,-0.12180806081134743,True
3,14,0,61,toilet,0.278910368680954,1.3435329484955398,0.5658699342648832,0.7776630142306566,0.7776630142306566,137.42787293354118,449,2,449,0.6011481881141663,0.9651648590240322,False
3,34,0,57,couch,0.25572264194488525,1.1822867244426092,0.9230810101763096,0.25920571426629957,0.25920571426629957,28.08049471376201,479,579,479,1.3762558698654175,0.1509322071318837,False
3,35,0,56,chair,0.5799060463905334,3.202174322980737,1.8341786483378197,1.3679956746429174,1.3679956746429174,74.58355683524233,297,600,297,1.9501330852508545,0.6597372202730375,False
3,36,0,57,couch,0.5347781181335449,1.1822867244426092,0.8381303506034253,0.34415637383918385,0.34415637383918385,41.062392453799454,479,536,479,1.3847525119781494,0.14260341706253832,True
3,37,0,57,couch,0.2813604772090912,1.1822867244426092,0.7464658789246928,0.43582084551791633,0.43582084551791633,58.38456355777838,479,538,479,1.620862364768982,-0.08884206117552562,True
3,38,0,56,chair,0.2607060372829437,2.922685298749407,1.8710916414982475,1.0515936572511595,1.0515936572511595,56.20214605892377,309,567,309,1.809877634048462,0.6546119462176203,False
3,40,0,57,couch,0.6021445393562317,1.1822867244426092,0.6028198093291866,0.5794669151134226,0.5794669151134226,96.1260572638197,479,545,479,1.6249912977218628,-0.09288942663104094,True
3,41,0,59,bed,0.3677386939525604,1.1822867244426092,0.5675030540149184,0.6147836704276908,0.6147836704276908,108.33134131671642,479,488,479,1.624220371246338,-0.09213372988774449,True
3,43,0,56,chair,0.6123752593994141,1.1822867244426092,0.8944866054743367,0.2878001189682725,0.2878001189682725,32.174894202653284,479,530,479,1.6290146112442017,-0.09683325917878438,True
3,43,1,57,couch,0.26994067430496216,1.1822867244426092,0.8944866054743367,0.2878001189682725,0.2878001189682725,32.174894202653284,479,530,479,1.6290146112442017,-0.09683325917878438,True
3,47,0,72,refrigerator,0.43475985527038574,1.2326200688054518,1.3042956197366453,-0.07167555093119349,0.07167555093119349,5.495345521873771,469,160,469,1.65640389919281,-0.07368261563111611,True
3,48,0,72,refrigerator,0.39416930079460144,1.1822867244426092,1.1503956945998652,0.031891029842743945,0.031891029842743945,2.7721791721270654,479,41,479,1.486236810684204,0.04312395116966328,True
3,89,0,58,potted plant,0.39427176117897034,9.736517592885464,4.389529078869148,5.346988514016316,5.346988514016316,121.81234975196551,205,540,205,4.428737163543701,0.8216463080214382,False
3,89,1,58,potted plant,0.2767229676246643,3.789430025844956,3.823902411381277,-0.03447238553632115,0.03447238553632115,0.9014975234127109,277,527,277,4.020172119140625,0.010509269688147027,True
3,90,0,58,potted plant,0.5842792987823486,4.24359786465229,4.253147273564906,-0.009549408912616464,0.009549408912616464,0.22452570528112312,265,451,265,4.442692756652832,0.014887778670607865,True
3,91,0,58,potted plant,0.6766459941864014,4.417679139474614,4.489073757340376,-0.07139461786576184,0.07139461786576184,1.5904086616759165,261,397,261,4.614496231079102,0.0131727331455187,True
3,92,0,56,chair,0.5312808752059937,3.010904127673106,3.0332788639163644,-0.022374736243258475,0.022374736243258475,0.7376419131596008,305,581,305,3.29718279838562,-0.00029311350720950813,True
3,92,1,58,potted plant,0.40806615352630615,4.24359786465229,4.281957288853216,-0.03835942420092664,0.03835942420092664,0.8958385526353526,265,396,265,4.442104339599609,0.015084475900158711,True
3,93,0,56,chair,0.6637985706329346,3.2795466203930723,2.8457231178846176,0.4338235025084547,0.4338235025084547,15.244754480222921,294,609,294,3.1346120834350586,0.17776097690308945,False
3,93,1,58,potted plant,0.3515712320804596,9.736517592885464,4.669703585320919,5.066814007564545,5.066814007564545,108.50397493091278,205,413,205,4.705478668212891,0.7792575605108873,False
3,94,0,58,potted plant,0.38405656814575195,3.789430025844956,3.786805424685466,0.0026246011594897034,0.0026246011594897034,0.06930911058647023,277,403,277,4.009699821472168,0.014389300154496132,True
3,94,1,56,chair,0.2991017997264862,2.6834240906752167,2.722329715852615,-0.038905625177398484,0.038905625177398484,1.4291297983063564,321,637,321,2.984025239944458,-0.0019166590718184828,True
3,95,0,58,potted plant,0.4962719678878784,3.5329678035523537,3.534867772577294,-0.0018999690249401624,0.0018999690249401624,0.05374936623315002,285,409,285,3.765798330307007,0.01381878499880318,True
3,96,0,58,potted plant,0.707761287689209,3.3060809373083413,3.289910493281906,0.016170444026435415,0.016170444026435415,0.4915162299842485,293,412,293,3.548741340637207,0.01378531639330749,True
3,97,0,58,potted plant,0.473539799451828,3.416156690958381,3.439134931613577,-0.022978240655195936,0.022978240655195936,0.668140131518916,289,361,289,3.654726028442383,0.013526303315697819,True
3,98,0,58,potted plant,0.6380571126937866,3.5329678035523537,3.4985973411515796,0.03437046240077413,0.03437046240077413,0.9824069205249246,285,311,285,3.759300947189331,0.01638299260876508,True
3,98,1,57,couch,0.6077672839164734,2.8389123183635725,2.8942463349021663,-0.05533401653859382,0.05533401653859382,1.9118627143554545,313,530,313,3.119748830795288,0.005107225386291159,True
3,98,2,57,couch,0.39853376150131226,2.8389123183635725,2.8935019856796447,-0.05458966731607218,0.05458966731607218,1.8866296821721311,313,528,313,3.121025323867798,0.004495567084795038,True
3,99,0,57,couch,0.8632453083992004,3.202174322980737,3.2855936290769856,-0.08341930609624848,0.08341930609624848,2.5389416803709617,297,461,297,3.468479871749878,0.005520181927135548,True
3,99,1,58,potted plant,0.693873405456543,3.416156690958381,3.4294971718027893,-0.013340480844408198,0.013340480844408198,0.38899232674962336,289,250,289,3.652418613433838,0.01446479000138745,True
3,100,0,57,couch,0.8096199035644531,3.416156690958381,3.4962119711550335,-0.08005528019665231,0.08005528019665231,2.289771926220042,289,402,289,3.67216420173645,0.0064337372196008324,True
3,100,1,58,potted plant,0.6720097661018372,3.202174322980737,3.233367028205593,-0.031192705224855732,0.031192705224855732,0.9647127886426987,297,195,297,3.4491560459136963,0.013846327324530838,True
3,100,2,58,potted plant,0.6563706994056702,4.161189358631817,2.6628063418291994,1.4983830168026175,1.4983830168026175,56.27082199951919,267,594,267,2.8394856452941895,0.5336689804823245,False
3,100,3,56,chair,0.29757818579673767,3.930619911182698,3.546117760849077,0.384502150333621,0.384502150333621,10.842904163497279,273,380,273,4.144917964935303,0.014336448924793688,True
3,101,0,57,couch,0.8731982707977295,3.103932365323887,3.1981920779111057,-0.09425971258721866,0.09425971258721866,2.947281160448132,301,410,301,3.3750522136688232,0.005025158906882821,True
3,101,1,58,potted plant,0.609644889831543,3.823857699581332,2.398412098664647,1.4254456009166847,1.4254456009166847,59.43288902313007,276,637,276,2.5567095279693604,0.560445807985648,False
3,101,2,58,potted plant,0.5892335772514343,3.0336952498953527,3.014399670938419,0.019295578956933568,0.019295578956933568,0.6401134906880687,304,188,304,3.289876699447632,0.012961880283310245,True
3,101,3,56,chair,0.2597731947898865,3.5329678035523537,3.2360745084687483,0.2968932950836054,0.2968932950836054,9.174488853907443,285,392,285,3.787818431854248,0.005128499858318536,True
3,102,0,57,couch,0.7954888343811035,3.3330005249678387,3.1523577400157174,0.18064278495212127,0.18064278495212127,5.730402443195441,292,357,292,3.6208879947662354,-0.0055000228183488264,True
3,102,1,58,potted plant,0.6103960871696472,2.6834240906752167,2.7038712726637133,-0.0204471819884966,0.0204471819884966,0.7562187665965732,321,121,321,2.9537127017974854,0.013340217918449637,True
3,102,2,58,potted plant,0.44978389143943787,3.930619911182698,2.8208263335583386,1.1097935776243593,1.1097935776243593,39.34285370288668,273,525,273,2.9106686115264893,0.4567286247917137,False
3,103,0,57,couch,0.6228194236755371,3.3060809373083413,3.362446029537904,-0.05636509222956265,0.05636509222956265,1.6763121767432152,293,301,293,3.576962471008301,0.0019662925988128688,True
3,103,1,58,potted plant,0.5676000714302063,4.75591811029245,3.108240631713164,1.6476774785792863,1.6476774785792863,53.00997167877375,254,461,254,3.2748501300811768,0.514013690071645,False
3,103,2,58,potted plant,0.3156070113182068,2.3529875412892904,2.363523509907588,-0.010535968618297531,0.010535968618297531,0.44577380229695623,341,36,341,2.6390326023101807,0.01240533798186072,True
3,104,0,57,couch,0.7943224906921387,3.103932365323887,3.155617824957769,-0.05168545963388205,0.05168545963388205,1.6378871745843855,301,302,301,3.3880019187927246,-0.0007108955699641761,True
3,104,1,62,tv,0.43377625942230225,9.736517592885464,4.039093813596096,5.697423779289369,5.697423779289369,141.05698065519368,205,234,205,4.057408809661865,0.8785230090967648,False
3,104,2,58,potted plant,0.34968388080596924,4.08165363695277,2.8998124606681195,1.1818411762846504,1.1818411762846504,40.75577963453378,269,465,269,3.0695202350616455,0.43685302505246404,False
3,105,0,57,couch,0.7626542448997498,2.7592573694091684,2.7942196295765673,-0.034962260167398895,0.034962260167398895,1.2512352213593545,317,301,317,3.0445656776428223,0.004372494885972689,True
3,105,1,58,potted plant,0.48247623443603516,3.6571519736962883,2.621267315517485,1.0358846581788033,1.0358846581788033,39.51846696620871,281,480,281,2.708738327026367,0.4636955184661664,False
3,105,2,75,vase,0.4319412410259247,4.24359786465229,2.5875002841137325,1.6560975805385572,1.6560975805385572,64.0037642007758,265,238,265,2.651963949203491,0.6134961863862174,False
3,105,3,62,tv,0.40924176573753357,8.995724867412417,3.787485540496502,5.208239326915915,5.208239326915915,137.51179433501324,209,223,209,3.766052007675171,0.8776788087489517,False
3,106,0,57,couch,0.6477457284927368,2.542172777113504,2.55490056015827,-0.01272778304476585,0.01272778304476585,0.49817136695047715,329,301,329,2.8379967212677,0.0030499136234745094,True
3,106,1,58,potted plant,0.4928007423877716,3.3060809373083413,2.3645839319457034,0.9414970053626379,0.9414970053626379,39.8166033627711,293,495,293,2.4708597660064697,0.4652026696562699,False
3,106,2,62,tv,0.29695817828178406,8.5074824155423,2.2657595268578468,6.241722888684453,6.241722888684453,275.48037709634923,212,217,212,3.5557360649108887,0.880233300492597,False
3,107,0,57,couch,0.7760957479476929,2.2398168151806668,2.2486583686470745,-0.008841553466407692,0.008841553466407692,0.39319238483199614,349,297,349,2.5453059673309326,0.0037736278787341426,True
3,107,1,58,potted plant,0.5044983625411987,3.010904127673106,2.1343577443977293,0.8765463832753766,0.8765463832753766,41.068390975043386,305,513,305,2.336585521697998,0.4368004803856902,False
3,107,2,75,vase,0.38754701614379883,3.5329678035523537,2.1232032086836545,1.4097645948686992,1.4097645948686992,66.39800604590864,285,218,285,2.2509102821350098,0.6116729350481779,False
3,108,0,57,couch,0.8631519675254822,1.9937802523066508,1.9998737950808279,-0.006093542774177063,0.006093542774177063,0.304696365798962,369,293,369,2.3123676776885986,0.0011050178957703327,True
3,108,1,58,potted plant,0.549552321434021,2.901338636252975,1.8552406453046912,1.046097990948284,1.046097990948284,56.38610783974498,310,549,310,2.0455734729766846,0.5383445729796269,False
3,108,2,65,remote,0.5177459120750427,2.4132886231462733,1.6875269094822691,0.7257617136640042,0.7257617136640042,43.00741573873135,337,572,337,1.9149422645568848,0.4436885268133255,False
3,109,0,57,couch,0.8922894597053528,2.0049885525977706,2.011941356256853,-0.006952803659082463,0.006952803659082463,0.3455768547855645,368,344,368,2.3193044662475586,0.0036093995533557077,True
3,109,1,58,potted plant,0.29658621549606323,2.1866480344612778,1.5426372910618753,0.6440107433994025,0.6440107433994025,41.747385929980815,353,636,353,1.7691878080368042,0.43864370693798627,False
3,109,2,75,vase,0.2557896375656128,3.202174322980737,1.927146193943569,1.2750281290371681,1.2750281290371681,66.16146367329014,297,266,297,2.0611038208007812,0.611922750877718,False
3,110,0,57,couch,0.8709179759025574,1.9077368367123282,1.9249505441268786,-0.017213707414550417,0.017213707414550417,0.8942415412733749,377,392,377,2.2273623943328857,0.0024194420540200046,True
3,110,1,58,potted plant,0.6052493453025818,1.8669919745293975,1.840301088942272,0.026690885587125512,0.026690885587125512,1.4503542788460946,381,53,381,2.173433303833008,0.012436799756799344,True
3,110,2,75,vase,0.31060388684272766,3.3060809373083413,1.9857603233645524,1.3203206139437889,1.3203206139437889,66.48942465053976,293,315,293,2.121222496032715,0.6116309366648333,False
3,111,0,57,couch,0.8446710109710693,1.6498221342233514,1.6633401325917334,-0.013517998368381967,0.013517998368381967,0.8127019906216594,405,401,405,1.9792354106903076,0.0019670906091733276,True
3,111,1,75,vase,0.2964632511138916,2.8389123183635725,1.7179311201495184,1.120981198214054,1.120981198214054,65.25181278027553,313,324,313,1.8544284105300903,0.6114119173391491,False
3,112,0,57,couch,0.8343809247016907,1.5561150456107948,1.5591346073906978,-0.003019561779902924,0.003019561779902924,0.193669088325628,417,452,417,1.8899409770965576,0.001093919791174125,True
3,112,1,58,potted plant,0.6166502833366394,1.887183110863123,1.85549781837926,0.03168529248386287,0.03168529248386287,1.7076437476784174,379,110,379,2.18225359916687,0.019574268474249035,True
3,112,2,75,vase,0.29348576068878174,2.8389123183635725,1.7023515125618647,1.1365608058017078,1.1365608058017078,66.76416694289537,313,367,313,1.8546948432922363,0.6112842505195895,False
3,113,0,57,couch,0.8229982256889343,1.3985091679134343,1.4219501483962105,-0.023440980482776208,0.023440980482776208,1.6485093031717621,440,516,440,1.736106276512146,0.0025689502756136573,True
3,113,1,75,vase,0.4947636127471924,2.6834240906752167,1.609719949619253,1.0737041410559638,1.0737041410559638,66.70130051565349,321,425,321,1.7658544778823853,0.6112118549381012,False
3,113,2,58,potted plant,0.4063414931297302,2.1355772235358987,2.063858492087437,0.07171873144846153,0.07171873144846153,3.474982985675701,357,182,357,2.3570032119750977,0.057547797542140566,True
3,114,0,58,potted plant,0.3503636419773102,2.2398168151806668,2.206250822722758,0.03356599245790859,0.03356599245790859,1.5214041899589836,349,238,349,2.513315439224243,0.02257886089420058,True
3,115,0,58,potted plant,0.42183738946914673,2.074504360572411,1.9406919805266634,0.1338123800457478,0.1338123800457478,6.895085948128353,362,237,362,2.2382678985595703,0.0964308464879402,True
3,116,0,56,chair,0.25981491804122925,1.1822867244426092,1.1911415928579405,-0.00885486841533134,0.00885486841533134,0.7433934360469773,479,505,479,1.533988356590271,-0.0036842580101004163,True
3,118,0,75,vase,0.3246597349643707,2.1866480344612778,1.510271443645177,0.6763765908161008,0.6763765908161008,44.78510096063292,353,637,353,1.7273833751678467,0.4637226712524598,False
3,118,1,75,vase,0.32147642970085144,1.1822867244426092,1.2033060884150948,-0.021019363972485605,0.021019363972485605,1.7468010986440488,479,190,479,1.552498459815979,-0.02182869223286521,True
3,119,0,58,potted plant,0.27907514572143555,1.1822867244426092,0.9685067884264394,0.21377993601616974,0.21377993601616974,22.073147919128587,479,98,479,1.5616310834884644,-0.030780899980498377,True
3,124,0,61,toilet,0.28429940342903137,1.1822867244426092,0.8230719611457447,0.3592147632968645,0.3592147632968645,43.6431782704425,479,606,479,1.5459036827087402,-0.015364195629199662,True
3,131,0,59,bed,0.38820189237594604,1.1822867244426092,0.7230783857460732,0.459208338696536,0.459208338696536,63.507407737367814,479,514,479,1.6632680892944336,-0.13041005622874113,True
3,132,0,59,bed,0.8412812352180481,1.1822867244426092,0.7482741563707436,0.4340125680718656,0.4340125680718656,58.00181181946736,479,446,479,1.6599273681640625,-0.12713533138969035,True
3,133,0,59,bed,0.8107383847236633,1.1822867244426092,0.7151101087369013,0.4671766157057079,0.4671766157057079,65.32932621115954,479,479,479,1.6733208894729614,-0.1402642623004049,True
3,134,0,59,bed,0.8213592171669006,1.1822867244426092,0.7168883017738441,0.4653984226687651,0.4653984226687651,64.91923797852455,479,430,479,1.670405387878418,-0.1374063567412891,True
3,135,0,57,couch,0.5832479000091553,1.1822867244426092,0.7455269651952423,0.4367597592473669,0.4367597592473669,58.58403245454523,479,387,479,1.4833589792251587,0.0459449307707025,True
3,136,0,59,bed,0.7608675956726074,1.1822867244426092,0.6035577035957947,0.5787290208468144,0.5787290208468144,95.886278544527,479,387,479,1.4551448822021484,0.07360165539002894,True
3,137,0,59,bed,0.7668324112892151,1.1822867244426092,0.636896518964045,0.5453902054785642,0.5453902054785642,85.63246763629326,479,387,479,1.4652481079101562,0.06369801995043334,True
3,137,1,59,bed,0.2669137418270111,2.7592573694091684,3.0032391294934246,-0.2439817600842562,0.2439817600842562,8.123953823331084,317,489,317,3.271146774291992,-0.10693432394073366,True
3,138,0,59,bed,0.8724496960639954,1.1822867244426092,0.5932305474132218,0.5890561770293874,0.5890561770293874,99.29633253007002,479,385,479,1.6354618072509766,-0.10315309016188379,True
3,139,0,59,bed,0.8969506621360779,1.1822867244426092,0.6088047492119257,0.5734819752306834,0.5734819752306834,94.19801274103622,479,387,479,1.626866340637207,-0.09472742787973587,True
3,140,0,59,bed,0.7574859857559204,1.1822867244426092,0.7036775186828526,0.47860920575975663,0.47860920575975663,68.01541800789941,479,388,479,1.5501459836959839,-0.019522689521837888,True
3,141,0,59,bed,0.7763569355010986,1.1822867244426092,0.6948337745497182,0.487452949892891,0.487452949892891,70.15389403153024,479,387,479,1.603327989578247,-0.07165407937952484,True
3,142,0,59,bed,0.7569538950920105,1.1822867244426092,0.6481715781229168,0.5341151463196924,0.5341151463196924,82.40335805319819,479,388,479,1.5938842296600342,-0.06239688191486614,True
3,143,0,59,bed,0.8741230368614197,1.1822867244426092,0.6208967816961087,0.5613899427465004,0.5613899427465004,90.41598528066888,479,388,479,1.5848653316497803,-0.05355615316724904,True
3,144,0,59,bed,0.7968771457672119,1.1822867244426092,0.6682328897267226,0.5140538347158866,0.5140538347158866,76.92734712984746,479,388,479,1.586243987083435,-0.05490757312027572,True
3,145,0,59,bed,0.7783114910125732,1.1822867244426092,0.5772863135930526,0.6050004108495566,0.6050004108495566,104.80075425381389,479,388,479,1.5906504392623901,-0.05922697538086208,True
3,146,0,59,bed,0.6461995244026184,1.1822867244426092,0.6461085500345942,0.536178174408015,0.536178174408015,82.98577296017932,479,387,479,1.597693920135498,-0.06613131156111152,True
3,147,0,59,bed,0.454751193523407,1.1822867244426092,0.6306551588093715,0.5516315656332377,0.5516315656332377,87.46960330502579,479,387,479,1.5851647853851318,-0.05384969116309879,True
4,0,0,59,bed,0.7248916029930115,1.1822867244426092,0.5645423354317671,0.617744389010842,0.617744389010842,109.42392629215053,479,310,479,0.8781718015670776,0.6391765731651582,False
4,0,1,59,bed,0.3436552882194519,2.8389123183635725,2.948329591348247,-0.10941727298467452,0.10941727298467452,3.7111615100887985,313,484,313,3.168712854385376,-0.018354908602930653,True
4,1,0,59,bed,0.7218647599220276,1.1822867244426092,0.5510888656592106,0.6311978587833986,0.6311978587833986,114.53649277206172,479,354,479,0.8737220168113708,0.6435384519629624,False
4,1,1,59,bed,0.27833226323127747,2.476288589174513,2.5353702966146203,-0.05908170744010732,0.05908170744010732,2.330298951557364,333,616,333,2.8440101146698,-0.03446073919943893,True
4,2,0,59,bed,0.7737783193588257,1.1822867244426092,0.5439748959706505,0.6383118284719587,0.6383118284719587,117.34214817633753,479,398,479,0.9033941626548767,0.6144524824283338,False
4,3,0,59,bed,0.7129888534545898,1.1822867244426092,0.5380998809945954,0.6441868434480138,0.6441868434480138,119.7151060983944,479,450,479,0.8952856063842773,0.6224008533314814,False
4,16,0,75,vase,0.46767932176589966,1.2536604778467009,1.2875480869832376,-0.03388760913653677,0.03388760913653677,2.6319490106141523,465,106,465,1.633662223815918,-0.032351709346662316,True
4,18,0,75,vase,0.49217429757118225,1.1822867244426092,1.2077436213087882,-0.025456896866179024,0.025456896866179024,2.1078063603095085,479,130,479,1.6376807689666748,-0.10532821605947484,True
4,19,0,75,vase,0.7965273857116699,1.2326200688054518,1.3285609441456705,-0.09594087534021867,0.09594087534021867,7.221413196209327,469,200,469,1.693351149559021,-0.10878470976709975,True
4,20,0,75,vase,0.4464530050754547,1.3201623268661429,1.4145533019052863,-0.0943909750391434,0.0943909750391434,6.672846821113532,453,248,453,1.7834430932998657,-0.10824374894317756,True
4,21,0,75,vase,0.5870940089225769,1.3435329484955398,1.4416299777485198,-0.09809702925297992,0.09809702925297992,6.804591383857315,449,302,449,1.8055731058120728,-0.10639916360526303,True
4,21,1,58,potted plant,0.25987258553504944,2.542172777113504,2.1106325138202244,0.43154026329327966,0.43154026329327966,20.44601608605924,329,301,329,2.367379903793335,0.2512848323917418,False
4,22,0,58,potted plant,0.4401804208755493,1.6830832967517113,1.4411757307427362,0.24190756600897512,0.24190756600897512,16.78543156456733,401,358,401,1.6979612112045288,0.23535768089410247,False
4,23,0,75,vase,0.4970691204071045,1.1822867244426092,1.1822720475543154,1.4676888293818635e-05,1.4676888293818635e-05,0.0012414137950888461,479,342,479,1.595946192741394,-0.0644181107023718,True
4,24,0,75,vase,0.29716750979423523,1.1822867244426092,0.9535287762387252,0.22875794820388395,0.22875794820388395,23.990670644072118,479,330,479,1.6156489849090576,-0.08373167217373423,True
4,27,0,62,tv,0.2509863078594208,4.08165363695277,3.3195998538358467,0.7620537831169232,0.7620537831169232,22.95619401947975,269,114,269,3.5261423587799072,0.2786991793862732,False
4,32,0,62,tv,0.5709549784660339,6.870273553372899,3.171347735677903,3.6989258176949957,3.6989258176949957,116.63576895342631,225,2,225,3.221463918685913,0.8120844971171021,False
4,34,0,62,tv,0.41443610191345215,8.995724867412417,3.9764710447737612,5.019253822638655,5.019253822638655,126.22382424324235,209,122,209,4.196234226226807,0.8065933563551769,False
4,34,1,56,chair,0.2646186649799347,3.202174322980737,3.439803303716303,-0.23762898073556604,0.23762898073556604,6.908214213261435,297,193,297,3.661585569381714,-0.07768415499757664,True
4,34,2,58,potted plant,0.2542327642440796,3.416156690958381,2.083200021199989,1.332956669758392,1.332956669758392,63.98601460221601,289,2,289,0.6273467540740967,1.2448414897931872,False
4,35,0,65,remote,0.4502604603767395,2.9443096527118753,1.9564722177420497,0.9878374349698256,0.9878374349698256,50.490746866310296,308,2,308,2.1032462120056152,0.5239291088087765,False
4,35,1,65,remote,0.3222009837627411,2.922685298749407,1.9204736781408385,1.0022116206085685,1.0022116206085685,52.18564732315332,309,0,309,2.09533953666687,0.5212736045841165,False
4,35,2,62,tv,0.3192919194698334,8.995724867412417,3.725808115045453,5.269916752366964,5.269916752366964,141.44358994458503,209,173,209,3.8044817447662354,0.8713284875857717,False
4,35,3,60,dining table,0.25010955333709717,3.227601181842405,3.280630586959842,-0.05302940511743692,0.05302940511743692,1.6164393921163565,296,163,296,3.563742160797119,-0.02476869653520497,True
4,38,0,62,tv,0.3133588433265686,6.131451933135833,3.1027591931291756,3.0286927400066572,3.0286927400066572,97.61288425841964,233,59,233,3.066434860229492,0.7711408838028881,False
4,41,0,62,tv,0.4736127257347107,5.267474899589832,2.170475726939456,3.096999172650376,3.096999172650376,142.687574627586,245,2,245,2.257725715637207,0.8815826552783267,False
4,58,0,4,airplane,0.28103336691856384,1.1921038660878276,0.6089027901523753,0.5832010759354523,0.5832010759354523,95.77901191576225,477,211,477,0.7851529717445374,0.735097803468762,False
4,73,0,56,chair,0.2621784508228302,3.416156690958381,3.680797502485289,-0.2646408115269079,0.2646408115269079,7.18976828657978,289,81,289,3.9101741313934326,-0.09037119350062883,True
4,74,0,56,chair,0.29243582487106323,3.789430025844956,2.9190928479104246,0.8703371779345312,0.8703371779345312,29.815330422173624,277,185,277,3.115461826324463,0.3457082499386386,False
4,75,0,56,chair,0.4053565561771393,4.08165363695277,4.407035712711829,-0.32538207575905886,0.32538207575905886,7.383241184556637,269,217,269,4.585237503051758,-0.08812485583355945,True
4,76,0,56,chair,0.5935025215148926,3.930619911182698,4.241126239994321,-0.310506328811623,0.310506328811623,7.321317764218185,273,211,273,4.436466217041016,-0.09016323362559531,True
4,77,0,56,chair,0.6857458353042603,3.6571519736962883,3.945160709864183,-0.2880087361678947,0.2880087361678947,7.300304280324482,281,205,281,4.154463291168213,-0.08940746843263092,True
4,78,0,56,chair,0.6342081427574158,3.416156690958381,3.682016266311356,-0.2658595753529749,0.2658595753529749,7.220488887717844,289,201,289,3.9053502082824707,-0.08840917644012469,True
4,79,0,56,chair,0.6245042085647583,3.6571519736962883,3.9430768810299273,-0.28592490733363896,0.28592490733363896,7.251314543452566,281,255,281,4.157654762268066,-0.0906284559936903,True
4,80,0,56,chair,0.4734479784965515,3.789430025844956,4.051346714810889,-0.26191668896593345,0.26191668896593345,6.464929007641334,277,308,277,4.288697719573975,-0.08898059811940295,True
4,81,0,56,chair,0.3984622061252594,3.789430025844956,4.026097911975049,-0.23666788613009349,0.23666788613009349,5.878344027008357,277,360,277,4.287710666656494,-0.08861489084933005,True
4,82,0,56,chair,0.7489891648292542,3.416156690958381,3.68288725436422,-0.2667305634058388,0.2667305634058388,7.242430869686905,289,365,289,3.905895709991455,-0.08863104640673547,True
4,83,0,56,chair,0.42244666814804077,3.202174322980737,3.474723669330338,-0.2725493463496007,0.2725493463496007,7.843770391161133,297,369,297,3.688472032546997,-0.08926884859985007,True
4,84,0,56,chair,0.8104318976402283,3.010904127673106,3.240209802066935,-0.22930567439382932,0.22930567439382932,7.07687737527227,305,369,305,3.4969642162323,-0.0911981993728872,True
4,85,0,56,chair,0.6516065001487732,2.8389123183635725,3.0110505974953505,-0.17213827913177804,0.17213827913177804,5.716884308585381,313,374,313,3.312415361404419,-0.08721296451952876,True
4,85,1,72,refrigerator,0.3734358847141266,1.1822867244426092,0.9967171023700474,0.18556962207256178,0.18556962207256178,18.618083469351973,479,2,479,1.0716333389282227,0.4495368884761515,False
4,86,0,56,chair,0.6979228258132935,2.542172777113504,2.7323411545289185,-0.19016837741541437,0.19016837741541437,6.95990605346649,329,378,329,3.0170271396636963,-0.09138275371315285,True
4,87,0,56,chair,0.7754126787185669,2.2398168151806668,2.387029171012527,-0.1472123558318601,0.1472123558318601,6.1671787517123535,349,454,349,2.709482192993164,-0.09273531904710519,True
4,87,1,56,chair,0.6182925701141357,2.3383137561245686,2.49506669885408,-0.15675294272951135,0.15675294272951135,6.28251512480624,342,454,342,2.748138189315796,-0.05739162831124456,True
4,87,2,60,dining table,0.37206482887268066,3.930619911182698,2.260494667294899,1.670125243887799,1.670125243887799,73.8831755744159,273,434,273,2.405911684036255,0.6376487239755482,False
4,88,0,56,chair,0.7837226986885071,2.039251667457873,2.1635349155128667,-0.12428324805499358,0.12428324805499358,5.744453078333251,365,516,365,2.5034518241882324,-0.09253037460198921,True
4,88,1,60,dining table,0.3451634645462036,3.416156690958381,2.238536122341676,1.177620568616705,1.177620568616705,52.606726193224254,289,520,289,2.8943991661071777,0.32277133918107404,False
4,89,0,56,chair,0.6599054932594299,1.7529492399297044,1.857284619568532,-0.10433537963882755,0.10433537963882755,5.617630089623303,393,592,393,2.2131707668304443,-0.09492667156810253,True
4,89,1,60,dining table,0.26398056745529175,2.922685298749407,1.8933546186488002,1.0293306801006068,1.0293306801006068,54.36544585795515,309,618,309,2.10538387298584,0.5165819272173792,False
4,91,0,59,bed,0.3075801730155945,1.1822867244426092,1.2620537603446267,-0.0797670359020175,0.0797670359020175,6.32041505745648,479,570,479,1.620971918106079,-0.08894945027512202,True
4,99,0,56,chair,0.5764625668525696,1.1822867244426092,1.2337760943337608,-0.051489369891151604,0.051489369891151604,4.173315573840476,479,603,479,1.623953104019165,-0.09187174255227659,True
4,100,0,56,chair,0.8941681385040283,1.367546627726179,1.453602662362096,-0.08605603463591693,0.08605603463591693,5.920189668342818,445,629,445,1.8012888431549072,-0.08083860806725562,True
4,101,0,56,chair,0.8766474723815918,1.5267529496504633,1.6318917258796808,-0.10513877622921752,0.10513877622921752,6.4427544157405325,421,471,421,1.9776721000671387,-0.09236390723683607,True
4,101,1,56,chair,0.4636128842830658,4.509705696011821,2.9222005409130984,1.5875051550987225,1.5875051550987225,54.32567453439303,259,552,259,2.683436870574951,0.6515753735849303,False
4,101,2,56,chair,0.41146230697631836,4.417679139474614,2.799236731705456,1.618442407769158,1.618442407769158,57.817275310727645,261,480,261,2.8681252002716064,0.5758673235455084,False
4,101,3,60,dining table,0.3015824556350708,1.2752496292077253,1.3381920606023219,-0.06294243139459654,0.06294243139459654,4.703542432187654,461,637,461,1.6984081268310547,-0.07257573331847267,True
4,101,4,60,dining table,0.29099956154823303,2.476288589174513,2.026761281958496,0.44952730721601686,0.44952730721601686,22.17958825331568,333,564,333,2.0907700061798096,0.37194336172353215,False
4,101,5,56,chair,0.2847917675971985,4.605315013119116,2.399800765962298,2.2055142471568177,2.2055142471568177,91.90405630495859,257,634,257,2.1058332920074463,0.8469098039539149,False
4,102,0,56,chair,0.7301692366600037,1.2752496292077253,1.3659858208786384,-0.09073619167091307,0.09073619167091307,6.642542717796964,461,605,461,1.7216049432754517,-0.0940539340256048,True
4,102,1,60,dining table,0.5940313935279846,1.8276597569332034,1.4468140711364965,0.38084568579670686,0.38084568579670686,26.3230565277504,385,607,385,1.800573468208313,0.24589304374130694,False
4,102,2,56,chair,0.4864639639854431,3.930619911182698,2.2580874704865206,1.6725324406961772,1.6725324406961772,74.06854085842028,273,554,273,2.3578312397003174,0.65488220465567,False
4,102,3,56,chair,0.3817328214645386,3.9674162932389003,2.542648188771959,1.4247681044669411,1.4247681044669411,56.0348109014276,272,486,272,3.994044542312622,0.08047012798484654,True
4,103,0,56,chair,0.8980685472488403,1.4437228492128802,1.539527075600128,-0.09580422638724784,0.09580422638724784,6.222964695174463,433,432,433,1.8936954736709595,-0.09334222756385713,True
4,103,1,56,chair,0.8730756044387817,1.2536604778467009,1.3354135653789436,-0.08175308753224275,0.08175308753224275,6.121930288243259,465,597,465,1.691507339477539,-0.08660959728043416,True
4,103,2,60,dining table,0.5695719122886658,2.4132886231462733,1.8021060622017364,0.6111825609445369,0.6111825609445369,33.91490510818326,337,518,337,2.0857794284820557,0.349452131470833,False
4,103,3,56,chair,0.5493155121803284,4.285928494048581,2.753106642611593,1.5328218514369878,1.5328218514369878,55.67607980426632,264,422,264,4.278090000152588,0.0828250099226353,True
4,103,4,56,chair,0.5473951101303101,4.417679139474614,2.54214367800686,1.875535461467754,1.875535461467754,73.77771278994928,261,482,261,2.621671199798584,0.6552767562503578,False
4,104,0,56,chair,0.8861011862754822,1.47059365802198,1.5685844217589355,-0.09799076373695548,0.09799076373695548,6.247082552756282,429,521,429,1.9137409925460815,-0.08710173989199999,True
4,104,1,56,chair,0.876089870929718,1.5267529496504633,1.6345315617319889,-0.10777861208152562,0.10777861208152562,6.593853224058935,421,383,421,1.9790019989013672,-0.09343470299910117,True
4,104,2,56,chair,0.632544219493866,4.808152731105021,2.772200031269808,2.035952699835213,2.035952699835213,73.44176743633625,253,418,253,2.8372766971588135,0.654321926751347,False
4,104,3,56,chair,0.5422471761703491,4.463257278248606,2.8394092644285243,1.6238480138200817,1.6238480138200817,57.18964272474848,260,368,260,3.063858985900879,0.5220486602785137,False
4,104,4,56,chair,0.5363909006118774,2.074504360572411,2.1904316332680884,-0.11592727269567726,0.11592727269567726,5.292439669651578,362,600,362,2.5246613025665283,-0.08316023279804319,True
4,104,5,56,chair,0.41315409541130066,4.605315013119116,2.6624567126032908,1.9428583005158249,1.9428583005158249,72.97239017329005,257,598,257,2.7282519340515137,0.6538767113068733,False
4,104,6,60,dining table,0.37358230352401733,2.542172777113504,2.086969385076408,0.45520339203709614,0.45520339203709614,21.811694761417417,329,447,329,2.182736396789551,0.34867821966623924,False
4,104,7,45,bowl,0.31018075346946716,4.808152731105021,2.237021444358362,2.5711312867466587,2.5711312867466587,114.93547785296838,253,482,253,2.3580965995788574,0.7971462420767819,False
4,105,0,56,chair,0.9076129198074341,1.3030409830413408,1.389288921498234,-0.08624793845689327,0.08624793845689327,6.208063500850633,456,394,456,1.7467162609100342,-0.09094231935193209,True
4,105,1,56,chair,0.9042798280715942,1.2326200688054518,1.3144313203383429,-0.08181125153289104,0.08181125153289104,6.224079589934932,469,552,469,1.6708544492721558,-0.08741150111445428,True
4,105,2,56,chair,0.8135355710983276,4.417679139474614,2.6266501866638734,1.7910289528107404,1.7910289528107404,68.18680926391416,261,430,261,2.626596450805664,0.653689801331182,False
4,105,3,56,chair,0.7465073466300964,3.930619911182698,2.2662741353733127,1.6643457758093851,1.6643457758093851,73.43973748944654,273,373,273,2.3617146015167236,0.6534902907130833,False
4,105,4,60,dining table,0.5883700251579285,2.2398168151806668,1.6938085247783936,0.5460082904022732,0.5460082904022732,32.235537985245955,349,477,349,1.9883129596710205,0.3311950215518149,False
4,105,5,56,chair,0.31175661087036133,4.24359786465229,2.4531713201526504,1.7904265444996392,1.7904265444996392,72.98416257321273,265,615,265,2.532550096511841,0.6534140879252852,False
4,105,6,45,bowl,0.29068896174430847,4.24359786465229,1.9909173068441555,2.252680557808134,2.252680557808134,113.14787158985047,265,497,265,2.1422131061553955,0.7838967178454415,False
4,106,0,56,chair,0.9167209267616272,1.1822867244426092,1.1634866488384756,0.018800075604133548,0.018800075604133548,1.6158393929919108,479,402,479,1.6203926801681519,-0.08838165524254471,True
4,106,1,56,chair,0.787765383720398,1.1822867244426092,1.1289953185291148,0.05329140591349435,0.05329140591349435,4.720250388896547,479,577,479,1.6226338148117065,-0.09057851603950984,True
4,106,2,56,chair,0.689643383026123,3.930619911182698,2.2626352687086495,1.6679846424740483,1.6679846424740483,73.71867068199704,273,438,273,2.362246513366699,0.6532996374710701,False
4,106,3,60,dining table,0.6740215420722961,1.8276597569332034,1.3986350101764713,0.4290247467567321,0.4290247467567321,30.674532214276574,385,504,385,1.7270100116729736,0.2971302990915172,False
4,106,4,56,chair,0.6685227751731873,3.594095304492915,2.3439617238854145,1.2501335806075007,1.2501335806075007,53.33421479832211,283,377,283,2.603566884994507,0.4882140009915883,False
4,106,5,45,bowl,0.3228911757469177,3.789430025844956,1.7509565809790566,2.0384734448658994,2.0384734448658994,116.4205593108469,277,519,277,1.8803668022155762,0.8033161669493507,False
4,106,6,74,clock,0.2976381778717041,12.876671115063534,3.709949561536162,9.166721553527372,9.166721553527372,247.08480267671752,193,637,193,3.6990439891815186,1.06740165355688,False
4,107,0,56,chair,0.7777015566825867,1.1822867244426092,0.9260231259123151,0.2562635985302941,0.2562635985302941,27.67356358166801,479,399,479,1.3886609077453613,0.13877223205778821,True
4,107,1,56,chair,0.6457447409629822,3.127987299800063,2.082606998267613,1.0453803015324499,1.0453803015324499,50.19575476323831,300,385,300,2.333627939224243,0.47336673974921184,False
4,107,2,56,chair,0.6032297611236572,3.5329678035523537,2.041452583478927,1.4915152200734267,1.4915152200734267,73.06146770902077,285,450,285,2.1502299308776855,0.6514066737229621,False
4,107,3,60,dining table,0.5396871566772461,1.3435329484955398,1.0120184782035349,0.331514470292005,0.331514470292005,32.75774873997227,449,552,449,1.8003222942352295,-0.10172757246440134,True
4,108,0,60,dining table,0.7296719551086426,1.1822867244426092,0.6642890461539999,0.5179976782886093,0.5179976782886093,77.97775400447047,479,561,479,1.1498526334762573,0.37286282417883654,False
4,108,1,56,chair,0.6108285188674927,3.127987299800063,2.0480030291976465,1.0799842706024165,1.0799842706024165,52.73352896482413,300,465,300,1.9378122091293335,0.6474980083270842,False
4,108,2,56,chair,0.5555011630058289,1.1822867244426092,0.6507625252361211,0.5315241992064881,0.5315241992064881,81.67713698843232,479,364,479,1.3729896545410156,0.1541338980348652,False
4,108,3,56,chair,0.5410488843917847,2.665030868667062,1.8617802390536848,0.8032506296133772,0.8032506296133772,43.144223618017215,322,391,322,3.252565622329712,-0.14689606968364965,True
4,109,0,56,chair,0.6697110533714294,2.5088579164064098,1.7207647180610275,0.7880931983453823,0.7880931983453823,45.799009595769284,331,447,331,2.009965658187866,0.4276748755745923,False
4,109,1,60,dining table,0.643385112285614,1.1822867244426092,0.6720027578217546,0.5102839666208546,0.5102839666208546,75.93480245154068,479,579,479,1.15109121799469,0.3716487080256201,False
4,109,2,56,chair,0.5269986987113953,2.7592573694091684,1.585582969552663,1.1736743998565053,1.1736743998565053,74.02163257263234,317,534,317,1.7281663417816162,0.6510470169321468,False
4,109,3,56,chair,0.3843024671077728,1.1822867244426092,0.5838650612735912,0.598421663169018,0.598421663169018,102.49314488242787,479,408,479,1.6322635412216187,-0.10001800620859758,True
4,111,0,60,dining table,0.2837042510509491,1.1822867244426092,1.2820224752635974,-0.09973575082098818,0.09973575082098818,7.779563365336591,479,118,479,1.6274186372756958,-0.0952688138410307,True
4,121,0,59,bed,0.2760729491710663,1.1822867244426092,1.2914910839514553,-0.1092043595088461,0.1092043595088461,8.455680481720684,479,450,479,1.6671189069747925,-0.13418480060769689,True
4,122,0,61,toilet,0.41008588671684265,1.1822867244426092,1.2686489881961602,-0.08636226375355105,0.08636226375355105,6.807419905512714,479,574,479,1.6520978212356567,-0.11946045797033511,True
4,124,0,57,couch,0.4488876760005951,1.1822867244426092,1.0015403469495976,0.1807463774930116,0.1807463774930116,18.046839355350265,479,572,479,1.4409351348876953,0.08753068767716998,True
4,125,0,57,couch,0.6029233336448669,1.1822867244426092,1.266306749548106,-0.08402002510549678,0.08402002510549678,6.635045192286952,479,565,479,1.442173719406128,0.08631657152395356,True
4,126,0,57,couch,0.34204593300819397,1.1822867244426092,0.9161476953374356,0.2661390291051736,0.2661390291051736,29.049795186915716,479,530,479,1.3568886518478394,0.16991682375519002,False
4,126,1,56,chair,0.2589772045612335,1.1822867244426092,0.9161476953374356,0.2661390291051736,0.2661390291051736,29.049795186915716,479,530,479,1.3568886518478394,0.16991682375519002,False
4,134,0,57,couch,0.27154475450515747,1.1822867244426092,0.9174286959668925,0.2648580284757167,0.2648580284757167,28.869603669479588,479,626,479,1.6520978212356567,-0.11946045797033511,True
4,136,0,60,dining table,0.3657643496990204,1.47059365802198,1.394740188862389,0.07585346915959112,0.07585346915959112,5.438537568883028,429,636,429,1.9324331283569336,-0.10260348301358713,True
4,137,0,56,chair,0.5628430247306824,2.6834240906752167,1.5611571510095166,1.1222669396657001,1.1222669396657001,71.88686538955994,321,539,321,1.7121351957321167,0.6382497913787357,False
4,138,0,59,bed,0.38484394550323486,1.1822867244426092,0.738164389814191,0.4441223346284182,0.4441223346284182,60.16577618167298,479,435,479,1.6555050611495972,-0.12280038750750855,True
4,138,1,56,chair,0.3086208403110504,3.010904127673106,1.7694586734322553,1.2414454542408506,1.2414454542408506,70.15961846866948,305,454,305,1.9264200925827026,0.6234350731057864,False
4,139,0,71,sink,0.3392040431499481,2.476288589174513,1.1759877391740008,1.3003008500005122,1.3003008500005122,110.57095296876372,333,626,333,1.3197238445281982,0.7879545626197669,False
4,140,0,56,chair,0.4203314185142517,2.7592573694091684,1.6171705255311497,1.1420868438780187,1.1420868438780187,70.62253645161553,317,409,317,1.7784899473190308,0.626325799994387,False
4,140,1,59,bed,0.39734840393066406,1.1822867244426092,0.7545686692515133,0.42771805519109585,0.42771805519109585,56.683781426462666,479,520,479,0.7248566150665283,0.7894630023054645,False
4,140,2,75,vase,0.2565843164920807,6.48109328551411,3.160069261398975,3.3210240241151348,3.3210240241151348,105.09339351141007,229,398,229,3.1876776218414307,0.7808110141610264,False
4,143,0,56,chair,0.6213998198509216,1.1822867244426092,1.2233320745305316,-0.04104535008792243,0.04104535008792243,3.35520918174847,479,446,479,1.6477009057998657,-0.1151504040535658,True
4,143,1,75,vase,0.33683404326438904,5.028117720157712,2.4353912133861577,2.5927265067715544,2.5927265067715544,106.46037041279453,249,425,249,2.493295192718506,0.7869532066466326,False
4,144,0,56,chair,0.6932140588760376,1.1822867244426092,0.6893995127075393,0.4928872117350699,0.4928872117350699,71.4951494234904,479,483,479,1.6603052616119385,-0.12750575951343412,True
4,145,0,56,chair,0.5319870710372925,1.1822867244426092,0.7645524988459615,0.41773422559664763,0.41773422559664763,54.637742499983744,479,506,479,1.6592050790786743,-0.12642731119985995,True
4,146,0,41,cup,0.28885090351104736,3.416156690958381,1.682901623112249,1.7332550678461323,1.7332550678461323,102.99206109509615,289,382,289,1.7906572818756104,0.7716923434015306,False
4,148,0,41,cup,0.3660004138946533,2.922685298749407,1.435620688642462,1.487064610106945,1.487064610106945,103.58339231744624,309,509,309,1.5575717687606812,0.7724632088670182,False
5,0,0,71,sink,0.33405032753944397,1.1822867244426092,0.7171410451729654,0.4651456792696438,0.4651456792696438,64.86111517399712,479,2,479,0.9072288870811462,0.6106935133795691,False
5,1,0,60,dining table,0.676374614238739,1.1822867244426092,0.6840336662356294,0.49825305820697974,0.49825305820697974,72.84042917784491,479,2,479,0.8720145225524902,0.6452122144962247,False
5,1,1,56,chair,0.6701870560646057,2.611143892272438,1.5124645556721896,1.0986793366002483,1.0986793366002483,72.64165844282934,325,40,325,1.6550151109695435,0.6470166434747056,False
5,1,2,56,chair,0.6346795558929443,2.476288589174513,1.4471719100015918,1.0291166791729212,1.0291166791729212,71.11226192690468,333,113,333,1.5892038345336914,0.6425589950968659,False
5,1,3,56,chair,0.5061535239219666,1.1822867244426092,0.6030929938450917,0.5791937305975174,0.5791937305975174,96.03721756155686,479,98,479,1.14790940284729,0.3747676660858221,False
5,2,0,59,bed,0.5641219019889832,1.1822867244426092,0.6796654908141077,0.5026212336285015,0.5026212336285015,73.95126579495137,479,2,479,0.8678959608078003,0.6492494136278392,False
5,2,1,56,chair,0.521693229675293,2.6834240906752167,1.569893186760242,1.1135309039149748,1.1135309039149748,70.9303609510496,321,193,321,1.7050013542175293,0.6418403894978509,False
5,2,2,56,chair,0.5115171670913696,3.010904127673106,1.744372013395524,1.2665321142775818,1.2665321142775818,72.60676647822396,305,117,305,1.8722670078277588,0.6480759574913273,False
5,2,3,60,dining table,0.38624072074890137,1.1822867244426092,0.6796654908141077,0.5026212336285015,0.5026212336285015,73.95126579495137,479,2,479,0.8678959608078003,0.6492494136278392,False
5,2,4,56,chair,0.26385051012039185,1.1822867244426092,0.8887863351452936,0.2935003892973156,0.2935003892973156,33.02260371153612,479,70,479,0.9010120034217834,0.616787581859491,False
5,3,0,60,dining table,0.8112263083457947,1.1822867244426092,0.8713503727105412,0.310936351732068,0.310936351732068,35.68442287627961,479,16,479,1.1316189765930176,0.39073627328520955,False
5,3,1,56,chair,0.7500876784324646,1.1822867244426092,0.8129130645021287,0.36937365994048044,0.36937365994048044,45.43827330007355,479,114,479,1.6400020122528076,-0.10760360294450177,True
5,3,2,56,chair,0.6899145245552063,3.3330005249678387,2.197483975811843,1.1355165491559958,1.1355165491559958,51.67348484243159,292,193,292,2.0582211017608643,0.6442287305917516,False
5,3,3,56,chair,0.6471521854400635,2.859457260905135,1.9811988093185728,0.8782584515865623,0.8782584515865623,44.32964765856268,312,263,312,2.220552444458008,0.44267872191076507,False
5,4,0,56,chair,0.7745905518531799,3.930619911182698,2.227953204058365,1.7026667071243327,1.7026667071243327,76.422911577443,273,50,273,2.3199779987335205,0.6684499473396474,False
5,4,1,56,chair,0.7129778861999512,1.1822867244426092,0.8213507408526404,0.3609359835899688,0.3609359835899688,43.94419650918959,479,174,479,1.5430034399032593,-0.012521247420190784,True
5,4,2,60,dining table,0.7114884257316589,1.2974092736530591,0.9484938276444289,0.3489154460086302,0.3489154460086302,36.78626426859907,457,47,457,1.1907552480697632,0.41184320568982136,False
5,4,3,56,chair,0.6331629157066345,3.416156690958381,1.9776966222148822,1.438460068743499,1.438460068743499,72.73411162185856,289,249,289,2.095679998397827,0.6476315406292071,False
5,4,4,56,chair,0.4886939823627472,2.8389123183635725,1.659635650758031,1.1792766676055415,1.1792766676055415,71.0563590910398,313,314,313,1.794967770576477,0.6399037241676829,False
5,5,0,56,chair,0.7238014340400696,1.1822867244426092,0.8255563333383957,0.35673039110421345,0.35673039110421345,43.21090841392523,479,253,479,1.4357315301895142,0.09263149462654918,True
5,5,1,56,chair,0.7137349247932434,4.654529232334054,2.7894272197905003,1.865102012543554,1.865102012543554,66.86326136459056,256,133,256,2.7326509952545166,0.6607609702822299,False
5,5,2,56,chair,0.6351168155670166,3.689432512762532,2.5452567961409573,1.1441757166215747,1.1441757166215747,44.95325258953595,280,301,280,2.2586069107055664,0.6427236727985467,False
5,5,3,60,dining table,0.6250624656677246,1.4437228492128802,1.137032213232506,0.30669063598037427,0.30669063598037427,26.972906520253588,433,121,433,1.3685100078582764,0.34854517810226704,False
5,5,4,56,chair,0.3605974614620209,2.8389123183635725,2.0114605626858237,0.8274517556777488,0.8274517556777488,41.13686199111382,313,362,313,1.7943534851074219,0.6401980718729137,False
5,6,0,56,chair,0.7011520266532898,5.0860420297425675,3.0542273369846207,2.031814692757947,2.031814692757947,66.52467117146288,248,199,248,2.9653022289276123,0.6609167585267359,False
5,6,1,60,dining table,0.6603893041610718,1.5561150456107948,1.2473492072293864,0.3087658383814085,0.3087658383814085,24.75376074253012,417,249,417,1.1084058284759521,0.6209269200597769,False
5,6,2,56,chair,0.6548126339912415,1.1822867244426092,0.8061503673054827,0.37613635713712645,0.37613635713712645,46.65833725218577,479,299,479,1.4407867193222046,0.08767617127782001,True
5,6,3,56,chair,0.5834493041038513,3.5329678035523537,2.0595377044019227,1.473430099150431,1.473430099150431,71.54178804307475,285,355,285,2.1623406410217285,0.6466271533297567,False
5,6,4,56,chair,0.2709158957004547,2.6834240906752167,1.569723179228957,1.1137009114462597,1.1137009114462597,70.9488734181339,321,419,321,1.7093790769577026,0.639636998378952,False
5,7,0,56,chair,0.6756659746170044,1.1822867244426092,0.7465456879442465,0.4357410364983627,0.4357410364983627,58.36763155089106,479,337,479,1.6286826133728027,-0.0965078199596594,True
5,7,1,60,dining table,0.6243718266487122,1.5863849771239793,0.944600918300707,0.6417840588232723,0.6417840588232723,67.94234966209982,413,299,413,1.1357942819595337,0.6129188890064681,False
5,7,2,56,chair,0.5982090830802917,5.330648092378006,3.2613753108198713,2.0692727815581344,2.0692727815581344,63.44785816870441,244,257,244,3.0926625728607178,0.662218992928837,False
5,7,3,56,chair,0.39897480607032776,3.416156690958381,1.9927717728113385,1.4233849181470426,1.4233849181470426,71.42739261802052,289,408,289,2.097435235977173,0.6469176391020272,False
5,7,4,56,chair,0.3444845676422119,2.4132886231462733,1.408601316127456,1.0046873070188174,1.0046873070188174,71.32517168029602,337,485,337,1.5615293979644775,0.6386364751995062,False
5,7,5,56,chair,0.3066811263561249,1.2536604778467009,1.3438075254384558,-0.09014704759175496,0.09014704759175496,6.708330314070975,465,302,465,1.7053653001785278,-0.09960816544137119,True
5,8,0,56,chair,0.5672358274459839,1.1822867244426092,0.6212724059385403,0.5610143185040689,0.5610143185040689,90.30085887309916,479,370,479,1.5438553094863892,-0.013356288231632929,True
5,8,1,56,chair,0.566485583782196,5.267474899589832,3.0164772905218573,2.2509976090679746,2.2509976090679746,74.62338987735416,245,312,245,3.0320208072662354,0.6694942198763744,False
5,8,2,56,chair,0.39515742659568787,3.227601181842405,2.2940316767944786,0.9335695050479265,0.9335695050479265,40.69558038328538,296,470,296,2.0074405670166016,0.6411043788709018,False
5,9,0,56,chair,0.5680699944496155,5.028117720157712,2.907949734331192,2.12016798582652,2.12016798582652,72.90937531676913,249,397,249,2.9182627201080322,0.665418567038228,False
5,9,1,59,bed,0.4241163730621338,1.4437228492128802,1.3910711099722097,0.05265173924067046,0.05265173924067046,3.7849782705732644,433,559,433,1.3417613506317139,0.37105131263249014,False
5,9,2,56,chair,0.30533504486083984,1.1822867244426092,0.5426419615068417,0.6396447629357674,0.6396447629357674,117.87602292302688,479,418,479,1.4549051523208618,0.0738366493827256,True
5,9,3,45,bowl,0.25751903653144836,4.24359786465229,1.5880442065681837,2.6555536580841057,2.6555536580841057,167.221645789247,265,435,265,1.6792162656784058,0.9386682278040367,False
5,10,0,59,bed,0.26807156205177307,1.1822867244426092,0.6818411728733241,0.500445551569285,0.500445551569285,73.39620596104136,479,346,479,1.5189063549041748,0.01109979717339149,True
5,10,1,56,chair,0.2552274465560913,4.605315013119116,2.6278720315319215,1.9774429815871941,1.9774429815871941,75.24883091184775,257,401,257,2.6907100677490234,0.6655197150130482,False
5,11,0,56,chair,0.48008182644844055,4.24359786465229,2.4173520436318467,1.8262458210204429,1.8262458210204429,75.54736703871556,265,466,265,2.499312400817871,0.6645248513266084,False
5,12,0,56,chair,0.7410354614257812,3.789430025844956,2.15625864156851,1.6331713842764457,1.6331713842764457,75.74097804373045,277,541,277,1.8189626932144165,0.826066648383921,False
5,12,1,60,dining table,0.45756345987319946,1.1822867244426092,0.6753871866461134,0.5068995377964958,0.5068995377964958,75.05317658063579,479,462,479,1.2851014137268066,0.2402858975652149,False
5,13,0,59,bed,0.40931281447410583,1.1822867244426092,0.8341295517411879,0.3481571727014213,0.3481571727014213,41.73898071045046,479,466,479,1.629141092300415,-0.09695724158865571,True
5,15,0,57,couch,0.47847291827201843,1.1822867244426092,0.5182323440038188,0.6640543804387904,0.6640543804387904,128.13835109332678,479,550,479,1.4006716012954712,0.12699881100052024,True
5,22,0,56,chair,0.3172248303890228,2.542172777113504,1.6238857512892382,0.9182870258242659,0.9182870258242659,56.54874581510539,329,592,329,1.6032359600067139,0.654345672484792,False
5,23,0,57,couch,0.42601490020751953,1.1822867244426092,0.6079933465604623,0.5742933778821468,0.5742933778821468,94.45718133776252,479,538,479,1.623748779296875,-0.09167145428599999,True
5,24,0,59,bed,0.3463892638683319,1.1822867244426092,0.5734113100205777,0.6088754144220315,0.6088754144220315,106.18475844157682,479,483,479,1.6232147216796875,-0.09114794703225515,True
5,25,0,57,couch,0.3004806935787201,1.1822867244426092,0.5774750037878036,0.6048117206548056,0.6048117206548056,104.73383552321636,479,490,479,1.6249912977218628,-0.09288942663104094,True
5,26,0,56,chair,0.6945141553878784,1.1822867244426092,0.8990531049560289,0.2832336194865803,0.2832336194865803,31.503547223768592,479,526,479,1.462298035621643,0.06658981325588531,True
5,27,0,56,chair,0.3276844918727875,1.1822867244426092,0.8283053377077167,0.35398138673489243,0.35398138673489243,42.73561579531937,479,566,479,1.6476361751556396,-0.11508695216990872,True
5,30,0,72,refrigerator,0.39009416103363037,1.2807351819428308,1.3479128003934717,-0.06717761845064096,0.06717761845064096,4.983825246783844,460,162,460,1.695935845375061,-0.06516740608940363,True
5,53,0,4,airplane,0.5436718463897705,1.1822867244426092,1.0953386001861207,0.08694812425648846,0.08694812425648846,7.938013345071028,479,576,479,1.5692851543426514,-0.03828376387362309,True
5,78,0,58,potted plant,0.4951592683792114,3.360313835767405,3.31615319160196,0.044160644165445184,0.044160644165445184,1.331682875124118,291,555,291,3.5899741649627686,0.01818979329395587,True
5,79,0,58,potted plant,0.6176121830940247,3.789430025844956,3.744040558192206,0.04538946765274998,0.04538946765274998,1.2123123921143124,277,468,277,4.0099873542785645,0.014282768036692373,True
5,80,0,58,potted plant,0.7093835473060608,3.5329678035523537,3.485199592531616,0.047768211020737805,0.047768211020737805,1.3706018766643844,285,491,285,3.7493035793304443,0.020328477472295603,True
5,81,0,58,potted plant,0.4742914140224457,3.789430025844956,3.784099042314331,0.005330983530624778,0.005330983530624778,0.14087854125943758,277,418,277,4.00950813293457,0.014460321566365453,True
5,82,0,58,potted plant,0.468511164188385,4.08165363695277,3.979381035802509,0.10227260115026082,0.10227260115026082,2.5700630381990006,269,357,269,4.2883687019348145,0.014697456350168947,True
5,82,1,57,couch,0.42918404936790466,2.922685298749407,3.013420333671189,-0.09073503492178192,0.09073503492178192,3.0110314816665906,309,637,309,3.246586322784424,-0.016470086828934027,True
5,83,0,57,couch,0.8930329084396362,3.416156690958381,3.4432533431984997,-0.02709665224011859,0.02709665224011859,0.786949130352053,289,500,289,3.6738531589508057,0.005746793669133332,True
5,83,1,58,potted plant,0.4691525995731354,4.08165363695277,4.033544757255018,0.048108879697752016,0.048108879697752016,1.1927196199129808,269,306,269,4.287820339202881,0.014887385112641205,True
5,84,0,57,couch,0.8422828912734985,3.6571519736962883,3.7303668336876825,-0.07321485999139421,0.07321485999139421,1.962671856564227,281,438,281,3.9088988304138184,0.004540163439431089,True
5,84,1,58,potted plant,0.4458073079586029,3.930619911182698,3.9550278990463763,-0.024407987863678482,0.024407987863678482,0.617138196915467,273,253,273,4.143075466156006,0.014996856031148642,True
5,84,2,58,potted plant,0.4243106544017792,3.930619911182698,2.6637836426956563,1.2668362684870416,1.2668362684870416,47.557776396774,273,638,273,2.7435994148254395,0.5166112613471125,False
5,85,0,57,couch,0.8398910164833069,3.5329678035523537,3.622250822700563,-0.08928301914820924,0.08928301914820924,2.464849164742392,285,445,285,3.8095786571502686,-0.0034592245051641157,True
5,85,1,58,potted plant,0.707400918006897,3.6571519736962883,3.690843814126874,-0.03369184043058571,0.03369184043058571,0.9128492596091072,281,250,281,3.8828446865081787,0.014507913303841935,True
5,85,2,56,chair,0.5483822822570801,3.930619911182698,3.610864784504308,0.3197551266783898,0.3197551266783898,8.855361409560095,273,426,273,4.156418800354004,0.010214202807252937,True
5,86,0,57,couch,0.887927234172821,3.202174322980737,3.273418809405967,-0.07124448642522996,0.07124448642522996,2.1764549718023654,297,453,297,3.467404842376709,0.0059833847599159995,True
5,86,1,58,potted plant,0.7076006531715393,3.416156690958381,3.443242535163875,-0.02708584420549398,0.02708584420549398,0.7866377093359436,289,245,289,3.6532936096191406,0.014108905920329429,True
5,86,2,56,chair,0.2785692811012268,3.416156690958381,3.1577920523123355,0.25836463864604564,0.25836463864604564,8.18181293656923,289,446,289,3.713124990463257,-0.01022609844632738,True
5,87,0,57,couch,0.8537635803222656,3.0336952498953527,2.9032541468338784,0.13044110306147427,0.13044110306147427,4.492927469120326,304,463,304,3.3261401653289795,-0.0034293589773173316,True
5,87,1,58,potted plant,0.46894901990890503,3.202174322980737,3.2065635871105096,-0.004389264129772474,0.004389264129772474,0.13688373894770373,297,239,297,3.448659896850586,0.01406010534515989,True
5,87,2,75,vase,0.28136971592903137,5.028117720157712,3.0416238087117775,1.9864939114459346,1.9864939114459346,65.3103091104247,249,406,249,3.096829891204834,0.6143509080138954,False
5,88,0,57,couch,0.8855408430099487,3.202174322980737,3.2853840460322234,-0.08320972305148633,0.08320972305148633,2.5327243903792365,297,406,297,3.480713129043579,0.0002491822930783538,True
5,88,1,58,potted plant,0.6176553964614868,3.416156690958381,2.444454068125667,0.9717026228327144,0.9717026228327144,39.751314434710835,289,607,289,2.541411876678467,0.46634060180601944,False
5,88,2,58,potted plant,0.5782083868980408,3.010904127673106,3.022641092227472,-0.011736964554366125,0.011736964554366125,0.3883016274921617,305,181,305,3.2664976119995117,0.013669343728799355,True
5,88,3,56,chair,0.26060330867767334,3.3060809373083413,3.351007116705886,-0.04492617939754462,0.04492617939754462,1.3406769318266338,293,398,293,3.605868339538574,-0.010139499886018699,True
5,89,0,57,couch,0.8679733872413635,2.922685298749407,2.964935634957171,-0.04225033620776397,0.04225033620776397,1.4250001149982565,309,410,309,3.1989827156066895,0.005765405818702218,True
5,89,1,58,potted plant,0.6542165279388428,2.7592573694091684,2.771373946573875,-0.012116577164706488,0.012116577164706488,0.4372047005668675,317,170,317,3.026496648788452,0.013248814008842924,True
5,90,0,57,couch,0.8460456132888794,3.010904127673106,3.063179487789806,-0.05227536011670031,0.05227536011670031,1.7065718912351053,305,358,305,3.284595251083374,0.005434506612230772,True
5,90,1,58,potted plant,0.6359986066818237,2.476288589174513,2.4885080879587886,-0.01221949878427564,0.01221949878427564,0.4910371335903009,333,100,333,2.7563555240631104,0.01283252716511507,True
5,90,2,58,potted plant,0.4550725519657135,3.7222306014654616,2.6053270447932495,1.116903556672212,1.116903556672212,42.869994341184366,279,545,279,2.780428647994995,0.45305390694136083,False
5,90,3,75,vase,0.3788847327232361,4.808152731105021,2.9065116096296086,1.901641121475412,1.901641121475412,65.42692329784802,253,304,253,2.97255277633667,0.6140015681094425,False
5,91,0,57,couch,0.8424035906791687,2.7592573694091684,2.784167536972062,-0.024910167562893548,0.024910167562893548,0.8947079237187266,317,360,317,3.044952630996704,0.004182406006133066,True
5,91,1,58,potted plant,0.6242288947105408,2.2672287620713916,2.25282777536726,0.01440098670413148,0.01440098670413148,0.6392404631012597,347,84,347,2.5560085773468018,0.012912948902576105,True
5,91,2,58,potted plant,0.5220577120780945,4.04291653234155,2.342109669481589,1.7008068628599613,1.7008068628599613,72.61858336618474,270,584,270,2.4789278507232666,0.6339255952489299,False
5,91,3,75,vase,0.3728331923484802,4.417679139474614,2.6678963463096066,1.7497827931650072,1.7497827931650072,65.58661079863208,261,301,261,2.7514283657073975,0.6134679687507376,False
5,91,4,62,tv,0.26583972573280334,9.736517592885464,2.607617694474116,7.1288998984113485,7.1288998984113485,273.38746448601046,205,317,205,4.097742080688477,0.8723451253569718,False
5,92,0,57,couch,0.7718886733055115,2.476288589174513,2.504642049918979,-0.028353460744466208,0.028353460744466208,1.1320364419092697,333,365,333,2.771380662918091,0.004725845140651108,True
5,92,1,58,potted plant,0.6480594873428345,2.922685298749407,2.0866270992883686,0.8360581994610383,0.8360581994610383,40.06744663414804,309,589,309,2.2084221839904785,0.46845306172585577,False
5,92,2,58,potted plant,0.5183452367782593,2.027722753130053,2.002673564594195,0.02504918853585769,0.02504918853585769,1.2507873963440193,366,61,366,2.324864387512207,0.014057488389866979,True
5,92,3,75,vase,0.28903645277023315,4.08165363695277,2.4553670318490437,1.6262866051037261,1.6262866051037261,66.23395134042471,269,299,269,2.562802314758301,0.61235785410318,False
5,93,0,57,couch,0.8696329593658447,2.2398168151806668,2.2512349354361225,-0.011418120255455744,0.011418120255455744,0.5071936329578929,349,369,349,2.5449583530426025,0.003977968603268378,True
5,93,1,75,vase,0.5363420844078064,3.6571519736962883,2.2005179023958577,1.4566340713004307,1.4566340713004307,66.19505661437661,281,297,281,2.321101427078247,0.6119969814078132,False
5,93,2,58,potted plant,0.4707126021385193,2.646855648486248,1.8440336040495524,0.8028220444366958,0.8028220444366958,43.536193845582574,323,628,323,2.0408706665039062,0.46047016589887546,False
5,94,0,57,couch,0.8967030048370361,2.1608582210129446,2.177685590649596,-0.016827369636651657,0.016827369636651657,0.7727180502504087,355,421,355,2.4675889015197754,0.004767863697274777,True
5,94,1,58,potted plant,0.6702243089675903,2.050890515119019,2.0393080725237467,0.011582442595272191,0.011582442595272191,0.5679594344437784,364,117,364,2.345175266265869,0.015233651203556686,True
5,94,2,75,vase,0.5714653730392456,3.6571519736962883,2.1916263482402245,1.4655256254560638,1.4655256254560638,66.86931951848514,281,349,281,2.321390390396118,0.6118864303153283,False
5,95,0,57,couch,0.8883365392684937,1.949971839345048,1.976116071137402,-0.026144231792353922,0.026144231792353922,1.3230109391957918,373,481,373,2.2675817012786865,0.0027566947312791523,True
5,95,1,58,potted plant,0.60698401927948,2.2398168151806668,2.247265911705479,-0.007449096524812404,0.007449096524812404,0.33147374709916677,349,180,349,2.536877393722534,0.00872825976743985,True
5,95,2,75,vase,0.30769920349121094,3.5329678035523537,2.1081521075720016,1.4248156959803522,1.4248156959803522,67.58600059562777,285,405,285,2.250849723815918,0.6116968345319931,False
5,96,0,57,couch,0.8611775040626526,1.6830832967517113,1.7014112457598598,-0.018327949008148492,0.018327949008148492,1.0772203988791156,401,501,401,2.0116286277770996,0.0017380395826911421,True
5,96,1,58,potted plant,0.27998438477516174,2.039251667457873,2.0064214962685307,0.032830171189342394,0.032830171189342394,1.636254956917016,365,167,365,2.3314552307128906,0.01688247560389411,True
5,96,2,75,vase,0.26580846309661865,3.127987299800063,1.8610788292657614,1.2669084705343017,1.2669084705343017,68.0738747124498,300,422,300,2.0164883136749268,0.6128860188338812,False
5,97,0,57,couch,0.7087888121604919,1.47059365802198,1.4902064397262094,-0.01961278170422931,0.01961278170422931,1.3161117266298152,429,573,429,1.8082780838012695,0.000360652675698514,True
5,97,1,58,potted plant,0.4766307771205902,2.1866480344612778,2.1621168840457394,0.024531150415538328,0.024531150415538328,1.1345894663028484,353,220,353,2.4838457107543945,0.009912139271635034,True
5,98,0,58,potted plant,0.360815167427063,2.1866480344612778,1.9133220701962785,0.2733259642649992,0.2733259642649992,14.28541323609778,353,238,353,2.1877455711364746,0.1875460485335072,False
5,99,0,56,chair,0.2919332981109619,4.08165363695277,2.238539024906775,1.8431146120459947,1.8431146120459947,82.33560333498103,269,636,269,1.3458515405654907,1.0338561454207364,False
5,99,1,58,potted plant,0.2791081666946411,2.0626408760410953,1.9870340631148824,0.07560681292621285,0.07560681292621285,3.8050083956633998,363,286,363,2.2982404232025146,0.051886099142844255,True
5,102,0,58,potted plant,0.2650904953479767,3.202174322980737,2.185862194554631,1.0163121284261063,1.0163121284261063,46.49479418043459,297,340,297,2.372971773147583,0.4775467769872126,False
5,104,0,75,vase,0.35509321093559265,1.1822867244426092,1.2227655011691207,-0.04047877672651157,0.04047877672651157,3.3104284253856244,479,370,479,1.5984550714492798,-0.06687742625199578,True
5,104,1,75,vase,0.34070664644241333,1.1822867244426092,1.221695685159421,-0.03940896071681177,0.03940896071681177,3.2257591800914995,479,371,479,1.598089575767517,-0.0665191509752141,True
5,105,0,75,vase,0.3040810227394104,1.1822867244426092,1.1376763176834879,0.04461040675912131,0.04461040675912131,3.9211861990725154,479,403,479,1.5964322090148926,-0.06489452567413911,True
5,105,1,75,vase,0.28271573781967163,1.1822867244426092,1.1376172682904122,0.044669456152196974,0.044669456152196974,3.926580353278683,479,403,479,1.5964322090148926,-0.06489452567413911,True
5,111,0,0,person,0.34175485372543335,1.2536604778467009,0.7077033047101625,0.5459571731365384,0.5459571731365384,77.14492351567205,465,59,465,0.9010604023933411,0.6548182802397894,False
6,10,0,58,potted plant,0.5041254758834839,6.48109328551411,6.598892534243945,-0.1177992487298356,0.1177992487298356,1.7851366440434417,229,65,229,6.576014041900635,0.016350324370213665,True
6,16,0,58,potted plant,0.2798071503639221,7.306101522862765,7.463869412791734,-0.1577678899289694,0.1577678899289694,2.113754692151815,221,276,221,7.38148832321167,0.012872221841528253,True
6,28,0,58,potted plant,0.31774643063545227,4.808152731105021,4.843938575788802,-0.03578584468378132,0.03578584468378132,0.7387757735543508,253,527,253,4.988814830780029,0.01303494011947981,True
6,28,1,58,potted plant,0.25186166167259216,12.876671115063534,5.388601530006124,7.48806958505741,7.48806958505741,138.96127860559955,193,542,193,5.401778221130371,0.8682691167913048,False
6,29,0,58,potted plant,0.7422086596488953,4.605315013119116,4.604837480945956,0.00047753217315982255,0.00047753217315982255,0.010370228594076783,257,532,257,4.79052734375,0.014295289200530137,True
6,30,0,58,potted plant,0.5973711609840393,4.417679139474614,4.363545000262027,0.054134139212586696,0.054134139212586696,1.240599998609754,261,553,261,4.599442005157471,0.018023324079132763,True
6,32,0,58,potted plant,0.32922130823135376,16.33196815365948,3.9686004336822642,12.363367719977218,12.363367719977218,311.52966711002125,185,597,185,4.35267448425293,1.0960694412726575,False
6,32,1,72,refrigerator,0.26480984687805176,1.6018736410621959,1.6253026100425931,-0.023428968980397258,0.023428968980397258,1.441514265443976,411,357,411,1.9457453489303589,-0.0079247405641929,True
6,33,0,58,potted plant,0.5812338590621948,3.5329678035523537,3.573813569581946,-0.04084576602959222,0.04084576602959222,1.1429182086398042,285,602,285,3.780137538909912,0.008159782419691508,True
6,37,0,58,potted plant,0.5695508718490601,3.416156690958381,3.40138096424697,0.014775726711411252,0.014775726711411252,0.4344037573774816,289,556,289,3.663984537124634,0.009760623065089735,True
6,38,0,58,potted plant,0.5090681910514832,3.789430025844956,3.8300005071792564,-0.040570481334300634,0.040570481334300634,1.0592813567061443,277,486,277,4.01795768737793,0.011329725998397766,True
6,39,0,58,potted plant,0.5958320498466492,4.08165363695277,4.136998855032551,-0.05534521807978088,0.05534521807978088,1.3378108145341852,269,423,269,4.293856143951416,0.012796847481880036,True
6,39,1,56,chair,0.4564017355442047,3.010904127673106,3.0286352353754697,-0.017731107702363857,0.017731107702363857,0.5854487689787996,305,636,305,3.317918062210083,-0.009728129830183452,True
6,39,2,58,potted plant,0.28821834921836853,4.08165363695277,4.136998855032551,-0.05534521807978088,0.05534521807978088,1.3378108145341852,269,424,269,4.2948455810546875,0.01245414993220173,True
6,40,0,57,couch,0.8130828142166138,3.3060809373083413,3.32268164902064,-0.01660071171229882,0.01660071171229882,0.4996178829588407,293,620,293,3.6836130619049072,-0.04269902926919511,True
6,40,1,58,potted plant,0.5411235094070435,4.417679139474614,4.371669362692066,0.04600977678254736,0.04600977678254736,1.0524532613375552,261,355,261,4.606767177581787,0.01566309545405975,True
6,41,0,57,couch,0.7396307587623596,3.789430025844956,3.813663485643249,-0.02423345979829339,0.02423345979829339,0.6354378116874132,277,480,277,4.036906719207764,0.00430902976389036,True
6,41,1,58,potted plant,0.5854682922363281,4.417679139474614,4.4158947966928634,0.0017843427817503255,0.0017843427817503255,0.04040727562365501,261,302,261,4.6073994636535645,0.015459367869315122,True
6,41,2,56,chair,0.49097877740859985,4.75591811029245,4.395998503182282,0.359919607110168,0.359919607110168,8.187436980463499,254,453,254,4.522815704345703,0.1382783365102287,True
6,42,0,57,couch,0.8456228971481323,3.5329678035523537,3.63307254130369,-0.10010473775133644,0.10010473775133644,2.7553740425842115,285,489,285,3.784144639968872,0.006578370512285492,True
6,42,1,58,potted plant,0.7114387154579163,4.08165363695277,4.133975471509462,-0.05232183455669226,0.05232183455669226,1.2656542090605991,269,306,269,4.287163257598877,0.015114969316716742,True
6,43,0,57,couch,0.8407852649688721,3.360313835767405,3.230061971411632,0.13025186435577307,0.13025186435577307,4.032488091825965,291,501,291,3.6376099586486816,-0.0014725223787424024,True
6,43,1,58,potted plant,0.6403189301490784,3.930619911182698,3.917601236344202,0.013018674838495947,0.013018674838495947,0.33231240376686777,273,301,273,4.142359733581543,0.015253396162266508,True
6,44,0,57,couch,0.7450181245803833,3.010904127673106,3.0915439132802796,-0.08063978560717366,0.08063978560717366,2.6083985176717386,305,638,305,3.3135931491851807,-0.0077601961047752965,True
6,44,1,58,potted plant,0.6708589196205139,3.6571519736962883,3.6613679664697782,-0.0042159927734899405,0.0042159927734899405,0.11514802150724339,281,301,281,3.8823955059051514,0.014679760051566015,True
6,45,0,57,couch,0.8501800298690796,3.3060809373083413,3.366131460478411,-0.06005052317006987,0.06005052317006987,1.7839625063703006,293,449,293,3.569580078125,0.005058042503962357,True
6,45,1,58,potted plant,0.7189977169036865,3.5329678035523537,3.5686295833958273,-0.03566177984347352,0.03566177984347352,0.9993130138639543,285,249,285,3.764530897140503,0.014318980494713696,True
6,46,0,57,couch,0.8952751159667969,3.103932365323887,3.1773567506375504,-0.07342438531366335,0.07342438531366335,2.310863748583801,301,457,301,3.373220205307007,0.005836644548051773,True
6,46,1,58,potted plant,0.4878382980823517,3.3060809373083413,3.3298246636498026,-0.02374372634146127,0.02374372634146127,0.7130623603296847,293,242,293,3.5479159355163574,0.014130996478943336,True
6,46,2,56,chair,0.2955385744571686,3.416156690958381,3.137999391543708,0.27815729941467326,0.27815729941467326,8.864160399911249,289,446,289,3.6825618743896484,0.002204728865642158,True
6,47,0,57,couch,0.8451553583145142,3.3060809373083413,3.3665321466502345,-0.060451209341893186,0.060451209341893186,1.7956522233730436,293,398,293,3.5718600749969482,0.0041031786510059565,True
6,47,1,58,potted plant,0.7188546657562256,3.6571519736962883,2.5934847688723104,1.063667204823978,1.063667204823978,41.013049993213485,281,589,281,2.7788169384002686,0.4368849630493328,False
6,47,2,58,potted plant,0.6966814994812012,3.103932365323887,3.1326770258014043,-0.028744660477517225,0.028744660477517225,0.9175749763148259,301,185,301,3.3552086353302,0.01381484525702481,True
6,48,0,57,couch,0.7753844857215881,3.202174322980737,3.36029548507877,-0.15812116209803273,0.15812116209803273,4.705573149747162,297,634,297,3.5797863006591797,-0.0424389292043903,True
6,48,1,58,potted plant,0.6588838696479797,2.8389123183635725,2.856629370407529,-0.01771705204395646,0.01771705204395646,0.6202082855932035,313,117,313,3.102499008178711,0.013372837969697793,True
6,48,2,58,potted plant,0.5402722954750061,4.24359786465229,2.946343255165724,1.2972546094865658,1.2972546094865658,44.029310135950155,265,512,265,3.1292333602905273,0.4539536129749391,False
6,49,0,57,couch,0.7761568427085876,3.103932365323887,3.15645763591756,-0.05252527059367296,0.05252527059367296,1.6640575180222317,301,349,301,3.3739664554595947,0.005506094046118015,True
6,49,1,58,potted plant,0.6798287630081177,2.611143892272438,2.623095094623504,-0.011951202351065948,0.011951202351065948,0.455614528636878,325,105,325,2.8876237869262695,0.011738645871506748,True
6,49,2,58,potted plant,0.6295344233512878,3.789430025844956,2.7104492013865844,1.0789808244583714,1.0789808244583714,39.80819208514947,277,523,277,2.800992488861084,0.46222046614174506,False
6,50,0,57,couch,0.6693114042282104,3.103932365323887,3.14441242061668,-0.04048005529279308,0.04048005529279308,1.2873646926014293,301,297,301,3.373762845993042,0.00559628258562328,True
6,50,1,58,potted plant,0.531541645526886,4.24359786465229,3.001885790358055,1.2417120742942345,1.2417120742942345,41.36440094698363,265,457,265,3.1742286682128906,0.43891249143937605,False
6,50,2,75,vase,0.4280162453651428,5.028117720157712,3.0022028310081725,2.0259148891495395,2.0259148891495395,67.48094659777585,249,237,249,3.1015241146087646,0.6130084272056732,False
6,50,3,58,potted plant,0.42457717657089233,2.2398168151806668,2.2464104936220552,-0.006593678441388473,0.006593678441388473,0.29352063926468724,349,14,349,2.5322444438934326,0.011451681550120663,True
6,50,4,62,tv,0.29193466901779175,10.604093960483102,3.6406187015929508,6.963475258890151,6.963475258890151,191.2717543269029,201,218,201,4.182322025299072,0.9098875991810569,False
6,51,0,57,couch,0.6240217089653015,2.922685298749407,2.9529455247126917,-0.030260225963284704,0.030260225963284704,1.0247471790468903,309,292,309,3.2111055850982666,0.00010285225544404142,True
6,51,1,58,potted plant,0.44209447503089905,3.789430025844956,2.7526598824800375,1.0367701433649184,1.0367701433649184,37.66430244301848,277,469,277,2.806333303451538,0.4602416718043285,False
6,51,2,75,vase,0.2747979462146759,4.417679139474614,2.6662016012326295,1.7514775382419843,1.7514775382419843,65.69186431484577,261,233,261,2.7499852180480957,0.6139329623670494,False
6,52,0,57,couch,0.7924444675445557,2.8389123183635725,2.8612460365062597,-0.022333718142687253,0.022333718142687253,0.7805591640052724,313,239,313,3.1360185146331787,-0.0026887332416705156,True
6,52,1,58,potted plant,0.5471013784408569,4.557049558976003,2.933324036630411,1.6237255223455924,1.6237255223455924,55.354454607436075,258,413,258,3.0860068798065186,0.5336096230149314,False
6,52,2,62,tv,0.4567384421825409,8.995724867412417,2.645093720254712,6.350631147157705,6.350631147157705,240.0909691224916,209,145,209,3.652418613433838,0.8964561567850508,False
6,52,3,56,chair,0.41616252064704895,1.617605508838784,1.674150985212917,-0.0565454763741331,0.0565454763741331,3.3775613354814404,409,595,409,2.0048019886016846,-0.04158972674152994,True
6,52,4,75,vase,0.3425137400627136,4.24359786465229,2.560325594610145,1.6832722700421447,1.6832722700421447,65.7444613132672,265,172,265,2.653935670852661,0.6128370753293348,False
6,53,0,57,couch,0.7910575866699219,2.542172777113504,2.568049943510146,-0.025877166396641726,0.025877166396641726,1.0076582218362722,329,236,329,2.8368449211120605,0.00365745038683718,True
6,53,1,58,potted plant,0.5563517808914185,4.161189358631817,2.6863631618077326,1.4748261968240843,1.4748261968240843,54.90047726204041,267,419,267,2.8541219234466553,0.5286879764006676,False
6,53,2,56,chair,0.43102067708969116,2.253452045832824,2.348911804113535,-0.09545975828071107,0.09545975828071107,4.063999257593965,348,621,348,2.6561625003814697,-0.0533743277902714,True
6,54,0,57,couch,0.7889143228530884,2.2952155523968525,2.302460518371634,-0.007244965974781525,0.007244965974781525,0.31466189830283703,345,225,345,2.6071271896362305,-0.0010885631620223268,True
6,54,1,58,potted plant,0.49132075905799866,3.416156690958381,2.444847366131325,0.9713093248270561,0.9713093248270561,39.72883290313683,289,421,289,2.6161930561065674,0.4359251191236482,False
6,55,0,57,couch,0.7449840307235718,2.1608582210129446,2.154148147632998,0.006710073379946557,0.006710073379946557,0.311495445998905,355,169,355,2.4731178283691406,0.0014176179981850723,True
6,55,1,58,potted plant,0.6285341382026672,3.5329678035523537,2.543630016246315,0.9893377873060389,0.9893377873060389,38.894720575991016,285,371,285,2.609560251235962,0.4701308767417416,False
6,55,2,56,chair,0.6129782199859619,2.1107901312162407,2.1342223006899834,-0.023432169473742714,0.023432169473742714,1.0979254347669036,359,54,359,2.440417766571045,-0.008233605908311237,True
6,55,3,57,couch,0.3092457056045532,2.1355772235358987,2.1427913729740875,-0.007214149438188766,0.007214149438188766,0.336670640416845,357,167,357,2.456209421157837,-0.0031649813824259354,True
6,56,0,57,couch,0.8266316056251526,1.9286630075640927,1.9231219915182147,0.005541016045877978,0.005541016045877978,0.28812608198108147,375,101,375,2.2561771869659424,-0.0033337339644108344,True
6,56,1,58,potted plant,0.5615599751472473,4.04291653234155,2.6027065584483244,1.440209973893226,1.440209973893226,55.33508836093481,270,317,270,2.7665364742279053,0.5334424499527171,False
6,56,2,62,tv,0.3375352621078491,4.24359786465229,1.647250276008606,2.5963475886436838,2.5963475886436838,157.61706805931166,265,630,265,1.7335411310195923,0.9205084031527696,False
6,57,0,62,tv,0.8887239694595337,4.808152731105021,1.9177599096211986,2.890392821483822,2.890392821483822,150.71713653951295,253,536,253,2.0376977920532227,0.8926442407354156,False
6,57,1,57,couch,0.8606221675872803,1.633586353981591,1.5008300306434188,0.1327563233381721,0.1327563233381721,8.845526850316176,407,21,407,1.9653934240341187,0.0005785863514224943,True
6,57,2,58,potted plant,0.3463646471500397,3.5329678035523537,2.5459099844760025,0.9870578190763513,0.9870578190763513,38.77033457958282,285,261,285,2.614480972290039,0.468188902543077,False
6,58,0,57,couch,0.8888916969299316,1.47059365802198,1.4939037415680854,-0.02331008354610531,0.02331008354610531,1.5603470891396078,429,2,429,1.8194953203201294,-0.008942014542699273,True
6,58,1,62,tv,0.8558095097541809,4.285928494048581,1.740329973547504,2.545598520501077,2.545598520501077,146.27102671294608,264,569,264,1.7638866901397705,0.9156887530399627,False
6,58,2,58,potted plant,0.48273512721061707,3.503100034920091,2.310850725193758,1.1922493097263334,1.1922493097263334,51.59352340365329,286,261,286,2.4878604412078857,0.5106503424806824,False
6,59,0,57,couch,0.8526580929756165,1.47059365802198,1.4938996115875658,-0.023305953565585735,0.023305953565585735,1.5600749464563097,429,2,429,1.8466111421585083,-0.03142968042116134,True
6,59,1,62,tv,0.5917660593986511,3.689432512762532,1.4091734322050475,2.2802590805574843,2.2802590805574843,161.81536129228456,280,608,280,1.5234993696212769,0.9217409245087905,False
6,59,2,75,vase,0.3813743591308594,4.605315013119116,2.5901012191500374,2.015213793969078,2.015213793969078,77.80444173646568,257,467,257,2.6596152782440186,0.6751632619409612,False
6,60,0,62,tv,0.8600531816482544,4.08165363695277,1.6368149749098229,2.444838662042947,2.444838662042947,149.36560940112616,269,521,269,1.7577881813049316,0.8911793881641122,False
6,60,1,57,couch,0.8485528230667114,1.6580375389814705,1.6849204011882262,-0.02688286220675562,0.02688286220675562,1.5954974601647354,404,0,404,2.003126382827759,-0.010068904701493908,True
6,60,2,58,potted plant,0.5008106231689453,2.7592573694091684,1.9488838613510837,0.8103735080580847,0.8103735080580847,41.58141611867446,317,190,317,2.162229061126709,0.43781589934964327,False
6,61,0,62,tv,0.850238025188446,4.654529232334054,1.8209935437810405,2.833535688553014,2.833535688553014,155.6038294715516,256,453,256,1.9221383333206177,0.9096818391222765,False
6,61,1,57,couch,0.8484321236610413,2.1107901312162407,1.9975900543094371,0.11320007690680356,0.11320007690680356,5.666832224289212,359,2,359,2.1877171993255615,0.14794108392245797,True
6,61,2,58,potted plant,0.6629921197891235,2.476288589174513,1.7731435880044966,0.7031450011700164,0.7031450011700164,39.65527698528572,333,128,333,1.9707494974136353,0.43669937565276506,False
6,62,0,57,couch,0.8391581177711487,2.1481550660619435,2.174186502048416,-0.026031435986472395,0.026031435986472395,1.1972954464553436,356,2,356,2.244706392288208,0.133047529691531,True
6,62,1,62,tv,0.7614548206329346,4.004843053961383,1.5582180169317996,2.4466250370295834,2.4466250370295834,157.0142952041523,271,475,271,1.6583195924758911,0.9156196022223935,False
6,62,2,58,potted plant,0.5962141752243042,2.1608582210129446,1.526491553352103,0.6343666676608415,0.6343666676608415,41.55716854559741,355,113,355,1.7516766786575317,0.43857390073053315,False
6,62,3,75,vase,0.35595765709877014,4.605315013119116,2.563504265465232,2.0418107476538836,2.0418107476538836,79.64920422253833,257,356,257,2.658435106277466,0.6755292732220676,False
6,62,4,60,dining table,0.35072222352027893,1.3201623268661429,1.3672836493138842,-0.047121322447741365,0.047121322447741365,3.4463457872393404,453,385,453,1.7112621068954468,-0.04315357555128618,True
6,62,5,60,dining table,0.31405025720596313,1.212107743143963,1.2425870586503223,-0.030479315506359184,0.030479315506359184,2.4528917546803775,473,221,473,1.5790480375289917,-0.01925546878574802,True
6,62,6,75,vase,0.29156023263931274,4.417679139474614,2.473652452620578,1.944026686854036,1.944026686854036,78.58932182629542,261,362,261,2.5542962551116943,0.6769854975401636,False
6,62,7,75,vase,0.2866520583629608,4.417679139474614,2.473652452620578,1.944026686854036,1.944026686854036,78.58932182629542,261,365,261,2.554685115814209,0.6768602035391384,False
6,63,0,57,couch,0.823573648929596,2.2263209016841157,2.035045980487426,0.19127492119668954,0.19127492119668954,9.399046656964288,350,2,350,2.2846577167510986,0.15009617070045334,False
6,63,1,62,tv,0.8116024136543274,3.360313835767405,1.2875220724153795,2.0727917633520256,2.0727917633520256,160.99077505238319,291,503,291,1.4062128067016602,0.9195667171903217,False
6,63,2,60,dining table,0.5257488489151001,1.1822867244426092,1.2079928774576092,-0.02570615301500001,0.02570615301500001,2.1280053462816952,479,391,479,1.5780231952667236,-0.04684918389583337,True
6,63,3,75,vase,0.4752623736858368,3.930619911182698,2.1981991545576305,1.7324207566250673,1.7324207566250673,78.8109099684238,273,372,273,2.2961645126342773,0.6769854186375055,False
6,63,4,75,vase,0.45345592498779297,4.24359786465229,2.3846549352604667,1.858942929391823,1.858942929391823,77.95437830038826,265,355,265,2.469841241836548,0.6743765293014949,False
6,63,5,75,vase,0.44849398732185364,1.7529492399297044,1.2569417516966954,0.496007488233009,0.496007488233009,39.46145376772379,393,69,393,1.4785614013671875,0.43447127987828527,False
6,63,6,58,potted plant,0.31253552436828613,1.7529492399297044,1.2569417516966954,0.496007488233009,0.496007488233009,39.46145376772379,393,73,393,1.4789003133773804,0.4342270421482046,False
6,64,0,57,couch,0.8643370270729065,2.4132886231462733,2.4435091002410534,-0.03022047709478004,0.03022047709478004,1.2367654817327578,337,88,337,2.7483181953430176,-0.01601439659085191,True
6,64,1,62,tv,0.8334720730781555,2.702039260394133,1.025665917284271,1.676373343109862,1.676373343109862,163.44243431121467,320,548,320,1.1355174779891968,0.9319000361015151,False
6,64,2,60,dining table,0.6527357697486877,1.1822867244426092,1.1403865243367566,0.0419002001058526,0.0419002001058526,3.6742103849588683,479,382,479,1.5105915069580078,0.01925038443872773,True
6,64,3,45,bowl,0.4644010365009308,1.3922302760127698,0.9818023857039807,0.4104278903087891,0.4104278903087891,41.803513241058226,441,44,441,1.2265872955322266,0.43833815450583913,False
6,64,4,75,vase,0.34537646174430847,3.789430025844956,2.1264117498729567,1.6630182759719991,1.6630182759719991,78.2077260470065,277,363,277,2.229463815689087,0.6739742506983869,False
6,64,5,60,dining table,0.267741858959198,1.1822867244426092,0.8582328936435217,0.32405383079908745,0.32405383079908745,37.758262727889274,479,2,479,1.094443678855896,0.42717716917206094,False
6,65,0,57,couch,0.839187502861023,2.1355772235358987,1.9754988482056839,0.16007837533021485,0.16007837533021485,8.103187479740201,357,2,357,2.217294931411743,0.14304726397321987,True
6,65,1,62,tv,0.4632298946380615,2.050890515119019,0.7678891920939968,1.2830013230250221,1.2830013230250221,167.08157065296615,364,613,364,0.8826625347137451,0.9411728420737291,False
6,65,2,60,dining table,0.3313939571380615,1.1822867244426092,0.6503795704968395,0.5319071539457697,0.5319071539457697,81.78411162875764,479,428,479,1.1001924276351929,0.42154198751924965,False
6,65,3,75,vase,0.26690274477005005,3.103932365323887,1.7301320080207139,1.3738003573031732,1.3738003573031732,79.40436631045354,301,380,301,1.8616923093795776,0.6753658941609155,False
6,66,0,57,couch,0.7469329833984375,1.8669919745293975,1.9007061311111504,-0.03371415658175292,0.03371415658175292,1.7737700757583008,381,2,381,2.218966484069824,-0.0187274799065682,True
6,66,1,75,vase,0.41500231623649597,2.922685298749407,1.635923435126591,1.286761863622816,1.286761863622816,78.65660678204318,309,376,309,1.770737648010254,0.6728941085027553,False
6,67,0,57,couch,0.8193027973175049,1.6498221342233514,1.673120369299328,-0.023298235075976503,0.023298235075976503,1.392502028155534,405,2,405,1.8181151151657104,0.12391494166466788,True
6,68,0,57,couch,0.5894191265106201,1.3922302760127698,1.4194091317852422,-0.027178855772472366,0.027178855772472366,1.9148006845840517,441,2,441,1.7586541175842285,-0.02218760365541561,True
6,69,0,57,couch,0.4449053108692169,1.1822867244426092,1.1503795048790662,0.03190721956354303,0.03190721956354303,2.773625523422141,479,2,479,1.3917019367218018,0.13579127892318277,True
6,69,1,75,vase,0.2533670961856842,1.617605508838784,0.9004015788125267,0.7172039300262573,0.7172039300262573,79.65378414508388,409,415,409,1.0770889520645142,0.6717739344185425,False
6,70,0,57,couch,0.6347011923789978,1.3922302760127698,1.432032373976725,-0.03980209796395506,0.03980209796395506,2.779413279144342,441,2,441,1.7568494081497192,-0.02062555327726434,True
6,71,0,57,couch,0.6532718539237976,1.1822867244426092,1.043380947629377,0.13890577681323224,0.13890577681323224,13.313045166181572,479,2,479,1.3488919734954834,0.177755526899936,False
6,91,0,57,couch,0.32666271924972534,1.2274432635605295,1.2767352660371674,-0.0492920024766379,0.0492920024766379,3.860784908811546,470,2,470,1.6246293783187866,-0.04839889675820741,True
6,92,0,57,couch,0.4489797353744507,1.367546627726179,1.1174069233378372,0.25013970438834177,0.25013970438834177,22.385730673758715,445,44,445,1.3951042890548706,0.27563516212347006,False
6,93,0,57,couch,0.6269474029541016,1.1822867244426092,0.9037625271469508,0.27852419729565836,0.27852419729565836,30.818294510939666,479,2,479,0.9900966286659241,0.5294628325973146,False
6,94,0,57,couch,0.7727817893028259,1.1822867244426092,0.8966609286486773,0.2856257957939319,0.2856257957939319,31.854381814582617,479,2,479,1.1548389196395874,0.36797504261418434,False
6,95,0,57,couch,0.7760739922523499,1.1822867244426092,0.8182750743121362,0.364011650130473,0.364011650130473,44.48524237848389,479,2,479,0.885476291179657,0.6320163845000707,False
6,96,0,59,bed,0.35334688425064087,1.1822867244426092,0.794921654373648,0.38736507006896115,0.38736507006896115,48.72996828526231,479,2,479,0.8848925232887268,0.632588619995961,False
6,96,1,57,couch,0.33148398995399475,1.1822867244426092,0.794921654373648,0.38736507006896115,0.38736507006896115,48.72996828526231,479,2,479,0.8848925232887268,0.632588619995961,False
6,97,0,59,bed,0.8044489622116089,1.1822867244426092,0.7758599293481965,0.4064267950944127,0.4064267950944127,52.38404249538364,479,2,479,0.8824999928474426,0.6349338857510192,False
6,98,0,59,bed,0.7563608884811401,1.1822867244426092,0.7300599855619265,0.45222673888068265,0.45222673888068265,61.94377829550597,479,2,479,0.8590042591094971,0.6579654588397986,False
6,99,0,59,bed,0.36591637134552,1.1822867244426092,0.7044877582275141,0.4777989662150951,0.4777989662150951,67.82218152622464,479,2,479,0.7666647434234619,0.7484807978466739,False
6,99,1,71,sink,0.269885778427124,1.1822867244426092,0.7044877582275141,0.4777989662150951,0.4777989662150951,67.82218152622464,479,2,479,0.7666647434234619,0.7484807978466739,False
6,100,0,59,bed,0.3339043855667114,1.1822867244426092,0.691446091985102,0.4908406324575072,0.4908406324575072,70.98754886998232,479,2,479,0.7399849891662598,0.7746334908001631,False
6,109,0,58,potted plant,0.39986473321914673,4.417679139474614,4.320280501809213,0.09739863766540058,0.09739863766540058,2.254451710360305,261,36,261,4.534550666809082,0.038931827718001744,True
7,0,0,58,potted plant,0.6715543270111084,3.416156690958381,2.444847425111747,0.9713092658466342,0.9713092658466342,39.72882953226574,289,501,289,2.636461019515991,0.4276816025757584,False
7,1,0,61,toilet,0.409195214509964,1.1822867244426092,0.6738486495161642,0.508438074926445,0.508438074926445,75.45285952439215,479,383,479,0.891930103302002,0.6256900681034483,False
7,2,0,58,potted plant,0.5187925696372986,3.5329678035523537,2.547778248608129,0.9851895549442249,0.9851895549442249,38.66857547286314,285,451,285,2.6091949939727783,0.4702750263842801,False
7,3,0,62,tv,0.9233479499816895,7.7974987597924255,3.1474132363283367,4.650085523464089,4.650085523464089,147.74308850809555,217,584,217,3.1938672065734863,0.8951035046386517,False
7,3,1,58,potted plant,0.36629194021224976,3.930619911182698,2.7371506259187934,1.1934692852639044,1.1934692852639044,43.602616310649196,273,391,273,2.9223291873931885,0.4525491228820848,False
7,4,0,62,tv,0.7805581092834473,8.35581679185428,3.525936739353277,4.829880052501004,4.829880052501004,136.98147214594934,213,497,213,3.5186729431152344,0.8760722441177401,False
7,4,1,58,potted plant,0.7297820448875427,3.930619911182698,2.813572105973984,1.1170478052087138,1.1170478052087138,39.70212111631742,273,335,273,2.881573438644409,0.467157211853946,False
7,5,0,62,tv,0.8133232593536377,8.995724867412417,3.8337082612079745,5.162016606204443,5.162016606204443,134.64813320400984,209,433,209,3.803274631500244,0.8715279569940899,False
7,5,1,58,potted plant,0.649241030216217,3.789430025844956,2.7326729930529297,1.0567570327920262,1.0567570327920262,38.6711851538234,277,287,277,2.816084146499634,0.45662894331847226,False
7,6,0,62,tv,0.7777429819107056,8.35581679185428,3.626490264186757,4.729326527667524,4.729326527667524,130.41056732929295,213,425,213,3.8135619163513184,0.8237828104931646,False
7,6,1,58,potted plant,0.5285001397132874,4.24359786465229,3.9920638642423865,0.25153400040990315,0.25153400040990315,6.300851112702308,265,270,265,4.641817569732666,-0.051676062151369884,True
7,6,2,57,couch,0.5118274092674255,1.1822867244426092,0.2549642369667366,0.9273224874758725,0.9273224874758725,363.7068863100411,479,2,479,0.2993689477443695,1.2065451167694268,False
7,6,3,75,vase,0.39999884366989136,3.5329678035523537,2.5439612443474537,0.9890065592049,0.9890065592049,38.876636246028504,285,274,285,2.679194688796997,0.44264948131291426,False
7,7,0,62,tv,0.7697350382804871,8.995724867412417,3.89867605967888,5.097048807733536,5.097048807733536,130.73794102691778,209,366,209,3.9791722297668457,0.842461761766732,False
7,7,1,58,potted plant,0.6849001049995422,3.416156690958381,2.459291734348604,0.9568649566097771,0.9568649566097771,38.908151613140085,289,232,289,2.6156628131866455,0.4361407829373467,False
7,7,2,57,couch,0.5534053444862366,1.1822867244426092,0.2578642412777866,0.9244224831648226,0.9244224831648226,358.4919252797754,479,2,479,0.27449506521224976,1.2309276131804678,False
7,7,3,56,chair,0.3079010844230652,1.1822867244426092,0.2578642412777866,0.9244224831648226,0.9244224831648226,358.4919252797754,479,2,479,0.27449506521224976,1.2309276131804678,False
7,7,4,75,vase,0.30617403984069824,3.3060809373083413,2.359743373914198,0.9463375633941431,0.9463375633941431,40.103410135841,293,245,293,2.5576839447021484,0.4288406593310996,False
7,8,0,62,tv,0.5641477108001709,9.736517592885464,3.9182280172687283,5.8182895756167365,5.8182895756167365,148.49287866795666,205,301,205,4.082983016967773,0.8746057845461197,False
7,8,1,58,potted plant,0.4067819118499756,3.056792820267693,2.159608122904641,0.897184697363052,0.897184697363052,41.54386566005094,303,173,303,2.3424904346466064,0.4482553108379874,False
7,8,2,75,vase,0.38982483744621277,3.103932365323887,2.2130057725940415,0.8909265927298455,0.8909265927298455,40.258665556281805,301,184,301,2.4072577953338623,0.43370839553993945,False
7,8,3,57,couch,0.3289191722869873,1.1822867244426092,0.25774121297985153,0.9245455114627577,0.9245455114627577,358.71077844854887,479,2,479,0.2706143260002136,1.234731687988149,False
7,8,4,60,dining table,0.25490182638168335,3.7555587870974905,3.7462237274720116,0.00933505962547887,0.00933505962547887,0.2491858549990622,278,330,278,4.002047538757324,0.005144249821912972,True
7,9,0,58,potted plant,0.6078243255615234,2.9884133950680556,2.048168453876996,0.9402449411910596,0.9402449411910596,45.90662156773588,306,90,306,2.2442259788513184,0.47205193460290307,False
7,9,1,75,vase,0.5308471918106079,2.8389123183635725,2.040319845777774,0.7985924725857987,0.7985924725857987,39.14055309702552,313,88,313,2.174165725708008,0.4582031085030833,False
7,9,2,62,tv,0.4597928524017334,8.995724867412417,3.9293872071800684,5.066337660232348,5.066337660232348,128.93454864857193,209,207,209,4.178155422210693,0.809580787975551,False
7,10,0,62,tv,0.4906448423862457,8.995724867412417,3.6703567894108557,5.325368078001561,5.325368078001561,145.09129176121206,209,181,209,3.772233247756958,0.8766573898510536,False
7,12,0,62,tv,0.4184156656265259,5.815615322550515,3.1406682271531867,2.6749470953973287,2.6749470953973287,85.17127254227664,237,0,237,3.0236058235168457,0.7448136556795706,False
7,13,0,62,tv,0.5551856160163879,6.48109328551411,2.7283851117044904,3.7527081738096193,3.7527081738096193,137.54319937133835,229,2,229,2.779691696166992,0.872858899465336,False
7,15,0,62,tv,0.2592190206050873,1.1822867244426092,1.0645714877645442,0.11771523667806494,0.11771523667806494,11.05752295933183,479,555,479,1.5466734170913696,-0.016118723829519066,True
7,31,0,37,surfboard,0.35746607184410095,1.1822867244426092,0.45649692474301373,0.7257897996995955,0.7257897996995955,158.99116956991134,479,108,479,1.5740257501602173,-0.04293070873069316,True
7,48,0,56,chair,0.5548235774040222,3.789430025844956,4.0894725944243895,-0.3000425685794337,0.3000425685794337,7.336950221613257,277,157,277,4.2872724533081055,-0.08845253095503192,True
7,49,0,56,chair,0.41851773858070374,3.5329678035523537,2.6641743412732284,0.8687934622791254,0.8687934622791254,32.61023307746154,285,174,285,2.8733317852020264,0.3660328171941778,False
7,49,1,56,chair,0.2757924795150757,3.5329678035523537,2.6641743412732284,0.8687934622791254,0.8687934622791254,32.61023307746154,285,174,285,2.8733317852020264,0.3660328171941778,False
7,50,0,56,chair,0.7588196396827698,3.416156690958381,3.6717669311458194,-0.2556102401874383,0.2556102401874383,6.961505045955409,289,136,289,3.908989667892456,-0.0898894408808204,True
7,51,0,56,chair,0.6364187002182007,3.6571519736962883,3.945260067108151,-0.2881080934118625,0.2881080934118625,7.302638825101429,281,201,281,4.153743267059326,-0.08913200283914535,True
7,52,0,56,chair,0.572446882724762,3.930619911182698,4.2227538755957745,-0.2921339644130767,0.2921339644130767,6.918091203500714,273,256,273,4.434589862823486,-0.08949069170957369,True
7,53,0,56,chair,0.5693801045417786,3.6571519736962883,3.942977523785959,-0.2858255500896707,0.2858255500896707,7.2489774127656545,281,253,281,4.157242774963379,-0.09047083859450389,True
7,54,0,56,chair,0.4812774360179901,3.789430025844956,4.060540316034865,-0.2711102901899096,0.2711102901899096,6.676704800080644,277,307,277,4.289135932922363,-0.08914295801370109,True
7,55,0,56,chair,0.4420326352119446,3.789430025844956,4.0288113313594005,-0.2393813055144447,0.2393813055144447,5.941735311632792,277,360,277,4.286396503448486,-0.08812798783661457,True
7,56,0,56,chair,0.7402348518371582,3.5632959838895513,3.781492871983043,-0.21819688809349191,0.21819688809349191,5.770125595372809,284,363,284,4.051529407501221,-0.0867160449220703,True
7,57,0,56,chair,0.6528578996658325,3.3060809373083413,3.5602598873306297,-0.2541789500222884,0.2541789500222884,7.139336960394309,293,418,293,3.794243097305298,-0.0890309445252293,True
7,58,0,56,chair,0.6934642195701599,3.103932365323887,3.3413071547934785,-0.23737478946959145,0.23737478946959145,7.104249279478865,301,424,301,3.5914340019226074,-0.09082086332650463,True
7,59,0,56,chair,0.7858608365058899,2.922685298749407,3.118308086351388,-0.19562278760198115,0.19562278760198115,6.273363060507335,309,433,309,3.4047088623046875,-0.0903286192674777,True
7,60,0,56,chair,0.697873592376709,2.542172777113504,2.735674384015492,-0.1935016069019877,0.1935016069019877,7.073268954544259,329,493,329,3.0151290893554688,-0.09038159449702143,True
7,61,0,56,chair,0.7313802242279053,2.4132886231462733,2.5187708539249254,-0.10548223077865204,0.10548223077865204,4.187845457012583,337,511,337,2.854510545730591,-0.0745917229965698,True
7,64,0,56,chair,0.7627195119857788,1.7529492399297044,1.8675170814048627,-0.1145678414751583,0.1145678414751583,6.134768062682095,393,493,393,2.2081315517425537,-0.0912951494696268,True
7,65,0,56,chair,0.767181932926178,1.367546627726179,1.4363148457948645,-0.0687682180686855,0.0687682180686855,4.787823384964652,445,630,445,1.8081415891647339,-0.08685268265877921,True
7,65,1,59,bed,0.36584755778312683,1.1822867244426092,1.265348470090597,-0.08306174564798785,0.08306174564798785,6.5643376201372226,479,218,479,1.5145597457885742,0.01536053857652675,True
7,65,2,56,chair,0.3235919177532196,3.823857699581332,2.42038109303186,1.403476606549472,1.403476606549472,57.985769703374466,276,636,276,2.306138038635254,0.6525272472839649,False
7,66,0,56,chair,0.7095880508422852,1.2862567357633519,1.3670672894987113,-0.08081055373535939,0.08081055373535939,5.911234535133362,459,541,459,1.7301445007324219,-0.0915158637152238,True
7,67,0,75,vase,0.3033876419067383,1.1822867244426092,1.122877402652083,0.05940932179052627,0.05940932179052627,5.290811058287359,479,577,479,1.6244405508041382,-0.09234955977561654,True
7,69,0,56,chair,0.7599337100982666,1.1822867244426092,1.2636328282593938,-0.08134610381678464,0.08134610381678464,6.4374794637802975,479,635,479,1.6295841932296753,-0.09739158901324707,True
7,69,1,60,dining table,0.3370448648929596,1.1822867244426092,1.2761471262322626,-0.09386040178965338,0.09386040178965338,7.354982811956003,479,586,479,1.629884958267212,-0.09768641240637166,True
7,70,0,56,chair,0.9281759262084961,1.1822867244426092,1.239396981522027,-0.05711025707941775,0.05711025707941775,4.607906742622865,479,477,479,1.6244091987609863,-0.09231882709531858,True
7,70,1,56,chair,0.5031203627586365,3.6571519736962883,2.1012230351728034,1.555928938523485,1.555928938523485,74.0487284061935,281,554,281,2.2109251022338867,0.6541480515410734,False
7,70,2,60,dining table,0.3455685079097748,1.6830832967517113,1.2738834091823454,0.40919988756936587,0.40919988756936587,32.12224012180321,401,627,401,1.5474151372909546,0.347484468473243,False
7,70,3,56,chair,0.27249088883399963,3.689432512762532,2.373834945156106,1.3155975676064262,1.3155975676064262,55.4207684190912,280,478,280,3.8288795948028564,0.04671132866418537,True
7,70,4,60,dining table,0.27081945538520813,1.1921038660878276,1.2783528014212537,-0.08624893533342615,0.08624893533342615,6.7468804572208745,477,619,477,1.62936270236969,-0.08733795176178138,True
7,71,0,56,chair,0.918867826461792,1.2536604778467009,1.3420221312410137,-0.08836165339431279,0.08836165339431279,6.584217304419693,465,429,465,1.698614478111267,-0.09327599127252784,True
7,71,1,56,chair,0.7284026145935059,3.9674162932389003,2.562585201179225,1.4048310920596752,1.4048310920596752,54.82085401153546,272,418,272,4.101548671722412,0.04226191036346294,True
7,71,2,56,chair,0.7148154377937317,1.1822867244426092,1.1848470708799392,-0.002560346437330052,0.002560346437330052,0.21609087790786227,479,603,479,1.6202831268310547,-0.08827426614294831,True
7,71,3,56,chair,0.6625935435295105,4.08165363695277,2.3450730690619928,1.736580567890777,1.736580567890777,74.0523010050767,269,483,269,2.4392471313476562,0.6551519422416726,False
7,71,4,60,dining table,0.3816014230251312,2.1231228482872155,1.2227664669449636,0.9003563813422519,0.9003563813422519,73.63273410594574,358,528,358,1.861609697341919,0.35510222938767577,False
7,72,0,56,chair,0.9155628085136414,1.1822867244426092,1.2529406862538066,-0.07065396181119743,0.07065396181119743,5.639050801554476,479,446,479,1.6240631341934204,-0.09197959906906372,True
7,72,1,56,chair,0.7743068337440491,3.6571519736962883,2.1008711634982573,1.556280810198031,1.556280810198031,74.07787955957262,281,499,281,2.210721254348755,0.6542260393167125,False
7,72,2,56,chair,0.7028725147247314,3.416156690958381,1.9648293610691705,1.4513273298892106,1.4513273298892106,73.86531159629376,289,426,289,2.0831637382507324,0.6527222345265671,False
7,72,3,60,dining table,0.6114694476127625,1.1822867244426092,1.267336157828788,-0.08504943338617887,0.08504943338617887,6.710881944052345,479,618,479,1.4404650926589966,0.08799144417304405,True
7,72,4,60,dining table,0.2747076749801636,1.6498221342233514,1.1649870452398345,0.4848350889835169,0.4848350889835169,41.617208617431835,405,564,405,1.6062138080596924,0.28429764797297596,False
7,73,0,60,dining table,0.6388648152351379,1.1822867244426092,0.999451001806643,0.18283572263596615,0.18283572263596615,18.293615425415137,479,627,479,1.6351747512817383,-0.10287170501299592,True
7,73,1,56,chair,0.6384283304214478,3.3330005249678387,2.2241805230288283,1.1088200019390104,1.1088200019390104,49.852967889002535,292,518,292,2.0489461421966553,0.6480850917539138,False
7,73,2,56,chair,0.5329098701477051,3.056792820267693,2.0369401773051314,1.0198526429625616,1.0198526429625616,50.06787407531158,303,438,303,3.6782021522521973,-0.15146013920827306,False
7,73,3,56,chair,0.5029632449150085,1.1822867244426092,0.9053822132545243,0.2769045111880849,0.2769045111880849,30.584266747710064,479,446,479,1.3964048624038696,0.1311812600241895,True
7,73,4,60,dining table,0.339250385761261,1.1822867244426092,1.2776600638418967,-0.0953733393992875,0.0953733393992875,7.464688151283518,479,50,479,1.5406513214111328,-0.010215595272056621,True
7,73,5,45,bowl,0.2701183259487152,3.930619911182698,2.2931718472662013,1.6374480639164966,1.6374480639164966,71.40537966522552,273,637,273,2.390962600708008,0.6430069260945398,False
7,74,0,59,bed,0.4443356394767761,1.1822867244426092,0.7877000013225219,0.39458672312008725,0.39458672312008725,50.09352830488629,479,432,479,1.2943813800811768,0.23118925790561096,False
7,74,1,56,chair,0.4288691282272339,2.542172777113504,1.4605882365407743,1.0815845405727298,1.0815845405727298,74.05129751930163,329,456,329,1.6100364923477173,0.6507586149667255,False
7,74,2,56,chair,0.31670865416526794,2.8389123183635725,1.6313746519125873,1.2075376664509851,1.2075376664509851,74.01964135186819,313,543,313,1.771522879600525,0.6511378330727331,False
7,75,0,59,bed,0.56109219789505,1.1822867244426092,0.6700879180809457,0.5121988063616635,0.5121988063616635,76.43755282568617,479,430,479,1.6399859189987183,-0.10758782761431074,True
7,75,1,56,chair,0.4638737738132477,2.0864826102176868,1.1967219923084211,0.8897606179092656,0.8897606179092656,74.34981755394658,361,477,361,1.3610162734985352,0.6506445271078528,False
7,75,2,56,chair,0.3708270490169525,2.4132886231462733,1.3882610125572452,1.0250276105890281,1.0250276105890281,73.83536678746576,337,573,337,1.5424360036849976,0.649168683826777,False
7,76,0,56,chair,0.5270329117774963,1.8669919745293975,1.0714032771523012,0.7955886973770963,0.7955886973770963,74.25669814000415,381,542,381,1.2429624795913696,0.6492790504947441,False
7,89,0,59,bed,0.3804815113544464,1.1822867244426092,1.282041394616329,-0.09975467017371975,0.09975467017371975,7.780924281588654,479,402,479,1.6734710931777954,-0.14041149871552072,True
7,90,0,57,couch,0.4948844313621521,1.1822867244426092,1.017880695928285,0.1644060285143243,0.1644060285143243,16.15179747213789,479,480,479,1.5419964790344238,-0.011534179167426606,True
7,91,0,59,bed,0.3891220688819885,1.1822867244426092,0.8830259799837855,0.29926074445882367,0.29926074445882367,33.89036690226474,479,495,479,1.6491423845291138,-0.1165634062214862,True
7,91,1,59,bed,0.309203565120697,1.1822867244426092,1.2733759303755892,-0.09108920593297998,0.09108920593297998,7.153363257472027,479,382,479,1.6700727939605713,-0.1370803332506756,True
7,92,0,0,person,0.25169602036476135,1.1822867244426092,0.6812489933124659,0.5010377311301433,0.5010377311301433,73.546931598963,479,542,479,1.6441162824630737,-0.11163659532139847,True
7,93,0,0,person,0.579898476600647,1.1822867244426092,0.5889983868718558,0.5932883375707534,0.5932883375707534,100.72834676537595,479,578,479,1.371093511581421,0.15599258249425496,False
7,97,0,56,chair,0.33474764227867126,1.1822867244426092,0.6550660296750771,0.5272206947675321,0.5272206947675321,80.48359568104023,479,523,479,1.6502453088760376,-0.11764454218390763,True
7,98,0,56,chair,0.3358767330646515,1.1822867244426092,0.6747543297036406,0.5075323947389686,0.5075323947389686,75.21736021492183,479,532,479,1.4173080921173096,0.11069097577487796,True
7,99,0,56,chair,0.43818435072898865,1.1822867244426092,0.7375308785803257,0.44475584586228345,0.44475584586228345,60.303352548220715,479,485,479,1.6513336896896362,-0.11871142192200823,True
7,99,1,60,dining table,0.29246097803115845,1.2974092736530591,0.9983854839767835,0.29902378967627563,0.29902378967627563,29.95073490904533,457,626,457,1.237452745437622,0.36916928162315177,False
7,99,2,56,chair,0.28378644585609436,2.922685298749407,1.7014585932914668,1.2212267054579402,1.2212267054579402,71.77528211811965,309,494,309,1.8533631563186646,0.6342999978581698,False
7,100,0,60,dining table,0.4688956141471863,1.1822867244426092,1.2655402640276046,-0.08325353958499537,0.08325353958499537,6.578497891488612,479,620,479,1.6420886516571045,-0.10964902057163362,True
7,100,1,56,chair,0.38775506615638733,3.202174322980737,1.8703043723128852,1.331869950667852,1.331869950667852,71.21140122347113,297,430,297,2.011122226715088,0.6334585493825811,False
7,101,0,56,chair,0.4891631603240967,1.1822867244426092,0.9713056676092074,0.21098105683340174,0.21098105683340174,21.721386363647504,479,409,479,1.401666283607483,0.12602377874042037,True
7,101,1,56,chair,0.43604546785354614,3.416156690958381,1.9984125100183157,1.4177441809400655,1.4177441809400655,70.94352011072387,289,374,289,2.127678632736206,0.6346168500877957,False
7,101,2,60,dining table,0.339711457490921,1.1822867244426092,0.6839673490696798,0.49831937537292936,0.49831937537292936,72.85718770797092,479,600,479,1.6335827112197876,-0.10131111586706654,True
7,102,0,56,chair,0.7742902040481567,1.1822867244426092,1.0504866019806354,0.1318001224619738,0.1318001224619738,12.54657814897133,479,372,479,1.3660252094268799,0.16096075981573232,False
7,102,1,71,sink,0.45715776085853577,3.103932365323887,1.454252401476831,1.649679963847056,1.649679963847056,113.43835239135677,301,494,301,1.5920994281768799,0.7947816984864206,False
7,102,2,56,chair,0.4102448523044586,3.416156690958381,1.9959912428746611,1.42016544808372,1.42016544808372,71.15088571422655,289,326,289,2.12320876121521,0.6364348650065091,False
7,102,3,60,dining table,0.3891838490962982,1.1822867244426092,0.6795524657237022,0.502734258718907,0.502734258718907,73.98019786206068,479,584,479,1.6314858198165894,-0.09925564877033155,True
7,102,4,56,chair,0.32836073637008667,1.1822867244426092,0.5638089079522145,0.6184778164903947,0.6184778164903947,109.69635416665209,479,404,479,1.4473744630813599,0.0812185690777194,True
8,20,0,58,potted plant,0.3873458206653595,7.306101522862765,7.471308903845824,-0.16520738098305898,0.16520738098305898,2.211224072103607,221,468,221,7.386362552642822,0.011890224489938372,True
8,21,0,58,potted plant,0.37871307134628296,7.7974987597924255,7.986364338685238,-0.18886557889281264,0.18886557889281264,2.364850523760412,217,404,217,7.8487019538879395,0.0135097992580413,True
8,23,0,58,potted plant,0.4347497522830963,8.35581679185428,8.374653252043597,-0.018836460189316284,0.018836460189316284,0.22492226988287284,213,286,213,8.343221664428711,0.020587831244542,True
8,24,0,58,potted plant,0.42195743322372437,7.7974987597924255,7.976931032852533,-0.17943227306010723,0.17943227306010723,2.2493898006780517,217,288,217,7.836604118347168,0.015801046153030907,True
8,25,0,58,potted plant,0.3330516219139099,7.7974987597924255,7.862172490787511,-0.06467373099508578,0.06467373099508578,0.8225936415267806,217,286,217,7.819437026977539,0.019052375257654797,True
8,26,0,58,potted plant,0.4170182943344116,8.067466408654353,7.953055120022883,0.11441128863146943,0.11441128863146943,1.4385828704169756,215,216,215,7.912740707397461,0.04915080331161015,True
8,27,0,58,potted plant,0.3819347620010376,7.423345006827991,7.2948210040880825,0.12852400273990838,0.12852400273990838,1.761852726309287,220,150,220,3.614335536956787,0.7827398801460458,False
8,48,0,58,potted plant,0.3481599688529968,9.736517592885464,4.327361508761667,5.409156084123797,5.409156084123797,124.99894157610372,205,621,205,4.369110107421875,0.8307794383401697,False
8,49,0,58,potted plant,0.7677354216575623,4.417679139474614,4.427508142385673,-0.009829002911058815,0.009829002911058815,0.2219985281780342,261,511,261,4.609931468963623,0.014643535686061915,True
8,50,0,56,chair,0.6777196526527405,3.6571519736962883,3.3375783096392824,0.31957366405700594,0.31957366405700594,9.57501620663231,281,629,281,3.9233412742614746,-0.0009852020542737705,True
8,50,1,58,potted plant,0.5933736562728882,4.808152731105021,4.869942085865095,-0.061789354760073856,0.061789354760073856,1.2687903402263483,253,446,253,4.983628273010254,0.014580844396608894,True
8,51,0,58,potted plant,0.6917060017585754,4.605315013119116,4.6242805180016555,-0.018965504882539896,0.018965504882539896,0.4101287715723544,257,450,257,4.787110328674316,0.015355021257260626,True
8,51,1,56,chair,0.38828521966934204,3.103932365323887,3.136855939769464,-0.03292357444557714,0.03292357444557714,1.0495724087347402,301,636,301,3.3896446228027344,-0.001438529102974817,True
8,52,0,58,potted plant,0.5051332116127014,4.417679139474614,4.3876842500449085,0.029994889429705296,0.029994889429705296,0.6836154955634808,261,453,261,4.60575532913208,0.015989121045936194,True
8,53,0,58,potted plant,0.5809081792831421,4.08165363695277,4.122194584804955,-0.040540947852185205,0.040540947852185205,0.9834797222243072,269,469,269,4.292757511138916,0.013177365628607385,True
8,54,0,58,potted plant,0.27123868465423584,3.789430025844956,3.840613773582008,-0.051183747737052254,0.051183747737052254,1.3326970831882148,277,484,277,4.019016265869141,0.010937518201507901,True
8,55,0,58,potted plant,0.5982365608215332,4.08165363695277,4.142137616634107,-0.06048397968133745,0.06048397968133745,1.4602117379790633,269,418,269,4.293416976928711,0.012948955647303695,True
8,55,1,56,chair,0.4725755751132965,3.010904127673106,2.822410160370758,0.1884939673023478,0.1884939673023478,6.678475366513944,305,628,305,3.320741891860962,-0.011013036502936169,True
8,56,0,58,potted plant,0.5249716639518738,3.930619911182698,3.9377426893020813,-0.007122778119383444,0.007122778119383444,0.18088480333502627,273,417,273,4.1436896324157715,0.014776720329030324,True
8,56,1,56,chair,0.2710419297218323,2.922685298749407,2.977170896210177,-0.05448559746076986,0.05448559746076986,1.8301131967307593,309,636,309,3.2253036499023438,-0.006529018400554865,True
8,57,0,57,couch,0.5355463027954102,3.103932365323887,3.148915802743662,-0.04498343741977484,0.04498343741977484,1.4285373200699938,301,622,301,3.4839656352996826,-0.04321789479642768,True
8,57,1,58,potted plant,0.45561012625694275,4.08165363695277,4.119079822508123,-0.037426185555353264,0.037426185555353264,0.9086054936552388,269,360,269,4.286067962646484,0.015494331375324633,True
8,58,0,57,couch,0.8396255970001221,3.5329678035523537,3.612912969389928,-0.07994516583757427,0.07994516583757427,2.2127620154402368,285,493,285,3.799226760864258,0.0006261758403864892,True
8,58,1,58,potted plant,0.42046019434928894,4.24359786465229,4.190812291600046,0.05278557305224396,0.05278557305224396,1.2595546967838664,265,325,265,4.455197811126709,0.010707564047452989,True
8,59,0,57,couch,0.8732097148895264,3.3060809373083413,3.3540527517201566,-0.047971814411815306,0.047971814411815306,1.4302641598946981,293,501,293,3.565483808517456,0.006773562305033787,True
8,59,1,58,potted plant,0.4941704273223877,3.930619911182698,3.927747775180388,0.002872136002309844,0.002872136002309844,0.07312424744936523,273,322,273,4.165707111358643,0.006884992138337376,True
8,60,0,57,couch,0.8114327788352966,3.103932365323887,3.0933348189208214,0.01059754640306565,0.01059754640306565,0.34259293039486877,301,516,301,3.391425848007202,-0.0022275204128621162,True
8,60,1,58,potted plant,0.728135347366333,3.6571519736962883,3.6749110203642616,-0.017759046667973344,0.017759046667973344,0.4832510656601706,281,303,281,3.882934808731079,0.014473434497769944,True
8,61,0,58,potted plant,0.715139627456665,3.416156690958381,3.4250150084899667,-0.008858317531585502,0.008858317531585502,0.25863587486850137,289,301,289,3.652895450592041,0.014270847722881674,True
8,61,1,57,couch,0.5046473741531372,2.7592573694091684,2.8091038374677098,-0.049846468058541316,0.049846468058541316,1.7744615700456212,317,637,317,3.0627403259277344,-0.004555709248461826,True
8,61,2,57,couch,0.4738961458206177,2.7592573694091684,2.8091038374677098,-0.049846468058541316,0.049846468058541316,1.7744615700456212,317,636,317,3.0618460178375244,-0.00411638491803723,True
8,61,3,75,vase,0.2517114579677582,4.808152731105021,2.966793710977182,1.8413590201278387,1.8413590201278387,62.065623683735815,253,485,253,2.974555253982544,0.6134047100592629,False
8,62,0,57,couch,0.8574903607368469,3.103932365323887,3.18463600949521,-0.08070364417132314,0.08070364417132314,2.534155989277886,301,465,301,3.3834238052368164,0.0013169736754452543,True
8,62,1,58,potted plant,0.6616780161857605,3.3060809373083413,3.3382439233795687,-0.03216298607122736,0.03216298607122736,0.963470219955234,293,249,293,3.548290967941284,0.013973932708087,True
8,62,2,56,chair,0.3166384994983673,3.5632959838895513,3.160433643018128,0.40286234087142336,0.40286234087142336,12.747058991774965,284,450,284,3.372067451477051,0.1793842542739832,False
8,63,0,57,couch,0.8591273427009583,3.3060809373083413,3.371727067669682,-0.06564613036134093,0.06564613036134093,1.9469586073795484,293,404,293,3.5687448978424072,0.005407816432322354,True
8,63,1,58,potted plant,0.6984222531318665,3.202174322980737,3.193013663283712,0.009160659697025064,0.009160659697025064,0.2868969776848431,297,188,297,3.449723243713379,0.013601936209165055,True
8,63,2,58,potted plant,0.5739736557006836,3.6571519736962883,2.614447871063943,1.0427041026323454,1.0427041026323454,39.88238259300307,281,586,281,2.7594385147094727,0.4442987272787773,False
8,63,3,56,chair,0.43897661566734314,3.6571519736962883,3.650505233732979,0.006646739963309223,0.006646739963309223,0.1820772615770863,281,389,281,3.913640260696411,0.002726195142195964,True
8,64,0,57,couch,0.873198926448822,3.103932365323887,3.173821782158361,-0.06988941683447392,0.06988941683447392,2.2020586419614756,301,413,301,3.3921117782592773,-0.002531352295949363,True
8,64,1,58,potted plant,0.6051889657974243,2.922685298749407,2.9352071444336345,-0.01252184568422754,0.01252184568422754,0.4266085856316524,309,180,309,3.1824772357940674,0.013475062644685787,True
8,65,0,57,couch,0.8200443983078003,3.202174322980737,3.2016110125500092,0.0005633104307278813,0.0005633104307278813,0.017594593113271984,297,356,297,3.4666881561279297,0.006292186648436449,True
8,65,1,58,potted plant,0.5542125105857849,3.9674162932389003,2.7774404536879747,1.1899758395509257,1.1899758395509257,42.8443330970728,272,531,272,2.961376667022705,0.44749229844759064,False
8,65,2,58,potted plant,0.52838534116745,2.6834240906752167,2.671665080668207,0.011759010007009518,0.011759010007009518,0.4401378785123952,321,111,321,2.9553778171539307,0.012502133689253236,True
8,66,0,57,couch,0.8352857828140259,2.922685298749407,2.969597778912184,-0.04691248016277694,0.04691248016277694,1.579758730152398,309,359,309,3.2017908096313477,0.004453754081764849,True
8,66,1,58,potted plant,0.48924943804740906,3.5329678035523537,2.516180552370936,1.0167872511814178,1.0167872511814178,40.40994793570453,285,548,285,2.6138696670532227,0.46843015560017176,False
8,66,2,58,potted plant,0.339086651802063,6.48109328551411,3.012743735042352,3.468349550471758,3.468349550471758,115.12262095611001,229,103,229,3.0813026428222656,0.8048108417330635,False
8,66,3,58,potted plant,0.25019630789756775,2.4444400465617138,2.419625036116118,0.024815010445595753,0.024815010445595753,1.0255725608389217,335,100,335,2.723513126373291,0.014110407166889383,True
8,67,0,57,couch,0.6173909902572632,3.010904127673106,3.0473369875965943,-0.036432859923488436,0.036432859923488436,1.1955638668049864,305,309,305,3.2915549278259277,0.0022676955108862362,True
8,67,1,62,tv,0.32363829016685486,9.940330998550637,2.7430720626768057,7.1972589358738315,7.1972589358738315,262.37950631345944,204,241,204,4.142666339874268,0.8779687495659706,False
8,67,2,75,vase,0.30977481603622437,4.605315013119116,2.783130156852031,1.8221848562670848,1.8221848562670848,65.4724987180671,257,249,257,2.8584983348846436,0.6134828929655756,False
8,67,3,58,potted plant,0.2731814980506897,3.930619911182698,2.8105956773117846,1.1200242338709132,1.1200242338709132,39.850066052267216,273,476,273,2.8936004638671875,0.46284636344813856,False
8,68,0,57,couch,0.6966006755828857,2.6834240906752167,2.718905949811215,-0.03548185913599822,0.03548185913599822,1.3050050200692624,321,308,321,2.9710261821746826,0.004626013944253549,True
8,68,1,58,potted plant,0.5878467559814453,3.5329678035523537,2.5459099844760025,0.9870578190763513,0.9870578190763513,38.77033457958282,285,493,285,2.636461019515991,0.45951442493519457,False
8,68,2,75,vase,0.5033971667289734,4.24359786465229,2.556680674756605,1.6869171898956847,1.6869171898956847,65.98075412981633,265,241,265,2.6549015045166016,0.6125142145202137,False
8,68,3,62,tv,0.3734709322452545,8.995724867412417,2.6137533984282975,6.381971468984119,6.381971468984119,244.16884442203792,209,221,209,3.755009889602661,0.8795034633365183,False
8,69,0,57,couch,0.7119518518447876,2.476288589174513,2.4948379590198098,-0.01854936984529676,0.01854936984529676,0.7435100054588143,333,306,333,2.771472215652466,0.004676448664970412,True
8,69,1,58,potted plant,0.39447495341300964,3.3060809373083413,2.3119173251593805,0.9941636121489608,0.9941636121489608,43.001693932996695,293,511,293,2.5101189613342285,0.4487608986276095,False
8,69,2,75,vase,0.3076366186141968,3.789430025844956,2.2846890681043766,1.5047409577405793,1.5047409577405793,65.8619581433492,277,234,277,2.395092487335205,0.6126081291046938,False
8,69,3,58,potted plant,0.26446762681007385,18.834817935321645,2.34960908781253,16.485208847509114,16.485208847509114,701.6149593997668,181,2,181,2.3055357933044434,1.3138822319179189,False
8,70,0,57,couch,0.86568284034729,2.1866480344612778,2.195037896100754,-0.008389861639476415,0.008389861639476415,0.3822194438820437,353,303,353,2.497377872467041,0.001794038453165392,True
8,70,1,58,potted plant,0.5222878456115723,3.1771012445144122,2.0397290682441502,1.137372176270262,1.137372176270262,55.76094364578235,298,542,298,2.219583034515381,0.5369382339665205,False
8,70,2,57,couch,0.31339165568351746,2.2398168151806668,1.6335337329057662,0.6062830822749006,0.6062830822749006,37.11481863288068,349,635,349,1.8383152484893799,0.41936930555081964,False
8,71,0,57,couch,0.8847466707229614,2.1355772235358987,2.156368565117575,-0.02079134158167628,0.02079134158167628,0.9641831140560447,357,352,357,2.4500043392181396,0.0006324398789763208,True
8,71,1,58,potted plant,0.43241700530052185,2.665030868667062,1.7472379213517073,0.9177929473153548,0.9177929473153548,52.52821817221819,322,621,322,1.959059476852417,0.5080546475204379,False
8,71,2,75,vase,0.40593069791793823,3.5329678035523537,2.1263099151496965,1.4066578884026573,1.4066578884026573,66.15488543699077,285,280,285,2.2503063678741455,0.6119112712391376,False
8,72,0,57,couch,0.8885775208473206,2.0864826102176868,2.1038390857248017,-0.017356475507114943,0.017356475507114943,0.8249906385371387,361,404,361,2.398310899734497,0.0033107038829411906,True
8,72,1,75,vase,0.47747302055358887,3.5329678035523537,2.128163638101779,1.4048041654505745,1.4048041654505745,66.01015731589104,285,333,285,2.2495522499084473,0.6122088856773553,False
8,72,2,58,potted plant,0.3328474462032318,2.01630222191369,1.9890841080489565,0.027218113864733606,0.027218113864733606,1.3683742057258295,367,93,367,2.310711622238159,0.016128336317770886,True
8,73,0,57,couch,0.8631646037101746,1.949971839345048,1.9617448719940305,-0.01177303264898244,0.01177303264898244,0.6001306702545705,373,458,373,2.26822566986084,0.0023314938893916892,True
8,73,1,58,potted plant,0.4172225296497345,2.2398168151806668,2.2301842978401862,0.00963251734048054,0.00963251734048054,0.4319157546669625,349,158,349,2.535688638687134,0.009427054590847028,True
8,73,2,75,vase,0.33512747287750244,3.416156690958381,2.0578892466411576,1.3582674443172236,1.3582674443172236,66.002941923826,289,390,289,2.1830203533172607,0.6121079092444104,False
8,74,0,57,couch,0.8233967423439026,1.6830832967517113,1.6930626694121593,-0.009979372660448016,0.009979372660448016,0.5894272457092748,401,477,401,2.009099245071411,0.0036219250270228542,True
8,74,1,58,potted plant,0.4774506986141205,1.9937802523066508,1.981014863928734,0.012765388377916853,0.012765388377916853,0.6443862996868499,369,144,369,2.2938411235809326,0.013114076513740969,True
8,75,0,57,couch,0.8034498691558838,1.47059365802198,1.4883593566313758,-0.017765698609395697,0.017765698609395697,1.193643089636971,429,544,429,1.804563045501709,0.0034416044721867767,True
8,75,1,58,potted plant,0.4102141857147217,2.1355772235358987,2.1439624064641754,-0.008385182928276613,0.008385182928276613,0.39110680779638596,357,209,357,2.4397082328796387,0.006933509469910781,True
8,75,2,75,vase,0.2621024549007416,2.8389123183635725,1.7028745555319855,1.136037762831587,1.136037762831587,66.71294483442932,313,457,313,1.8546948432922363,0.6112842505195895,False
8,76,0,75,vase,0.4570590555667877,2.4132886231462733,1.4470041424932127,0.9662844806530606,0.9662844806530606,66.77828019124645,337,479,337,1.6118770837783813,0.6108639208212513,False
8,76,1,57,couch,0.42088988423347473,1.212107743143963,1.229014092376219,-0.01690634923225587,0.01690634923225587,1.375602553064997,473,582,473,1.5579477548599243,0.0010458260932035834,True
8,76,2,58,potted plant,0.4036807119846344,1.9077368367123282,1.902059086541787,0.005677750170541174,0.005677750170541174,0.2985054570972413,377,213,377,2.2186145782470703,0.008301089031600428,True
8,78,0,41,cup,0.29814383387565613,1.3922302760127698,1.3946608058195236,-0.002430529806753734,0.002430529806753734,0.17427390205645868,441,168,441,1.723798394203186,0.00798146115190801,True
8,79,0,75,vase,0.3915693163871765,1.1822867244426092,1.1458874384722195,0.03639928597038966,0.03639928597038966,3.1765149654594205,479,129,479,1.5484005212783813,-0.017811708894754696,True
8,79,1,75,vase,0.37991657853126526,1.1822867244426092,1.1463977252477444,0.03588899919486477,0.03588899919486477,3.1305888353109657,479,129,479,1.5484005212783813,-0.017811708894754696,True
8,88,0,61,toilet,0.391421377658844,1.1822867244426092,0.7296300315352111,0.4526566929073981,0.4526566929073981,62.03920800175471,479,590,479,1.014278531074524,0.5057586461709112,False
8,91,0,59,bed,0.25664862990379333,1.1822867244426092,0.9511890367552073,0.2310976876874019,0.2310976876874019,24.29566350719788,479,602,479,1.6636474132537842,-0.13078188660405732,True
8,92,0,59,bed,0.6293825507164001,1.1822867244426092,0.7438291006631489,0.4384576237794603,0.4384576237794603,58.946016415405154,479,526,479,1.6633504629135132,-0.13049080254845946,True
8,93,0,59,bed,0.7565406560897827,1.1822867244426092,0.7135387632339948,0.4687479612086144,0.4687479612086144,65.69341223791302,479,477,479,1.4401929378509521,0.08825822253471816,True
9,17,0,58,potted plant,0.28626275062561035,7.7974987597924255,7.9189486376158555,-0.12144987782343009,0.12144987782343009,1.5336616434981045,217,463,217,7.828924179077148,0.0172555738614657,True
9,21,0,58,potted plant,0.2958102524280548,8.35581679185428,8.507190658768252,-0.15137386691397126,0.15137386691397126,1.7793637522153354,213,289,213,8.348618507385254,0.019630868159548953,True
9,23,0,58,potted plant,0.33978357911109924,7.7974987597924255,7.9861715439396415,-0.188672784147216,0.188672784147216,2.3624935065462194,217,230,217,7.825272560119629,0.017947165392025566,True
9,24,0,58,potted plant,0.35203468799591064,7.7974987597924255,7.78256336427073,0.01493539552169576,0.01493539552169576,0.19190843456878542,217,213,217,4.028763771057129,0.7369798341222441,False
9,25,0,58,potted plant,0.279180109500885,7.306101522862765,7.470154641600128,-0.16405311873736306,0.16405311873736306,2.196114091451023,221,208,221,7.332773208618164,0.022686719535762068,True
9,27,0,58,potted plant,0.314983606338501,6.974543802967849,7.006653756557574,-0.03210995358972468,0.03210995358972468,0.45827801266293144,224,221,224,7.039560317993164,0.018012376398875984,True
9,31,0,0,person,0.3629976511001587,1.1822867244426092,1.1548801352506546,0.0274065891919546,0.0274065891919546,2.373111144214658,479,615,479,1.6110413074493408,-0.0792150198586119,True
9,36,0,58,potted plant,0.26461437344551086,34.49169169881115,6.374056680293629,28.117635018517525,28.117635018517525,441.1262156712144,169,445,169,6.228610515594482,1.2228003455461134,False
9,37,0,58,potted plant,0.4214755594730377,5.267474899589832,5.363126386335685,-0.09565148674585267,0.09565148674585267,1.7835023800586922,245,451,245,5.427817344665527,0.013257670462890614,True
9,49,0,58,potted plant,0.4397870898246765,34.49169169881115,4.980139161897769,29.511552536913385,29.511552536913385,592.5848972796072,169,569,169,4.884814739227295,1.2826049719444015,False
9,50,0,58,potted plant,0.365064412355423,4.08165363695277,4.037657567241161,0.043996069711608854,0.043996069711608854,1.089643412768913,269,584,269,4.290122985839844,0.014089849465702908,True
9,51,0,58,potted plant,0.3976050913333893,3.823857699581332,3.7786070167840364,0.04525068279729538,0.04525068279729538,1.1975493242959183,276,613,276,4.032734394073486,0.018027776021332764,True
9,51,1,58,potted plant,0.3946934640407562,3.8588556334949464,3.7833204284628503,0.0755352050320961,0.0755352050320961,1.996532053267975,275,610,275,4.050551414489746,0.0237069389854192,True
9,52,0,58,potted plant,0.6765345335006714,4.417679139474614,4.381953640738651,0.03572549873596298,0.03572549873596298,0.8152870081469153,261,512,261,4.6073994636535645,0.015459367869315122,True
9,53,0,58,potted plant,0.5578530430793762,4.08165363695277,4.113148138138275,-0.03149450118550501,0.03149450118550501,0.7657030607159288,269,532,269,4.293746471405029,0.01283483323437462,True
9,54,0,58,potted plant,0.5495468974113464,3.789430025844956,3.8386456796120894,-0.04921565376713355,0.04921565376713355,1.282109834427516,277,552,277,4.020846843719482,0.01025928138517429,True
9,55,0,58,potted plant,0.6903230547904968,4.24359786465229,4.304410484291372,-0.06081261963908258,0.06081261963908258,1.4127978700222419,265,475,265,4.449290752410889,0.012682187450756777,True
9,56,0,58,potted plant,0.5801715850830078,4.08165363695277,4.084236206098416,-0.002582569145646474,0.002582569145646474,0.06323260985224816,269,475,269,4.28705358505249,0.015152955069211327,True
9,57,0,56,chair,0.6697644591331482,3.5329678035523537,3.5114545695586505,0.021513233993703196,0.021513233993703196,0.612658759142288,285,606,285,3.7891018390655518,0.004622000167858076,True
9,57,1,58,potted plant,0.6401461362838745,4.417679139474614,4.417749477043819,-7.033756920549195e-05,7.033756920549195e-05,0.0015921583958300647,261,410,261,4.606387615203857,0.015785393461191566,True
9,58,0,58,potted plant,0.6657472252845764,4.08165363695277,4.13602647438784,-0.05437283743507049,0.05437283743507049,1.3146153142822432,269,425,269,4.293087005615234,0.01306324321567831,True
9,58,1,56,chair,0.28817951679229736,3.010904127673106,3.082617391079752,-0.07171326340664619,0.07171326340664619,2.32637574854942,305,637,305,3.3184430599212646,-0.009967015721217054,True
9,58,2,58,potted plant,0.26036760210990906,4.08165363695277,4.13602647438784,-0.05437283743507049,0.05437283743507049,1.3146153142822432,269,425,269,4.293087005615234,0.01306324321567831,True
9,59,0,57,couch,0.7957621812820435,3.3060809373083413,3.33664320297511,-0.030562265666768784,0.030562265666768784,0.9159584590740183,293,624,293,3.683532238006592,-0.042665180179353834,True
9,59,1,58,potted plant,0.5459702014923096,4.417679139474614,4.3737125902578615,0.04396654921675225,0.04396654921675225,1.0052455050358056,261,358,261,4.606387615203857,0.015785393461191566,True
9,60,0,57,couch,0.7289333939552307,3.789430025844956,3.8404574861272947,-0.05102746028233884,0.05102746028233884,1.3286818163373233,277,481,277,4.030409336090088,0.006716337619935953,True
9,60,1,58,potted plant,0.39131051301956177,4.417679139474614,4.42292558137322,-0.0052464418986062356,0.0052464418986062356,0.11861926686492727,261,305,261,4.607273101806641,0.015500082658121528,True
9,61,0,57,couch,0.8523476719856262,3.5329678035523537,3.5979535429618172,-0.0649857394094635,0.0649857394094635,1.8061861731535191,285,491,285,3.785681962966919,0.0059716623562220406,True
9,61,1,58,potted plant,0.4660739600658417,4.24359786465229,4.1862923553652935,0.05730550928699607,0.05730550928699607,1.368884550395803,265,304,265,4.441751956939697,0.015202271080578589,True
9,61,2,56,chair,0.42080363631248474,3.930619911182698,3.961687311075452,-0.0310673998927542,0.0310673998927542,0.7841961632333003,273,477,273,4.1873321533203125,-0.0008660748079118985,True
9,62,0,57,couch,0.8932713866233826,3.3060809373083413,3.352311759519911,-0.04623082221156949,0.04623082221156949,1.379072876509262,293,502,293,3.566999912261963,0.006138617283497627,True
9,62,1,58,potted plant,0.4843493402004242,3.930619911182698,3.923124195290487,0.007495715892210875,0.007495715892210875,0.1910649655498825,273,305,273,4.142564296722412,0.015180074565831037,True
9,62,2,56,chair,0.25864696502685547,3.7555587870974905,3.3943471005927033,0.3612116865047872,0.3612116865047872,10.641565986039385,278,489,278,3.9785118103027344,0.013935379530956249,True
9,63,0,58,potted plant,0.668787956237793,3.6571519736962883,3.671304473682797,-0.014152499986508804,0.014152499986508804,0.3854896832436238,281,304,281,3.8828446865081787,0.014507913303841935,True
9,63,1,57,couch,0.4832235276699066,3.010904127673106,3.07465244270511,-0.06374831503200395,0.06374831503200395,2.07335028006995,305,638,305,3.3125462532043457,-0.007283834639049358,True
9,63,2,57,couch,0.42099592089653015,3.010904127673106,3.07465244270511,-0.06374831503200395,0.06374831503200395,2.07335028006995,305,638,305,3.3125462532043457,-0.007283834639049358,True
9,63,3,56,chair,0.31401315331459045,3.103932365323887,3.156070428136251,-0.052138062812363994,0.052138062812363994,1.651993008380139,301,503,301,3.381310224533081,0.002253181406960403,True
9,63,4,58,potted plant,0.30667486786842346,3.6571519736962883,3.671436424544603,-0.014284450848314645,0.014284450848314645,0.3890698134609932,281,304,281,3.8828446865081787,0.014507913303841935,True
9,64,0,57,couch,0.8209539651870728,2.7592573694091684,2.8089739065905532,-0.0497165371813848,0.0497165371813848,1.7699180852031913,317,637,317,3.060896158218384,-0.003649771179724315,True
9,64,1,58,potted plant,0.6507022976875305,3.416156690958381,3.4220368666197816,-0.005880175661400422,0.005880175661400422,0.17183262164000998,289,303,289,3.6527366638183594,0.014335430501624113,True
9,64,2,56,chair,0.27339544892311096,3.202174322980737,2.8550471463898415,0.34712717659089565,0.34712717659089565,12.158369329551425,297,518,297,3.086801528930664,0.169975678695244,False
9,65,0,57,couch,0.8716633915901184,3.103932365323887,3.1691207502263525,-0.06518838490246548,0.06518838490246548,2.0569864653408816,301,465,301,3.376614809036255,0.0043330093894151656,True
9,65,1,58,potted plant,0.5975624322891235,3.3060809373083413,3.3377770991876368,-0.03169616187929547,0.03169616187929547,0.9496188911778989,293,250,293,3.548366069793701,0.01394248001398668,True
9,65,2,56,chair,0.34897592663764954,3.503100034920091,3.1276515221305248,0.37544851278956637,0.37544851278956637,12.00416702861496,286,453,286,3.3088879585266113,0.18415160500373462,False
9,66,0,57,couch,0.8514457941055298,3.3060809373083413,3.3698229540707616,-0.0637420167624203,0.0637420167624203,1.8915538777911065,293,405,293,3.569580078125,0.005058042503962357,True
9,66,1,58,potted plant,0.6852583289146423,3.103932365323887,3.1344300067642226,-0.03049764144033551,0.03049764144033551,0.9729884340859551,301,197,301,3.35400128364563,0.014349640062709224,True
9,66,2,58,potted plant,0.41893184185028076,3.6571519736962883,2.626566651085653,1.0305853226106354,1.0305853226106354,39.236975851523056,281,590,281,2.744182825088501,0.45013522295108443,False
9,67,0,57,couch,0.8588954210281372,3.127987299800063,3.2068315217917736,-0.07884422199171048,0.07884422199171048,2.4586331229417797,300,413,300,3.4119791984558105,-0.0010324780320360993,True
9,67,1,58,potted plant,0.6537253856658936,2.922685298749407,2.93654290692566,-0.013857608176253144,0.013857608176253144,0.47190211808486804,309,182,309,3.182356834411621,0.013531301745310254,True
9,67,2,58,potted plant,0.5129616260528564,3.3060809373083413,2.3629977876094217,0.9430831496989196,0.9430831496989196,39.91045419695506,293,620,293,2.47936749458313,0.46163962858872853,False
9,67,3,75,vase,0.2568332552909851,5.028117720157712,3.0415377254607687,1.9865799946969434,1.9865799946969434,65.31498781248858,249,362,249,3.096486806869507,0.6144490252307693,False
9,68,0,57,couch,0.8159044981002808,3.202174322980737,3.2472221370986905,-0.04504781411795333,0.04504781411795333,1.387272327423907,297,357,297,3.468479871749878,0.005520181927135548,True
9,68,1,58,potted plant,0.6038715839385986,3.789430025844956,2.661630478792802,1.1277995470521538,1.1277995470521538,42.372506478197295,277,533,277,2.8397738933563232,0.4478517921665419,False
9,68,2,58,potted plant,0.5992614030838013,2.6834240906752167,2.6742363989576305,0.009187691717586155,0.009187691717586155,0.3435631839117646,321,113,321,2.9555342197418213,0.012423413292009133,True
9,68,3,75,vase,0.2867526710033417,5.330648092378006,3.1385068595367915,2.192141232841214,2.192141232841214,69.84662869797741,244,306,244,3.2634477615356445,0.6159544606722291,False
9,69,0,57,couch,0.6473028659820557,3.202174322980737,3.2576228604615576,-0.05544853748082046,0.05544853748082046,1.7021165388360582,297,306,297,3.469914674758911,0.004901961779059993,True
9,69,1,58,potted plant,0.48210906982421875,4.463257278248606,3.0761492173770257,1.3871080608715802,1.3871080608715802,45.09235290134401,260,464,260,3.242194652557373,0.46512580419100935,False
9,69,2,58,potted plant,0.37959063053131104,2.2952155523968525,2.3041418258027444,-0.008926273405891916,0.008926273405891916,0.38740121401954386,345,34,345,2.5841176509857178,0.012159488352003756,True
9,70,0,57,couch,0.6657122373580933,3.010904127673106,3.043950212678435,-0.03304608500532913,0.03304608500532913,1.0856315871293831,305,305,305,3.2861392498016357,0.004731952102542625,True
9,70,1,62,tv,0.3865664601325989,9.940330998550637,2.753871678927632,7.186459319623005,7.186459319623005,260.9583944892247,204,237,204,4.137455940246582,0.878751103521073,False
9,70,2,75,vase,0.30529871582984924,4.605315013119116,2.782985074290036,1.8223299388290797,1.8223299388290797,65.481125129425,257,245,257,2.858254909515381,0.6135583874136583,False
9,70,3,58,potted plant,0.27517634630203247,3.930619911182698,2.8124498413519987,1.118170069830699,1.118170069830699,39.757867087619715,273,466,273,2.941852331161499,0.4455514396120295,False
9,71,0,57,couch,0.6819835305213928,2.6834240906752167,2.7159781137001837,-0.032554023024967016,0.032554023024967016,1.1986113901564617,321,304,321,2.9714999198913574,0.004387572741015644,True
9,71,1,75,vase,0.6062728762626648,4.24359786465229,2.557956103088055,1.6856417615642347,1.6856417615642347,65.8979940871256,265,238,265,2.654649496078491,0.6125984564049931,False
9,71,2,58,potted plant,0.5497065186500549,3.5329678035523537,2.545245974254484,0.9877218292978696,0.9877218292978696,38.80653733622655,285,492,285,2.622408866882324,0.465060140197324,False
9,71,3,62,tv,0.3587142825126648,8.995724867412417,2.62684666038796,6.368878207024457,6.368878207024457,242.45336825575632,209,219,209,3.7519028186798096,0.8800168912111387,False
9,72,0,57,couch,0.6732290387153625,2.4132886231462733,2.460575188911766,-0.04728656576549284,0.04728656576549284,1.9217687790473972,337,302,337,2.7139086723327637,0.0029664231525687867,True
9,72,1,58,potted plant,0.45310068130493164,3.3060809373083413,2.3399349442988795,0.9661459930094618,0.9661459930094618,41.28943821123841,293,498,293,2.5408730506896973,0.4358810703184426,False
9,73,0,57,couch,0.8483567237854004,2.1866480344612778,2.194103350402414,-0.007455315941136131,0.007455315941136131,0.33978873145464067,353,299,353,2.498121500015259,0.0013479276590429023,True
9,73,1,58,potted plant,0.5079372525215149,2.922685298749407,2.068147982784209,0.8545373159651981,0.8545373159651981,41.31896378202066,309,523,309,2.276010513305664,0.4368827692910262,False
9,73,2,65,remote,0.3655833899974823,2.6834240906752167,1.829723416891722,0.8537006737834947,0.8537006737834947,46.65736175764396,321,582,321,2.0517525672912598,0.4673139087907068,False
9,73,3,56,chair,0.32242241501808167,2.492481634016876,1.7860289907390503,0.7064526432778258,0.7064526432778258,39.55437716526085,332,210,332,2.811553716659546,-0.008462447939902473,True
9,73,4,65,remote,0.29061561822891235,2.6834240906752167,1.8772265934779238,0.806197497197293,0.806197497197293,42.94620052785726,321,554,321,2.099640130996704,0.4432111871619486,False
9,73,5,57,couch,0.28433433175086975,2.2398168151806668,1.6341308482738035,0.6056859669068633,0.6056859669068633,37.06471654621006,349,634,349,1.8389801979064941,0.41897842332809954,False
9,74,0,57,couch,0.842534601688385,1.939268937814825,1.9448637681293415,-0.0055948303145165745,0.0055948303145165745,0.2876720933465657,374,298,374,2.257816791534424,0.0023890274477558204,True
9,74,1,58,potted plant,0.4522663950920105,2.542172777113504,1.8129921181868787,0.7291806589266254,0.7291806589266254,40.219736843415404,329,550,329,2.018040657043457,0.4355498146864878,False
9,74,2,75,vase,0.2809087038040161,2.542172777113504,1.8118810906546523,0.7302916864588518,0.7302916864588518,40.30571819671618,329,546,329,2.019084930419922,0.43499899476855597,False
9,75,0,57,couch,0.8326023817062378,1.6663189989070966,1.6709112831957695,-0.0045922842886729764,0.0045922842886729764,0.27483711043531983,403,297,403,1.992823839187622,0.003713104999280903,True
9,75,1,58,potted plant,0.7113081216812134,2.3979672174340765,1.5408423829461577,0.8571248344879188,0.8571248344879188,55.62702869381479,338,605,338,1.7364836931228638,0.5368873995864508,False
9,76,0,57,couch,0.7969023585319519,1.3985091679134343,1.2818658318641885,0.11664333604924582,0.11664333604924582,9.099496464432168,440,293,440,1.737185001373291,0.0016385256103486068,True
9,77,0,57,couch,0.7826293706893921,1.1822867244426092,1.026090320880576,0.15619640356203313,0.15619640356203313,15.222480943781596,479,619,479,1.140938401222229,0.3816009548530632,False
9,78,0,57,couch,0.8466355204582214,1.1822867244426092,1.0387968511547125,0.14348987328789664,0.14348987328789664,13.813083196045042,479,638,479,1.1049091815948486,0.4169184135217219,False
9,79,0,57,couch,0.6883718371391296,1.1822867244426092,1.0276612364098816,0.15462548803272758,0.15462548803272758,15.046348208375484,479,367,479,1.3402928113937378,0.18618481166531287,False
9,80,0,58,potted plant,0.5101850032806396,14.405417795833678,2.022284702440249,12.383133093393429,12.383133093393429,612.3338162253297,189,13,189,2.0001649856567383,1.2902334641171143,False
9,80,1,57,couch,0.43010711669921875,1.1822867244426092,1.0157803162646077,0.16650640817800144,0.16650640817800144,16.391970341609476,479,407,479,1.3494995832443237,0.17715992054450336,False
9,80,2,59,bed,0.33274009823799133,1.1822867244426092,1.0157803162646077,0.16650640817800144,0.16650640817800144,16.391970341609476,479,407,479,1.3494995832443237,0.17715992054450336,False
9,81,0,57,couch,0.6546860933303833,1.1822867244426092,0.8561675101979457,0.3261192142446635,0.3261192142446635,38.09058512034226,479,449,479,1.31533682346344,0.21064779147390222,False
9,81,1,58,potted plant,0.5125350952148438,1.6830832967517113,1.653733056836494,0.029350239915217236,0.029350239915217236,1.7747870367520335,401,92,401,1.978605031967163,0.026334029476163145,True
