episode,step,latency_ms,fps,detections,avg_confidence
1,0,4.739678999612806,210.9847523601687,0,0.0
1,1,4.096774000572623,244.0944996868819,0,0.0
1,2,3.6951889996998943,270.62215223124315,0,0.0
1,3,3.6487540000962326,274.0661606602215,0,0.0
1,4,3.6616460001823725,273.10122276981275,0,0.0
1,5,3.7767960002383916,264.7746926063467,0,0.0
1,6,3.7699140011682175,265.2580402868927,0,0.0
1,7,3.7111690016899956,269.4568745170643,0,0.0
1,8,3.644813999926555,274.3624228891105,0,0.0
1,9,3.6187850000715116,276.33584199675823,0,0.0
1,10,3.6388590015121736,274.8114174208007,0,0.0
1,11,3.724027999851387,268.52644503207455,0,0.0
1,12,3.6686829989776015,272.57738002402573,0,0.0
1,13,3.67002799976035,272.4774852031917,0,0.0
1,14,3.628573000241886,275.59043181254407,0,0.0
1,15,3.707252999447519,269.74150405948205,0,0.0
1,16,3.6676119998446666,272.65697681280153,0,0.0
1,17,3.672758999528014,272.2748756802474,0,0.0
1,18,3.6286559989093803,275.5841282007877,0,0.0
1,19,3.6846019993390655,271.39973331702515,0,0.0
1,20,3.6132870009168983,276.7563162699898,0,0.0
1,21,3.6195339998812415,276.27865908506743,0,0.0
1,22,3.5954889990534866,278.12628553814244,0,0.0
1,23,3.697151998494519,270.4784656966228,0,0.0
1,24,3.662328999780584,273.050291238147,0,0.0
1,25,3.6239689998183167,275.94055027792285,0,0.0
1,26,3.232053999454365,309.400771202715,0,0.0
1,27,3.2318569992639823,309.4196309514123,0,0.0
1,28,3.3533770001668017,298.2068523611448,0,0.0
1,29,3.2759179994172882,305.25794607126227,0,0.0
1,30,3.241839000111213,308.46689177522217,0,0.0
1,31,3.2762959999672603,305.2227271314902,0,0.0
1,32,3.257112000937923,307.02045238605194,0,0.0
1,33,3.2055560004664585,311.9583622480732,0,0.0
1,34,3.2245740003418177,310.11848383507277,0,0.0
1,35,3.2263289995171363,309.9497912797063,0,0.0
1,36,48.061342000437435,20.806743182304363,1,0.259765625
1,37,4.844025999773294,206.43984983705727,1,0.46484375
1,38,4.2489600000408245,235.3517095925572,1,0.740234375
1,39,3.8744979992770823,258.09795235062285,1,0.484375
1,40,3.316021999125951,301.56615374191836,0,0.0
1,41,5.26140300098632,190.06337279477293,2,0.3524169921875
1,42,4.833764000068186,206.87811816751787,2,0.318603515625
1,43,3.3231150009669363,300.92247776830686,0,0.0
1,44,3.372447999936412,296.520509736208,0,0.0
1,45,4.19974199940043,238.1098648780719,1,0.71240234375
1,46,4.142603000218514,241.39411861268192,1,0.62451171875
1,47,4.029089999676216,248.19500186899808,1,0.658203125
1,48,4.258554999978514,234.82143591078318,2,0.5257568359375
1,49,4.355604000011226,229.58928313901416,3,0.3994140625
1,50,4.135044999202364,241.83533678421796,2,0.553955078125
1,51,4.321636999520706,231.39379825536147,3,0.6292317708333334
1,52,4.487395999603905,222.846390220134,3,0.5230305989583334
1,53,4.032687000290025,247.97362154019925,2,0.71240234375
1,54,4.214521999529097,237.27483214270404,2,0.7919921875
1,55,4.351019000750966,229.8312188081469,3,0.5144856770833334
1,56,4.220774999339483,236.92331388346736,2,0.78857421875
1,57,4.514579999522539,221.50454751178623,3,0.64599609375
1,58,4.6081450000201585,217.00706032375837,3,0.5921223958333334
1,59,4.766735999510274,209.78715836218709,3,0.6429036458333334
1,60,4.116276999411639,242.93797529732214,2,0.3687744140625
1,61,4.137922998779686,241.66713597495888,3,0.3680013020833333
1,62,4.360248998636962,229.34470033995893,2,0.594970703125
1,63,4.679427000155556,213.70137838815683,3,0.65380859375
1,64,4.463904000658658,224.01915450073477,3,0.709716796875
1,65,4.150599999775295,240.92902232307085,2,0.5015869140625
1,66,4.528493000179878,220.82401363108622,4,0.4132080078125
1,67,4.399539000587538,227.29654172095184,2,0.599853515625
1,68,4.836240999793517,206.77216045327245,5,0.420751953125
1,69,4.254933999618515,235.0212717963797,2,0.744873046875
1,70,4.622989999916172,216.3102234740142,3,0.6124674479166666
1,71,4.130864001126611,242.08010714641537,3,0.542236328125
1,72,4.604382000252372,217.18441257593068,3,0.5547688802083334
1,73,4.45356999989599,224.53896537459931,3,0.6422526041666666
1,74,4.103941999346716,243.66816104106354,1,0.49609375
1,75,4.231574999721488,236.31862842223464,1,0.455078125
1,76,3.785137998420396,264.1911603797054,1,0.43017578125
1,77,4.111116000785842,243.24295393485602,1,0.265869140625
1,78,3.862990999550675,258.866769328822,1,0.312255859375
1,79,3.2857869991858024,304.3410909617068,0,0.0
1,80,3.23122599911585,309.48005502358143,0,0.0
1,81,3.915977998985909,255.3640496087982,1,0.29736328125
1,82,3.3030419999704463,302.7512214525118,0,0.0
1,83,3.235856998799136,309.03714236170254,0,0.0
1,84,4.077307001352892,245.25992270589134,2,0.333984375
1,85,3.1713699991087196,315.32113890244267,0,0.0
1,86,3.859864000332891,259.07648557403985,1,0.42626953125
1,87,3.1964769987098407,312.8444222822874,0,0.0
1,88,3.163743000186514,316.0812998846766,0,0.0
1,89,3.276003000792116,305.25002564350723,0,0.0
1,90,3.2217150001088157,310.39368782348043,0,0.0
1,91,3.1703140011813957,315.42616902532586,0,0.0
1,92,3.153096999085392,317.14850519665794,0,0.0
1,93,3.205020000677905,312.0105334096157,0,0.0
1,94,3.1505489987466717,317.404998429738,0,0.0
1,95,3.2681100001354935,305.9872525583719,0,0.0
1,96,3.188392000083695,313.6377208240863,0,0.0
1,97,3.1566010002279654,316.79645287059765,0,0.0
1,98,3.219283998987521,310.6280776453722,0,0.0
1,99,4.474344001209829,223.49644992195672,1,0.4072265625
2,0,4.375621998406132,228.5389369475382,0,0.0
2,1,3.8111279991426272,262.3895078373032,0,0.0
2,2,3.302347999124322,302.8148457597952,0,0.0
2,3,3.3597469991946127,297.6414593836133,0,0.0
2,4,3.336695001053158,299.6977547196765,0,0.0
2,5,3.3014979999279603,302.8928080591962,0,0.0
2,6,3.3915120002347976,294.85374073002515,0,0.0
2,7,3.1648159983888036,315.9741357820159,0,0.0
2,8,3.1548549995932262,316.9717784585776,0,0.0
2,9,3.237127000829787,308.9158997295026,0,0.0
2,10,3.2477520016982453,307.9052832473358,0,0.0
2,11,3.1611559988959925,316.339971943568,0,0.0
2,12,3.2604009993519867,306.7107390160758,0,0.0
2,13,3.148236999550136,317.63809400083096,0,0.0
2,14,3.1456110009457916,317.9032625773911,0,0.0
2,15,4.187520000414224,238.8048295652513,1,0.7490234375
2,16,4.0467210001224885,247.11365077299163,2,0.3194580078125
2,17,3.7853659996471833,264.17524754362074,1,0.63330078125
2,18,3.252934999181889,307.41468865854966,0,0.0
2,19,3.7940889997116756,263.56788153256105,1,0.30078125
2,20,3.2272099997499026,309.86517768521304,0,0.0
2,21,3.2187069991778117,310.68376222360115,0,0.0
2,22,3.2160070004465524,310.944596781396,0,0.0
2,23,3.1752599988976726,314.934840090941,0,0.0
2,24,3.158956000334001,316.560281274658,0,0.0
2,25,3.231135999158141,309.4886752710334,0,0.0
2,26,3.2819600000948412,304.69597434798175,0,0.0
2,27,3.3367910000379197,299.6891324594905,0,0.0
2,28,3.259697999965283,306.7768854693442,0,0.0
2,29,3.2503439997526584,307.6597431152201,0,0.0
2,30,3.2795719998830464,304.91783685055896,0,0.0
2,31,3.16090199885366,316.36539201869033,0,0.0
2,32,3.2592980005574645,306.81453485657397,0,0.0
2,33,3.227770001103636,309.8114176840608,0,0.0
2,34,3.2035809999797493,312.15068387729895,0,0.0
2,35,3.2325240008503897,309.35578505741245,0,0.0
2,36,3.2132809992617695,311.20838800893654,0,0.0
2,37,3.150169999571517,317.4431856490345,0,0.0
2,38,3.1751049991726177,314.9502143269543,0,0.0
2,39,3.206065000995295,311.9088351887933,0,0.0
2,40,3.1869880003796425,313.775891180286,0,0.0
2,41,3.170938000039314,315.3640973073588,0,0.0
2,42,3.271003999543609,305.71653233671566,0,0.0
2,43,3.1467160006286576,317.7916277796337,0,0.0
2,44,3.1777690001035808,314.6861839131178,0,0.0
2,45,3.219203999833553,310.63579693977283,0,0.0
2,46,3.208359001291683,311.6858180762816,0,0.0
2,47,3.1376100014313124,318.71392542215915,0,0.0
2,48,3.1437720008398173,318.0892252150802,0,0.0
2,49,3.1565379995299736,316.8027757463733,0,0.0
2,50,3.2172769988392247,310.82185349933945,0,0.0
2,51,3.1938740012265043,313.0993895238141,0,0.0
2,52,3.855224000290036,259.38830011557513,1,0.33447265625
2,53,3.75917000019399,266.01616844899155,1,0.27197265625
2,54,3.158765999614843,316.57932247020915,0,0.0
2,55,3.190913999787881,313.3898312729443,0,0.0
2,56,3.2266979997075396,309.9143459011775,0,0.0
2,57,3.836923999188002,260.6254385574557,1,0.498046875
2,58,3.2220859993685735,310.3579482968388,0,0.0
2,59,3.2246179998765,310.11425230470684,0,0.0
2,60,3.270662000431912,305.7484998046094,0,0.0
2,61,3.160256999763078,316.42996125788795,0,0.0
2,62,3.3173560004797764,301.44488558218467,0,0.0
2,63,3.2070710003608838,311.81099510658555,0,0.0
2,64,3.151439999783179,317.315259078009,0,0.0
2,65,3.2381919991166797,308.81430139805855,0,0.0
2,66,3.443479001361993,290.40397795499024,0,0.0
2,67,3.25446699935128,307.26997698834623,0,0.0
2,68,3.192905000105384,313.1944107222089,0,0.0
2,69,3.23504799962393,309.11442430413666,0,0.0
2,70,3.1749260015203618,314.96797075621123,0,0.0
2,71,3.2237989998975536,310.19303623823265,0,0.0
2,72,3.2586420002189698,306.87629998410483,0,0.0
2,73,3.8139400003274204,262.1960492074211,1,0.25830078125
2,74,3.2028850000642706,312.21851548835923,0,0.0
2,75,4.153152000071714,240.78097791333732,1,0.70556640625
2,76,4.064497001309064,246.03290386926776,1,0.72802734375
2,77,3.9962350001587765,250.23553418662027,1,0.70263671875
2,78,4.277033000107622,233.80694045962173,2,0.603271484375
2,79,4.28678000025684,233.27532552174023,3,0.5009765625
2,80,4.297243998735212,232.70728874002162,3,0.31591796875
2,81,4.293927000617259,232.88705184234578,3,0.4991861979166667
2,82,4.058840000652708,246.37581176867985,2,0.5897216796875
2,83,4.051971000080812,246.79347408460134,2,0.7275390625
2,84,4.038369999761926,247.62466045928258,2,0.5960693359375
2,85,4.116386000532657,242.93154234578606,2,0.79736328125
2,86,4.809998999917298,207.90025112628794,4,0.51568603515625
2,87,4.6802460001345025,213.66398261357665,3,0.5927734375
2,88,5.01317599992035,199.47434520868373,4,0.49078369140625
2,89,4.225622000376461,236.65155092218612,3,0.3312174479166667
2,90,4.184626999631291,238.969924939095,3,0.3401692708333333
2,91,4.194372999336338,238.4146570079072,3,0.4940592447916667
2,92,4.091082999366336,244.43405331910625,3,0.5144856770833334
2,93,4.652497000279254,214.9383438484705,5,0.400048828125
2,94,4.293691999919247,232.89979812683524,4,0.44873046875
2,95,4.404991001138114,227.01521972272604,4,0.48681640625
2,96,4.2638529994292185,234.52966134945675,3,0.6297200520833334
2,97,4.706583998995484,212.46832101868952,3,0.5664876302083334
2,98,4.619927000021562,216.45363660407034,2,0.675537109375
2,99,5.334743000275921,187.4504544920493,3,0.6372884114583334
2,100,4.452331999345915,224.6013999286011,3,0.5733235677083334
2,101,4.4512239983305335,224.65730782702866,4,0.38201904296875
2,102,4.310339998482959,232.0002599219444,1,0.4609375
2,103,4.402161001053173,227.1611601122176,2,0.3558349609375
2,104,3.256126001360826,307.1134223866251,0,0.0
2,105,3.9747649989294587,251.58720082051002,1,0.30908203125
2,106,3.181497000696254,314.3174423176119,0,0.0
2,107,4.1613229986978695,240.30819052328133,3,0.387939453125
2,108,3.180804998919484,314.38582382123354,0,0.0
2,109,3.1494189988734433,317.518882167696,0,0.0
2,110,3.252525000789319,307.4534399450646,0,0.0
2,111,3.8072719999036053,262.65525552818883,1,0.3701171875
2,112,3.815164000116056,262.11193017379605,1,0.267333984375
3,0,4.375636999611743,228.5381534365697,0,0.0
3,1,3.7756649999209912,264.85400585616725,0,0.0
3,2,3.289660999143962,303.9826900888027,0,0.0
3,3,3.2773660004750127,305.1230774515457,0,0.0
3,4,3.2183309995161835,310.720059605532,0,0.0
3,5,3.336475001560757,299.7175161007392,0,0.0
3,6,3.2496439998794813,307.7260155380364,0,0.0
3,7,3.2097220009745797,311.5534615447588,0,0.0
3,8,3.166816999510047,315.7744827549917,0,0.0
3,9,3.242218001105357,308.4308333551519,0,0.0
3,10,3.1861190000199713,313.86147221548595,0,0.0
3,11,4.054605999044725,246.6330884518995,1,0.290283203125
3,12,4.355313998530619,229.6045704942001,2,0.333984375
3,13,4.015430999061209,249.03926881916183,2,0.552734375
3,14,4.526736000116216,220.90972391019196,4,0.57470703125
3,15,4.296410001188633,232.7524607109989,4,0.57403564453125
3,16,3.7758790003863396,264.8389950784128,1,0.385009765625
3,17,3.5042479994444875,285.36793062549384,0,0.0
3,18,3.269040998929995,305.9001096429548,0,0.0
3,19,3.318181999929948,301.3698465066448,0,0.0
3,20,3.1789580007171025,314.56848431920844,0,0.0
3,21,4.329883000536938,230.95312272317577,1,0.260498046875
3,22,3.4042360002786154,293.7516670166687,0,0.0
3,23,3.3100950004154583,302.10613286763294,0,0.0
3,24,3.355708000526647,297.9997067215203,0,0.0
3,25,3.3829479998530587,295.6001688596561,0,0.0
3,26,4.601933000230929,217.29999110152607,1,0.474609375
3,27,3.295466000054148,303.4472211163972,0,0.0
3,28,3.232813998693018,309.32803446294344,0,0.0
3,29,3.879703999700723,257.7516223085934,1,0.405517578125
3,30,3.926557999875513,254.67597830764345,1,0.25390625
3,31,3.1986489993869327,312.6319893779106,0,0.0
3,32,3.7627180008712457,265.76533233913705,1,0.4072265625
3,33,3.830425999694853,261.0675679623269,1,0.303955078125
3,34,4.586308999932953,218.0402585204396,4,0.40740966796875
3,35,4.37721500020416,228.45576467076862,4,0.5224609375
3,36,4.723055000795284,211.72736710277914,5,0.466162109375
3,37,4.627433998393826,216.102487976511,5,0.5623046875
3,38,6.02370299930044,166.01084085920812,6,0.5266520182291666
3,39,5.059569999502855,197.64525445803858,5,0.5765625
3,40,4.274778999388218,233.93022192331213,3,0.7032877604166666
3,41,4.305397998905391,232.2665640329282,3,0.6548665364583334
3,42,4.410149000250385,226.7497084436887,4,0.60467529296875
3,43,4.310623000492342,231.98502858769697,3,0.7112630208333334
3,44,4.381573000500794,228.228537989828,4,0.6578369140625
3,45,4.271338999387808,234.11862185214648,2,0.848876953125
3,46,4.601223999998183,217.33347474506672,5,0.5984375
3,47,4.185809999398771,238.90238690806203,2,0.76025390625
3,48,4.2387789999338565,235.91699402483695,3,0.6446126302083334
3,49,4.181038999377051,239.1749993599662,2,0.474853515625
3,50,4.730234999442473,211.4059872538816,4,0.42547607421875
3,51,3.8883690012880834,257.177237980432,1,0.27978515625
3,52,3.9374199986923486,253.97341414736266,2,0.375732421875
3,53,3.2366300001740456,308.96333530438335,0,0.0
3,54,3.2637020012771245,306.40052296707495,0,0.0
3,55,3.1647330015402986,315.98242237600857,0,0.0
3,56,3.3121010001195827,301.923159941045,0,0.0
3,57,3.1639619992347434,316.05942177619914,0,0.0
3,58,3.225458998713293,310.0333938205143,0,0.0
3,59,3.8424239992309595,260.25238240239617,1,0.2509765625
3,60,3.811489001236623,262.364655827566,1,0.289306640625
3,61,3.2332039991160855,309.2907222289056,0,0.0
3,62,3.154107998852851,317.0468482257741,0,0.0
3,63,3.1767460004630266,314.7875215249331,0,0.0
3,64,3.1537570012005745,317.0821339815716,0,0.0
3,65,3.213086998584913,311.22717823713253,0,0.0
3,66,3.200278999429429,312.4727563372718,0,0.0
3,67,3.166016000250238,315.85437342103177,0,0.0
3,68,3.783432999625802,264.3102177569695,1,0.509765625
3,69,3.1682509998063324,315.63155825126466,0,0.0
3,70,3.1638869986636564,316.06691402770514,0,0.0
3,71,3.1648140011384385,315.9743351869281,0,0.0
3,72,3.1670320004195673,315.7530457120485,0,0.0
3,73,3.1700429990451084,315.453134326955,0,0.0
3,74,3.2214309994742507,310.4210520613987,0,0.0
3,75,3.153738000037265,317.0840443905562,0,0.0
3,76,3.7715170001320075,265.14529828846025,1,0.515625
3,77,3.765814999496797,265.54676746829676,1,0.56396484375
3,78,3.751160000319942,266.5842032637127,1,0.299072265625
3,79,3.2136940008058446,311.1683936769483,0,0.0
3,80,3.1979909999790834,312.69631465708954,0,0.0
3,81,3.1898750003165333,313.491907959017,0,0.0
3,82,3.1658719999541063,315.8687401178874,0,0.0
3,83,3.212908000932657,311.24451733747605,0,0.0
3,84,3.228841000236571,309.70865394943013,0,0.0
3,85,3.2799090004118625,304.8865074837225,0,0.0
3,86,3.2252830005745636,310.0503118088727,0,0.0
3,87,3.1520020002062665,317.25868192169935,0,0.0
3,88,3.2315919997927267,309.445004215922,0,0.0
3,89,3.145700999084511,317.8941674021239,0,0.0
3,90,3.572712999812211,279.8993370171525,0,0.0
3,91,3.2492629998159828,307.7620986841119,0,0.0
3,92,3.1752419999975245,314.9366253031358,0,0.0
3,93,3.2578770005784463,306.94835926047756,0,0.0
3,94,3.2288239999616053,309.71028461504596,0,0.0
3,95,3.163149000101839,316.14065602594263,0,0.0
3,96,3.194848000930506,313.00393624634034,0,0.0
3,97,3.1628569995518774,316.16984269022686,0,0.0
3,98,3.1963130004442064,312.86047388382343,0,0.0
3,99,3.179937999448157,314.4715400657305,0,0.0
3,100,3.2311510003637522,309.48723841362516,0,0.0
3,101,3.2060280009318376,311.9124348600038,0,0.0
3,102,3.8384270010283217,260.5233862027591,1,0.52734375
3,103,3.806971000813064,262.67602243001784,1,0.350341796875
3,104,3.1741629991302034,315.04368246811015,0,0.0
3,105,3.1652630004828097,315.9295135498902,0,0.0
3,106,3.237392998926225,308.89051787400507,0,0.0
3,107,3.155283000523923,316.92878256370466,0,0.0
3,108,3.165440999509883,315.91174820659546,0,0.0
3,109,3.150327000184916,317.42736545803103,0,0.0
3,110,3.1547329999739304,316.98403636956397,0,0.0
3,111,3.149785999994492,317.4818860715454,0,0.0
3,112,3.155910000714357,316.86581676082164,0,0.0
3,113,3.242200999011402,308.43245076567297,0,0.0
3,114,3.1984920005925233,312.6473349987273,0,0.0
3,115,3.1402300010086037,318.4480116675569,0,0.0
3,116,3.144037000311073,318.0624146284091,0,0.0
3,117,3.21318099850032,311.21807345018146,0,0.0
3,118,3.290296001068782,303.92402375809695,0,0.0
3,119,3.219191999960458,310.6369548670235,0,0.0
4,0,4.333288999987417,230.771591740801,0,0.0
4,1,3.684653000163962,271.3959767596844,0,0.0
4,2,3.294555999673321,303.53103729278155,0,0.0
4,3,3.2723520016588736,305.59059645571864,0,0.0
4,4,4.105526999410358,243.57408930537332,1,0.31396484375
4,5,3.8635970013274346,258.82616630472205,1,0.3701171875
4,6,3.1810889995540492,314.35775614583184,0,0.0
4,7,3.162482000334421,316.2073333205544,0,0.0
4,8,4.004253998573404,249.73440754664168,1,0.4072265625
4,9,3.9379539994115476,253.9389744393741,1,0.42822265625
4,10,3.2343109996872954,309.18486196803076,0,0.0
4,11,3.1674459987698356,315.7117754772701,0,0.0
4,12,4.326722999394406,231.1217982154083,1,0.30078125
4,13,3.9813679995859275,251.16994965147722,1,0.30078125
4,14,3.789954000239959,263.8554451945025,1,0.291015625
4,15,3.2229050011665095,310.2790804066693,0,0.0
4,16,3.155799999149167,316.8768617369951,0,0.0
4,17,3.1485300005442696,317.6085347216432,0,0.0
4,18,3.150808001009864,317.37890715000424,0,0.0
4,19,3.2267280002997722,309.911464464032,0,0.0
4,20,3.180658999553998,314.40025483405265,0,0.0
4,21,3.1586639997840393,316.58954547503976,0,0.0
4,22,3.1582620013068663,316.62984248495127,0,0.0
4,23,3.299124999102787,303.1106733670154,0,0.0
4,24,3.1760930014570476,314.85224127292406,0,0.0
4,25,3.1748060009704204,314.9798758394488,0,0.0
4,26,3.370303998963209,296.7091396822439,0,0.0
4,27,3.1604369996784953,316.41193926717347,0,0.0
4,28,3.1835990012041293,314.1099113367516,0,0.0
4,29,3.228890998798306,309.7038581891334,0,0.0
4,30,3.1594319989380892,316.5125884450459,0,0.0
4,31,3.205754999726196,311.9389972363484,0,0.0
4,32,3.2692409986339044,305.8813958401547,0,0.0
4,33,3.2150690003618365,311.0353152257249,0,0.0
4,34,3.2365080005547497,308.9749816248241,0,0.0
4,35,4.5314839990169276,220.67825909060755,2,0.4630126953125
4,36,4.0657680001459084,245.95599157751082,2,0.271240234375
4,37,3.7848150004720083,264.21370658150767,1,0.45703125
4,38,3.2385439990321174,308.78073612674814,0,0.0
4,39,3.8113949995022267,262.3711266165279,1,0.315673828125
4,40,3.9168270013760775,255.30869748617323,2,0.4053955078125
4,41,3.7705800004914636,265.2111876341726,1,0.346923828125
4,42,3.939800000807736,253.81999081044228,2,0.3338623046875
4,43,3.8567920000787126,259.28284438973924,2,0.465576171875
4,44,3.190687000824255,313.4121271505693,0,0.0
4,45,3.2289069986290997,309.7023235492911,0,0.0
4,46,3.7608509992423933,265.8972663903583,1,0.383056640625
4,47,3.770691000681836,265.20338044649503,1,0.525390625
4,48,3.918427000826341,255.20444805762978,1,0.385009765625
4,49,3.2425829995190725,308.39611511819936,0,0.0
4,50,3.164783000102034,315.9774303539167,0,0.0
4,51,3.2210429999395274,310.45844467732167,0,0.0
4,52,3.163982000842225,316.0574237570911,0,0.0
4,53,3.2126419991982402,311.2702878968662,0,0.0
4,54,3.1608959998266073,316.36599244481806,0,0.0
4,55,3.1820389995118603,314.2639044189605,0,0.0
4,56,3.2160989994736155,310.9357019680276,0,0.0
4,57,3.2115110006998293,311.3799080190251,0,0.0
4,58,3.2690150001144502,305.9025424982722,0,0.0
4,59,3.2431069994345307,308.34628650067987,0,0.0
4,60,3.207562000170583,311.7632644191503,0,0.0
4,61,3.166307000356028,315.8253447589123,0,0.0
4,62,3.207738000128302,311.746158807235,0,0.0
4,63,3.2561329990130616,307.112762378902,0,0.0
4,64,3.1654790000175126,315.9079557926202,0,0.0
4,65,3.170379000948742,315.41970209263565,0,0.0
4,66,3.204209999239538,312.0894074474932,0,0.0
4,67,3.1830079988139914,314.1682334359845,0,0.0
4,68,3.2287059984810185,309.7216037850648,0,0.0
4,69,3.2118380004249047,311.3482061883902,0,0.0
4,70,3.203357999154832,312.1724141553451,0,0.0
4,71,3.267561000029673,306.0386630856835,0,0.0
4,72,3.2125550005730474,311.2787173516477,0,0.0
4,73,4.19049499942048,238.63529252231393,1,0.56787109375
4,74,3.303880999737885,302.67433968697287,0,0.0
4,75,3.1622580008843215,316.2297319574656,0,0.0
4,76,3.2748850007919827,305.35423373894497,0,0.0
4,77,3.2263739994959906,309.94546824274414,0,0.0
4,78,3.167943999869749,315.6621455559553,0,0.0
4,79,3.177671998855658,314.6957899871729,0,0.0
4,80,3.234855001210235,309.1328667361834,0,0.0
4,81,3.162187000270933,316.2368322665045,0,0.0
4,82,3.2623120005155215,306.5310736195608,0,0.0
4,83,3.235942998799146,309.0289292398224,0,0.0
4,84,3.176516998792067,314.810215207496,0,0.0
4,85,3.153342000587145,317.1238640825519,0,0.0
4,86,3.1618649991287384,316.2690375065201,0,0.0
4,87,3.2132630003616214,311.2101312240734,0,0.0
4,88,3.154711001116084,316.98624680556054,0,0.0
4,89,4.091844999493333,244.38853380903325,1,0.39599609375
4,90,4.064238999490044,246.04852227575049,1,0.513671875
4,91,3.8951019996602554,256.7326863551259,1,0.62451171875
4,92,3.9529800014861394,252.97370581790088,1,0.50390625
4,93,4.148857000473072,241.03024034956505,2,0.5037841796875
4,94,4.0597410006739665,246.32113226779438,2,0.476318359375
4,95,4.191765001451131,238.56299187903278,2,0.4921875
4,96,3.990180000982946,250.61526040270334,1,0.64404296875
4,97,3.8317319995258003,260.978586217344,1,0.46484375
4,98,4.266635000021779,234.37673951366722,3,0.472412109375
4,99,4.002347999630729,249.85333611476653,2,0.727294921875
4,100,4.301772998587694,232.46228946257924,3,0.6827799479166666
4,101,4.533508999884361,220.57968783684063,3,0.6935221354166666
4,102,4.447130999324145,224.86407532226409,3,0.5291341145833334
4,103,4.542451000816072,220.1454676826113,3,0.5818684895833334
4,104,3.210373000911204,311.4902846853524,0,0.0
4,105,4.216651999740861,237.1549750990729,4,0.44573974609375
4,106,4.165461999946274,240.06940887058818,3,0.6389973958333334
4,107,4.214090999084874,237.29909966755787,3,0.5845540364583334
4,108,4.1333670014864765,241.93351319647434,3,0.5054524739583334
4,109,4.524072999629425,221.03975777621446,3,0.529296875
4,110,4.154234000452561,240.71826476097885,3,0.5857747395833334
4,111,3.982693000580184,251.0863879928289,2,0.57861328125
4,112,4.078493000633898,245.18860271295682,3,0.5673828125
4,113,4.740839000078267,210.93312807785517,3,0.6404622395833334
4,114,4.35801999992691,229.46200339070757,1,0.405517578125
4,115,3.789750999203534,263.86957882197623,1,0.36474609375
4,116,4.076518000147189,245.307392231285,2,0.3568115234375
4,117,4.130639999857522,242.0932349549932,2,0.338623046875
4,118,4.200822999337106,238.04859194443588,3,0.4281412760416667
4,119,3.1827410002733814,314.1945888509637,0,0.0
4,120,3.15958999999566,316.4967606560894,0,0.0
4,121,3.1782969999767374,314.63390614763796,0,0.0
4,122,3.212158999303938,311.3170924031768,0,0.0
4,123,3.80283199956466,262.96191893685494,1,0.273681640625
4,124,3.838448999886168,260.5218930952725,1,0.332763671875
4,125,3.176579999490059,314.8039716174412,0,0.0
4,126,3.201100998921902,312.39251755467563,0,0.0
4,127,3.1808540006750263,314.3809806384652,0,0.0
4,128,3.1525489994237432,317.2036343234604,0,0.0
4,129,3.20377699972596,312.13158721269815,0,0.0
4,130,3.200640001523425,312.437512348788,0,0.0
4,131,3.9277819996641483,254.59661459966634,1,0.64599609375
4,132,3.9247130007424857,254.7957009368119,1,0.87744140625
4,133,3.723550000358955,268.5609163039569,1,0.83544921875
4,134,3.7729870000475785,265.0419945754888,1,0.873046875
4,135,4.197435000605765,238.24073508122987,2,0.3953857421875
4,136,4.27583000055165,233.87272175717558,2,0.4996337890625
4,137,3.763983000681037,265.6760138977952,1,0.6279296875
4,138,3.769551000004867,265.28358417188383,1,0.90185546875
4,139,3.9272329995583277,254.63220545164089,1,0.8681640625
4,140,3.827839000223321,261.2440073737842,1,0.79931640625
4,141,3.9866090010036714,250.83974870578965,2,0.5283203125
4,142,4.035175999888452,247.82066507821318,2,0.5142822265625
4,143,3.7222620012471452,268.65384534053476,1,0.86865234375
4,144,3.705571001773933,269.86394256682155,1,0.8662109375
4,145,3.9959369987627724,250.25419577676558,1,0.80908203125
4,146,3.862371999275638,258.90825642572577,1,0.73876953125
4,147,3.7927409994154004,263.66155773730304,1,0.68408203125
5,0,5.988153001453611,166.99640102002274,2,0.667236328125
5,1,4.3846109983860515,228.07040359295132,1,0.82666015625
5,2,3.82223700034956,261.6268954302273,1,0.80419921875
5,3,3.785848000916303,264.14161365114666,1,0.72314453125
5,4,3.282325000327546,304.66209162718775,0,0.0
5,5,3.2662949997757096,306.15728220159787,0,0.0
5,6,3.2464220003021182,308.03142656960125,0,0.0
5,7,3.1633569997211453,316.11986888870007,0,0.0
5,8,3.2435009998152964,308.30883050658707,0,0.0
5,9,3.1782099995325552,314.6425189484263,0,0.0
5,10,3.1632570007786853,316.1298622760763,0,0.0
5,11,3.212587998859817,311.275520033976,0,0.0
5,12,3.3526509996590903,298.27142762598424,0,0.0
5,13,3.352202000314719,298.3113785822321,0,0.0
5,14,3.195066999978735,312.9824820595798,0,0.0
5,15,3.251459000239265,307.55423947416006,0,0.0
5,16,3.978905000622035,251.32542743384593,1,0.56396484375
5,17,3.2400820000475505,308.6341641925495,0,0.0
5,18,3.822401999059366,261.615601981708,1,0.66015625
5,19,3.9154949990916066,255.39555030257978,1,0.65673828125
5,20,4.1004279992193915,243.87698069332578,2,0.5638427734375
5,21,4.011117000118247,249.30711319827373,2,0.5301513671875
5,22,4.3655810004565865,229.0645849648448,2,0.3402099609375
5,23,4.142691999732051,241.3889326227197,2,0.3436279296875
5,24,3.928706999431597,254.5366707531713,1,0.29248046875
5,25,3.85321700014174,259.5234060171579,1,0.267333984375
5,26,3.2748730009188876,305.35535262570875,0,0.0
5,27,3.2153089996427298,311.01209871620904,0,0.0
5,28,3.192810001564794,313.20372947651146,0,0.0
5,29,3.2403519999206765,308.6084474848658,0,0.0
5,30,3.228718000173103,309.7204524973647,0,0.0
5,31,3.20256499981042,312.2497123584365,0,0.0
5,32,3.869379001116613,258.43940325086356,1,0.57763671875
5,33,4.231321001498145,236.3328141840194,2,0.47412109375
5,34,4.361788000096567,229.26377897730487,3,0.4373372395833333
5,35,3.800741000304697,263.1065889309038,1,0.47265625
5,36,3.808478999417275,262.572013697071,1,0.7294921875
5,37,3.9807819994166493,251.20692370155956,1,0.333740234375
5,38,3.9640199993300484,252.2691611467672,1,0.269775390625
5,39,3.7171740004851017,269.02157388099056,1,0.282958984375
5,40,3.2339000008505536,309.2241565097833,0,0.0
5,41,3.808031000517076,262.6029041949013,1,0.332763671875
5,42,3.8068109988671495,262.6870628191379,1,0.2861328125
5,43,3.2296000008500414,309.6358681374773,0,0.0
5,44,3.1828219998715213,314.18659291671554,0,0.0
5,45,3.2132689993886743,311.2095502089151,0,0.0
5,46,3.1486579991906183,317.5956233598746,0,0.0
5,47,3.3861299998534378,295.32238869839114,0,0.0
5,48,3.25280200013367,307.4272580866915,0,0.0
5,49,3.2414449997304473,308.5043861867649,0,0.0
5,50,3.2179970003198832,310.7523095579628,0,0.0
5,51,3.1698359998699743,315.4737343007713,0,0.0
5,52,3.2814750011311844,304.74100813057595,0,0.0
5,53,3.253459999541519,307.3650821405276,0,0.0
5,54,3.215323000404169,311.0107444490955,0,0.0
5,55,3.1785909995960537,314.6048044957918,0,0.0
5,56,3.230262000215589,309.57241237189413,0,0.0
5,57,3.324060000522877,300.83692828730506,0,0.0
5,58,3.1536880014755297,317.08907144020765,0,0.0
5,59,3.180421999786631,314.42368341908343,0,0.0
5,60,3.2028010009526042,312.22670397023467,0,0.0
5,61,3.812498998740921,262.29515085256423,1,0.61328125
5,62,3.8646529992547585,258.7554432940901,1,0.6875
5,63,3.2422950007457985,308.4235085857327,0,0.0
5,64,3.214612999727251,311.0794363380123,0,0.0
5,65,3.220975999283837,310.46490263272483,0,0.0
5,66,3.2435939992865315,308.29999075715466,0,0.0
5,67,3.2631889989716,306.44869185179033,0,0.0
5,68,3.1688959988969145,315.5673144047951,0,0.0
5,69,3.2174900006793905,310.8012767060176,0,0.0
5,70,3.220439000870101,310.51667171147136,0,0.0
5,71,3.2365199986088555,308.9738362283648,0,0.0
5,72,3.1606719985575182,316.3884137475779,0,0.0
5,73,4.021889000796364,248.6393830864036,1,0.390380859375
5,74,3.802028999416507,263.01745729805555,1,0.30908203125
5,75,3.7406999999802792,267.3296441856529,1,0.529296875
5,76,3.827906000879011,261.2394347641681,1,0.5546875
5,77,3.7930130001768703,263.64265030290414,1,0.67041015625
5,78,3.7540949997492135,266.3757843279948,1,0.67041015625
5,79,3.7522809998336015,266.5045608376201,1,0.5869140625
5,80,3.7893500011705328,263.89750212862344,1,0.57177734375
5,81,3.7807890003023203,264.4950564339977,1,0.352294921875
5,82,3.7182140004006214,268.9463274282369,1,0.72802734375
5,83,3.7231430014799116,268.5902742931201,1,0.47265625
5,84,3.812250000919448,262.31228270937567,1,0.77587890625
5,85,3.767001999221975,265.4630924556283,1,0.66552734375
5,86,3.937256999051897,253.98392846613848,2,0.4351806640625
5,87,4.7861130005912855,208.93781652803813,4,0.5391845703125
5,88,4.302179999285727,232.4402977481244,3,0.4501139322916667
5,89,4.0991319983731955,243.95408598621992,2,0.4766845703125
5,90,3.2445380002172897,308.2102906278272,0,0.0
5,91,3.2322890001523774,309.37827649472484,0,0.0
5,92,3.2125729994731955,311.2769733680704,0,0.0
5,93,3.231374999813852,309.4657847070075,0,0.0
5,94,3.284188000179711,304.4892679545994,0,0.0
5,95,3.4371920010016765,290.93515861452516,0,0.0
5,96,3.515385000355309,284.4638638154647,0,0.0
5,97,3.31597399963357,301.5705189819053,0,0.0
5,98,3.280513001300278,304.83037244590577,0,0.0
5,99,4.031139000289841,248.0688460328705,1,0.47265625
5,100,3.8869229992997134,257.27291232169114,1,0.85009765625
5,101,4.729756999950041,211.42735240109855,6,0.4662272135416667
5,102,4.477557999052806,223.33602383521165,4,0.52191162109375
5,103,4.576450999593362,218.5099327161712,6,0.6122639973958334
5,104,5.0867690006271005,196.5884434454797,9,0.5543348524305556
5,105,4.542007000054582,220.16698785096168,6,0.7001953125
5,106,5.487215999892214,182.24177798352443,9,0.5385199652777778
5,107,4.834916999243433,206.8287832358818,5,0.59091796875
5,108,4.331690000981325,230.85677871072363,4,0.5933837890625
5,109,4.218079000565922,237.07474418232428,4,0.3734130859375
5,110,3.8278069987427443,261.24619144289494,1,0.420654296875
5,111,3.952918999857502,252.97760971981688,1,0.33642578125
5,112,3.168375000313972,315.61920539737383,0,0.0
5,113,3.2197689997701673,310.5812870648117,0,0.0
5,114,3.1570379996992415,316.7526016776694,0,0.0
5,115,3.2157349996850826,310.9708978189839,0,0.0
5,116,3.162220000376692,316.2335321011433,0,0.0
5,117,3.22784799936926,309.80393134850397,0,0.0
5,118,3.177932001563022,314.67004313124505,0,0.0
5,119,3.201362998879631,312.3669513110404,0,0.0
5,120,3.634122000221396,275.16962830061254,0,0.0
5,121,3.2820449996506795,304.68808322446336,0,0.0
5,122,3.900573999999324,256.3725236337455,1,0.435791015625
5,123,3.2536409999011084,307.3479833916508,0,0.0
5,124,3.85188099971856,259.61342005972296,1,0.25390625
5,125,3.910518000338925,255.72059760710215,1,0.34326171875
5,126,3.896329999406589,256.6517723479017,1,0.53125
5,127,3.717146000781213,269.0236003078263,1,0.51171875
5,128,3.2488460001331987,307.8016009250673,0,0.0
5,129,3.3403800007363316,299.36713780455113,0,0.0
5,130,3.1729110014566686,315.16799542782786,0,0.0
5,131,3.1961650001903763,312.87496106754065,0,0.0
5,132,3.214311000192538,311.10866370432103,0,0.0
5,133,3.218003999791108,310.7516336415099,0,0.0
5,134,3.161051999995834,316.3503795576023,0,0.0
5,135,4.002818001026753,249.82399892862787,2,0.305419921875
5,136,4.078320000189706,245.19900349984414,2,0.3155517578125
5,137,4.087822999281343,244.62898715913198,3,0.3387858072916667
5,138,3.919698998288368,255.12163062436028,2,0.44091796875
5,139,4.141505000006873,241.45811727822144,2,0.307373046875
5,140,3.796136999881128,263.4256877534488,1,0.5927734375
5,141,3.7914459990133764,263.75161356913,1,0.289306640625
5,142,3.808827001194004,262.5480232330102,1,0.322509765625
5,143,3.901178999512922,256.3327650755974,2,0.479736328125
5,144,3.7209910005913116,268.74561100553257,1,0.708984375
5,145,3.964183999414672,252.25872465749674,2,0.3079833984375
5,146,3.2320999998773914,309.39636769838023,0,0.0
5,147,3.7810600006196182,264.4760992515659,1,0.264404296875
5,148,3.2913720006035874,303.82466637518195,0,0.0
5,149,3.7857440001971554,264.1488700630369,1,0.498046875
5,150,3.792109999267268,263.7054305368846,1,0.307373046875
5,151,3.1779089986230247,314.67232083527125,0,0.0
5,152,3.1695920006313827,315.4980198715797,0,0.0
6,0,5.382817000281648,185.77633234562433,1,0.517578125
6,1,4.89276799999061,204.38328569879445,4,0.473388671875
6,2,4.383266001241282,228.14038657859538,4,0.448486328125
6,3,4.62717400114343,216.11463060453053,4,0.60400390625
6,4,4.9230039985559415,203.12800889321412,5,0.62783203125
6,5,5.157490999408765,193.89272809485004,5,0.61982421875
6,6,4.817282000658452,207.58593743594722,6,0.57373046875
6,7,4.853704000197467,206.02822091320692,5,0.467529296875
6,8,4.571667001073365,218.73859136398465,4,0.5198974609375
6,9,4.2375989996799035,235.98268738394955,2,0.3934326171875
6,10,3.952023000238114,253.03496460920113,1,0.267333984375
6,11,3.968242999690119,252.000696549604,1,0.3486328125
6,12,4.029485000501154,248.17067190363738,2,0.554443359375
6,13,3.2219120002991986,310.374709150075,0,0.0
6,14,3.827167998679215,261.2898102056423,1,0.39990234375
6,15,3.7893650005571544,263.8964575471006,1,0.30078125
6,16,3.1756890002725413,314.892295786577,0,0.0
6,17,3.224005000447505,310.1732161895518,0,0.0
6,18,3.2218450014624977,310.3811634470523,0,0.0
6,19,3.1540660002065124,317.05106993148684,0,0.0
6,20,3.219457001250703,310.61138558816515,0,0.0
6,21,3.184727000189014,313.99865669511075,0,0.0
6,22,3.180536999934702,314.41231465646536,0,0.0
6,23,3.824333000011393,261.48350575042,1,0.51171875
6,24,3.1733020005049184,315.1291619394831,0,0.0
6,25,3.8311610005621333,261.01748265167487,1,0.375732421875
6,26,4.451396998774726,224.64857667722202,1,0.70263671875
6,27,3.275491000749753,305.2977400246565,0,0.0
6,28,3.2224800015683286,310.3200018350203,0,0.0
6,29,3.998853999291896,250.0716455707252,1,0.435791015625
6,30,3.792247000092175,263.6959037677909,1,0.57177734375
6,31,4.097708999324823,244.03880318606554,1,0.29736328125
6,32,3.2658180007274495,306.2019989409249,0,0.0
6,33,3.195235000021057,312.96602597098797,0,0.0
6,34,3.3031879993359325,302.7378399900455,0,0.0
6,35,3.2013079999160254,312.372317823287,0,0.0
6,36,3.259793000324862,306.76794505060377,0,0.0
6,37,3.272740001193597,305.5543671771333,0,0.0
6,38,3.2502980011486216,307.66409715251046,0,0.0
6,39,3.183282000463805,314.1411913409807,0,0.0
6,40,3.2434919994557276,308.3096860321544,0,0.0
6,41,3.180837000400061,314.3826608764384,0,0.0
6,42,3.273173999332357,305.51385297694964,0,0.0
6,43,3.2667609993950464,306.1136092249125,0,0.0
6,44,3.160704000038095,316.3852103796962,0,0.0
6,45,3.184635999787133,314.0076291503462,0,0.0
6,46,3.1815929996810155,314.3079583404475,0,0.0
6,47,3.174665000187815,314.99386547583424,0,0.0
6,48,3.1985329987946898,312.64332754323067,0,0.0
6,49,3.221572000256856,310.4074656472896,0,0.0
6,50,3.2213029990089126,310.4333868337336,0,0.0
6,51,3.2232659996225266,310.24432985583843,0,0.0
6,52,3.2316840006387793,309.43619481432546,0,0.0
6,53,3.9311750006163493,254.3768720149103,1,0.6259765625
6,54,3.286609000497265,304.26497336576995,0,0.0
6,55,3.174735000357032,314.9869201327165,0,0.0
6,56,3.21295700086921,311.2397706316852,0,0.0
6,57,3.1891710004856577,313.56111034739644,0,0.0
6,58,3.254082999774255,307.30623652481296,0,0.0
6,59,3.8198680013010744,261.78915074012843,1,0.341552734375
6,60,3.830980000202544,261.0298148116487,1,0.638671875
6,61,3.220070000679698,310.5522550096483,0,0.0
6,62,3.156897999360808,316.7666488440471,0,0.0
6,63,3.6327430007077055,275.27408346948494,0,0.0
6,64,3.3424760003981646,299.17941067665924,0,0.0
6,65,3.2662300000083633,306.1633748993303,0,0.0
6,66,3.2166340006369865,310.8839861177775,0,0.0
6,67,3.195397999661509,312.95006134006803,0,0.0
6,68,3.2283649998134933,309.7543183802858,0,0.0
6,69,3.1819439991522813,314.273287105749,0,0.0
6,70,3.2379019994550617,308.8419600618857,0,0.0
6,71,3.157118000672199,316.7445752065918,0,0.0
6,72,3.1735899992781924,315.10056441677784,0,0.0
6,73,3.335329998662928,299.8204076960545,0,0.0
6,74,3.213754998796503,311.16248761168265,0,0.0
6,75,3.2447659996250877,308.1886336689745,0,0.0
6,76,3.195982999386615,312.8927782757054,0,0.0
6,77,3.2059059994935524,311.9243047544043,0,0.0
6,78,4.130150000491994,242.12195680081288,1,0.4091796875
6,79,3.7934949996270007,263.6091520084582,1,0.71875
6,80,4.107509001187282,243.45655717636856,1,0.78271484375
6,81,3.9264159986487357,254.6851888195614,1,0.6298828125
6,82,4.175657000814681,239.48327168752067,2,0.4273681640625
6,83,4.036935999465641,247.71262168445762,2,0.706787109375
6,84,4.350715000327909,229.84727795882537,3,0.5096842447916666
6,85,4.09373799993773,244.27552520830866,2,0.742919921875
6,86,4.208147000099416,237.63428415793825,2,0.744140625
6,87,4.392309998365818,227.67063353270953,3,0.5558268229166666
6,88,4.48399200104177,223.01556286622926,3,0.66796875
6,89,4.489000999456039,222.76671360090506,3,0.66064453125
6,90,4.665917000238551,214.3201432749176,3,0.588134765625
6,91,4.583776000799844,218.16074778206993,3,0.6923828125
6,92,4.4385040000634035,225.3011374971646,4,0.680419921875
6,93,4.233632000250509,236.20380796933432,3,0.5681966145833334
6,94,4.903714998363284,203.9270227437301,3,0.6857096354166666
6,95,4.503177000515279,222.06544399333498,3,0.6442057291666666
6,96,4.4452919992181705,224.95710072046518,5,0.449072265625
6,97,4.12799100013217,242.24859016601104,2,0.56640625
6,98,4.263839000486769,234.53043135208387,1,0.439697265625
6,99,4.297181998481392,232.7106462685072,1,0.35400390625
6,100,3.2228269992629066,310.28659007409027,0,0.0
6,101,3.1954770001902943,312.9423243980316,0,0.0
6,102,3.1705889996374026,315.39881079331406,0,0.0
6,103,3.75716599955922,266.15805639604883,1,0.4111328125
6,104,3.9027929997246247,256.22675864965385,1,0.447509765625
6,105,3.9999079999688547,250.0057501341997,2,0.2784423828125
6,106,3.201883999281563,312.31612395214177,0,0.0
6,107,3.186027000992908,313.87053521152063,0,0.0
6,108,3.2987180002237437,303.148071442352,0,0.0
6,109,3.2094540001708083,311.5794773649286,0,0.0
6,110,3.166158001477015,315.8402074481119,0,0.0
6,111,3.277297000749968,305.12950146757,0,0.0
6,112,3.172606999214622,315.19819512708307,0,0.0
7,0,4.457003000425175,224.36601454039973,0,0.0
7,1,3.7350410002545686,267.7346781285247,0,0.0
7,2,3.278131000115536,305.0518725349156,0,0.0
7,3,3.2086640003399225,311.65619083022125,0,0.0
7,4,3.504857999359956,285.31826401600756,0,0.0
7,5,3.2735570002841996,305.4781083430602,0,0.0
7,6,3.1882989987934707,313.64686949951187,0,0.0
7,7,3.1902640002954286,313.45368280098353,0,0.0
7,8,3.2287650010403013,309.7159439221505,0,0.0
7,9,3.2388350009568967,308.75299288310623,0,0.0
7,10,4.316293001465965,231.68028668590497,1,0.34521484375
7,11,3.275928000221029,305.2570141750763,0,0.0
7,12,3.2437899990327423,308.2813623256091,0,0.0
7,13,3.1831779997446574,314.15145495483324,0,0.0
7,14,3.178745000695926,314.5895627931995,0,0.0
7,15,3.208383999663056,311.68338955219195,0,0.0
7,16,3.9322899992839666,254.30474359268788,1,0.319091796875
7,17,3.2525960014027078,307.4467285727284,0,0.0
7,18,3.216912000425509,310.85712007904704,0,0.0
7,19,3.2147370002348907,311.0674372201935,0,0.0
7,20,3.3361730002070544,299.74464751616193,0,0.0
7,21,3.1466259988519596,317.80071745572815,0,0.0
7,22,3.19140499959758,313.341616036227,0,0.0
7,23,3.1818509996810462,314.2824727180002,0,0.0
7,24,3.140087001156644,318.46251381941084,0,0.0
7,25,3.143284999168827,318.13850804633626,0,0.0
7,26,3.8214560008782428,261.68036470135496,1,0.26904296875
7,27,3.8154750000103377,262.09056539416207,1,0.34521484375
7,28,3.966481001043576,252.1126408362731,1,0.418701171875
7,29,3.9930499988258816,250.43513111382038,1,0.80419921875
7,30,3.9203720007208176,255.07783440350443,1,0.6259765625
7,31,3.165088000969263,315.94698147216263,0,0.0
7,32,3.769922999708797,265.2574071346401,1,0.38671875
7,33,3.944014000808238,253.54879566732578,1,0.6318359375
7,34,3.1719359994895058,315.2648729863846,0,0.0
7,35,3.2347950000257697,309.1386007434887,0,0.0
7,36,3.180638999765506,314.4022317759813,0,0.0
7,37,3.9112720005505253,255.6713007582307,1,0.59814453125
7,38,3.9500980001321295,253.15827606468252,1,0.607421875
7,39,4.92324700098834,203.11798286765836,2,0.5770263671875
7,40,4.108025001187343,243.42597713279977,2,0.7314453125
7,41,4.3093969998153625,232.05102710259587,3,0.5592447916666666
7,42,3.9828240005590487,251.078129452779,2,0.77001953125
7,43,4.263044000254013,234.5741681156505,3,0.5426432291666666
7,44,4.215594999550376,237.21443831930185,2,0.6796875
7,45,4.059654000229784,246.32641105458694,2,0.728271484375
7,46,4.187282000202686,238.81840295246295,3,0.5025227864583334
7,47,4.440402000909671,225.20483501159077,3,0.6748046875
7,48,4.333178001616034,230.77750316904954,3,0.51025390625
7,49,4.5979639999131905,217.48756623994447,3,0.4497884114583333
7,50,3.701847001138958,270.135421505083,1,0.5830078125
7,51,4.26508000055037,234.46219059688426,3,0.41259765625
7,52,4.303108000385691,232.39017006088835,4,0.4610595703125
7,53,4.084709999006009,244.81542147260012,3,0.551025390625
7,54,4.113605000384268,243.09577606663402,3,0.5143229166666666
7,55,4.24772199949075,235.420302957653,4,0.50592041015625
7,56,4.177805998551776,239.3600852568662,3,0.6044108072916666
7,57,4.019240999696194,248.80319445278047,2,0.830078125
7,58,4.016392998892115,248.9796193439837,3,0.7535807291666666
7,59,4.474007999306195,223.51323470031224,4,0.5523681640625
7,60,4.16863300051773,239.88679259503138,3,0.6927083333333334
7,61,4.037198999867542,247.69648462530816,3,0.7848307291666666
7,62,5.009378999602632,199.62554242338717,7,0.46041434151785715
7,63,5.159866999747464,193.80344494324027,8,0.57525634765625
7,64,4.960260001098504,201.60233531680578,6,0.5726318359375
7,65,4.145492999668932,241.2258325077047,3,0.5154622395833334
7,66,3.7408569987746887,267.31842471592694,1,0.85205078125
7,67,3.9512169987574453,253.08658074574845,2,0.556640625
7,68,3.809142001045984,262.5263116275008,1,0.77734375
7,69,3.7556520001089666,266.26535152111694,1,0.62060546875
7,70,4.050301000461332,246.89523072139562,1,0.6259765625
7,71,3.7672399994335137,265.44632148479303,1,0.80322265625
7,72,3.9582350000273436,252.63785500181064,2,0.3302001953125
7,73,3.748327000721474,266.7856886038814,1,0.27197265625
7,74,3.679203999126912,271.7979215714332,1,0.291015625
7,75,3.2286480000038864,309.727167532291,0,0.0
7,76,3.2337379998352844,309.2396477546841,0,0.0
7,77,3.1818510015000356,314.2824725383323,0,0.0
7,78,3.215208000256098,311.0218685448493,0,0.0
7,79,3.2437539994134568,308.284783673738,0,0.0
7,80,3.19196800046484,313.28634868970244,0,0.0
7,81,3.204020998964552,312.1078171220387,0,0.0
7,82,3.2014150001486996,312.36187746779217,0,0.0
7,83,3.2407819999207277,308.56750007388985,0,0.0
7,84,3.1726360011816723,315.19531381083186,0,0.0
7,85,3.208207999705337,311.7004882762734,0,0.0
7,86,3.27088999983971,305.7271874165762,0,0.0
7,87,3.1455739990633447,317.90700212354545,0,0.0
7,88,3.1962930006557144,312.8624315088922,0,0.0
7,89,3.2119049992616056,311.34171161036613,0,0.0
7,90,3.175327999997535,314.92809561745315,0,0.0
7,91,3.1483940001635347,317.62225437732945,0,0.0
7,92,3.8227360000746557,261.59274403999405,1,0.486328125
7,93,3.8168179999047425,261.9983452249904,1,0.69287109375
7,94,3.747946999283158,266.8127377978564,1,0.7607421875
7,95,3.8026389993319754,262.97526538166625,1,0.449462890625
7,96,3.7370829995779786,267.5883838044079,1,0.509765625
7,97,3.78218200057745,264.3976413211537,1,0.39599609375
7,98,3.7298890001693508,268.1044931778389,1,0.73388671875
7,99,3.9052150004863506,256.067847705046,2,0.3236083984375
7,100,3.7139870000828523,269.2524233331166,1,0.4111328125
7,101,3.1841199997870717,314.05851540358776,0,0.0
7,102,3.158159999657073,316.6400689352612,0,0.0
7,103,3.2159919992409414,310.9460472028619,0,0.0
7,104,3.289620999566978,303.9863863136917,0,0.0
7,105,3.205928998795571,311.9220670126157,0,0.0
7,106,3.235056999983499,309.1135643066261,0,0.0
7,107,3.170676000081585,315.3901565389428,0,0.0
7,108,3.149199999825214,317.54096280182324,0,0.0
7,109,3.8838889995531645,257.47388767162204,1,0.43017578125
8,0,5.3987689989298815,185.2274102111454,1,0.525390625
8,1,3.7802890001330525,264.5300398897554,0,0.0
8,2,4.154335998464376,240.71235460243074,2,0.399169921875
8,3,4.3099349986732705,232.02206072895078,2,0.563720703125
8,4,4.097034001460997,244.07900926460488,2,0.701416015625
8,5,4.157133000262547,240.55039854073567,3,0.6053059895833334
8,6,4.453880999790272,224.5232865554982,4,0.62451171875
8,7,4.402582999318838,227.13938616369498,4,0.63726806640625
8,8,4.423934999067569,226.0431042071752,4,0.53472900390625
8,9,4.226453000228503,236.60502079307048,4,0.43365478515625
8,10,4.032490000099642,247.98573585434562,2,0.3868408203125
8,11,4.216789999190951,237.14721392145773,2,0.42138671875
8,12,3.745766000065487,266.96809143510757,1,0.355712890625
8,13,3.8945150008657947,256.7713822588149,1,0.5908203125
8,14,3.2098629999381956,311.5397760026688,0,0.0
8,15,3.1810249984118855,314.3640809170774,0,0.0
8,16,3.218488998754765,310.7048060089379,0,0.0
8,17,3.2312800012732623,309.4748828965479,0,0.0
8,18,3.171053000187385,315.3526604383174,0,0.0
8,19,3.2999509985529585,303.0348027708605,0,0.0
8,20,3.1802029989194125,314.4453358291234,0,0.0
8,21,3.158906998578459,316.56519183692666,0,0.0
8,22,3.224885998861282,310.0884807565611,0,0.0
8,23,3.2341289988835342,309.2022613647179,0,0.0
8,24,3.218846999516245,310.6702493626719,0,0.0
8,25,3.239229999962845,308.7153428473651,0,0.0
8,26,3.4016760000668,293.9727357868188,0,0.0
8,27,3.218803998606745,310.67439969406297,0,0.0
8,28,3.196903000571183,312.8027343404953,0,0.0
8,29,3.1843300002947217,314.03780384176457,0,0.0
8,30,3.2018199999583885,312.3223666580246,0,0.0
8,31,4.032859998915228,247.9629841524336,1,0.281494140625
8,32,3.3182389997818973,301.3646696533096,0,0.0
8,33,3.1823259996599518,314.23556232355054,0,0.0
8,34,3.203158999895095,312.191808159617,0,0.0
8,35,3.2254249999823514,310.03666183695844,0,0.0
8,36,3.2221669989667134,310.3501464451348,0,0.0
8,37,3.220560000045225,310.5050053363258,0,0.0
8,38,3.8997309984551976,256.4279434648519,1,0.494140625
8,39,3.2010670001909602,312.3958354949599,0,0.0
8,40,3.2427520000055665,308.38004262992774,0,0.0
8,41,3.1664170001022285,315.8143731440662,0,0.0
8,42,3.1703149998065783,315.42606966847467,0,0.0
8,43,3.198325000994373,312.6636597872623,0,0.0
8,44,3.253926999605028,307.3209694382766,0,0.0
8,45,3.1943430003593676,313.05341971338044,0,0.0
8,46,3.8960760011832463,256.6685043352075,1,0.291015625
8,47,3.2595239990769187,306.79326192511394,0,0.0
8,48,3.868554000291624,258.49451757029027,1,0.57177734375
8,49,4.05278099970019,246.74414928267194,2,0.4559326171875
8,50,3.893056000379147,256.8676124624484,1,0.7880859375
8,51,3.8588250008615432,259.14624264555516,1,0.67724609375
8,52,3.8017819988453994,263.0345454588664,1,0.60009765625
8,53,3.8577310006076004,259.21973300950685,1,0.57373046875
8,54,3.7320280007406836,267.95082989772135,1,0.611328125
8,55,3.728820998730953,268.18128312952933,1,0.357666015625
8,56,3.8034760000300594,262.9173945075759,1,0.69580078125
8,57,3.7608250004268484,265.89910455458613,1,0.66015625
8,58,3.7270190005074255,268.3109476672515,1,0.48046875
8,59,3.8147509985719807,262.140307552011,1,0.740234375
8,60,3.740968999409233,267.3104214864967,1,0.806640625
8,61,4.079507998540066,245.12759880796168,1,0.74462890625
8,62,3.3052769995265407,302.54650371005016,0,0.0
8,63,3.212174000509549,311.3156385181405,0,0.0
8,64,3.9710330001980765,251.82364386045637,1,0.80419921875
8,65,4.135004001000198,241.8377345603812,3,0.4420572916666667
8,66,3.7704000005760463,265.22384888797444,1,0.552734375
8,67,3.2200959994952427,310.54974763384456,0,0.0
8,68,3.2105149985000025,311.47650780862693,0,0.0
8,69,4.441680999661912,225.13998643219023,2,0.500244140625
8,70,4.281281000658055,233.57495101262796,4,0.61468505859375
8,71,4.6880270001565805,213.30935166683125,5,0.6921875
8,72,4.333598999437527,230.75508373751092,4,0.7823486328125
8,73,4.515840000749449,221.44274372742169,5,0.64736328125
8,74,4.113377999601653,243.109191544478,2,0.3828125
8,75,4.077771998709068,245.2319551746831,3,0.5166829427083334
8,76,3.72116200014716,268.73326126636067,1,0.383056640625
8,77,3.1798529998923186,314.47994609620747,0,0.0
8,78,3.2039180005085655,312.117850656998,0,0.0
8,79,3.1642260000808164,316.0330519926388,0,0.0
8,80,3.1882959992799442,313.6471645750092,0,0.0
8,81,3.19355700048618,313.13046858025774,0,0.0
8,82,3.164215000651893,316.0341505852098,0,0.0
8,83,3.1554870001855306,316.90829337633267,0,0.0
8,84,3.2048409993876703,312.02796026107507,0,0.0
8,85,3.1780339995748363,314.65994389417546,0,0.0
8,86,3.200488999937079,312.4522533961716,0,0.0
8,87,3.1370460001198808,318.7712261668415,0,0.0
8,88,3.2322319984814385,309.38373250119986,0,0.0
8,89,3.869977999784169,258.39940176811615,1,0.548828125
8,90,3.9226030003192136,254.93275764042957,1,0.3701171875
8,91,4.207024998322595,237.6976605555506,2,0.3353271484375
8,92,3.774271999645862,264.9517576088394,1,0.4072265625
8,93,3.711392999321106,269.4406117010302,1,0.275146484375
8,94,3.2439259994134773,308.26843774512935,0,0.0
8,95,3.216639001038857,310.88350283542434,0,0.0
8,96,3.1638090003980324,316.0747061134828,0,0.0
8,97,3.206395000233897,311.8767338169667,0,0.0
8,98,3.8036299993109424,262.90674965261024,1,0.4091796875
8,99,3.7313590000849217,267.9988711826552,1,0.2861328125
8,100,4.134279999561841,241.88008555443318,3,0.414306640625
8,101,4.632034999303869,215.88783334976662,3,0.43798828125
8,102,4.646102001061081,215.234189815811,5,0.41552734375
9,0,4.383909999887692,228.10687263780923,0,0.0
9,1,3.6815599996771198,271.62398550823616,0,0.0
9,2,3.3365440012858016,299.71131794294655,0,0.0
9,3,3.2772869999462273,305.1304325853695,0,0.0
9,4,3.217284000129439,310.8211771045912,0,0.0
9,5,3.2392670000263024,308.7118165905682,0,0.0
9,6,3.1931939993228298,313.16606514106775,0,0.0
9,7,3.226728998924955,309.9113685509904,0,0.0
9,8,3.1669569998484803,315.7605234450117,0,0.0
9,9,3.222224999262835,310.3445601187922,0,0.0
9,10,3.1702800006314646,315.4295519010363,0,0.0
9,11,3.2162539991986705,310.9207171601341,0,0.0
9,12,3.2204869985434925,310.51204381581516,0,0.0
9,13,3.1763510014570784,314.8266673114126,0,0.0
9,14,3.2313049996446352,309.47248870347295,0,0.0
9,15,3.2379099993704585,308.84119700499036,0,0.0
9,16,3.265843000917812,306.19965494941624,0,0.0
9,17,3.2122630000230856,311.30701315328577,0,0.0
9,18,3.169739000441041,315.48338833602986,0,0.0
9,19,3.159631000016816,316.4926537290835,0,0.0
9,20,3.652172001238796,273.80966714076055,0,0.0
9,21,4.535667998425197,220.4746909048908,1,0.48046875
9,22,3.2941800000116928,303.56568250564646,0,0.0
9,23,3.947213999708765,253.34324413973562,1,0.615234375
9,24,3.9964780007721856,250.22031894252476,2,0.4627685546875
9,25,3.810088001046097,262.4611294346588,1,0.325927734375
9,26,3.1924550003168406,313.2385577559443,0,0.0
9,27,3.235393000068143,309.0814624309746,0,0.0
9,28,3.163130000757519,316.1425549251899,0,0.0
9,29,3.735632000825717,267.69232081183634,1,0.302490234375
9,30,3.1924900013109436,313.2351235522637,0,0.0
9,31,3.207234998626518,311.7950510106821,0,0.0
9,32,3.167020000546472,315.75424210375974,0,0.0
9,33,3.216995000911993,310.8490997705958,0,0.0
9,34,3.212547999282833,311.27939573921986,0,0.0
9,35,3.204519000064465,312.0593137316031,0,0.0
9,36,3.1782440000824863,314.63915293289205,0,0.0
9,37,3.23100199966575,309.5015107088918,0,0.0
9,38,3.214521000700188,311.0883393769024,0,0.0
9,39,3.1696660007582977,315.49065414487336,0,0.0
9,40,3.2384349997300887,308.79112907418124,0,0.0
9,41,3.220419001081609,310.5186001151217,0,0.0
9,42,3.8237240005400963,261.52515188302067,1,0.2705078125
9,43,3.2008369998948183,312.41828310309484,0,0.0
9,44,3.228727000532672,309.7195891244509,0,0.0
9,45,3.1761400005052565,314.84758223533004,0,0.0
9,46,3.313613999125664,301.78530156616364,0,0.0
9,47,3.2330149988410994,309.3088031940644,0,0.0
9,48,4.20245199893543,237.9563169914424,2,0.297607421875
9,49,4.087589999471675,244.64293144108169,1,0.69287109375
9,50,4.355232000307296,229.60889337914537,3,0.4069010416666667
9,51,4.085816999577219,244.74909182263312,2,0.4398193359375
9,52,3.887503999067121,257.23446207128495,1,0.390380859375
9,53,4.229322999890428,236.44446168474425,2,0.46826171875
9,54,4.029694000564632,248.15780053271592,1,0.662109375
9,55,4.657526000301004,214.70626249544767,1,0.67724609375
9,56,4.242242001055274,235.7244117028793,2,0.5498046875
9,57,4.132260999540449,241.99826683532586,2,0.5322265625
9,58,4.088802999831387,244.57035470802526,2,0.701171875
9,59,4.111713000384043,243.20763630793243,2,0.647216796875
9,60,4.118831000596401,242.7873345265201,2,0.73291015625
9,61,4.199520000838675,238.12245204220787,3,0.5432942708333334
9,62,4.126093001104891,242.3600242971301,2,0.697998046875
9,63,4.358473001047969,229.4381540873503,3,0.6668294270833334
9,64,4.405233999932534,227.00269724952523,4,0.5767822265625
9,65,4.580048000207171,218.33832308193422,3,0.5188802083333334
9,66,4.662063000068883,214.49731588466838,3,0.5506184895833334
9,67,3.9036790003592614,256.1686040035486,1,0.341552734375
9,68,4.332670001531369,230.80456153977872,3,0.458251953125
9,69,4.269547000149032,234.21688529604995,4,0.4678955078125
9,70,4.228018000503653,236.51744147751438,2,0.66943359375
9,71,4.1893810011970345,238.69874802847232,4,0.52117919921875
9,72,4.802745999768376,208.2142174598089,4,0.50823974609375
9,73,4.5504179997806204,219.76003084732235,2,0.65771484375
9,74,4.09765999938827,244.04172140911828,3,0.5936686197916666
9,75,4.242324001097586,235.71985537674095,3,0.5224609375
9,76,4.348262998973951,229.97688967662896,3,0.3160807291666667
9,77,3.185407000273699,313.931626292677,0,0.0
9,78,3.7480890005099354,266.80262925025204,1,0.285400390625
9,79,3.822247999778483,261.62614253652686,1,0.42822265625
9,80,3.1975990004866617,312.7346486685179,0,0.0
9,81,3.1665250007790746,315.80360166237926,0,0.0
9,82,3.1593450003128964,316.52130422633854,0,0.0
9,83,3.160086998832412,316.4469840132502,0,0.0
9,84,3.1806129991309717,314.4048019275613,0,0.0
9,85,3.182890999596566,314.17978187966565,0,0.0
9,86,3.178614999342244,314.60242911045583,0,0.0
9,87,3.1665880014770664,315.79731860714,0,0.0
9,88,3.7361939994298154,267.65205451125155,1,0.38671875
9,89,3.2213649992627325,310.4274120532346,0,0.0
9,90,3.73939299970516,267.4230817886344,0,0.0
9,91,3.204319000360556,312.0787911214452,0,0.0
9,92,3.813758999967831,262.20849298774124,1,0.67041015625
9,93,3.816727999947034,262.00452324972525,1,0.8291015625
10,0,4.382548000648967,228.17776322174228,0,0.0
10,1,3.8658570010738913,258.6748552060284,0,0.0
10,2,3.24699499833514,307.97706818542645,0,0.0
10,3,3.290073000243865,303.9446236985862,0,0.0
10,4,3.2315439984813565,309.4496007078795,0,0.0
10,5,3.226488001018879,309.9345169373679,0,0.0
10,6,3.2011999992391793,312.3828565030824,0,0.0
10,7,3.2242800007225014,310.1467613780188,0,0.0
10,8,4.075631999512552,245.36071954474804,1,0.390380859375
10,9,3.1835939989832696,314.1104048818303,0,0.0
10,10,3.145999000480515,317.86405521656604,0,0.0
10,11,3.20729799932451,311.7889264454411,0,0.0
10,12,3.1854360004217597,313.9287682651912,0,0.0
10,13,3.20893000025535,311.630356511493,0,0.0
10,14,3.247442000429146,307.93467592888527,0,0.0
10,15,3.1630849989596754,316.14705274404434,0,0.0
10,16,3.165711999827181,315.88470462713946,0,0.0
10,17,3.1469650002691196,317.76648291750394,0,0.0
10,18,3.2277030004479457,309.81784874916264,0,0.0
10,19,3.2387319988629315,308.76281222129046,0,0.0
10,20,3.209080001397524,311.61579005961505,0,0.0
10,21,3.8571280001633568,259.26025788038356,1,0.498046875
10,22,3.884154999468592,257.45625499930213,1,0.5869140625
10,23,3.8991000001260545,256.4694416577341,1,0.443603515625
10,24,3.208714000720647,311.65133438985504,0,0.0
10,25,3.1395910009450745,318.5128253008056,0,0.0
10,26,3.2845550013007596,304.4552457194283,0,0.0
10,27,4.024900001240894,248.4533776470709,1,0.27197265625
10,28,3.267223000875674,306.07032324759655,0,0.0
10,29,3.260139001213247,306.7353875487684,0,0.0
10,30,3.193292999640107,313.15635618551215,0,0.0
10,31,3.294881000329042,303.50109758141053,0,0.0
10,32,3.217679999579559,310.7829243836136,0,0.0
10,33,3.253188000599039,307.39078092500677,0,0.0
10,34,3.1950239990692353,312.98669440082983,0,0.0
10,35,3.2488870001543546,307.79771655723636,0,0.0
10,36,3.208010999514954,311.7196294374297,0,0.0
10,37,3.842328000246198,260.25888470113034,1,0.501953125
10,38,3.232624001611839,309.346215180418,0,0.0
10,39,4.138484999202774,241.63431791890926,2,0.2568359375
10,40,3.25071199949889,307.62491422007054,0,0.0
10,41,3.236193999327952,309.00496082981,0,0.0
10,42,3.2630309997330187,306.4635304052643,0,0.0
10,43,3.1948399991961196,313.004720189937,0,0.0
10,44,3.181947000484797,314.2729906713221,0,0.0
10,45,3.19651499921747,312.84070315478175,0,0.0
10,46,3.190380999512854,313.4421876737268,0,0.0
10,47,3.2159219990717247,310.95281548764234,0,0.0
10,48,3.182542001013644,314.2142349359407,0,0.0
10,49,3.8865919996169396,257.29482284185207,1,0.453369140625
10,50,4.12768100068206,242.26678365764204,1,0.57373046875
10,51,4.041700000016135,247.42063982878685,1,0.48046875
10,52,4.0177970004151575,248.89261450906315,1,0.67919921875
10,53,4.037680999317672,247.6669157788815,1,0.73388671875
10,54,4.145455999605474,241.227985556998,1,0.69580078125
10,55,4.029759000331978,248.153797762501,1,0.7265625
10,56,4.120687000977341,242.67798058013648,1,0.7265625
10,57,4.283406999093131,233.4590199371007,2,0.4710693359375
10,58,4.194840999844018,238.3880581021269,2,0.531494140625
10,59,4.151798000748386,240.85950227341124,2,0.62841796875
10,60,4.169375999481417,239.8440438387852,3,0.49853515625
10,61,4.2135019994020695,237.3322713842092,2,0.712890625
10,62,4.41066200073692,226.72333537072734,2,0.693359375
10,63,4.538393000984797,220.34231054538634,3,0.59912109375
10,64,4.318518000218319,231.56091972974198,2,0.66943359375
10,65,4.062138999870513,246.1757217150562,2,0.655029296875
10,66,4.362084000604227,229.2482216897891,3,0.659423828125
10,67,4.202231999443029,237.96877472080115,3,0.6839192708333334
10,68,4.697497999586631,212.87928171294544,4,0.48175048828125
10,69,4.149780001171166,240.9766300184049,3,0.5625813802083334
10,70,4.170063999481499,239.80447305469144,3,0.2913411458333333
10,71,4.379873000289081,228.31712242204236,4,0.5169677734375
10,72,4.205754999929923,237.7694373582537,3,0.576416015625
10,73,4.611803000443615,216.83493416865568,5,0.460009765625
10,74,4.118924000067636,242.78185273231045,2,0.70947265625
10,75,4.262979999111849,234.57768983395195,3,0.6064453125
10,76,3.850855999189662,259.68252258989446,1,0.82080078125
10,77,3.9095110005291644,255.78646533150743,1,0.810546875
10,78,3.887049000695697,257.264572641359,1,0.84375
10,79,3.7393700004031416,267.4247265962421,1,0.64599609375
10,80,3.9199869988806313,255.10288689364384,2,0.6201171875
10,81,5.367752000893233,186.29772758383635,3,0.5196126302083334
11,0,5.669625999871641,176.3784771733867,2,0.5042724609375
11,1,4.484093999053584,223.01049001449582,1,0.80419921875
11,2,3.8006430004315916,263.11337315460634,1,0.7880859375
11,3,3.816955999354832,261.98887285287725,1,0.39599609375
11,4,3.204710001227795,312.04071495295295,0,0.0
11,5,3.2887269990169443,304.06902132615954,0,0.0
11,6,3.2097620005515637,311.54957901182723,0,0.0
11,7,3.155970000079833,316.85979270230837,0,0.0
11,8,3.255927998907282,307.1320988472745,0,0.0
11,9,3.373364999788464,296.43990497995554,0,0.0
11,10,3.264977000071667,306.2808711908383,0,0.0
11,11,3.260428000430693,306.7081990057449,0,0.0
11,12,3.2750669997767545,305.337264876769,0,0.0
11,13,3.1889900001260685,313.5789074159742,0,0.0
11,14,3.2565740002610255,307.0711735461398,0,0.0
11,15,3.256071000578231,307.11861007404764,0,0.0
11,16,4.048213999340078,247.022514166251,2,0.3876953125
11,17,4.071191999173607,245.62830743501794,1,0.33984375
11,18,4.130864999751793,242.08004862421936,2,0.621826171875
11,19,4.193200000372599,238.48135073717975,2,0.4561767578125
11,20,4.129465000005439,242.16212027434133,2,0.513671875
11,21,4.331651998654706,230.8588040568755,1,0.62255859375
11,22,4.084225000042352,244.8444931387547,1,0.439697265625
11,23,4.1549729994585505,240.67545087063468,2,0.536865234375
11,24,4.581523999149795,218.2679824847742,2,0.4290771484375
11,25,4.168871000729268,239.87309749451785,2,0.385009765625
11,26,3.303927000160911,302.6701255661209,0,0.0
11,27,3.9698050004517427,251.90154173472132,1,0.26904296875
11,28,3.1608339995727874,316.37219801329593,0,0.0
11,29,3.155475998937618,316.90939824504414,0,0.0
11,30,3.1767870004841825,314.78345883673893,0,0.0
11,31,3.1948510004440323,313.00364237988447,0,0.0
11,32,3.1876640005066292,313.7093494926271,0,0.0
11,33,3.1679399999120506,315.66254412260406,0,0.0
11,34,3.8595490004809108,259.0976302866986,1,0.60205078125
11,35,3.8860100012243493,257.3333572700364,1,0.6533203125
11,36,3.8318070000968874,260.9734780417477,1,0.57373046875
11,37,3.219838999939384,310.5745349437738,0,0.0
11,38,3.8430590011557797,260.2093800015184,1,0.307373046875
11,39,3.789381000387948,263.89534330214417,1,0.307373046875
11,40,3.7161800009926083,269.093531457813,1,0.443603515625
11,41,3.2390169999416685,308.73564418402526,0,0.0
11,42,3.1932429992593825,313.16125964479767,0,0.0
11,43,3.1715189998067217,315.3063248433769,0,0.0
11,44,3.5769759997492656,279.565756121958,0,0.0
11,45,3.2597289991826983,306.7739680969574,0,0.0
11,46,3.25377999979537,307.3348536357375,0,0.0
11,47,3.232583001590683,309.3501387305204,0,0.0
11,48,3.2015619999583578,312.3475353633654,0,0.0
11,49,3.2387239989475347,308.76357489090236,0,0.0
11,50,3.909545999704278,255.78417547092195,1,0.4609375
11,51,3.20244600152364,312.26131510858454,0,0.0
11,52,3.166513999531162,315.8046988417109,0,0.0
11,53,3.173932000208879,315.0666113622438,0,0.0
11,54,3.174026000124286,315.0572805518426,0,0.0
11,55,3.2244150006590644,310.133776140975,0,0.0
11,56,3.1975629990483867,312.73816975540615,0,0.0
11,57,3.1929109991324367,313.19382227431817,0,0.0
11,58,3.1644059999962337,316.01507518352264,0,0.0
11,59,3.1978050010366132,312.7145025027592,0,0.0
11,60,3.161013000863022,316.3542825439121,0,0.0
11,61,3.864863001581398,258.7413834826298,1,0.61865234375
11,62,3.8333289994625375,260.8698601503309,1,0.490234375
11,63,3.782461999435327,264.3780691383779,1,0.37744140625
11,64,3.1944169986672932,313.046167866374,0,0.0
11,65,3.159035999487969,316.5522647295202,0,0.0
11,66,3.2147450001502875,311.0666631267023,0,0.0
11,67,3.245825000703917,308.08808231593866,0,0.0
11,68,3.327125999931013,300.5597022838133,0,0.0
11,69,3.3890270005940692,295.0699418519557,0,0.0
11,70,3.2852370004547993,304.3920422975763,0,0.0
11,71,3.2127899994520703,311.2559489324065,0,0.0
11,72,3.2198680000874447,310.5717377149753,0,0.0
11,73,3.219299000193132,310.62663018874855,0,0.0
11,74,3.170653999404749,315.392344982372,0,0.0
11,75,3.1470140002056723,317.7615351996036,0,0.0
11,76,3.1650799992348766,315.9477802272736,0,0.0
11,77,3.2068190012068953,311.835497926028,0,0.0
11,78,3.185694999046973,313.90324569651466,0,0.0
11,79,3.147308998450171,317.7317513127659,0,0.0
11,80,3.1462050010304665,317.8432427869364,0,0.0
11,81,3.1608469998900546,316.37089679911224,0,0.0
11,82,3.175814001224353,314.8799015353153,0,0.0
11,83,3.208803000234184,311.6426904135337,0,0.0
11,84,3.227295999749913,309.8569204924157,0,0.0
11,85,3.1940919998305617,313.0780203115776,0,0.0
11,86,3.1752809991303366,314.9327572186164,0,0.0
11,87,3.1890919999568723,313.56887791682504,0,0.0
11,88,3.694195000207401,270.6949687127663,0,0.0
12,0,4.295602999263792,232.79618721082613,0,0.0
12,1,3.7160419997235294,269.1035246841664,0,0.0
12,2,3.376151000338723,296.19528270497136,0,0.0
12,3,3.227565999623039,309.83099961915394,0,0.0
12,4,3.252079999583657,307.49551060491245,0,0.0
12,5,3.2381059991166694,308.82250311533727,0,0.0
12,6,3.194102999259485,313.0769421749512,0,0.0
12,7,3.290015998572926,303.9498897372411,0,0.0
12,8,3.242245000365074,308.4282649483308,0,0.0
12,9,3.2003579999582144,312.4650429773971,0,0.0
12,10,3.215782000552281,310.96635276528673,0,0.0
12,11,3.2222480003838427,310.3423448104793,0,0.0
12,12,3.1724450000183424,315.2142905532541,0,0.0
12,13,3.1668640003772452,315.76979620245055,0,0.0
12,14,3.1949359999998705,312.9953150861365,0,0.0
12,15,3.209671000149683,311.5584120470182,0,0.0
12,16,3.2364929993491387,308.9764137296453,0,0.0
12,17,3.15958999999566,316.4967606560894,0,0.0
12,18,3.2205890001932858,310.50220935983583,0,0.0
12,19,3.990020999481203,250.62524736837815,1,0.287841796875
12,20,3.237389000787516,308.8908993502923,0,0.0
12,21,3.2232249996013707,310.24827622138514,0,0.0
12,22,3.714739001225098,269.1979166423822,0,0.0
12,23,3.2572809996054275,307.00452313482793,0,0.0
12,24,3.2175180003832793,310.79857203001734,0,0.0
12,25,3.17352700039919,315.10681959668614,0,0.0
12,26,3.1594600004609674,316.50978327122334,0,0.0
12,27,3.2388269992225105,308.75375567761193,0,0.0
12,28,3.1839039984333795,314.0798216566969,0,0.0
12,29,3.240328000174486,308.61073321779514,0,0.0
12,30,3.2509730008314364,307.6002168410042,0,0.0
12,31,3.2142590007424587,311.1136967397496,0,0.0
12,32,3.1732379993627546,315.1355177899731,0,0.0
12,33,3.2326600012311246,309.3427702323042,0,0.0
12,34,3.1623060003767023,316.2249320214038,0,0.0
12,35,3.1482859994866885,317.63315028019844,0,0.0
12,36,3.2534570000279928,307.3653655147113,0,0.0
12,37,3.1956419989001006,312.926166430466,0,0.0
12,38,3.1535810012428556,317.0998301949088,0,0.0
12,39,3.1770570003573084,314.75670719396436,0,0.0
12,40,3.1585240012645954,316.60357800023826,0,0.0
12,41,3.216608000002452,310.88649906959057,0,0.0
12,42,3.172136999637587,315.244896457577,0,0.0
12,43,3.2233910005743382,310.232298787774,0,0.0
12,44,3.2130950003192993,311.2264031722142,0,0.0
12,45,3.886817999955383,257.27986234793576,1,0.390380859375
12,46,3.1838869999774033,314.0814984976217,0,0.0
12,47,3.773760001422488,264.987704470623,1,0.416748046875
12,48,3.9631839990761364,252.32237519961512,2,0.4024658203125
12,49,4.1177759994752705,242.84953822826455,2,0.4119873046875
12,50,4.153048999796738,240.7869495517493,2,0.48779296875
12,51,3.9656130011280766,252.16782366699306,1,0.57568359375
12,52,4.0389010009675985,247.5921048226808,2,0.5731201171875
12,53,3.9935639997565886,250.40289827856793,1,0.638671875
12,54,4.055634999531321,246.57051241434755,1,0.7216796875
12,55,4.114761000892031,243.02748076576304,2,0.5050048828125
12,56,4.435316001035972,225.46307856450966,4,0.51385498046875
12,57,4.412088999742991,226.65000639340028,3,0.455078125
12,58,4.05931299974327,246.34710357719268,1,0.441650390625
12,59,4.135866998694837,241.7872722492217,2,0.657958984375
12,60,4.050994999488466,246.85293369314786,2,0.630126953125
12,61,4.301167999074096,232.49498745812022,3,0.5096028645833334
12,62,4.394369001602172,227.5639573361735,3,0.6266276041666666
12,63,4.095066000445513,244.19630840899936,3,0.4488118489583333
12,64,4.193206999843824,238.4809526544349,3,0.47705078125
12,65,4.452692999620922,224.5831904613982,4,0.3460693359375
12,66,4.061841000293498,246.19378255518683,3,0.5108235677083334
12,67,4.41218400010257,226.64512630859298,5,0.449462890625
12,68,4.148803998759831,241.03331955400208,3,0.5928548177083334
12,69,4.068825999638648,245.77113892036917,3,0.5724283854166666
12,70,4.492238000239013,222.60619315957754,4,0.59625244140625
12,71,4.2350429994257865,236.12511139452096,3,0.6348470052083334
12,72,4.569694001475,218.8330333884985,3,0.5220540364583334
12,73,4.462118999072118,224.10876989339516,4,0.494873046875
12,74,4.270826999345445,234.14668872170702,3,0.5787760416666666
12,75,5.013834999772371,199.44812704155606,6,0.4573160807291667
12,76,4.706693000116502,212.46340051820835,6,0.5270182291666666
12,77,4.707475000031991,212.42810636130923,6,0.5424397786458334
12,78,4.940699000144377,202.40051052913321,9,0.5824381510416666
12,79,4.682078000769252,213.58038030030744,6,0.5821940104166666
12,80,4.4528439993882785,224.57557465237446,5,0.39931640625
12,81,4.0172250010073185,248.92805350689846,3,0.533447265625
12,82,3.7627950005116872,265.75989387251076,1,0.85595703125
12,83,4.1551030008122325,240.66792082037958,4,0.41339111328125
12,84,3.81231300161744,262.30794784576517,1,0.303955078125
12,85,3.75385500046832,266.3928148197634,1,0.27197265625
12,86,3.7188529986451613,268.900115267884,1,0.5830078125
12,87,4.004073000032804,249.74569644254922,2,0.523681640625
12,88,4.168767998635303,239.87902428903746,1,0.896484375
12,89,3.816079999523936,262.0490136802038,1,0.88330078125
12,90,3.8345640004990855,260.7858415897728,1,0.8642578125
12,91,4.118879000088782,242.78450519630343,1,0.822265625
12,92,3.7502969989873236,266.64554841123936,1,0.83984375
12,93,3.924304999600281,254.8221914713197,1,0.79931640625
12,94,3.985457000453607,250.91225419975285,2,0.3721923828125
12,95,3.9534710012958385,252.9422878458518,1,0.548828125
12,96,3.805069000009098,262.8073235984969,1,0.8818359375
12,97,3.786585000852938,264.09020259013005,1,0.60400390625
12,98,3.267762000177754,306.0198386374539,0,0.0
12,99,3.21397299921955,311.14138178597966,0,0.0
12,100,3.1529799998679664,317.1602737860297,0,0.0
12,101,3.24892299977364,307.7943060114605,0,0.0
12,102,3.2357309992221417,309.0491762882627,0,0.0
12,103,3.173533999870415,315.106124604568,0,0.0
12,104,3.2810949996928684,304.7763018424052,0,0.0
12,105,3.281302000686992,304.757075024071,0,0.0
12,106,3.218566000214196,310.6973726602002,0,0.0
12,107,3.224264000891708,310.14830042559737,0,0.0
12,108,3.3293500000581844,300.35892891481035,0,0.0
12,109,3.2378989999415353,308.84224616581815,0,0.0
12,110,3.1523849993391195,317.2201365663282,0,0.0
12,111,3.1957600003806874,312.9146118234402,0,0.0
12,112,3.223626999897533,310.2095869130598,0,0.0
12,113,3.1596600001648767,316.4897488805182,0,0.0
12,114,3.1552119999105344,316.9359142993735,0,0.0
12,115,3.2442850006191293,308.2343258404126,0,0.0
12,116,3.2120270006998908,311.32988601344357,0,0.0
12,117,3.189192999343504,313.55894742207516,0,0.0
12,118,3.193264001311036,313.15919998767316,0,0.0
12,119,3.2744319996709237,305.39647795419137,0,0.0
12,120,3.161826998621109,316.27283859493446,0,0.0
12,121,3.1601339996996103,316.4422774778082,0,0.0
12,122,3.1698900002083974,315.4683600800839,0,0.0
12,123,3.8809090001450386,257.6715918777347,1,0.34521484375
12,124,3.217248999135336,310.82455858056335,0,0.0
12,125,4.102097000213689,243.7777556083894,2,0.3682861328125
12,126,3.7615239998558536,265.8496928474526,1,0.66552734375
12,127,3.736755999852903,267.6118001922964,1,0.76611328125
12,128,4.054757999256253,246.6238429478222,1,0.81884765625
12,129,4.6923160007281695,213.1143767480316,4,0.46759033203125
12,130,4.063120000864728,246.11628496996798,2,0.560302734375
12,131,4.164396999840392,240.13080406078643,2,0.749755859375
12,132,3.7356680004450027,267.68974113354756,1,0.8408203125
12,133,4.1227530000469415,242.55636949111772,2,0.349609375
12,134,4.137867001190898,241.6704064466536,1,0.83984375
12,135,4.147948000536417,241.08306079793647,1,0.70751953125
12,136,4.186775000562193,238.84732278799834,1,0.75341796875
12,137,3.9273679994948907,254.62345268602604,1,0.48046875
12,138,3.828659999271622,261.1879874917709,1,0.3720703125
12,139,3.9077900000847876,255.89911432761303,1,0.5947265625
12,140,3.2009650003601564,312.4057900937639,0,0.0
12,141,3.2214870007010177,310.41565580813864,0,0.0
12,142,3.212440999050159,311.289763857352,0,0.0
13,0,4.297143001167569,232.71275815775545,0,0.0
13,1,3.7101420002727536,269.53146265735495,0,0.0
13,2,3.2140170005732216,311.13712211903345,0,0.0
13,3,3.335137000249233,299.8377577668535,0,0.0
13,4,3.2456730004923884,308.1025105881874,0,0.0
13,5,3.1925800012686523,313.2262933435105,0,0.0
13,6,3.2393140008935006,308.7073373325864,0,0.0
13,7,3.3636669995757984,297.2945895435288,0,0.0
13,8,3.22079599936842,310.48225351624086,0,0.0
13,9,4.893458999504219,204.35442497859185,5,0.406591796875
13,10,4.388218998428783,227.8828837754117,4,0.47412109375
13,11,5.211807001614943,191.87203203996955,8,0.494049072265625
13,12,4.666590999477194,214.2891888558547,6,0.75439453125
13,13,4.499030001170468,222.27013372656774,6,0.6544596354166666
13,14,4.684765999627416,213.45783334312344,6,0.7101236979166666
13,15,4.547563999949489,219.89794976191808,6,0.7615559895833334
13,16,4.598450999765191,217.464533176729,6,0.7708333333333334
13,17,4.982451000614674,200.70443239213637,7,0.6300920758928571
13,18,4.704490000221995,212.56289203565365,6,0.6961669921875
13,19,4.468029999770806,223.81228417250924,5,0.797265625
13,20,4.60599399957573,217.1084026796632,5,0.720703125
13,21,4.861226998400525,205.70938167031224,5,0.62265625
13,22,4.430889999639476,225.68829288954728,3,0.2914225260416667
13,23,4.147684001509333,241.09840567316658,2,0.573974609375
13,24,4.393916000481113,227.58741857844,3,0.3506673177083333
13,25,4.821319998882245,207.41207806821282,4,0.4443359375
13,26,3.959862999181496,252.53398923313765,2,0.3153076171875
13,27,4.020051001134561,248.75306301282606,3,0.4231770833333333
13,28,4.328932000134955,231.00385960528482,3,0.3373209635416667
13,29,3.2219789991358994,310.36825512152296,0,0.0
13,30,3.1751970000186702,314.94108869280234,0,0.0
13,31,3.186214999004733,313.8520157341443,0,0.0
13,32,3.2040450005297316,312.10547911613844,0,0.0
13,33,3.1785139999556122,314.61242581091824,0,0.0
13,34,3.2331390011677286,309.2969401064492,0,0.0
13,35,3.214843000023393,311.05718070609464,0,0.0
13,36,3.7029899995104643,270.0520390636216,0,0.0
13,37,3.2711570001993096,305.7022331667574,0,0.0
13,38,3.2782100006443216,305.0445211879206,0,0.0
13,39,3.228739000405767,309.71843802621595,0,0.0
13,40,3.2176120002986863,310.7894923027299,0,0.0
13,41,3.2106319995364174,311.46515706078736,0,0.0
13,42,3.2358669996028766,309.0361872483404,0,0.0
13,43,3.209174001312931,311.6066625215342,0,0.0
13,44,3.2147780002560467,311.0634699877731,0,0.0
13,45,3.2132059986906825,311.2156520333524,0,0.0
13,46,3.152786999635282,317.17968899125793,0,0.0
13,47,3.213416001017322,311.1953135490127,0,0.0
13,48,3.170225001667859,315.43502416197555,0,0.0
13,49,3.2013079999160254,312.372317823287,0,0.0
13,50,3.1601439986843616,316.44127622548916,0,0.0
13,51,3.165760001138551,315.879914977874,0,0.0
13,52,3.2118750004883623,311.34461952845334,0,0.0
13,53,3.220469001462334,310.5137790632126,0,0.0
13,54,3.3028039997589076,302.7730377197667,0,0.0
13,55,3.91152199881617,255.65495996255476,1,0.285400390625
13,56,3.2293269996443996,309.6620441689912,0,0.0
13,57,3.158622001137701,316.5937550108278,0,0.0
13,58,3.2223830003204057,310.32934319122484,0,0.0
13,59,3.162336000968935,316.2219320444132,0,0.0
13,60,3.1693879991507856,315.51832728209445,0,0.0
13,61,3.2183899984374875,310.71436354372685,0,0.0
13,62,3.2737199999246513,305.46289848338165,0,0.0
13,63,3.1802400008018594,314.441677278401,0,0.0
13,64,3.1505070001003332,317.4092296789543,0,0.0
13,65,3.144891999909305,317.9759432212104,0,0.0
13,66,3.1700920008006506,315.4482582043159,0,0.0
13,67,3.220034999685595,310.55563063682234,0,0.0
13,68,3.196887999365572,312.8042021486057,0,0.0
13,69,3.233404000638984,309.2715911164767,0,0.0
13,70,3.2403389996034093,308.6096856293097,0,0.0
13,71,3.158880999762914,316.5677972912097,0,0.0
13,72,3.29453200174612,303.5332482640917,0,0.0
13,73,3.2833169989316957,304.5700431378918,0,0.0
13,74,3.2521920002182014,307.48492091884685,0,0.0
13,75,3.211877001376706,311.3444255715179,0,0.0
13,76,3.1536480000795564,317.09309345075076,0,0.0
13,77,3.142733999993652,318.1942856131063,0,0.0
13,78,3.253386999858776,307.37197881574133,0,0.0
13,79,3.1521170003543375,317.24710722590163,0,0.0
13,80,3.871745000651572,258.28147252252177,1,0.422607421875
13,81,3.172497001287411,315.2091237893042,0,0.0
13,82,3.169655999954557,315.49164957154244,0,0.0
13,83,3.7716509996243985,265.13587818692275,1,0.25537109375
13,84,3.230719999919529,309.5285261566796,0,0.0
13,85,3.287723999164882,304.1617849472799,0,0.0
13,86,3.162259999953676,316.22953204817094,0,0.0
13,87,3.16670400025032,315.7857507114503,0,0.0
13,88,3.2738890004111454,305.44713027057935,0,0.0
13,89,3.1502090005233185,317.43925556490956,0,0.0
13,90,3.214372000002186,311.10275973014944,0,0.0
13,91,3.151635000904207,317.2956258301164,0,0.0
13,92,3.2160119990294334,310.9441134864522,0,0.0
13,93,3.2863079995877342,304.29284173164825,0,0.0
13,94,3.209898999557481,311.5362820256527,0,0.0
13,95,4.100629001186462,243.86502649000028,1,0.451416015625
13,96,4.152012001213734,240.84708804012988,2,0.3040771484375
13,97,4.030002000945387,248.1388346123433,1,0.6318359375
13,98,4.240207999828272,235.8374872271596,1,0.65478515625
13,99,4.1986500000348315,238.17179331254192,1,0.73388671875
13,100,3.9928639998834115,250.44679709331427,1,0.69091796875
13,101,4.079299000295578,245.14015764167866,1,0.64404296875
13,102,4.169682000792818,239.82644235456354,2,0.53857421875
13,103,4.31692500023928,231.64636864077363,4,0.50286865234375
13,104,4.219873000693042,236.973956286307,2,0.3927001953125
13,105,4.051042000355665,246.85006966410225,2,0.6392822265625
13,106,4.096538001249428,244.10856183807007,2,0.6397705078125
13,107,4.135528000915656,241.8070920517496,2,0.70556640625
13,108,4.267170999810332,234.3472994272899,2,0.775390625
13,109,4.8165620009967824,207.61696824271152,3,0.6282552083333334
13,110,4.696923000665265,212.9053424674753,3,0.6064453125
13,111,4.626153999197413,216.16228084354498,3,0.5834147135416666
13,112,4.130369999984396,242.1090604482838,2,0.40185546875
13,113,4.195038000034401,238.37686333039164,4,0.38067626953125
13,114,4.374287998871296,228.6086330525177,4,0.476318359375
13,115,4.047297999932198,247.0784212125602,3,0.58203125
13,116,4.533548999461345,220.57774165864652,4,0.48443603515625
13,117,4.621961001248565,216.3583811567996,5,0.4318359375
13,118,4.057144000398694,246.4788037845663,2,0.7099609375
13,119,4.489466000450193,222.74364031261678,4,0.55059814453125
13,120,4.3807969996123575,228.26896569014423,4,0.48455810546875
13,121,3.9438640014850534,253.55843903934115,2,0.63671875
13,122,4.103265000594547,243.70836391388417,2,0.6591796875
13,123,4.586077999192639,218.05124120785692,4,0.45941162109375
13,124,4.291556999305612,233.01566311755923,3,0.51708984375
13,125,3.9899099992908305,250.63221981892843,1,0.7919921875
13,126,4.454756999621168,224.4791354691266,4,0.38543701171875
13,127,3.899553999872296,256.439582586303,1,0.282958984375
13,128,3.747017999558011,266.8788887904882,1,0.80419921875
13,129,3.824049999821,261.50285693095253,1,0.86962890625
13,130,4.011991999504971,249.2527403153813,2,0.3807373046875
13,131,4.013539000879973,249.15666691684044,1,0.4609375
13,132,4.142505000345409,241.39982931019236,2,0.2978515625
13,133,4.010787999504828,249.32756359185777,1,0.552734375
13,134,3.955291998863686,252.82583442317016,2,0.2899169921875
13,135,4.1802149989962345,239.22214532987488,1,0.72314453125
13,136,3.930828001102782,254.3993275003264,2,0.3197021484375
13,137,3.7935139989713207,263.6078317547182,1,0.71875
13,138,3.7813070011907257,264.4588232812364,1,0.73095703125
13,139,3.912494001269806,255.5914461914698,1,0.607421875
13,140,3.901768001014716,256.29406969864283,2,0.3909912109375
13,141,3.9144680013123434,255.4625557456966,1,0.82666015625
14,0,5.707955000616494,175.19409313703312,1,0.640625
14,1,4.6370830004889285,215.65281447292645,2,0.4176025390625
14,2,4.433055999470525,225.57802114826382,3,0.5069173177083334
14,3,9.86171400109015,101.40225115932752,3,0.6302083333333334
14,4,4.500314000324579,222.20671711526714,4,0.4942626953125
14,5,4.957306000505923,201.72246778753296,5,0.451904296875
14,6,4.307613000491983,232.14713111084666,3,0.5428059895833334
14,7,4.123717999391374,242.49960839892339,3,0.3705240885416667
14,8,4.529150999587728,220.79193210626593,1,0.27978515625
14,9,3.236049000406638,309.0188065367185,0,0.0
14,10,3.1530030009889742,317.157960105442,0,0.0
14,11,3.2799139989947435,304.88604283724777,0,0.0
14,12,3.9750449996063253,251.5694791125727,2,0.2918701171875
14,13,3.1584659991494846,316.6093921129058,0,0.0
14,14,3.825146999588469,261.42786149331926,1,0.33447265625
14,15,3.890121999575058,257.06134669021594,1,0.381103515625
14,16,3.2626840002194513,306.49612402940005,0,0.0
14,17,3.2199400011450052,310.564793022355,0,0.0
14,18,3.163787998346379,316.0768042999946,0,0.0
14,19,3.1663339996157447,315.8226517232094,0,0.0
14,20,3.2544759997108486,307.26912722319884,0,0.0
14,21,3.1640349989174865,316.0521297463937,0,0.0
14,22,3.155267999318312,316.93028934976286,0,0.0
14,23,3.196788000423112,312.8139869980883,0,0.0
14,24,3.770179000639473,265.23939575027777,1,0.30908203125
14,25,3.731173999767634,268.01215919232845,1,0.392333984375
14,26,5.120833000546554,195.2807287199697,2,0.3304443359375
14,27,3.2298550013365457,309.611422056467,0,0.0
14,28,3.197123000063584,312.781209850266,0,0.0
14,29,3.1677260012656916,315.68386899638466,0,0.0
14,30,3.1776300002093194,314.699949312578,0,0.0
14,31,3.257161999499658,307.01573951606116,0,0.0
14,32,3.218705000108457,310.6839551826912,0,0.0
14,33,3.2197919990721857,310.5790685510616,0,0.0
14,34,3.1507439998677,317.3853540757326,0,0.0
14,35,3.235431999200955,309.0777368360599,0,0.0
14,36,3.2097479997901246,311.5509379756252,0,0.0
14,37,3.203366999514401,312.17153705822346,0,0.0
14,38,3.154216999973869,317.0358919529901,0,0.0
14,39,3.1779449982423102,314.66875624124714,0,0.0
14,40,3.782495999985258,264.3756926653452,1,0.65478515625
14,41,3.7290210002538515,268.1668995513636,1,0.6806640625
14,42,3.7967509997542948,263.3830872935082,1,0.57958984375
14,43,3.166206000969396,315.83541932957945,0,0.0
14,44,3.197267000359716,312.76712263551735,0,0.0
14,45,3.273202999480418,305.5111461643956,0,0.0
14,46,3.2053649993031286,311.9769512106758,0,0.0
14,47,3.1473300005018245,317.72963109701095,0,0.0
14,48,3.141060999041656,318.3637631695475,0,0.0
14,49,3.2136270001501543,311.1748812022291,0,0.0
14,50,3.2610439993732143,306.65026298087486,0,0.0
14,51,3.7399110005935654,267.38604203182615,1,0.640625
14,52,3.9136750001489418,255.51431837389237,2,0.3211669921875
14,53,3.873517000101856,258.16331772229336,1,0.445556640625
14,54,3.15944199974183,316.51158656551183,0,0.0
14,55,3.1481299993174616,317.6488900448227,0,0.0
14,56,3.2167049994313857,310.8771243172032,0,0.0
14,57,3.15871199927642,316.58473460988984,0,0.0
14,58,3.181711999786785,314.2962028200581,0,0.0
14,59,3.148615000100108,317.59996060750706,0,0.0
14,60,3.1995890003599925,312.54014183930747,0,0.0
14,61,3.250757999921916,307.6205611195974,0,0.0
14,62,3.162401999361464,316.2153325864058,0,0.0
14,63,3.1510359985986724,317.3559427581023,0,0.0
14,64,3.1945299997460097,313.035094389318,0,0.0
14,65,3.650194999863743,273.9579666394066,0,0.0
14,66,3.212939998775255,311.2414176365545,0,0.0
14,67,3.179875999194337,314.47767153604826,0,0.0
14,68,3.148339001199929,317.62780298400816,0,0.0
14,69,3.1383080004161457,318.6430394554639,0,0.0
14,70,3.1383240002469392,318.64141494674067,0,0.0
14,71,3.2071569985419046,311.8026340633271,0,0.0
14,72,3.2501900004717754,307.67432053352167,0,0.0
14,73,3.1930630011629546,313.1789130486267,0,0.0
14,74,3.1795579998288304,314.50912361209777,0,0.0
14,75,3.22803900053259,309.7856004326501,0,0.0
15,0,4.396387999804574,227.45945081381612,0,0.0
15,1,3.824782999799936,261.4527412541593,0,0.0
15,2,3.2903249993978534,303.92134521149285,0,0.0
15,3,3.276204000940197,305.2312980855351,0,0.0
15,4,3.218923000531504,310.66291422158326,0,0.0
15,5,3.246030999434879,308.06853051437156,0,0.0
15,6,3.1753969997225795,314.92125239375287,0,0.0
15,7,3.304750000097556,302.5947499721552,0,0.0
15,8,4.107134000150836,243.47878592791827,1,0.27197265625
15,9,3.265265999289113,306.25376315978906,0,0.0
15,10,3.2591269991826266,306.8306329427467,0,0.0
15,11,3.719550999448984,268.8496542050749,0,0.0
15,12,3.276000999903772,305.2502120815511,0,0.0
15,13,3.181906999088824,314.27694155937354,0,0.0
15,14,3.194656999767176,313.02265002874464,0,0.0
15,15,3.19665799906943,312.82670848464466,0,0.0
15,16,3.183837998221861,314.0863324573955,0,0.0
15,17,3.202762000000803,312.2305060443921,0,0.0
15,18,3.1635649993404513,316.0990844849032,0,0.0
15,19,3.2037310011219233,312.1360687429148,0,0.0
15,20,3.27374799962854,305.4602859210502,0,0.0
15,21,3.173782999510877,315.08140290439314,0,0.0
15,22,3.2248229999822797,310.0945385236632,0,0.0
15,23,3.1973440000001574,312.7595904600665,0,0.0
15,24,3.1629389995941892,316.16164590221365,0,0.0
15,25,3.1620620011381106,316.24933339070304,0,0.0
15,26,3.475675001027412,287.7138972154759,0,0.0
15,27,3.62358900019899,275.969487694406,0,0.0
15,28,3.5127699993608985,284.6756264093398,0,0.0
15,29,3.8977590011199936,256.5576783255858,0,0.0
15,30,3.322126000057324,301.0120627522089,0,0.0
15,31,3.2406680002168287,308.57835481236935,0,0.0
15,32,3.2320989994332194,309.39646346704103,0,0.0
15,33,3.244368001105613,308.22644029876415,0,0.0
15,34,3.215218999685021,311.02080452310247,0,0.0
15,35,3.3177810000779573,301.4062712326411,0,0.0
15,36,3.291648999947938,303.79909887591793,0,0.0
15,37,3.240878999349661,308.55826465618355,0,0.0
15,38,3.2687240000086604,305.9297756547664,0,0.0
15,39,3.2310779988620197,309.4942308270485,0,0.0
15,40,3.2859129987627966,304.32942088744204,0,0.0
15,41,3.2678169991413597,306.01468817340646,0,0.0
15,42,3.2992720007314347,303.0971680353436,0,0.0
15,43,3.2047460008470807,312.0372097307179,0,0.0
15,44,3.2063670005300082,311.87945729066615,0,0.0
15,45,3.261883999584825,306.5712944198141,0,0.0
15,46,3.212501998859807,311.28385300769423,0,0.0
15,47,3.9526540003862465,252.99457020581153,1,0.39990234375
15,48,3.2128439997904934,311.2507174532001,0,0.0
15,49,3.1457829991268227,317.8858809643166,0,0.0
15,50,3.2468950012116693,307.98655319214885,0,0.0
15,51,3.396534000785323,294.41777993942856,0,0.0
15,52,3.287358998932177,304.1955564709625,0,0.0
15,53,3.161341999657452,316.32135976061915,0,0.0
15,54,3.1951229993865127,312.97699656382787,0,0.0
15,55,3.1569319999107393,316.76323722787646,0,0.0
15,56,4.054861001350218,246.61757817765206,1,0.416748046875
15,57,3.28182600060245,304.70841532013833,0,0.0
15,58,3.1614139988960233,316.3141557382878,0,0.0
15,59,3.1818839997868054,314.2792132167617,0,0.0
15,60,3.2133290005731396,311.20373911965964,0,0.0
15,61,3.1468479992327048,317.77829759932155,0,0.0
15,62,3.2165289994736668,310.8941346910393,0,0.0
15,63,3.219205000277725,310.63570040234424,0,0.0
15,64,3.2764360003056936,305.2096851294209,0,0.0
15,65,4.208360000120592,237.6222566442378,1,0.673828125
15,66,4.017767001641914,248.89447287295073,2,0.4892578125
15,67,4.019624999273219,248.77942598645598,2,0.57666015625
15,68,4.190773001027992,238.61946226977722,2,0.4921875
15,69,4.349630000433535,229.90461255332713,2,0.5401611328125
15,70,4.462466999029857,224.09129304875546,4,0.60333251953125
15,71,4.259299999830546,234.78036297978178,3,0.4388834635416667
15,72,4.090435000762227,244.47277607727693,1,0.383056640625
15,73,4.014545000245562,249.0942310869182,2,0.670654296875
15,74,4.201921999992919,237.98633101749274,3,0.5757649739583334
15,75,4.170589998466312,239.7742286745374,2,0.763916015625
15,76,4.70429699998931,212.57161271966297,4,0.55126953125
15,77,4.346527000961942,230.0687421885766,2,0.572265625
15,78,4.89194699912332,204.41758673575345,3,0.4381510416666667
15,79,3.9970180005184375,250.18651401377076,2,0.4913330078125
15,80,4.332717000579578,230.8020578925954,4,0.36773681640625
15,81,4.86809999893012,205.4189519976528,7,0.41319056919642855
15,82,4.228755000440287,236.47622051783148,2,0.747314453125
15,83,4.327110000303946,231.1011275261682,3,0.6876627604166666
15,84,4.3112839994137175,231.94946102738487,3,0.5266927083333334
15,85,4.348504999143188,229.96409115248483,3,0.6006673177083334
15,86,5.228134999924805,191.27279613368492,3,0.599609375
15,87,4.779953000252135,209.20707796650962,3,0.6160481770833334
15,88,4.349396000179695,229.91698156679342,1,0.401611328125
15,89,4.057887001181371,246.43367341398874,1,0.43408203125
15,90,3.8067440000304487,262.69168612126305,1,0.401611328125
15,91,3.2561300013185246,307.11304511646154,0,0.0
15,92,3.1775770003150683,314.7051983007324,0,0.0
15,93,3.2296089993906207,309.6350054104646,0,0.0
15,94,3.3085569994000252,302.24656857395547,0,0.0
15,95,3.1692350003140746,315.53355932926996,0,0.0
15,96,3.172342001562356,315.22452481715624,0,0.0
15,97,3.1474670013267314,317.7158011755092,0,0.0
15,98,3.7826049992872868,264.36807443241327,1,0.4921875
15,99,3.8245640007517068,261.4677123466761,1,0.287841796875
15,100,3.246660000513657,308.00884596532717,0,0.0
15,101,3.264971999669797,306.2813402691157,0,0.0
15,102,3.1585809992975555,316.5978647444509,0,0.0
15,103,3.216197999790893,310.9261308119142,0,0.0
15,104,3.1671569995523896,315.74058379212926,0,0.0
15,105,3.2169980004255194,310.8488099363841,0,0.0
15,106,3.174196001054952,315.04040697790794,0,0.0
15,107,3.30305799980124,302.74975494229125,0,0.0
16,0,5.37964999966789,185.88569889523194,1,0.462890625
16,1,4.41689800027234,226.40323592221085,1,0.420654296875
16,2,4.288856000130181,233.16240973575393,2,0.336181640625
16,3,5.051581001680461,197.95782739450078,6,0.4253743489583333
16,4,4.988036000213469,200.47970783635157,6,0.6258138020833334
16,5,4.837857000893564,206.70309184734018,6,0.5923258463541666
16,6,4.754171999593382,210.34156948581767,7,0.6319754464285714
16,7,5.130297999130562,194.9204510477698,7,0.5886579241071429
16,8,5.193236998820794,192.55812901030046,7,0.4888392857142857
16,9,4.822593999051605,207.35728535237604,6,0.4596354166666667
16,10,4.327779999584891,231.06534992442252,3,0.3772786458333333
16,11,4.183142000329099,239.05475834225265,3,0.4508463541666667
16,12,4.307141000026604,232.1725710845833,2,0.3905029296875
16,13,3.76173699987703,265.83463969774857,1,0.361083984375
16,14,3.749015000721556,266.7367294629481,1,0.49609375
16,15,3.8821259986434598,257.5908150197681,1,0.27197265625
16,16,3.8953240000410005,256.7180547727158,1,0.264404296875
16,17,4.109322000658722,243.34914612184215,2,0.3338623046875
16,18,3.2648579999658978,306.29203475631874,0,0.0
16,19,4.1369769987795735,241.7223978511373,3,0.5651041666666666
16,20,4.079876000105287,245.1054884938154,2,0.521484375
16,21,4.5482420009648195,219.86516983658078,4,0.608642578125
16,22,4.262923999704071,234.58077133662698,3,0.6555989583333334
16,23,4.371962999357493,228.7302065792782,4,0.538818359375
16,24,4.253659999449155,235.09166226955116,3,0.5362141927083334
16,25,4.684941000959952,213.44985983710325,1,0.34521484375
16,26,4.069241000252077,245.7460740069347,2,0.4344482421875
16,27,3.9538069995614933,252.92079257052947,2,0.489990234375
16,28,3.1873770003585378,313.7375967409921,0,0.0
16,29,3.93374700070126,254.2105528956825,2,0.43408203125
16,30,3.237699000237626,308.8613240225872,0,0.0
16,31,3.2516740011487855,307.533903966606,0,0.0
16,32,3.1652079997002147,315.9350033535593,0,0.0
16,33,3.224756001145579,310.10098117338333,0,0.0
16,34,3.925164000975201,254.76642498289283,1,0.322509765625
16,35,3.8953170005697757,256.71851606781377,1,0.64599609375
16,36,3.181158999723266,314.3508388254066,0,0.0
16,37,3.232670000215876,309.341813402921,0,0.0
16,38,3.3097409996116767,302.1384453095657,0,0.0
16,39,3.179482000632561,314.51664132743923,0,0.0
16,40,3.230006999729085,309.59685229285094,0,0.0
16,41,3.2624260002194205,306.5203624335826,0,0.0
16,42,3.209738999430556,311.5518115888586,0,0.0
16,43,3.169618001265917,315.4954318156349,0,0.0
16,44,3.1729080001241527,315.16829355306584,0,0.0
16,45,3.1944219990691636,313.0456778382425,0,0.0
16,46,3.177442999003688,314.7184702647877,0,0.0
16,47,3.22135899841669,310.42799032690976,0,0.0
16,48,3.2386340008088155,308.77215509695145,0,0.0
16,49,3.170011999827693,315.4562191103236,0,0.0
16,50,3.1665580008848337,315.8003105329412,0,0.0
16,51,3.184885999871767,313.98298087914696,0,0.0
16,52,3.170707999743172,315.3869735343022,0,0.0
16,53,3.1863599997450365,313.8377333634671,0,0.0
16,54,3.2032310009526554,312.1847908260739,0,0.0
16,55,3.811921000306029,262.3349224497879,1,0.63330078125
16,56,3.1562920012220275,316.8274670445029,0,0.0
16,57,3.224148000299465,310.159459152346,0,0.0
16,58,3.1569680013490142,316.7596249226114,0,0.0
16,59,3.2382129993493436,308.8122986971304,0,0.0
16,60,3.1819800005905563,314.26973136676094,0,0.0
16,61,3.3132150001620175,301.8216445208354,0,0.0
16,62,3.193558000930352,313.13037048604673,0,0.0
16,63,3.2272779990307754,309.858648774702,0,0.0
16,64,3.910519000783097,255.7205321850491,1,0.49609375
16,65,3.606917000070098,277.2450821520334,0,0.0
16,66,3.2564310004090657,307.0846579812016,0,0.0
16,67,3.241905000322731,308.4606118626086,0,0.0
16,68,3.2655649993102998,306.22572210665044,0,0.0
16,69,3.2293160002154764,309.6630989142205,0,0.0
16,70,3.230653999708011,309.53484962808795,0,0.0
16,71,3.9408900011039805,253.74978741346882,1,0.515625
16,72,4.372103001514915,228.72288224991593,2,0.346435546875
16,73,4.073935000633355,245.46292462804016,1,0.56005859375
16,74,4.00011100100528,249.99306262968378,1,0.63720703125
16,75,4.044057999635697,247.2763743967281,1,0.71533203125
16,76,4.041539001264027,247.43049607766773,1,0.64599609375
16,77,4.068917000040528,245.76564230482938,2,0.579833984375
16,78,4.2163760008406825,237.17049897841534,2,0.5250244140625
16,79,4.359931001090445,229.36142791018804,3,0.5879720052083334
16,80,4.037515000163694,247.67709840321504,2,0.67822265625
16,81,4.187393999018241,238.81201535715434,3,0.5408528645833334
16,82,4.173568000624073,239.6031404904557,2,0.677490234375
16,83,4.4670089991996065,223.8634397600674,4,0.560546875
16,84,4.517351000686176,221.3686737754277,3,0.634765625
16,85,4.481542999201338,223.13743283913854,3,0.4634602864583333
16,86,4.592544999468373,217.74419197106587,3,0.5174153645833334
16,87,4.10965999981272,243.32913186141204,2,0.3638916015625
16,88,4.204831000606646,237.8216864972044,4,0.40618896484375
16,89,4.0799670005071675,245.10002161186432,3,0.5262044270833334
16,90,4.144460999668809,241.28589944021957,2,0.5908203125
16,91,3.9828310000302736,251.07768820529893,2,0.662353515625
16,92,4.3512649990589125,229.81822532442382,3,0.5709635416666666
16,93,4.200577999654342,238.0624761835843,3,0.5576985677083334
16,94,4.421170999194146,226.1844204131149,4,0.44183349609375
16,95,4.180514000836411,239.2050355051858,2,0.705810546875
16,96,4.8332259993912885,206.90114638254929,3,0.608154296875
16,97,3.978549000748899,251.34791598941368,2,0.6298828125
16,98,4.608743000062532,216.9789029213458,3,0.55859375
16,99,4.508869000346749,221.78510839926736,4,0.4423828125
16,100,3.8974069993855665,256.58084982083005,1,0.36474609375
16,101,3.196212999682757,312.8702624322146,0,0.0
16,102,3.2287069989251904,309.7215078150144,0,0.0
16,103,3.1730049995530862,315.1586587921698,0,0.0
16,104,3.279856999142794,304.89134137901584,0,0.0
16,105,3.1668409992562374,315.77208967386093,0,0.0
16,106,3.2128769998962525,311.24752053449015,0,0.0
16,107,3.146667000692105,317.796576434701,0,0.0
16,108,3.1611180002073525,316.34377455520655,0,0.0
16,109,3.1521359996986575,317.24519503460493,0,0.0
16,110,3.1867149991740007,313.80277190122143,0,0.0
16,111,3.2177860011870507,310.77268644686035,0,0.0
16,112,3.1630909998057177,316.1464529668674,0,0.0
16,113,3.1851069998083403,313.9611950431096,0,0.0
16,114,3.7800499994773418,264.54676529100607,1,0.73876953125
16,115,3.7998219995643012,263.17022221426765,1,0.85986328125
16,116,3.7154679994273465,269.14509831712365,1,0.85302734375
16,117,3.754415000003064,266.3530803065681,1,0.880859375
16,118,4.234771000483306,236.1402776881848,2,0.41748046875
16,119,4.326182001022971,231.15070049377013,3,0.4688313802083333
16,120,4.244183000992052,235.61660742862784,3,0.4669596354166667
16,121,4.456684000615496,224.38207417485594,3,0.4476725260416667
16,122,4.0513169988116715,246.83331378248582,2,0.5
16,123,3.9801740003895247,251.24529729155904,1,0.7373046875
16,124,4.121121000935091,242.65242388493274,2,0.4676513671875
16,125,3.973770999436965,251.65013286917838,2,0.54052734375
16,126,3.9777740003046347,251.39688678225957,2,0.5146484375
16,127,3.7054139993415447,269.87537699638983,1,0.85302734375
16,128,3.7579480012936983,266.102670834121,1,0.7646484375
17,0,4.391254000438494,227.7253832049214,0,0.0
17,1,3.7674049999623094,265.43469576804307,0,0.0
17,2,3.2955299993773224,303.4413281593389,0,0.0
17,3,3.2524210000701714,307.46327119964633,0,0.0
17,4,3.2178059991565533,310.77075506171553,0,0.0
17,5,3.193423000993789,313.14360787430957,0,0.0
17,6,3.157242999805021,316.7320348993587,0,0.0
17,7,4.135193999900366,241.82662289220147,1,0.2861328125
17,8,3.2204170001932653,310.5187930444994,0,0.0
17,9,3.7855710015719524,264.1609415289666,1,0.32763671875
17,10,3.8578959993174067,259.2086464168381,1,0.447509765625
17,11,3.765661000215914,265.5576271848853,1,0.338134765625
17,12,3.211358000044129,311.39474327878065,0,0.0
17,13,3.261496998675284,306.6076713871477,0,0.0
17,14,3.766825999264256,265.475495867163,1,0.299072265625
17,15,3.7958100001560524,263.44838123059066,1,0.294189453125
17,16,4.379867001262028,228.31743514400256,3,0.3837890625
17,17,4.195644998617354,238.34237651887688,2,0.3951416015625
17,18,3.962410999520216,252.37159903934344,2,0.4110107421875
17,19,3.7777239995193668,264.70965060635143,1,0.544921875
17,20,3.997877000074368,250.132757956635,1,0.716796875
17,21,3.863386999000795,258.8402353320116,1,0.662109375
17,22,3.854979999232455,259.4047181046607,1,0.71044921875
17,23,3.972958000304061,251.7016288426576,2,0.45947265625
17,24,4.137400001127389,241.69768447032257,2,0.4017333984375
17,25,4.099326999494224,243.94248132031925,2,0.3603515625
17,26,3.916514000593452,255.32910129989946,2,0.4853515625
17,27,4.1656470002635615,240.05874716142048,2,0.4246826171875
17,28,4.22813600016525,236.51084070165118,2,0.604736328125
17,29,3.7873789988225326,264.03483789472676,1,0.4130859375
17,30,4.289939999580383,233.10349331175124,3,0.489013671875
17,31,4.13479499911773,241.84995875572474,2,0.80712890625
17,32,4.033331000755425,247.93402768399235,2,0.660400390625
17,33,4.220340000756551,236.94773402634314,2,0.716796875
17,34,4.255744999682065,234.97648474584526,3,0.61181640625
17,35,4.339123999670846,230.46126362737206,3,0.5462239583333334
17,36,3.97966600030486,251.27736848353493,2,0.759033203125
17,37,4.50416500098072,222.01673335285537,3,0.67333984375
17,38,4.848014999879524,206.26998885623303,4,0.47808837890625
17,39,4.027967999718385,248.2641371703834,2,0.451416015625
17,40,4.300157999750809,232.54959470278752,4,0.420654296875
17,41,4.424356000527041,226.02159498034908,4,0.4429931640625
17,42,4.195384999547969,238.35714722432982,3,0.5533854166666666
17,43,4.144245000134106,241.29847534777517,2,0.63525390625
17,44,4.226430999551667,236.60625243996137,3,0.629638671875
17,45,4.274773000361165,233.9305502106223,3,0.6729329427083334
17,46,4.305809001380112,232.24439348783858,4,0.6319580078125
17,47,4.1450170010648435,241.25353400072973,3,0.7023111979166666
17,48,4.291582999940147,233.01425138787872,4,0.6109619140625
17,49,4.140357999858679,241.5250082321704,3,0.6771647135416666
17,50,4.154358999585384,240.71102186878957,3,0.7208658854166666
17,51,5.310369000653736,188.31083110738527,7,0.5162527901785714
17,52,4.844002000027103,206.4408726491865,7,0.5566057477678571
17,53,4.564545999528491,219.07983841181536,5,0.552734375
17,54,4.158943000220461,240.44570938985967,3,0.5782877604166666
17,55,4.246225000315462,235.503299972495,3,0.5026041666666666
17,56,4.132117999688489,242.00664164851722,3,0.5669759114583334
17,57,3.918131000318681,255.22372782295056,2,0.4693603515625
17,58,4.541640999377705,220.1847306154361,2,0.59716796875
17,59,4.051534999234718,246.82003245409132,2,0.468505859375
17,60,3.961569000239251,252.42523857078015,2,0.514892578125
17,61,3.197493999323342,312.7449184303775,0,0.0
17,62,3.202625999620068,312.2437649974213,0,0.0
17,63,3.214615000615595,311.07924271133595,0,0.0
17,64,3.2022300001699477,312.2823782011062,0,0.0
17,65,3.1551829997624736,316.9388273438597,0,0.0
17,66,3.2133889999386156,311.1979284235748,0,0.0
17,67,3.1860219987720484,313.87102800464606,0,0.0
17,68,3.1585799988533836,316.5979650232118,0,0.0
17,69,3.19987399961974,312.51230520915385,0,0.0
17,70,3.203137999662431,312.19385493393884,0,0.0
17,71,3.1712029995105695,315.33774411614013,0,0.0
17,72,3.2488059987372253,307.8053907770082,0,0.0
17,73,3.215652001017588,310.9789242379311,0,0.0
17,74,3.3397909992345376,299.41993383094774,0,0.0
17,75,3.215362999981153,311.0068754308181,0,0.0
17,76,3.1631479996576672,316.1407560152814,0,0.0
17,77,3.1690060004621046,315.55636052887877,0,0.0
17,78,3.1871310002316022,313.761812717247,0,0.0
17,79,3.77083600142214,265.1931825258002,1,0.71875
17,80,3.7890679996053223,263.9171427127099,1,0.7646484375
17,81,3.9640550003241515,252.26693371263195,2,0.4542236328125
17,82,3.7612960004480556,265.8658079238851,1,0.505859375
17,83,3.7242020007397514,268.5138990316225,1,0.55078125
17,84,3.7791650011058664,264.6087163982991,1,0.80908203125
17,85,3.728929999851971,268.17344386719446,1,0.33984375
17,86,3.168060000461992,315.6505873797125,0,0.0
17,87,3.831395999441156,261.00147313038354,1,0.27197265625
17,88,3.1756869993841974,314.8924941891035,0,0.0
17,89,3.2103899993671803,311.48863539853915,0,0.0
18,0,4.397694001454511,227.3919012257915,0,0.0
18,1,3.811967000729055,262.33175675674676,0,0.0
18,2,3.2636070009175455,306.4094419820939,0,0.0
18,3,3.2330269987141946,309.307655147238,0,0.0
18,4,3.1929430006130133,313.1906832686991,0,0.0
18,5,3.2359520009777043,309.02806954425216,0,0.0
18,6,3.220885000700946,310.4736740934168,0,0.0
18,7,3.1807630002731457,314.3899749569917,0,0.0
18,8,4.117919999771402,242.841045978434,1,0.350341796875
18,9,4.0163619996747,248.98154102667877,2,0.475830078125
18,10,3.8948989986238303,256.74606719027275,1,0.82080078125
18,11,3.3067529984691646,302.41145935694084,0,0.0
18,12,3.809544999967329,262.4985398541233,1,0.87158203125
18,13,3.9193880002130754,255.14187417669174,1,0.89013671875
18,14,3.277513000284671,305.1093923695022,0,0.0
18,15,3.179801999067422,314.4849900381476,0,0.0
18,16,3.252450000218232,307.46052973386287,0,0.0
18,17,3.2074549999379087,311.7736647963443,0,0.0
18,18,3.161529999488266,316.30254976605084,0,0.0
18,19,3.162841001540073,316.17144191347995,0,0.0
18,20,3.1725860008009477,315.2002813312361,0,0.0
18,21,3.2035660005931277,312.15214539511715,0,0.0
18,22,3.178176999426796,314.64578599000504,0,0.0
18,23,3.1674290003138594,315.7134697891919,0,0.0
18,24,4.064821001520613,246.01329299024704,1,0.32421875
18,25,3.1876939992798725,313.70639723446124,0,0.0
18,26,3.197907000867417,312.70452822072525,0,0.0
18,27,4.0716389994486235,245.6013414095451,1,0.2568359375
18,28,4.352395999376313,229.75850546303633,1,0.3173828125
18,29,3.847992000373779,259.8758001323454,1,0.4609375
18,30,3.2694559995434247,305.8612809408197,0,0.0
18,31,3.2130470008269185,311.2310525624547,0,0.0
18,32,3.2655260001774877,306.2293792625286,0,0.0
18,33,4.821242000616621,207.41543358995528,5,0.37021484375
18,34,4.638292000890942,215.59660319098407,4,0.54669189453125
18,35,4.203480000796844,237.89812246291936,2,0.4947509765625
18,36,4.50599699979648,221.9264682256039,4,0.57073974609375
18,37,4.475296000236995,223.44890705487276,5,0.56494140625
18,38,5.0956739996763645,196.2448932297301,6,0.5266520182291666
18,39,4.98574599987478,200.57179006413796,6,0.5042724609375
18,40,4.501179999351734,222.1639659253843,4,0.56646728515625
18,41,4.286814000806771,233.2734753156544,3,0.63916015625
18,42,4.555208000965649,219.52894352749908,4,0.62469482421875
18,43,4.9884690015460365,200.4623061083627,6,0.5369466145833334
18,44,4.5515629990404705,219.7047476242366,5,0.522314453125
18,45,4.0459930005454225,247.1581141799292,2,0.72900390625
18,46,4.147887000726769,241.08660622258654,2,0.785400390625
18,47,3.9623129996471107,252.3778409451907,2,0.802490234375
18,48,4.070977998708258,245.6412194606075,3,0.48291015625
18,49,4.067079999003909,245.8766486631479,1,0.81640625
18,50,3.858232999846223,259.1860056248176,1,0.8291015625
18,51,3.1763010010763537,314.8316232186842,0,0.0
18,52,3.769486000237521,265.28815863409193,1,0.291748046875
18,53,3.1621630005247425,316.2392323969561,0,0.0
18,54,3.211414001270896,311.389313120095,0,0.0
18,55,3.154284000629559,317.0291577424263,0,0.0
18,56,3.1769870001880918,314.76364238846287,0,0.0
18,57,3.2492099999217317,307.76711878397776,0,0.0
18,58,3.148902998873382,317.5709129045198,0,0.0
18,59,3.144582000459195,318.00728995267815,0,0.0
18,60,3.2803700014483184,304.8436607939011,0,0.0
18,61,3.4658829990803497,288.5267622321191,0,0.0
18,62,3.858447000311571,259.1716304303907,1,0.56005859375
18,63,3.7818410000909353,264.42148148903004,1,0.25830078125
18,64,3.2285319994116435,309.73829597545773,0,0.0
18,65,3.1849970000621397,313.9720382720894,0,0.0
18,66,3.2606420008960413,306.6880693204574,0,0.0
18,67,3.1616359992767684,316.29194512864615,0,0.0
18,68,3.205159999197349,311.9969050688342,0,0.0
18,69,3.196390000084648,312.852937211516,0,0.0
18,70,3.764597000554204,265.6326825561369,1,0.60205078125
18,71,3.163441000651801,316.1114747497925,0,0.0
18,72,3.2052899987320416,311.98425115842343,0,0.0
18,73,3.268333999585593,305.96628133073136,0,0.0
18,74,3.150866999931168,317.3729643370683,0,0.0
18,75,3.1526539987680735,317.1930698360044,0,0.0
18,76,3.139172998999129,318.5552374204393,0,0.0
18,77,3.1837970000196947,314.09037699131386,0,0.0
18,78,3.227172999686445,309.868730339886,0,0.0
18,79,3.169177000017953,315.53933402720486,0,0.0
18,80,3.835874000287731,260.6967799059587,1,0.291015625
18,81,3.980778999903123,251.20711298575887,1,0.29736328125
18,82,3.817927999989479,261.92217349377876,1,0.732421875
18,83,3.931245000785566,254.3723425531031,1,0.38671875
18,84,3.703981999933603,269.9797137291504,1,0.673828125
18,85,3.835744999378221,260.7055474652515,1,0.60009765625
18,86,3.7295550009730505,268.12850319652006,1,0.7294921875
18,87,3.800599999522092,263.1163500830778,1,0.6318359375
18,88,3.91539200063562,255.4022687479724,1,0.56005859375
18,89,3.7047700006951345,269.9222893222434,1,0.5947265625
18,90,3.747415999896475,266.8505444892229,1,0.505859375
18,91,3.8468729999294737,259.95139429306175,1,0.57373046875
18,92,3.7973169983160915,263.3438294573371,1,0.458984375
18,93,3.8949540012254147,256.74244155011434,1,0.708984375
18,94,3.8338619997375645,260.8335928806128,1,0.80419921875
18,95,3.802495000854833,262.9852241160584,1,0.69580078125
18,96,4.081124001459102,245.03053561775516,1,0.5234375
18,97,3.99364099939703,250.39807037011653,1,0.517578125
18,98,3.8390480003727134,260.481244283196,1,0.265869140625
18,99,3.255417999753263,307.18021466852883,0,0.0
18,100,3.2929939989116974,303.67501438827105,0,0.0
18,101,3.166534999763826,315.80260444763263,0,0.0
18,102,3.232412000215845,309.3665040017253,0,0.0
18,103,3.172521999658784,315.20664005089753,0,0.0
18,104,3.1916469997668173,313.3178575428487,0,0.0
18,105,3.95247399865184,253.00609196697886,1,0.289306640625
18,106,3.751715001271805,266.5447667695993,1,0.359375
18,107,3.814178000538959,262.1796884829958,1,0.83349609375
18,108,4.357113999503781,229.50971677901634,4,0.49365234375
18,109,4.466411999601405,223.89336229824806,5,0.7345703125
18,110,4.421816000103718,226.15142737204445,4,0.6861572265625
18,111,4.419312001118669,226.27956563077421,5,0.82138671875
18,112,5.020681999667431,199.17612787789383,6,0.6840413411458334
18,113,4.8056369996629655,208.0889588768634,6,0.6199137369791666
18,114,4.537863000223297,220.36804547664673,5,0.594775390625
18,115,4.460635000214097,224.18332814767473,4,0.638916015625
18,116,4.227732999424916,236.53338565515529,4,0.601318359375
18,117,4.175481999482145,239.4933088261482,3,0.5048014322916666
18,118,3.2206650012085447,310.4948821515908,0,0.0
18,119,4.186976000710274,238.83585667325562,2,0.2822265625
18,120,3.2387270002800506,308.7632887592967,0,0.0
18,121,3.2157499990717042,310.9694473415756,0,0.0
18,122,3.1859829996392364,313.87487005211096,0,0.0
18,123,3.1525859994872008,317.19991148938044,0,0.0
18,124,3.1741050006530713,315.04943906841464,0,0.0
18,125,3.2272740008920664,309.85903264599943,0,0.0
18,126,3.1777660005900543,314.68648094740706,0,0.0
18,127,3.138077001494821,318.6664952847398,0,0.0
18,128,3.144957998301834,317.96927034954507,0,0.0
18,129,3.174093000779976,315.0506301341101,0,0.0
18,130,3.9460249990952434,253.41958052198936,2,0.3748779296875
18,131,3.891295000357786,256.983857535359,1,0.67919921875
18,132,3.7393239999801153,267.4280164022475,1,0.5869140625
18,133,3.71537899991381,269.1515455147909,1,0.466796875
18,134,3.2406840000476222,308.5768313063862,0,0.0
18,135,3.5450529994704993,282.08322982741396,0,0.0
18,136,3.235794998545316,309.0430637446315,0,0.0
18,137,3.1634890001441818,316.10667840299845,0,0.0
18,138,3.2138959995791083,311.14883621964117,0,0.0
18,139,3.209672000593855,311.55831493528916,0,0.0
18,140,3.946785000152886,253.3707815250294,2,0.3275146484375
18,141,3.796027000134927,263.4333211972559,1,0.25390625
18,142,3.1502430010732496,317.43582944531965,0,0.0
18,143,4.126690000703093,242.32496258008794,2,0.36572265625
18,144,3.9767809994373238,251.45966049965799,2,0.3834228515625
18,145,4.018117999294191,248.87273100880978,3,0.3656412760416667
18,146,4.016230001070653,248.98972412770644,2,0.3087158203125
18,147,4.030754998893826,248.09247902053917,3,0.4158528645833333
18,148,3.234785999666201,309.13946088031497,0,0.0
18,149,3.2497440006409306,307.71654622726436,0,0.0
18,150,3.219988000637386,310.560163516775,0,0.0
18,151,3.178247001415002,314.63885580786683,0,0.0
18,152,3.2046329997683642,312.04821271960986,0,0.0
18,153,3.1932219990267185,313.16331915062466,0,0.0
18,154,3.1504720009252196,317.41275583668846,0,0.0
18,155,3.1678730010753497,315.6692202182806,0,0.0
18,156,3.169096000419813,315.5473989640986,0,0.0
18,157,3.848505000860314,259.8411590413563,1,0.286865234375
19,0,4.37550199967518,228.545204658628,0,0.0
19,1,3.8281270008155843,261.22435326386756,0,0.0
19,2,4.452006000065012,224.6178464237014,2,0.65283203125
19,3,5.169448999367887,193.44421429097736,7,0.4549037388392857
19,4,5.187724998904741,192.762723585218,7,0.4915248325892857
19,5,4.858587999478914,205.8211151279447,6,0.5504557291666666
19,6,5.476911999721779,182.58463894449991,9,0.4876573350694444
19,7,4.63446899993869,215.77445010706276,6,0.6482340494791666
19,8,4.760693000207539,210.05345229285018,6,0.6139322916666666
19,9,4.850043000260484,206.18373897845697,6,0.541259765625
19,10,4.497588999583968,222.34134779600828,4,0.55389404296875
19,11,4.354849999799626,229.6290343056619,3,0.359130859375
19,12,4.176262000328279,239.44857863835986,3,0.5250651041666666
19,13,4.1385019994777394,241.63332532549109,2,0.409912109375
19,14,4.194480998194194,238.40851834363284,2,0.5726318359375
19,15,4.622000999006559,216.35650883998886,4,0.54833984375
19,16,4.460129999642959,224.20871142322125,2,0.78173828125
19,17,4.090850001375657,244.44797527744197,2,0.7216796875
19,18,3.8721380005881656,258.25525842521705,1,0.611328125
19,19,3.2074509999802103,311.77405360398956,0,0.0
19,20,3.8527430006070063,259.5553349503064,1,0.26904296875
19,21,3.1899220011837315,313.4872889145613,0,0.0
19,22,3.1569849998049904,316.7579193634974,0,0.0
19,23,3.179729999828851,314.492110982324,0,0.0
19,24,3.1859219998295885,313.8808797118978,0,0.0
19,25,3.189825998560991,313.49672378716724,0,0.0
19,26,4.417529000420473,226.37089646832365,1,0.544921875
19,27,4.11175899898808,243.2049155230411,2,0.282958984375
19,28,3.916600000593462,255.3234948293099,1,0.61328125
19,29,3.1914520004647784,313.3370014195318,0,0.0
19,30,3.2495160012331326,307.73813688577565,0,0.0
19,31,3.305312000520644,302.54329994943976,0,0.0
19,32,3.43926399909833,290.75988358618866,0,0.0
19,33,3.460367999650771,288.9866049220553,0,0.0
19,34,4.27523799953633,233.90510659487373,1,0.449462890625
19,35,3.929053000319982,254.51425570450692,1,0.72314453125
19,36,3.8389040000765817,260.49101513870914,1,0.449462890625
19,37,3.221075001420104,310.4553602629933,0,0.0
19,38,3.2751899998402223,305.3257979075364,0,0.0
19,39,3.289975998995942,303.9535851645079,0,0.0
19,40,3.2534590009163367,307.36517648396676,0,0.0
19,41,3.177938000590075,314.6694491252886,0,0.0
19,42,3.18157599940605,314.3096377979606,0,0.0
19,43,3.2180689995584544,310.74535696320004,0,0.0
19,44,3.2129200008057524,311.2433548763165,0,0.0
19,45,3.2298500009346753,309.6119013918954,0,0.0
19,46,3.1593959993188037,316.51619493587054,0,0.0
19,47,3.2125069992616773,311.2833684813224,0,0.0
19,48,3.1844309996813536,314.02784362420283,0,0.0
19,49,3.2338050004909746,309.23324067102817,0,0.0
19,50,3.18315999902552,314.1532314763116,0,0.0
19,51,3.2840389994817087,304.5030829895203,0,0.0
19,52,3.176329999405425,314.8287489609673,0,0.0
19,53,3.1586850000167033,316.5874406579675,0,0.0
19,54,3.323840001030476,300.8568401878473,0,0.0
19,55,3.1498940006713383,317.47100054378643,0,0.0
19,56,3.20750799983216,311.76851314239195,0,0.0
19,57,3.1572610005241586,316.7302290922363,0,0.0
19,58,3.212563999113627,311.2778454455408,0,0.0
19,59,3.218431000277633,310.7104051364583,0,0.0
19,60,3.8077749995863996,262.6205592790068,1,0.5908203125
19,61,3.3306700006505707,300.23989161480205,0,0.0
19,62,3.9058080001268536,256.02897018171956,1,0.48046875
19,63,3.805990998444031,262.7436587235285,1,0.658203125
19,64,3.2936280003923457,303.61655896806724,0,0.0
19,65,3.149825999571476,317.4778543754629,0,0.0
19,66,3.1920780002110405,313.27555276966484,0,0.0
19,67,3.2077609994303202,311.7439236207418,0,0.0
19,68,3.2329469995602267,309.31530895372816,0,0.0
19,69,3.2244370013359003,310.13166006521294,0,0.0
19,70,3.2138160004251404,311.15658141838696,0,0.0
19,71,3.99025799924857,250.61036158271375,1,0.462890625
19,72,3.2220270004472695,310.363631298305,0,0.0
19,73,3.3371850004186854,299.6537500541742,0,0.0
19,74,3.274863000115147,305.3562851224125,0,0.0
19,75,3.1770429995958693,314.75809428050025,0,0.0
19,76,3.2167760000447743,310.8702626437405,0,0.0
19,77,4.0340429986827075,247.8902679833963,1,0.392333984375
19,78,3.7633969986927696,265.7173825528781,1,0.414794921875
19,79,3.962855998906889,252.3432595773955,1,0.63525390625
19,80,4.1339790004712995,241.8976970821559,1,0.6318359375
19,81,4.014010999526363,249.12736913725348,1,0.72509765625
19,82,4.03540899969812,247.80635620201267,1,0.69775390625
19,83,3.8213809984881664,261.68550071181727,1,0.6943359375
19,84,4.239799000060884,235.8602377107122,2,0.51171875
19,85,4.127034000703134,242.30476410652963,2,0.505615234375
19,86,4.561486000966397,219.22680455188066,3,0.3661295572916667
19,87,4.083701000126894,244.87591034919717,2,0.68408203125
19,88,4.527717999735614,220.8618116363238,4,0.5118408203125
19,89,4.043138000270119,247.3326411151909,2,0.6466064453125
19,90,4.385121999803232,228.0438263849607,3,0.6471354166666666
19,91,3.9885969999886584,250.71472500301323,2,0.7109375
19,92,4.603032000886742,217.24810946509973,3,0.548095703125
19,93,4.5482259993150365,219.8659433701404,3,0.51416015625
19,94,3.929582999262493,254.479928325138,2,0.5654296875
19,95,4.260206000253675,234.7304332092051,4,0.37811279296875
19,96,4.117496000617393,242.86605253534094,2,0.62890625
19,97,4.369738000605139,228.84667224019287,2,0.5946044921875
19,98,4.474240000490681,223.501644947596,4,0.6005859375
19,99,4.364709000583389,229.11034844850815,4,0.54986572265625
19,100,4.240522001055069,235.8200239855361,3,0.6248372395833334
19,101,4.195870998955797,238.32953878917257,3,0.5686848958333334
19,102,4.448178000529879,224.8111473688502,4,0.582763671875
19,103,4.796856001121341,208.46988105672426,4,0.48272705078125
19,104,4.262267000740394,234.61693033925164,3,0.7799479166666666
19,105,4.73852600043756,211.03609010642953,5,0.461279296875
19,106,5.180446001759265,193.03357271949227,9,0.4977484809027778
19,107,5.01491300019552,199.4052538819741,8,0.5443115234375
19,108,4.464817999178194,223.9732952572899,5,0.478125
19,109,4.100715001186472,243.85991216426086,3,0.4364420572916667
19,110,4.076568999153096,245.3043233679472,2,0.51318359375
19,111,3.9680600002611754,252.01231834553423,2,0.5948486328125
19,112,3.907034000803833,255.94863003348834,2,0.3304443359375
19,113,3.809422998529044,262.5069466914376,1,0.289306640625
19,114,3.1760130004840903,314.86017212384814,0,0.0
19,115,3.7126580009498866,269.3488060963733,1,0.455078125
19,116,4.039333000037004,247.5656253126046,2,0.486083984375
19,117,3.7466610010596924,266.9043181961655,1,0.91064453125
19,118,3.752904000066337,266.4603197903074,1,0.8740234375
19,119,3.7598529997922014,265.9678450341723,1,0.880859375
19,120,3.7286860006133793,268.19099270775206,1,0.880859375
19,121,3.7054520016681636,269.87260921199584,1,0.77978515625
19,122,3.7714890004281187,265.14726673907455,1,0.8681640625
19,123,4.013327999928151,249.16976634302068,2,0.3916015625
19,124,3.908936998413992,255.82402591951185,1,0.77978515625
19,125,3.8310170002660016,261.02729377879723,1,0.8798828125
19,126,3.764163999221637,265.663238957384,1,0.4921875
19,127,3.1753500006743707,314.9259136119241,0,0.0
19,128,3.242660999603686,308.38869685181976,0,0.0
19,129,3.2302769996022107,309.5709749111745,0,0.0
19,130,3.2214099992415868,310.4230756828311,0,0.0
19,131,3.3462569990660995,298.84136223819274,0,0.0
19,132,3.354975000547711,298.0648141451864,0,0.0
19,133,3.1928620010148734,313.1986285915718,0,0.0
19,134,3.322522999951616,300.97609557994406,0,0.0
19,135,3.2198360004258575,310.57482426674505,0,0.0
19,136,3.169813000567956,315.47602329248554,0,0.0
19,137,3.231726001104107,309.4321732901718,0,0.0
19,138,3.1722980002086842,315.22889713835735,0,0.0
19,139,3.1858589991315966,313.88708673942585,0,0.0
19,140,3.1926289993862156,313.2214861771444,0,0.0
19,141,3.2759240002633305,305.2573868989685,0,0.0
19,142,3.202245001375559,312.28091528613186,0,0.0
19,143,3.215651999198599,310.9789244138417,0,0.0
19,144,3.1680939991929336,315.6471999425359,0,0.0
19,145,3.1918889999360545,313.2941026520765,0,0.0
19,146,3.2123319997481303,311.3003263916703,0,0.0
19,147,3.8613779997831443,258.9749048283178,1,0.262939453125
19,148,3.2826259994180873,304.6341557573938,0,0.0
19,149,4.052338999827043,246.77106235255263,2,0.498291015625
19,150,3.813723998973728,262.21089944345727,1,0.82421875
19,151,3.761218000363442,265.8713214451731,1,0.751953125
19,152,3.713140000400017,269.3138421638478,1,0.482421875
19,153,3.7211779999779537,268.7321058024971,1,0.53515625
19,154,3.870982000080403,258.3323818036946,1,0.7744140625
19,155,3.740763000678271,267.3251419078624,1,0.517578125
19,156,3.1814359990676166,314.3234691167982,0,0.0
19,157,3.269728998930077,305.8357436739316,0,0.0
19,158,3.1809179999982007,314.37465536696186,0,0.0
20,0,4.325161999076954,231.20521270958477,0,0.0
20,1,3.7743619996035704,264.94543981341275,0,0.0
20,2,3.192057998603559,313.27751577116504,0,0.0
20,3,3.254118000768358,307.30293116717996,0,0.0
20,4,3.1969249994290294,312.80058186494836,0,0.0
20,5,3.1716350003989646,315.294792709189,0,0.0
20,6,3.2159050006157486,310.9544591051447,0,0.0
20,7,4.133684999032994,241.91490165165783,1,0.2509765625
20,8,3.8204190004762495,261.75139425160984,1,0.37744140625
20,9,4.099542999028927,243.9296283114663,3,0.6691080729166666
20,10,4.81324500105984,207.76004541215073,7,0.49019949776785715
20,11,5.146023000634159,194.32482129923773,6,0.5996500651041666
20,12,4.56750400007877,218.93795823337084,6,0.7112630208333334
20,13,5.203494998568203,192.17852621654495,8,0.665191650390625
20,14,5.093951000162633,196.31127193176246,7,0.7011021205357143
20,15,4.897638000329607,204.18005576008287,6,0.7828776041666666
20,16,4.5416309985739645,220.18521546862613,6,0.789306640625
20,17,4.662657998778741,214.46994402375714,6,0.8164876302083334
20,18,4.958899999110145,201.65762571930188,8,0.63592529296875
20,19,4.745934998936718,210.70663635807074,6,0.61181640625
20,20,4.461544998775935,224.13760261845596,4,0.7265625
20,21,5.601552000371157,178.52195247562466,8,0.59381103515625
20,22,5.270218998703058,189.7454356728039,8,0.655364990234375
20,23,5.262834998575272,190.01165726660915,8,0.67626953125
20,24,4.653886999221868,214.8741471735778,6,0.7981770833333334
20,25,4.728718000478693,211.47380746721817,6,0.6575520833333334
20,26,4.486193000047933,222.906147816047,5,0.560498046875
20,27,4.573497000819771,218.65106718573475,5,0.45341796875
20,28,5.015568000089843,199.37921287919679,3,0.4032389322916667
20,29,4.269136999937473,234.23937906294557,2,0.38916015625
20,30,4.440423999767518,225.20371929625546,3,0.5006510416666666
20,31,3.8979399996605935,256.5457652213922,2,0.4478759765625
20,32,3.905957999450038,256.01913797864717,2,0.2506103515625
20,33,4.0183349992730655,248.8592912688724,3,0.3378092447916667
20,34,3.2149329999811016,311.04847286269364,0,0.0
20,35,3.2041239992395276,312.09778405496843,0,0.0
20,36,3.1809659994905815,314.36991158036454,0,0.0
20,37,3.1598839996149763,316.4673133956333,0,0.0
20,38,3.2704920013202354,305.7643925122945,0,0.0
20,39,3.1633199996576877,316.12356641383514,0,0.0
20,40,3.204284999810625,312.0821025779856,0,0.0
20,41,3.1854349999775877,313.9288668602674,0,0.0
20,42,3.1763229999342,314.82944273007365,0,0.0
20,43,3.1708490005257772,315.37294895915386,0,0.0
20,44,3.2065560008049943,311.8610745450738,0,0.0
20,45,3.1433730000571813,318.1296015400682,0,0.0
20,46,3.8506639994011493,259.6954707436221,1,0.27197265625
20,47,3.245308998884866,308.13706810156265,0,0.0
20,48,3.1866909994278103,313.80513522633856,0,0.0
20,49,3.26208700062125,306.552216360126,0,0.0
20,50,3.2072890007839305,311.7898012170336,0,0.0
20,51,3.1690800005890196,315.54899207786974,0,0.0
20,52,3.1539960000372957,317.0581066013321,0,0.0
20,53,3.1591139995725825,316.54444889779114,0,0.0
20,54,3.2120020005095284,311.3323092082033,0,0.0
20,55,3.801437000220176,263.05841710439523,1,0.302490234375
20,56,3.2915169995249016,303.8112821973395,0,0.0
20,57,3.1747969987918623,314.98076896902074,0,0.0
20,58,3.195982999386615,312.8927782757054,0,0.0
20,59,3.2372229998145485,308.9067389108774,0,0.0
20,60,3.150947000904125,317.36490639577954,0,0.0
20,61,3.1980390012904536,312.69162120802343,0,0.0
20,62,3.2195189996855333,310.6054041295221,0,0.0
20,63,3.568935999282985,280.1955541373968,0,0.0
20,64,3.9311060008913046,254.38133689940406,1,0.312255859375
20,65,3.246262000175193,308.0466086674558,0,0.0
20,66,3.210060998753761,311.5205600106132,0,0.0
20,67,3.1918180011416553,313.3010715655837,0,0.0
20,68,3.183415999956196,314.12796819949386,0,0.0
20,69,3.201296998668113,312.37339128985724,0,0.0
20,70,3.1384730009449413,318.62628727375284,0,0.0
20,71,3.144190999591956,318.0468362544696,0,0.0
20,72,3.233518000342883,309.26068755267784,0,0.0
20,73,3.265164999902481,306.2632363233914,0,0.0
20,74,3.1815800011827378,314.3092424607442,0,0.0
20,75,3.192916999978479,313.193233650214,0,0.0
20,76,3.1606579996150685,316.38981507071895,0,0.0
20,77,3.2104359997902066,311.4841722636263,0,0.0
20,78,3.2234089994744863,310.23056650987525,0,0.0
20,79,3.224015001251246,310.17225404097013,0,0.0
20,80,3.172569000525982,315.20197033829976,0,0.0
20,81,3.179029001330491,314.5614587289008,0,0.0
20,82,3.2191910013352754,310.6370512297077,0,0.0
20,83,3.2290229992213426,309.691197690801,0,0.0
20,84,3.2112610006151954,311.40414927607117,0,0.0
20,85,3.192092999597662,313.2740807132004,0,0.0
20,86,3.2417310012533562,308.4771684058203,0,0.0
20,87,3.8534760005859425,259.50596288855684,1,0.390380859375
20,88,3.7439770003402373,267.0956578817456,1,0.26123046875
20,89,3.21848199928354,310.7054817216961,0,0.0
20,90,3.1958189993019914,312.90883501800727,0,0.0
20,91,3.1368060008389875,318.79561558239,0,0.0
20,92,3.1679330004408257,315.66324157134875,0,0.0
20,93,3.16655599999649,315.8005100813339,0,0.0
20,94,3.2400420004705666,308.6379744011853,0,0.0
20,95,3.256165000493638,307.1097440849585,0,0.0
20,96,3.8636110002698842,258.82522850518524,1,0.53125
20,97,3.1810630007385043,314.3603253905514,0,0.0
20,98,3.236791000745143,308.9479672211736,0,0.0
20,99,3.2148139998753322,311.05998668625284,0,0.0
20,100,3.187586000422016,313.71702594615687,0,0.0
20,101,3.169474999594968,315.5096664677246,0,0.0
20,102,3.196296000169241,312.86213790808205,0,0.0
20,103,3.8192299998627277,261.83288255379813,1,0.544921875
20,104,3.216864999558311,310.86166194021325,0,0.0
20,105,4.999372000384028,200.02512314010335,2,0.44091796875
20,106,4.3156880001333775,231.71276514175602,1,0.6826171875
20,107,4.1088359994319035,243.37792993885913,1,0.7265625
20,108,4.181658001471078,239.1395947847019,2,0.5177001953125
20,109,4.058368000187329,246.40446602029223,2,0.542236328125
20,110,4.1010910008481005,243.83755439545263,2,0.3740234375
20,111,4.053648000990506,246.69137521453533,2,0.6796875
20,112,4.212397998344386,237.39447231553942,3,0.4678548177083333
20,113,4.34041900007287,230.3925035770075,2,0.717041015625
20,114,4.052338999827043,246.77106235255263,2,0.6199951171875
20,115,4.265163999662036,234.45757304507828,2,0.77734375
20,116,4.637927000658237,215.61357042878748,4,0.61041259765625
20,117,4.315401998610469,231.72812181159333,2,0.717529296875
20,118,4.567855999994208,218.92108682963473,3,0.6014811197916666
20,119,3.9110550005716505,255.68548635952124,2,0.33056640625
20,120,4.15661900115083,240.58014451724665,3,0.5386555989583334
20,121,4.173466000793269,239.60899640968097,4,0.45361328125
20,122,4.542143000435317,220.16039563355017,4,0.4322509765625
20,123,3.9383000002999324,253.91666453135673,2,0.5504150390625
20,124,4.1428050008107675,241.38234838576642,3,0.5895182291666666
20,125,4.365156000858406,229.086887113164,4,0.45904541015625
20,126,4.655372998968232,214.80555912955404,4,0.4931640625
20,127,4.442600000402308,225.09341374632942,5,0.54208984375
20,128,4.674943998907111,213.9063056656456,2,0.714599609375
20,129,4.682108999986667,213.57896623142426,2,0.689453125
20,130,4.57805299993197,218.43346942791183,3,0.555419921875
20,131,4.129987999476725,242.13145416565405,2,0.696044921875
20,132,4.1763249992072815,239.4449666129462,3,0.5304361979166666
20,133,3.870335000101477,258.3755669661104,2,0.398193359375
20,134,3.849527000056696,259.77217460359986,1,0.381103515625
20,135,3.8545420011359965,259.4341946994698,1,0.31396484375
20,136,4.279924000002211,233.6490087205949,1,0.307373046875
20,137,4.433759999301401,225.54220349264813,3,0.3438313802083333
20,138,3.9686010004515992,251.9779639944169,1,0.3173828125
20,139,3.2411020001745783,308.5370346092582,0,0.0
20,140,3.3170229999086587,301.47514805521007,0,0.0
20,141,3.164621000905754,315.9936054629567,0,0.0
20,142,3.154007999910391,317.05690030856334,0,0.0
20,143,3.236226999433711,309.0018098776706,0,0.0
20,144,3.1571439994877437,316.74196684163064,0,0.0
20,145,3.157433000524179,316.71297532963825,0,0.0
20,146,3.224039999622619,310.1698490456236,0,0.0
20,147,3.211282999473042,311.40201600547067,0,0.0
20,148,3.198238000550191,312.67216505712537,0,0.0
20,149,3.1400480002048425,318.46646928160476,0,0.0
20,150,3.2261239994113566,309.96948666029624,0,0.0
20,151,3.8535539988515666,259.5007103307802,1,0.74169921875
20,152,3.7731430002168054,265.03103644429586,1,0.8408203125
20,153,3.8338829999702284,260.83216415518297,1,0.81884765625
20,154,3.8296740003715968,261.1188314992266,1,0.86083984375
20,155,3.7498220008274075,266.67932498645206,1,0.85302734375
20,156,3.807281000263174,262.6546346148015,1,0.83984375
20,157,3.7470890001713997,266.87383191438954,1,0.87841796875
20,158,3.6904480002704076,270.9698117753529,1,0.81298828125
20,159,3.7142149994906504,269.235895104924,1,0.85986328125
20,160,4.0993180009536445,243.9430168060553,2,0.490966796875
20,161,3.6954660008632345,270.6018671979142,1,0.7216796875
20,162,3.998449999926379,250.0969125582194,2,0.4906005859375
20,163,3.8613979995716363,258.973563489424,2,0.4970703125
